{
  "type": "FeatureCollection",
  "properties": {
    "dayNumber": 12,
    "title": "The Bernina Express",
    "source": "OpenStreetMap relation 89842"
  },
  "features": [
    {
      "type": "Feature",
      "properties": {
        "mode": "train",
        "fromName": "Tirano",
        "toName": "St. Moritz"
      },
      "geometry": {
        "type": "LineString",
        "coordinates": [
          [
            9.8454751,
            46.4972649
          ],
          [
            9.8455034,
            46.4972805
          ],
          [
            9.8457044,
            46.4973958
          ],
          [
            9.8471553,
            46.4982279
          ],
          [
            9.8471996,
            46.4982533
          ],
          [
            9.8472979,
            46.4983075
          ],
          [
            9.8473632,
            46.498342
          ],
          [
            9.8474342,
            46.4983764
          ],
          [
            9.847502,
            46.4984075
          ],
          [
            9.8475613,
            46.4984328
          ],
          [
            9.8477559,
            46.4985153
          ],
          [
            9.8477995,
            46.4985318
          ],
          [
            9.8479137,
            46.4985697
          ],
          [
            9.8479975,
            46.4985924
          ],
          [
            9.848059,
            46.4986064
          ],
          [
            9.8481188,
            46.4986187
          ],
          [
            9.848177,
            46.4986281
          ],
          [
            9.8482276,
            46.4986356
          ],
          [
            9.8482879,
            46.4986426
          ],
          [
            9.8483376,
            46.4986472
          ],
          [
            9.8483894,
            46.4986508
          ],
          [
            9.848424,
            46.4986529
          ],
          [
            9.8485094,
            46.4986553
          ],
          [
            9.848589,
            46.4986553
          ],
          [
            9.8486936,
            46.4986503
          ],
          [
            9.8489262,
            46.4986381
          ],
          [
            9.849019,
            46.4986334
          ],
          [
            9.8490994,
            46.4986305
          ],
          [
            9.849184,
            46.4986301
          ],
          [
            9.8492796,
            46.4986341
          ],
          [
            9.8494359,
            46.4986633
          ],
          [
            9.8495575,
            46.4987001
          ],
          [
            9.8496632,
            46.4987502
          ],
          [
            9.8497736,
            46.4988282
          ],
          [
            9.8502437,
            46.499172
          ],
          [
            9.8503802,
            46.4992592
          ],
          [
            9.8504946,
            46.4993294
          ],
          [
            9.8506375,
            46.4993953
          ],
          [
            9.8508889,
            46.4995095
          ],
          [
            9.8510864,
            46.4996241
          ],
          [
            9.8513429,
            46.4997874
          ],
          [
            9.8514363,
            46.4998347
          ],
          [
            9.8516491,
            46.4999146
          ],
          [
            9.8525193,
            46.5002482
          ],
          [
            9.8528618,
            46.5003633
          ],
          [
            9.853198,
            46.5005439
          ],
          [
            9.8536318,
            46.5008777
          ],
          [
            9.8567328,
            46.5038317
          ],
          [
            9.8569486,
            46.5040652
          ],
          [
            9.8571123,
            46.5042987
          ],
          [
            9.8571941,
            46.5046107
          ],
          [
            9.8572246,
            46.5047113
          ],
          [
            9.8572596,
            46.5047947
          ],
          [
            9.8572921,
            46.5048526
          ],
          [
            9.857336,
            46.5049134
          ],
          [
            9.8574154,
            46.5049957
          ],
          [
            9.8574685,
            46.5050404
          ],
          [
            9.8575459,
            46.5051
          ],
          [
            9.8576164,
            46.5051494
          ],
          [
            9.8577199,
            46.5052225
          ],
          [
            9.8581775,
            46.5055473
          ],
          [
            9.8587481,
            46.5059496
          ],
          [
            9.858842,
            46.5060112
          ],
          [
            9.858911,
            46.5060474
          ],
          [
            9.8590732,
            46.5061254
          ],
          [
            9.859339,
            46.5062258
          ],
          [
            9.8594086,
            46.5062538
          ],
          [
            9.8594934,
            46.5062906
          ],
          [
            9.8595486,
            46.5063175
          ],
          [
            9.8596122,
            46.5063507
          ],
          [
            9.8596786,
            46.5063875
          ],
          [
            9.8597281,
            46.5064153
          ],
          [
            9.8600521,
            46.5066044
          ],
          [
            9.8604848,
            46.5068566
          ],
          [
            9.8606115,
            46.5069299
          ],
          [
            9.8608163,
            46.5070495
          ],
          [
            9.8609027,
            46.5071033
          ],
          [
            9.8609404,
            46.507128
          ],
          [
            9.8610263,
            46.5071905
          ],
          [
            9.8611136,
            46.5072588
          ],
          [
            9.86125,
            46.507371
          ],
          [
            9.8614276,
            46.507515
          ],
          [
            9.8615526,
            46.5076113
          ],
          [
            9.8617134,
            46.507721
          ],
          [
            9.861807,
            46.5077769
          ],
          [
            9.8620093,
            46.5078983
          ],
          [
            9.8622316,
            46.5080303
          ],
          [
            9.8623745,
            46.5081138
          ],
          [
            9.862554,
            46.5082207
          ],
          [
            9.8628804,
            46.5084132
          ],
          [
            9.8629854,
            46.5084692
          ],
          [
            9.8630485,
            46.5085008
          ],
          [
            9.8630954,
            46.5085214
          ],
          [
            9.8631388,
            46.5085388
          ],
          [
            9.8631882,
            46.5085585
          ],
          [
            9.8632474,
            46.5085787
          ],
          [
            9.8633352,
            46.508607
          ],
          [
            9.8635929,
            46.5086931
          ],
          [
            9.8637169,
            46.508744
          ],
          [
            9.8638239,
            46.5087969
          ],
          [
            9.8639146,
            46.5088552
          ],
          [
            9.8639866,
            46.5089088
          ],
          [
            9.8641384,
            46.509019
          ],
          [
            9.8642963,
            46.5091458
          ],
          [
            9.8643799,
            46.5092095
          ],
          [
            9.8647116,
            46.5094606
          ],
          [
            9.8647838,
            46.5095145
          ],
          [
            9.8648722,
            46.5095712
          ],
          [
            9.8649621,
            46.5096205
          ],
          [
            9.8650489,
            46.5096629
          ],
          [
            9.865132,
            46.5096987
          ],
          [
            9.8652086,
            46.5097257
          ],
          [
            9.8653397,
            46.5097647
          ],
          [
            9.8654728,
            46.5097961
          ],
          [
            9.8656337,
            46.5098288
          ],
          [
            9.8658643,
            46.5098746
          ],
          [
            9.8660841,
            46.5099131
          ],
          [
            9.8661069,
            46.5099154
          ],
          [
            9.8662779,
            46.5099287
          ],
          [
            9.8664398,
            46.5099306
          ],
          [
            9.8667252,
            46.5099029
          ],
          [
            9.8670284,
            46.5098625
          ],
          [
            9.8673435,
            46.5098255
          ],
          [
            9.8675052,
            46.5098125
          ],
          [
            9.8676574,
            46.5098106
          ],
          [
            9.8679462,
            46.5098148
          ],
          [
            9.8682456,
            46.5098383
          ],
          [
            9.8685234,
            46.5098837
          ],
          [
            9.8687753,
            46.5099451
          ],
          [
            9.8690535,
            46.5100342
          ],
          [
            9.8692929,
            46.5101271
          ],
          [
            9.8698525,
            46.5104433
          ],
          [
            9.8704484,
            46.5108109
          ],
          [
            9.870746,
            46.5109994
          ],
          [
            9.8712046,
            46.5112626
          ],
          [
            9.8715103,
            46.5114313
          ],
          [
            9.8717623,
            46.5115438
          ],
          [
            9.87201,
            46.5116197
          ],
          [
            9.8722399,
            46.5116613
          ],
          [
            9.8724819,
            46.5116849
          ],
          [
            9.8734344,
            46.5117433
          ],
          [
            9.8738992,
            46.5117618
          ],
          [
            9.8742047,
            46.5117428
          ],
          [
            9.8745811,
            46.5116787
          ],
          [
            9.8765122,
            46.5112278
          ],
          [
            9.8768662,
            46.5111146
          ],
          [
            9.8771551,
            46.5109875
          ],
          [
            9.8773818,
            46.5108461
          ],
          [
            9.8775607,
            46.5106847
          ],
          [
            9.878455,
            46.5096331
          ],
          [
            9.8785939,
            46.5094245
          ],
          [
            9.8787103,
            46.5092142
          ],
          [
            9.8788061,
            46.5088956
          ],
          [
            9.8788612,
            46.5086835
          ],
          [
            9.8789375,
            46.5084645
          ],
          [
            9.8790766,
            46.5082398
          ],
          [
            9.8791748,
            46.5081369
          ],
          [
            9.8792674,
            46.5080486
          ],
          [
            9.8795299,
            46.5078655
          ],
          [
            9.8801491,
            46.5075381
          ],
          [
            9.8802917,
            46.5074599
          ],
          [
            9.8803803,
            46.5074067
          ],
          [
            9.8804841,
            46.5073391
          ],
          [
            9.8805763,
            46.5072685
          ],
          [
            9.8806639,
            46.5071927
          ],
          [
            9.8807489,
            46.5071084
          ],
          [
            9.8808443,
            46.5070058
          ],
          [
            9.8811058,
            46.5066988
          ],
          [
            9.8812713,
            46.5065064
          ],
          [
            9.8813657,
            46.5064052
          ],
          [
            9.8814743,
            46.5063111
          ],
          [
            9.8816618,
            46.5061844
          ],
          [
            9.8818487,
            46.5060645
          ],
          [
            9.8820682,
            46.5059234
          ],
          [
            9.8822346,
            46.5057943
          ],
          [
            9.8823192,
            46.5057148
          ],
          [
            9.8824002,
            46.505624
          ],
          [
            9.8824859,
            46.505515
          ],
          [
            9.8825734,
            46.505401
          ],
          [
            9.8827241,
            46.505211
          ],
          [
            9.8828918,
            46.5050352
          ],
          [
            9.8831086,
            46.5048623
          ],
          [
            9.8833415,
            46.5047048
          ],
          [
            9.8835238,
            46.5045714
          ],
          [
            9.8836136,
            46.5044995
          ],
          [
            9.8837256,
            46.504399
          ],
          [
            9.8838278,
            46.5042875
          ],
          [
            9.8839297,
            46.5041589
          ],
          [
            9.8840243,
            46.5040132
          ],
          [
            9.8840825,
            46.5039049
          ],
          [
            9.8841332,
            46.5037831
          ],
          [
            9.8841757,
            46.5036628
          ],
          [
            9.8842913,
            46.5033252
          ],
          [
            9.884423,
            46.5029662
          ],
          [
            9.8845833,
            46.5026666
          ],
          [
            9.88463,
            46.5025899
          ],
          [
            9.8847571,
            46.5023814
          ],
          [
            9.8849763,
            46.5021003
          ],
          [
            9.885196,
            46.5018444
          ],
          [
            9.8856823,
            46.5013362
          ],
          [
            9.8860875,
            46.5008994
          ],
          [
            9.886477,
            46.5004084
          ],
          [
            9.8869543,
            46.4995972
          ],
          [
            9.887389,
            46.498772
          ],
          [
            9.887542,
            46.4985416
          ],
          [
            9.887752,
            46.4982555
          ],
          [
            9.8879772,
            46.498003
          ],
          [
            9.8882105,
            46.4977792
          ],
          [
            9.8884633,
            46.4975633
          ],
          [
            9.8887249,
            46.4973609
          ],
          [
            9.8894021,
            46.4969252
          ],
          [
            9.8900268,
            46.4964953
          ],
          [
            9.890147,
            46.4963913
          ],
          [
            9.8902366,
            46.496296
          ],
          [
            9.8903426,
            46.4961714
          ],
          [
            9.8904565,
            46.4959824
          ],
          [
            9.8905298,
            46.4958229
          ],
          [
            9.8907931,
            46.4952842
          ],
          [
            9.8909466,
            46.4950144
          ],
          [
            9.891122,
            46.494791
          ],
          [
            9.8913232,
            46.4945925
          ],
          [
            9.8915432,
            46.4944349
          ],
          [
            9.8920952,
            46.4940218
          ],
          [
            9.8928661,
            46.4935324
          ],
          [
            9.8932018,
            46.4933454
          ],
          [
            9.8933953,
            46.4932325
          ],
          [
            9.8935752,
            46.4931171
          ],
          [
            9.8937497,
            46.4929918
          ],
          [
            9.8939062,
            46.4928593
          ],
          [
            9.8941349,
            46.492637
          ],
          [
            9.8944499,
            46.4923177
          ],
          [
            9.8949904,
            46.4917586
          ],
          [
            9.8951425,
            46.4915429
          ],
          [
            9.8953689,
            46.4912388
          ],
          [
            9.8954227,
            46.4911723
          ],
          [
            9.8954997,
            46.491084
          ],
          [
            9.8955787,
            46.4909981
          ],
          [
            9.8956391,
            46.4909367
          ],
          [
            9.8961208,
            46.4904463
          ],
          [
            9.8964253,
            46.4901364
          ],
          [
            9.8964945,
            46.4900646
          ],
          [
            9.8965513,
            46.4900111
          ],
          [
            9.8965952,
            46.489972
          ],
          [
            9.8966854,
            46.4899011
          ],
          [
            9.8968059,
            46.4898162
          ],
          [
            9.8969977,
            46.4896853
          ],
          [
            9.8970973,
            46.4896124
          ],
          [
            9.8971887,
            46.4895364
          ],
          [
            9.8972919,
            46.4894415
          ],
          [
            9.8973539,
            46.4893726
          ],
          [
            9.8973991,
            46.4893198
          ],
          [
            9.8974554,
            46.4892479
          ],
          [
            9.8974834,
            46.4892031
          ],
          [
            9.8975191,
            46.4891464
          ],
          [
            9.8975495,
            46.4890834
          ],
          [
            9.8975731,
            46.4890355
          ],
          [
            9.8975961,
            46.4889692
          ],
          [
            9.8976165,
            46.4888854
          ],
          [
            9.8976732,
            46.4886251
          ],
          [
            9.8976906,
            46.4885048
          ],
          [
            9.8976943,
            46.4884419
          ],
          [
            9.8976901,
            46.488385
          ],
          [
            9.8976822,
            46.4883244
          ],
          [
            9.8976628,
            46.4882528
          ],
          [
            9.8976409,
            46.4881931
          ],
          [
            9.8975745,
            46.4880714
          ],
          [
            9.8970932,
            46.4874008
          ],
          [
            9.8970503,
            46.4873283
          ],
          [
            9.8970317,
            46.4872878
          ],
          [
            9.8970087,
            46.4872325
          ],
          [
            9.8969934,
            46.4871792
          ],
          [
            9.8969853,
            46.4871254
          ],
          [
            9.8969849,
            46.4870542
          ],
          [
            9.8969946,
            46.4869942
          ],
          [
            9.8970043,
            46.48695
          ],
          [
            9.8970244,
            46.486894
          ],
          [
            9.8970485,
            46.4868424
          ],
          [
            9.8970823,
            46.4867917
          ],
          [
            9.8971227,
            46.4867383
          ],
          [
            9.8971735,
            46.4866805
          ],
          [
            9.8972409,
            46.4866118
          ],
          [
            9.8972779,
            46.4865801
          ],
          [
            9.8974605,
            46.4864239
          ],
          [
            9.897566,
            46.4863336
          ],
          [
            9.8976564,
            46.4862573
          ],
          [
            9.8977364,
            46.486199
          ],
          [
            9.8978069,
            46.4861589
          ],
          [
            9.8978806,
            46.4861268
          ],
          [
            9.8979631,
            46.4860988
          ],
          [
            9.8980286,
            46.4860826
          ],
          [
            9.8981147,
            46.4860671
          ],
          [
            9.8982084,
            46.4860595
          ],
          [
            9.8982978,
            46.4860587
          ],
          [
            9.8984005,
            46.4860671
          ],
          [
            9.8984897,
            46.4860824
          ],
          [
            9.8985858,
            46.4861095
          ],
          [
            9.8986818,
            46.4861455
          ],
          [
            9.8987641,
            46.4861892
          ],
          [
            9.8988238,
            46.4862297
          ],
          [
            9.8988709,
            46.4862688
          ],
          [
            9.8989214,
            46.4863198
          ],
          [
            9.8989622,
            46.4863759
          ],
          [
            9.8989966,
            46.4864328
          ],
          [
            9.899018,
            46.4864856
          ],
          [
            9.8994849,
            46.4876738
          ],
          [
            9.8995307,
            46.4877658
          ],
          [
            9.8995835,
            46.4878457
          ],
          [
            9.8996535,
            46.487921
          ],
          [
            9.8997408,
            46.4879844
          ],
          [
            9.8998075,
            46.4880224
          ],
          [
            9.8999105,
            46.4880705
          ],
          [
            9.8999995,
            46.4881021
          ],
          [
            9.9000954,
            46.4881252
          ],
          [
            9.9001828,
            46.4881392
          ],
          [
            9.9002903,
            46.4881488
          ],
          [
            9.9003996,
            46.48815
          ],
          [
            9.9005152,
            46.4881425
          ],
          [
            9.9006395,
            46.4881302
          ],
          [
            9.9009666,
            46.488091
          ],
          [
            9.9014862,
            46.4880272
          ],
          [
            9.9016296,
            46.4880038
          ],
          [
            9.9017611,
            46.4879722
          ],
          [
            9.9018894,
            46.4879254
          ],
          [
            9.9019899,
            46.4878692
          ],
          [
            9.9020886,
            46.4877977
          ],
          [
            9.9021744,
            46.4877133
          ],
          [
            9.9025332,
            46.4872419
          ],
          [
            9.9026178,
            46.4871464
          ],
          [
            9.9027221,
            46.4870374
          ],
          [
            9.9028514,
            46.4869287
          ],
          [
            9.9030079,
            46.4868187
          ],
          [
            9.9031572,
            46.4867263
          ],
          [
            9.9033065,
            46.4866493
          ],
          [
            9.9034754,
            46.4865726
          ],
          [
            9.903623,
            46.4865193
          ],
          [
            9.9037879,
            46.4864651
          ],
          [
            9.9040024,
            46.4864093
          ],
          [
            9.9041296,
            46.4863854
          ],
          [
            9.9045626,
            46.4863101
          ],
          [
            9.9047054,
            46.4862753
          ],
          [
            9.9049156,
            46.4862047
          ],
          [
            9.905017,
            46.4861677
          ],
          [
            9.9051281,
            46.4861175
          ],
          [
            9.9052288,
            46.4860634
          ],
          [
            9.9052846,
            46.4860316
          ],
          [
            9.9054493,
            46.4859224
          ],
          [
            9.9055778,
            46.4858136
          ],
          [
            9.9059256,
            46.4854941
          ],
          [
            9.9065224,
            46.4849457
          ],
          [
            9.9068625,
            46.4846909
          ],
          [
            9.9070841,
            46.484552
          ],
          [
            9.9072607,
            46.4844567
          ],
          [
            9.9074484,
            46.4843579
          ],
          [
            9.907678,
            46.4842523
          ],
          [
            9.9083204,
            46.4839984
          ],
          [
            9.9084621,
            46.4839492
          ],
          [
            9.9086761,
            46.483886
          ],
          [
            9.9089534,
            46.4838235
          ],
          [
            9.9092227,
            46.483776
          ],
          [
            9.9097926,
            46.4836948
          ],
          [
            9.9100576,
            46.4836472
          ],
          [
            9.9102715,
            46.4835964
          ],
          [
            9.9104797,
            46.4835333
          ],
          [
            9.910682,
            46.4834557
          ],
          [
            9.9108447,
            46.4833777
          ],
          [
            9.9110112,
            46.4832828
          ],
          [
            9.9111329,
            46.4832044
          ],
          [
            9.9112772,
            46.4831053
          ],
          [
            9.9118272,
            46.4826967
          ],
          [
            9.9119784,
            46.4825745
          ],
          [
            9.9121427,
            46.4824297
          ],
          [
            9.9126832,
            46.481904
          ],
          [
            9.9128519,
            46.4817468
          ],
          [
            9.9129854,
            46.4816301
          ],
          [
            9.9131263,
            46.4815225
          ],
          [
            9.913285,
            46.4814198
          ],
          [
            9.9144201,
            46.4807463
          ],
          [
            9.9148886,
            46.4804684
          ],
          [
            9.9150317,
            46.4803817
          ],
          [
            9.9151644,
            46.4802945
          ],
          [
            9.9152675,
            46.4802199
          ],
          [
            9.9153858,
            46.4801266
          ],
          [
            9.9168251,
            46.4788806
          ],
          [
            9.9169617,
            46.4787556
          ],
          [
            9.9177723,
            46.4779169
          ],
          [
            9.9187048,
            46.4769386
          ],
          [
            9.9189855,
            46.4766849
          ],
          [
            9.9192399,
            46.4764765
          ],
          [
            9.9209004,
            46.4752627
          ],
          [
            9.9211508,
            46.4750703
          ],
          [
            9.9213693,
            46.4748773
          ],
          [
            9.922151,
            46.4741135
          ],
          [
            9.9223589,
            46.4738989
          ],
          [
            9.9225037,
            46.4737291
          ],
          [
            9.9226509,
            46.4735494
          ],
          [
            9.9232168,
            46.4727706
          ],
          [
            9.9243733,
            46.4711814
          ],
          [
            9.924515,
            46.4709692
          ],
          [
            9.9246024,
            46.4708055
          ],
          [
            9.9247026,
            46.4705749
          ],
          [
            9.9247572,
            46.4703736
          ],
          [
            9.9248563,
            46.46982
          ],
          [
            9.9248975,
            46.4695591
          ],
          [
            9.9249286,
            46.4693256
          ],
          [
            9.9249343,
            46.4691754
          ],
          [
            9.9248928,
            46.4686663
          ],
          [
            9.9248878,
            46.4684474
          ],
          [
            9.9249023,
            46.4681879
          ],
          [
            9.9249495,
            46.4678822
          ],
          [
            9.9250061,
            46.4676514
          ],
          [
            9.9250898,
            46.4673888
          ],
          [
            9.9253406,
            46.4667294
          ],
          [
            9.9254421,
            46.4665136
          ],
          [
            9.9255933,
            46.4662493
          ],
          [
            9.9257813,
            46.4659834
          ],
          [
            9.9264966,
            46.4651968
          ],
          [
            9.9266714,
            46.4649801
          ],
          [
            9.9269601,
            46.4645654
          ],
          [
            9.9270992,
            46.4643907
          ],
          [
            9.9273972,
            46.4640685
          ],
          [
            9.9275763,
            46.4638714
          ],
          [
            9.9282101,
            46.4630069
          ],
          [
            9.9283073,
            46.4628962
          ],
          [
            9.9284438,
            46.4627638
          ],
          [
            9.928882,
            46.4623829
          ],
          [
            9.9290306,
            46.462241
          ],
          [
            9.9291534,
            46.4621018
          ],
          [
            9.9292636,
            46.4619626
          ],
          [
            9.929909,
            46.4609966
          ],
          [
            9.9299978,
            46.4608797
          ],
          [
            9.9301182,
            46.4607542
          ],
          [
            9.9304992,
            46.4603677
          ],
          [
            9.9306379,
            46.4602001
          ],
          [
            9.9307521,
            46.4600408
          ],
          [
            9.9309872,
            46.4596668
          ],
          [
            9.931106,
            46.4595071
          ],
          [
            9.931314,
            46.4592515
          ],
          [
            9.934962,
            46.4552144
          ],
          [
            9.9350957,
            46.4550666
          ],
          [
            9.9367172,
            46.4532731
          ],
          [
            9.9369143,
            46.4530288
          ],
          [
            9.9373056,
            46.452487
          ],
          [
            9.9375049,
            46.4522107
          ],
          [
            9.9376234,
            46.4520317
          ],
          [
            9.9377398,
            46.4518352
          ],
          [
            9.9378313,
            46.4516503
          ],
          [
            9.9380038,
            46.4512412
          ],
          [
            9.9380663,
            46.4511215
          ],
          [
            9.9381086,
            46.451058
          ],
          [
            9.9381634,
            46.4509945
          ],
          [
            9.9382411,
            46.4509218
          ],
          [
            9.9383149,
            46.4508686
          ],
          [
            9.9383879,
            46.4508244
          ],
          [
            9.9384793,
            46.4507785
          ],
          [
            9.9385673,
            46.4507426
          ],
          [
            9.9386475,
            46.4507155
          ],
          [
            9.9387361,
            46.4506918
          ],
          [
            9.9388301,
            46.450673
          ],
          [
            9.9389276,
            46.4506608
          ],
          [
            9.9390147,
            46.4506533
          ],
          [
            9.9391089,
            46.4506499
          ],
          [
            9.939257,
            46.4506498
          ],
          [
            9.9402693,
            46.4506692
          ],
          [
            9.9404564,
            46.4506723
          ],
          [
            9.940802,
            46.450678
          ],
          [
            9.9409235,
            46.45068
          ],
          [
            9.9410061,
            46.4506835
          ],
          [
            9.9413915,
            46.450689
          ],
          [
            9.941486,
            46.4506915
          ],
          [
            9.9416843,
            46.4506995
          ],
          [
            9.9418865,
            46.4507309
          ],
          [
            9.9420493,
            46.4507792
          ],
          [
            9.9421614,
            46.4508449
          ],
          [
            9.9422882,
            46.4509414
          ],
          [
            9.9423452,
            46.4510299
          ],
          [
            9.9423906,
            46.4511317
          ],
          [
            9.9424185,
            46.4512795
          ],
          [
            9.9424543,
            46.4514274
          ],
          [
            9.9424646,
            46.4514997
          ],
          [
            9.9424823,
            46.451599
          ],
          [
            9.9424956,
            46.4520188
          ],
          [
            9.9424701,
            46.4523372
          ],
          [
            9.9424278,
            46.4529418
          ],
          [
            9.9424293,
            46.4530333
          ],
          [
            9.9424415,
            46.4531051
          ],
          [
            9.9424607,
            46.4531674
          ],
          [
            9.9424916,
            46.4532363
          ],
          [
            9.9425317,
            46.4533008
          ],
          [
            9.9425813,
            46.4533658
          ],
          [
            9.9426354,
            46.4534248
          ],
          [
            9.9427043,
            46.4534822
          ],
          [
            9.9428332,
            46.4535776
          ],
          [
            9.9430231,
            46.4537129
          ],
          [
            9.9431307,
            46.4538069
          ],
          [
            9.9432009,
            46.4538769
          ],
          [
            9.9432637,
            46.4539539
          ],
          [
            9.9433197,
            46.4540342
          ],
          [
            9.9433723,
            46.4541256
          ],
          [
            9.9434124,
            46.4542054
          ],
          [
            9.9434413,
            46.4542799
          ],
          [
            9.943466,
            46.4543601
          ],
          [
            9.9434824,
            46.4544437
          ],
          [
            9.9434903,
            46.4545191
          ],
          [
            9.9434915,
            46.4545889
          ],
          [
            9.9434795,
            46.4547698
          ],
          [
            9.9434445,
            46.455019
          ],
          [
            9.9434374,
            46.4550578
          ],
          [
            9.9433919,
            46.4553083
          ],
          [
            9.9433112,
            46.4555932
          ],
          [
            9.9432219,
            46.4558267
          ],
          [
            9.9431317,
            46.4560298
          ],
          [
            9.9430228,
            46.4562315
          ],
          [
            9.9428924,
            46.4564459
          ],
          [
            9.942784,
            46.4566019
          ],
          [
            9.9425938,
            46.4568533
          ],
          [
            9.9425518,
            46.4569155
          ],
          [
            9.9425219,
            46.4569796
          ],
          [
            9.942507,
            46.4570411
          ],
          [
            9.9425072,
            46.4570992
          ],
          [
            9.9425165,
            46.4571545
          ],
          [
            9.9425363,
            46.4572063
          ],
          [
            9.9425661,
            46.4572546
          ],
          [
            9.9425996,
            46.4572955
          ],
          [
            9.9426385,
            46.4573347
          ],
          [
            9.9426864,
            46.4573713
          ],
          [
            9.9427341,
            46.4573969
          ],
          [
            9.9427879,
            46.4574233
          ],
          [
            9.942859,
            46.4574476
          ],
          [
            9.9429214,
            46.4574593
          ],
          [
            9.9430035,
            46.4574733
          ],
          [
            9.9430862,
            46.4574757
          ],
          [
            9.9431708,
            46.4574722
          ],
          [
            9.9432391,
            46.4574621
          ],
          [
            9.9432998,
            46.4574495
          ],
          [
            9.9434085,
            46.4574108
          ],
          [
            9.9434563,
            46.4573896
          ],
          [
            9.9434981,
            46.4573618
          ],
          [
            9.9435523,
            46.4573225
          ],
          [
            9.9435982,
            46.4572705
          ],
          [
            9.9436335,
            46.4572186
          ],
          [
            9.9436605,
            46.4571649
          ],
          [
            9.9436932,
            46.457066
          ],
          [
            9.9437317,
            46.4569389
          ],
          [
            9.9437534,
            46.4568788
          ],
          [
            9.9437748,
            46.4568306
          ],
          [
            9.9438025,
            46.4567808
          ],
          [
            9.9438415,
            46.4567299
          ],
          [
            9.9438961,
            46.4566705
          ],
          [
            9.9439417,
            46.4566272
          ],
          [
            9.9440112,
            46.4565734
          ],
          [
            9.9441623,
            46.456484
          ],
          [
            9.9443403,
            46.4563842
          ],
          [
            9.944404,
            46.4563419
          ],
          [
            9.9444605,
            46.4562988
          ],
          [
            9.9445125,
            46.4562572
          ],
          [
            9.9445667,
            46.456194
          ],
          [
            9.9445945,
            46.4561582
          ],
          [
            9.9446307,
            46.4561074
          ],
          [
            9.9446736,
            46.4560135
          ],
          [
            9.9447199,
            46.4559027
          ],
          [
            9.9447827,
            46.455718
          ],
          [
            9.944825,
            46.4556272
          ],
          [
            9.9448942,
            46.4555126
          ],
          [
            9.9449897,
            46.4553987
          ],
          [
            9.9450651,
            46.4553258
          ],
          [
            9.9451727,
            46.4552369
          ],
          [
            9.9453902,
            46.4551035
          ],
          [
            9.9456864,
            46.454924
          ],
          [
            9.9457678,
            46.4548698
          ],
          [
            9.9458338,
            46.4548136
          ],
          [
            9.9459467,
            46.4546997
          ],
          [
            9.9460327,
            46.454597
          ],
          [
            9.9462787,
            46.4542698
          ],
          [
            9.9463392,
            46.4541889
          ],
          [
            9.9463927,
            46.4541191
          ],
          [
            9.9464998,
            46.4540108
          ],
          [
            9.9465927,
            46.4539354
          ],
          [
            9.9467128,
            46.4538532
          ],
          [
            9.9468741,
            46.4537719
          ],
          [
            9.9470296,
            46.4537073
          ],
          [
            9.9476258,
            46.4535264
          ],
          [
            9.9481857,
            46.4533618
          ],
          [
            9.9485522,
            46.4532525
          ],
          [
            9.9488773,
            46.4531496
          ],
          [
            9.9490755,
            46.4530825
          ],
          [
            9.9491939,
            46.4530237
          ],
          [
            9.9493248,
            46.4529403
          ],
          [
            9.9494477,
            46.452839
          ],
          [
            9.9495214,
            46.4527793
          ],
          [
            9.9495913,
            46.4527207
          ],
          [
            9.9496953,
            46.4526514
          ],
          [
            9.9497715,
            46.4526118
          ],
          [
            9.9498667,
            46.4525766
          ],
          [
            9.9499531,
            46.4525535
          ],
          [
            9.9500458,
            46.4525339
          ],
          [
            9.9501417,
            46.4525241
          ],
          [
            9.9502345,
            46.4525221
          ],
          [
            9.9503183,
            46.4525267
          ],
          [
            9.9504141,
            46.4525402
          ],
          [
            9.9504636,
            46.4525484
          ],
          [
            9.9507625,
            46.4526048
          ],
          [
            9.9509008,
            46.4526308
          ],
          [
            9.9509946,
            46.4526423
          ],
          [
            9.9511089,
            46.4526585
          ],
          [
            9.9512053,
            46.4526633
          ],
          [
            9.9513658,
            46.4526631
          ],
          [
            9.951503,
            46.4526505
          ],
          [
            9.9516779,
            46.4526245
          ],
          [
            9.951865,
            46.4525745
          ],
          [
            9.9520139,
            46.4525202
          ],
          [
            9.9521716,
            46.452443
          ],
          [
            9.9522993,
            46.4523865
          ],
          [
            9.9524527,
            46.4522942
          ],
          [
            9.9525063,
            46.4522575
          ],
          [
            9.9525664,
            46.4522121
          ],
          [
            9.9526046,
            46.4521735
          ],
          [
            9.9526597,
            46.4521239
          ],
          [
            9.9527672,
            46.4520164
          ],
          [
            9.9529734,
            46.4517799
          ],
          [
            9.953426,
            46.4512544
          ],
          [
            9.9537738,
            46.4508944
          ],
          [
            9.9538539,
            46.450817
          ],
          [
            9.9539668,
            46.4507213
          ],
          [
            9.9542339,
            46.4505136
          ],
          [
            9.9544341,
            46.4503744
          ],
          [
            9.9545385,
            46.4503049
          ],
          [
            9.9546252,
            46.4502488
          ],
          [
            9.9549297,
            46.4500631
          ],
          [
            9.9551629,
            46.4499202
          ],
          [
            9.9559671,
            46.4494263
          ],
          [
            9.9561791,
            46.4492993
          ],
          [
            9.9564335,
            46.4491508
          ],
          [
            9.9566607,
            46.4490283
          ],
          [
            9.956928,
            46.4489123
          ],
          [
            9.9571815,
            46.4488241
          ],
          [
            9.957643,
            46.4487029
          ],
          [
            9.9582827,
            46.4485642
          ],
          [
            9.959152,
            46.4483711
          ],
          [
            9.9618081,
            46.4477738
          ],
          [
            9.9644935,
            46.4471675
          ],
          [
            9.9647024,
            46.4471271
          ],
          [
            9.9649744,
            46.4470919
          ],
          [
            9.9657233,
            46.4470328
          ],
          [
            9.9659408,
            46.4470161
          ],
          [
            9.9661835,
            46.4469767
          ],
          [
            9.9663711,
            46.4469289
          ],
          [
            9.9665609,
            46.4468716
          ],
          [
            9.9667467,
            46.4467969
          ],
          [
            9.9669244,
            46.4467085
          ],
          [
            9.9671585,
            46.4465552
          ],
          [
            9.9672847,
            46.4464484
          ],
          [
            9.9673764,
            46.4463545
          ],
          [
            9.9674349,
            46.4462818
          ],
          [
            9.9675054,
            46.4461924
          ],
          [
            9.9675727,
            46.4461005
          ],
          [
            9.9675911,
            46.446074
          ],
          [
            9.9676411,
            46.4459999
          ],
          [
            9.9677064,
            46.445901
          ],
          [
            9.9677572,
            46.4458277
          ],
          [
            9.9678034,
            46.4457685
          ],
          [
            9.9678525,
            46.4457064
          ],
          [
            9.9679102,
            46.4456393
          ],
          [
            9.9679564,
            46.445589
          ],
          [
            9.9680026,
            46.445545
          ],
          [
            9.9680561,
            46.4454977
          ],
          [
            9.9681193,
            46.4454461
          ],
          [
            9.9681952,
            46.445388
          ],
          [
            9.9682598,
            46.4453451
          ],
          [
            9.9683528,
            46.4452883
          ],
          [
            9.968431,
            46.4452437
          ],
          [
            9.9685146,
            46.4452024
          ],
          [
            9.9686015,
            46.4451636
          ],
          [
            9.9686897,
            46.4451277
          ],
          [
            9.968801,
            46.4450883
          ],
          [
            9.9689054,
            46.445057
          ],
          [
            9.9690012,
            46.445031
          ],
          [
            9.969096,
            46.4450097
          ],
          [
            9.9692119,
            46.4449873
          ],
          [
            9.9693043,
            46.4449724
          ],
          [
            9.9694206,
            46.4449557
          ],
          [
            9.9695455,
            46.4449398
          ],
          [
            9.969709,
            46.4449218
          ],
          [
            9.970012,
            46.4448874
          ],
          [
            9.9706102,
            46.4448195
          ],
          [
            9.970876,
            46.4447885
          ],
          [
            9.9709702,
            46.4447766
          ],
          [
            9.9710538,
            46.444764
          ],
          [
            9.971133,
            46.444751
          ],
          [
            9.9713976,
            46.4446965
          ],
          [
            9.9715109,
            46.4446673
          ],
          [
            9.9716202,
            46.444637
          ],
          [
            9.9717259,
            46.4446038
          ],
          [
            9.9718274,
            46.4445695
          ],
          [
            9.9719289,
            46.4445315
          ],
          [
            9.9720306,
            46.4444898
          ],
          [
            9.9721188,
            46.4444517
          ],
          [
            9.9722385,
            46.4443945
          ],
          [
            9.9723366,
            46.4443442
          ],
          [
            9.9724237,
            46.4442967
          ],
          [
            9.9725545,
            46.4442191
          ],
          [
            9.9726595,
            46.4441502
          ],
          [
            9.9727487,
            46.4440885
          ],
          [
            9.9728362,
            46.4440232
          ],
          [
            9.972925,
            46.443952
          ],
          [
            9.9730412,
            46.44385
          ],
          [
            9.9731345,
            46.443764
          ],
          [
            9.9733389,
            46.4435711
          ],
          [
            9.9734542,
            46.4434685
          ],
          [
            9.9735681,
            46.4433878
          ],
          [
            9.973684,
            46.4433177
          ],
          [
            9.9738032,
            46.4432624
          ],
          [
            9.9740772,
            46.4431691
          ],
          [
            9.9744914,
            46.4430156
          ],
          [
            9.9754672,
            46.4426693
          ],
          [
            9.9756446,
            46.4426117
          ],
          [
            9.9757567,
            46.4425768
          ],
          [
            9.9758709,
            46.442553
          ],
          [
            9.9760293,
            46.4425342
          ],
          [
            9.9762008,
            46.4425276
          ],
          [
            9.9763556,
            46.4425409
          ],
          [
            9.9765014,
            46.4425609
          ],
          [
            9.976935,
            46.4426877
          ],
          [
            9.9771527,
            46.4427521
          ],
          [
            9.9773618,
            46.4427943
          ],
          [
            9.9776517,
            46.4428276
          ],
          [
            9.9778347,
            46.4428398
          ],
          [
            9.9780073,
            46.4428393
          ],
          [
            9.9781919,
            46.4428303
          ],
          [
            9.9783724,
            46.442815
          ],
          [
            9.9791195,
            46.442691
          ],
          [
            9.9792985,
            46.4426516
          ],
          [
            9.9794433,
            46.4426017
          ],
          [
            9.9801247,
            46.4423158
          ],
          [
            9.9805075,
            46.4421527
          ],
          [
            9.9807087,
            46.4420813
          ],
          [
            9.9809029,
            46.4420324
          ],
          [
            9.9816237,
            46.4419281
          ],
          [
            9.9823567,
            46.4418269
          ],
          [
            9.9826157,
            46.4417912
          ],
          [
            9.9833726,
            46.4416884
          ],
          [
            9.9835013,
            46.4416793
          ],
          [
            9.9836286,
            46.4416778
          ],
          [
            9.9837553,
            46.4416864
          ],
          [
            9.983886,
            46.4417047
          ],
          [
            9.9841147,
            46.4417506
          ],
          [
            9.9844314,
            46.4418192
          ],
          [
            9.9847417,
            46.4418876
          ],
          [
            9.9848487,
            46.4419056
          ],
          [
            9.9849047,
            46.441914
          ],
          [
            9.9850169,
            46.4419217
          ],
          [
            9.9851276,
            46.4419216
          ],
          [
            9.9852252,
            46.4419112
          ],
          [
            9.9853107,
            46.4418959
          ],
          [
            9.9853875,
            46.4418777
          ],
          [
            9.9854658,
            46.4418479
          ],
          [
            9.9855336,
            46.4418144
          ],
          [
            9.9856035,
            46.4417747
          ],
          [
            9.9856602,
            46.4417323
          ],
          [
            9.9857722,
            46.4416194
          ],
          [
            9.9858452,
            46.4414849
          ],
          [
            9.9860294,
            46.4409899
          ],
          [
            9.9860775,
            46.4408743
          ],
          [
            9.9861304,
            46.4407821
          ],
          [
            9.986191,
            46.4406953
          ],
          [
            9.9862939,
            46.4406038
          ],
          [
            9.9864083,
            46.4405191
          ],
          [
            9.986515,
            46.4404615
          ],
          [
            9.9866315,
            46.4404151
          ],
          [
            9.9870821,
            46.4402725
          ],
          [
            9.9873182,
            46.4401954
          ],
          [
            9.9875361,
            46.4401152
          ],
          [
            9.9878745,
            46.439963
          ],
          [
            9.9881885,
            46.4398076
          ],
          [
            9.988618,
            46.4395511
          ],
          [
            9.9893778,
            46.4390887
          ],
          [
            9.9905708,
            46.438319
          ],
          [
            9.990665,
            46.4382557
          ],
          [
            9.9907327,
            46.4382072
          ],
          [
            9.9908222,
            46.4381343
          ],
          [
            9.9908897,
            46.4380698
          ],
          [
            9.9909472,
            46.4380115
          ],
          [
            9.9909948,
            46.4379548
          ],
          [
            9.9911145,
            46.4377953
          ],
          [
            9.9911562,
            46.4377315
          ],
          [
            9.9911914,
            46.4376785
          ],
          [
            9.9912225,
            46.4376196
          ],
          [
            9.9912504,
            46.4375623
          ],
          [
            9.9912655,
            46.4375162
          ],
          [
            9.9912814,
            46.4374648
          ],
          [
            9.991294,
            46.4374057
          ],
          [
            9.9913037,
            46.4373437
          ],
          [
            9.9913068,
            46.4372867
          ],
          [
            9.9913082,
            46.4372171
          ],
          [
            9.9913064,
            46.4370781
          ],
          [
            9.9913041,
            46.4368949
          ],
          [
            9.9913036,
            46.4368265
          ],
          [
            9.9913063,
            46.436773
          ],
          [
            9.9913077,
            46.4367354
          ],
          [
            9.9913106,
            46.4366932
          ],
          [
            9.9913153,
            46.4366527
          ],
          [
            9.9913213,
            46.4366126
          ],
          [
            9.9913304,
            46.4365703
          ],
          [
            9.9913426,
            46.4365271
          ],
          [
            9.9913504,
            46.4365019
          ],
          [
            9.9913553,
            46.4364863
          ],
          [
            9.9913732,
            46.4364345
          ],
          [
            9.9913912,
            46.4363897
          ],
          [
            9.9914103,
            46.4363471
          ],
          [
            9.991438,
            46.4362977
          ],
          [
            9.9914538,
            46.4362724
          ],
          [
            9.9914743,
            46.4362394
          ],
          [
            9.9915043,
            46.4361951
          ],
          [
            9.9916071,
            46.4360524
          ],
          [
            9.9916446,
            46.4359958
          ],
          [
            9.9916788,
            46.4359368
          ],
          [
            9.9917217,
            46.435858
          ],
          [
            9.9917617,
            46.4357853
          ],
          [
            9.99183,
            46.4356778
          ],
          [
            9.9918379,
            46.4356686
          ],
          [
            9.9919257,
            46.4355554
          ],
          [
            9.992069,
            46.4353742
          ],
          [
            9.9921825,
            46.4352378
          ],
          [
            9.9922609,
            46.4351457
          ],
          [
            9.9923322,
            46.435071
          ],
          [
            9.9924065,
            46.4350035
          ],
          [
            9.992481,
            46.4349431
          ],
          [
            9.992561,
            46.4348887
          ],
          [
            9.9926285,
            46.4348457
          ],
          [
            9.9927172,
            46.4347956
          ],
          [
            9.9928147,
            46.4347469
          ],
          [
            9.9929463,
            46.4346874
          ],
          [
            9.9932306,
            46.4345708
          ],
          [
            9.9933712,
            46.4345134
          ],
          [
            9.9934933,
            46.4344606
          ],
          [
            9.9936039,
            46.4344109
          ],
          [
            9.9937235,
            46.4343493
          ],
          [
            9.9938467,
            46.4342825
          ],
          [
            9.9942937,
            46.4340191
          ],
          [
            9.9945735,
            46.4338526
          ],
          [
            9.9946562,
            46.4338
          ],
          [
            9.9947391,
            46.433741
          ],
          [
            9.9948055,
            46.4336879
          ],
          [
            9.9948785,
            46.4336178
          ],
          [
            9.9949288,
            46.4335659
          ],
          [
            9.9950079,
            46.4334731
          ],
          [
            9.995117,
            46.4333356
          ],
          [
            9.9951824,
            46.4332578
          ],
          [
            9.9952568,
            46.4331795
          ],
          [
            9.9953373,
            46.4331042
          ],
          [
            9.9954265,
            46.4330333
          ],
          [
            9.9956543,
            46.4328641
          ],
          [
            9.9957579,
            46.4327741
          ],
          [
            9.9958283,
            46.4327004
          ],
          [
            9.9958931,
            46.4326221
          ],
          [
            9.9959432,
            46.4325496
          ],
          [
            9.9959872,
            46.4324759
          ],
          [
            9.9960319,
            46.4323775
          ],
          [
            9.9960718,
            46.4322667
          ],
          [
            9.9961845,
            46.4319403
          ],
          [
            9.9962718,
            46.4316754
          ],
          [
            9.9963558,
            46.4314203
          ],
          [
            9.9964184,
            46.4312402
          ],
          [
            9.9964484,
            46.4311404
          ],
          [
            9.9964745,
            46.4310346
          ],
          [
            9.9964881,
            46.4309377
          ],
          [
            9.9964895,
            46.4308394
          ],
          [
            9.9964778,
            46.4307042
          ],
          [
            9.9964503,
            46.4305721
          ],
          [
            9.9963982,
            46.4303856
          ],
          [
            9.9960734,
            46.4292098
          ],
          [
            9.995898,
            46.428579
          ],
          [
            9.9958222,
            46.4283064
          ],
          [
            9.9957587,
            46.4280778
          ],
          [
            9.9957212,
            46.4279561
          ],
          [
            9.9956806,
            46.427855
          ],
          [
            9.9956328,
            46.4277653
          ],
          [
            9.9955773,
            46.427674
          ],
          [
            9.9955039,
            46.4275802
          ],
          [
            9.9953975,
            46.4274358
          ],
          [
            9.995111,
            46.4270627
          ],
          [
            9.9950494,
            46.4269874
          ],
          [
            9.9948557,
            46.4267337
          ],
          [
            9.9947956,
            46.4266528
          ],
          [
            9.9947339,
            46.4265684
          ],
          [
            9.9946587,
            46.4264527
          ],
          [
            9.9946073,
            46.4263569
          ],
          [
            9.9945688,
            46.4262687
          ],
          [
            9.9945326,
            46.4261681
          ],
          [
            9.9944997,
            46.4260573
          ],
          [
            9.9944795,
            46.4259499
          ],
          [
            9.9944691,
            46.4258445
          ],
          [
            9.9944673,
            46.4257214
          ],
          [
            9.9944763,
            46.4254376
          ],
          [
            9.9944841,
            46.4253114
          ],
          [
            9.9945081,
            46.4251964
          ],
          [
            9.9945466,
            46.4250835
          ],
          [
            9.9946133,
            46.4249711
          ],
          [
            9.9946617,
            46.4249014
          ],
          [
            9.9947256,
            46.4248311
          ],
          [
            9.9948232,
            46.4247384
          ],
          [
            9.9948903,
            46.4246838
          ],
          [
            9.9949737,
            46.4246286
          ],
          [
            9.9950771,
            46.4245677
          ],
          [
            9.9952343,
            46.424483
          ],
          [
            9.9956729,
            46.4242516
          ],
          [
            9.9957985,
            46.424191
          ],
          [
            9.9959105,
            46.4241448
          ],
          [
            9.9960847,
            46.4240785
          ],
          [
            9.9965016,
            46.423928
          ],
          [
            9.9967979,
            46.4238238
          ],
          [
            9.9969275,
            46.4237812
          ],
          [
            9.9970312,
            46.4237549
          ],
          [
            9.9971696,
            46.4237274
          ],
          [
            9.9972984,
            46.4237153
          ],
          [
            9.9974299,
            46.4237145
          ],
          [
            9.9975485,
            46.4237259
          ],
          [
            9.9976558,
            46.4237437
          ],
          [
            9.9977731,
            46.4237724
          ],
          [
            9.9978756,
            46.4238069
          ],
          [
            9.9979838,
            46.4238557
          ],
          [
            9.9980849,
            46.4239108
          ],
          [
            9.9981879,
            46.4239768
          ],
          [
            9.9984135,
            46.4241211
          ],
          [
            9.998686,
            46.4242941
          ],
          [
            9.9987925,
            46.4243581
          ],
          [
            9.998909,
            46.4244211
          ],
          [
            9.9989888,
            46.4244553
          ],
          [
            9.9991042,
            46.4244949
          ],
          [
            9.9992111,
            46.4245211
          ],
          [
            9.999322,
            46.424541
          ],
          [
            9.9994255,
            46.4245523
          ],
          [
            9.9995282,
            46.4245575
          ],
          [
            9.9996474,
            46.4245542
          ],
          [
            9.9997516,
            46.4245439
          ],
          [
            9.9998662,
            46.4245276
          ],
          [
            9.9999738,
            46.4245014
          ],
          [
            10.000078,
            46.42447
          ],
          [
            10.0001964,
            46.4244224
          ],
          [
            10.0002887,
            46.4243746
          ],
          [
            10.0003647,
            46.4243278
          ],
          [
            10.0004401,
            46.4242708
          ],
          [
            10.0005146,
            46.4242057
          ],
          [
            10.0005943,
            46.4241246
          ],
          [
            10.0012282,
            46.4234226
          ],
          [
            10.0013891,
            46.4232461
          ],
          [
            10.0014477,
            46.4231752
          ],
          [
            10.0015053,
            46.4231046
          ],
          [
            10.0015638,
            46.4230251
          ],
          [
            10.001621,
            46.4229422
          ],
          [
            10.0016674,
            46.422869
          ],
          [
            10.0017249,
            46.4227728
          ],
          [
            10.0024336,
            46.4215301
          ],
          [
            10.0024848,
            46.421437
          ],
          [
            10.0025193,
            46.4213642
          ],
          [
            10.0025438,
            46.421304
          ],
          [
            10.0025611,
            46.4212376
          ],
          [
            10.0025712,
            46.4211807
          ],
          [
            10.0025746,
            46.4211257
          ],
          [
            10.0025703,
            46.4210653
          ],
          [
            10.0025539,
            46.4209865
          ],
          [
            10.0025257,
            46.4209135
          ],
          [
            10.0023965,
            46.4207027
          ],
          [
            10.0023566,
            46.4206252
          ],
          [
            10.0023263,
            46.4205486
          ],
          [
            10.0023087,
            46.4204755
          ],
          [
            10.0023019,
            46.4204035
          ],
          [
            10.002302,
            46.4203345
          ],
          [
            10.0023167,
            46.4202413
          ],
          [
            10.0023473,
            46.4201484
          ],
          [
            10.0023983,
            46.420053
          ],
          [
            10.0024554,
            46.4199672
          ],
          [
            10.002528,
            46.4198892
          ],
          [
            10.0026208,
            46.4198175
          ],
          [
            10.0027103,
            46.4197587
          ],
          [
            10.0028032,
            46.4197093
          ],
          [
            10.0029086,
            46.4196622
          ],
          [
            10.0030331,
            46.4196248
          ],
          [
            10.0031528,
            46.4195973
          ],
          [
            10.0032677,
            46.4195797
          ],
          [
            10.0034131,
            46.4195657
          ],
          [
            10.0035405,
            46.4195595
          ],
          [
            10.0042231,
            46.4195356
          ],
          [
            10.005298,
            46.4195003
          ],
          [
            10.0054623,
            46.4194935
          ],
          [
            10.0056025,
            46.4194847
          ],
          [
            10.0057527,
            46.4194705
          ],
          [
            10.0058909,
            46.4194525
          ],
          [
            10.0060126,
            46.4194326
          ],
          [
            10.0061511,
            46.4194066
          ],
          [
            10.0063012,
            46.4193728
          ],
          [
            10.0064463,
            46.4193336
          ],
          [
            10.006596,
            46.4192872
          ],
          [
            10.0067414,
            46.4192373
          ],
          [
            10.0069119,
            46.4191728
          ],
          [
            10.0070334,
            46.4191233
          ],
          [
            10.0071509,
            46.4190729
          ],
          [
            10.0072643,
            46.4190184
          ],
          [
            10.0073604,
            46.4189656
          ],
          [
            10.0074558,
            46.418906
          ],
          [
            10.0075458,
            46.4188424
          ],
          [
            10.0076265,
            46.4187779
          ],
          [
            10.0081013,
            46.4183885
          ],
          [
            10.008636,
            46.417932
          ],
          [
            10.0087582,
            46.4178344
          ],
          [
            10.0088466,
            46.4177699
          ],
          [
            10.0089878,
            46.4176883
          ],
          [
            10.0091015,
            46.4176332
          ],
          [
            10.0092248,
            46.4175888
          ],
          [
            10.0093697,
            46.4175484
          ],
          [
            10.0095076,
            46.4175204
          ],
          [
            10.0096698,
            46.4175029
          ],
          [
            10.0098231,
            46.4174937
          ],
          [
            10.0100672,
            46.417487
          ],
          [
            10.0102449,
            46.417479
          ],
          [
            10.010401,
            46.4174652
          ],
          [
            10.0105269,
            46.4174465
          ],
          [
            10.0106401,
            46.4174194
          ],
          [
            10.0107466,
            46.4173891
          ],
          [
            10.010847,
            46.4173507
          ],
          [
            10.0109454,
            46.4173036
          ],
          [
            10.0110428,
            46.4172482
          ],
          [
            10.0111183,
            46.4171939
          ],
          [
            10.011197,
            46.4171315
          ],
          [
            10.0112543,
            46.4170728
          ],
          [
            10.0113092,
            46.4170048
          ],
          [
            10.0113548,
            46.4169417
          ],
          [
            10.011386,
            46.4168838
          ],
          [
            10.011414,
            46.4168238
          ],
          [
            10.0114387,
            46.4167487
          ],
          [
            10.0114586,
            46.4166595
          ],
          [
            10.0114654,
            46.4165665
          ],
          [
            10.0114702,
            46.4158979
          ],
          [
            10.0114771,
            46.4157841
          ],
          [
            10.0114947,
            46.4156927
          ],
          [
            10.0115217,
            46.4156074
          ],
          [
            10.0115617,
            46.4155164
          ],
          [
            10.0116029,
            46.4154442
          ],
          [
            10.0116557,
            46.4153695
          ],
          [
            10.0117173,
            46.4152966
          ],
          [
            10.0117901,
            46.4152236
          ],
          [
            10.0118662,
            46.4151593
          ],
          [
            10.0119622,
            46.4150907
          ],
          [
            10.0120577,
            46.4150336
          ],
          [
            10.0121777,
            46.4149737
          ],
          [
            10.0123122,
            46.4149188
          ],
          [
            10.0124295,
            46.4148816
          ],
          [
            10.0125458,
            46.4148504
          ],
          [
            10.0126692,
            46.4148269
          ],
          [
            10.0128166,
            46.414804
          ],
          [
            10.0130032,
            46.4147783
          ],
          [
            10.0131195,
            46.4147621
          ],
          [
            10.0132455,
            46.4147366
          ],
          [
            10.0133579,
            46.4147062
          ],
          [
            10.013456,
            46.4146688
          ],
          [
            10.0135505,
            46.4146224
          ],
          [
            10.0136567,
            46.414557
          ],
          [
            10.013798,
            46.4144593
          ],
          [
            10.0138893,
            46.4143985
          ],
          [
            10.0139783,
            46.4143459
          ],
          [
            10.01406,
            46.4143049
          ],
          [
            10.0141517,
            46.4142675
          ],
          [
            10.0142451,
            46.4142392
          ],
          [
            10.0143588,
            46.4142196
          ],
          [
            10.0144677,
            46.4142101
          ],
          [
            10.0145921,
            46.4142072
          ],
          [
            10.0147124,
            46.4142096
          ],
          [
            10.0154813,
            46.4142348
          ],
          [
            10.0156182,
            46.4142402
          ],
          [
            10.0157496,
            46.4142526
          ],
          [
            10.0158608,
            46.4142697
          ],
          [
            10.0159667,
            46.4142955
          ],
          [
            10.0160776,
            46.4143299
          ],
          [
            10.0161803,
            46.4143727
          ],
          [
            10.0162698,
            46.4144181
          ],
          [
            10.0164625,
            46.4145277
          ],
          [
            10.0165534,
            46.4145775
          ],
          [
            10.0166292,
            46.4146144
          ],
          [
            10.0166979,
            46.4146455
          ],
          [
            10.0167902,
            46.4146792
          ],
          [
            10.0168812,
            46.4147087
          ],
          [
            10.0169984,
            46.414739
          ],
          [
            10.0171353,
            46.4147682
          ],
          [
            10.0176864,
            46.4148813
          ],
          [
            10.0178223,
            46.4149072
          ],
          [
            10.0179303,
            46.4149239
          ],
          [
            10.0180492,
            46.4149358
          ],
          [
            10.0181463,
            46.414938
          ],
          [
            10.0182265,
            46.4149336
          ],
          [
            10.0183008,
            46.4149245
          ],
          [
            10.0183828,
            46.4149075
          ],
          [
            10.0184484,
            46.4148881
          ],
          [
            10.0185266,
            46.4148582
          ],
          [
            10.0186091,
            46.414816
          ],
          [
            10.0186733,
            46.4147734
          ],
          [
            10.0187384,
            46.4147203
          ],
          [
            10.0187771,
            46.4146773
          ],
          [
            10.0188208,
            46.4146199
          ],
          [
            10.0188496,
            46.4145617
          ],
          [
            10.0188719,
            46.4144957
          ],
          [
            10.0188854,
            46.4144237
          ],
          [
            10.0188904,
            46.4143523
          ],
          [
            10.0188921,
            46.4142234
          ],
          [
            10.0188873,
            46.4133833
          ],
          [
            10.0188817,
            46.4132543
          ],
          [
            10.018874,
            46.4131536
          ],
          [
            10.0188606,
            46.4130609
          ],
          [
            10.0188374,
            46.4129711
          ],
          [
            10.0188067,
            46.4128723
          ],
          [
            10.0187685,
            46.4127817
          ],
          [
            10.0187237,
            46.4126939
          ],
          [
            10.0186675,
            46.4126028
          ],
          [
            10.018609,
            46.41252
          ],
          [
            10.0185121,
            46.4123998
          ],
          [
            10.0184401,
            46.4123084
          ],
          [
            10.0183838,
            46.4122319
          ],
          [
            10.0183312,
            46.4121554
          ],
          [
            10.0182878,
            46.4120849
          ],
          [
            10.018242,
            46.4120026
          ],
          [
            10.0182055,
            46.4119294
          ],
          [
            10.0181659,
            46.4118335
          ],
          [
            10.0181358,
            46.4117484
          ],
          [
            10.018109,
            46.41166
          ],
          [
            10.0180866,
            46.4115534
          ],
          [
            10.018071,
            46.4114548
          ],
          [
            10.0180622,
            46.4113393
          ],
          [
            10.0180611,
            46.4112358
          ],
          [
            10.0180681,
            46.4111331
          ],
          [
            10.0180798,
            46.4110373
          ],
          [
            10.0180943,
            46.410958
          ],
          [
            10.0181115,
            46.4108852
          ],
          [
            10.0181407,
            46.4107958
          ],
          [
            10.0181723,
            46.4107036
          ],
          [
            10.0182115,
            46.4106164
          ],
          [
            10.018257,
            46.4105257
          ],
          [
            10.0183001,
            46.4104485
          ],
          [
            10.0183412,
            46.4103838
          ],
          [
            10.0184012,
            46.4102981
          ],
          [
            10.0184323,
            46.4102566
          ],
          [
            10.0185136,
            46.4101582
          ],
          [
            10.0194272,
            46.409096
          ],
          [
            10.0194522,
            46.4090669
          ],
          [
            10.019648,
            46.4088382
          ],
          [
            10.0197184,
            46.4087559
          ],
          [
            10.0202593,
            46.4081283
          ],
          [
            10.0207064,
            46.4076069
          ],
          [
            10.020733,
            46.4075752
          ],
          [
            10.0209403,
            46.4073354
          ],
          [
            10.0209808,
            46.4072914
          ],
          [
            10.0210242,
            46.4072464
          ],
          [
            10.0210874,
            46.4071851
          ],
          [
            10.021166,
            46.4071156
          ],
          [
            10.0212733,
            46.4070233
          ],
          [
            10.0214932,
            46.4068396
          ],
          [
            10.0217204,
            46.4066837
          ],
          [
            10.0219846,
            46.406533
          ],
          [
            10.0222585,
            46.4063969
          ],
          [
            10.0224505,
            46.4062851
          ],
          [
            10.0226509,
            46.4061358
          ],
          [
            10.02284,
            46.4059679
          ],
          [
            10.0232165,
            46.4056312
          ],
          [
            10.0234744,
            46.4054179
          ],
          [
            10.0235642,
            46.4053437
          ],
          [
            10.0236702,
            46.405275
          ],
          [
            10.0237651,
            46.4052236
          ],
          [
            10.0238802,
            46.4051726
          ],
          [
            10.0240901,
            46.4051051
          ],
          [
            10.0243594,
            46.4050415
          ],
          [
            10.0249618,
            46.4049235
          ],
          [
            10.0252195,
            46.4048665
          ],
          [
            10.0255114,
            46.4047663
          ],
          [
            10.0257398,
            46.4046455
          ],
          [
            10.0259688,
            46.4044545
          ],
          [
            10.0264844,
            46.4039619
          ],
          [
            10.0269731,
            46.4034902
          ],
          [
            10.027572,
            46.4028759
          ],
          [
            10.0278036,
            46.4026621
          ],
          [
            10.0279947,
            46.4025291
          ],
          [
            10.0281768,
            46.4024155
          ],
          [
            10.0285869,
            46.4021668
          ],
          [
            10.0294752,
            46.4017369
          ],
          [
            10.0298488,
            46.401563
          ],
          [
            10.0299644,
            46.4015027
          ],
          [
            10.0300541,
            46.4014491
          ],
          [
            10.0301164,
            46.4014087
          ],
          [
            10.030175,
            46.4013648
          ],
          [
            10.0302315,
            46.4013149
          ],
          [
            10.0302827,
            46.4012643
          ],
          [
            10.0303277,
            46.4012141
          ],
          [
            10.0303697,
            46.4011598
          ],
          [
            10.0304076,
            46.4011048
          ],
          [
            10.0304382,
            46.4010477
          ],
          [
            10.0304659,
            46.4009906
          ],
          [
            10.0304879,
            46.4009304
          ],
          [
            10.0305044,
            46.4008696
          ],
          [
            10.0305129,
            46.400819
          ],
          [
            10.0305175,
            46.4007647
          ],
          [
            10.0305179,
            46.400699
          ],
          [
            10.0305153,
            46.4006461
          ],
          [
            10.0305069,
            46.4005922
          ],
          [
            10.0304977,
            46.4005413
          ],
          [
            10.03048,
            46.4004884
          ],
          [
            10.0304602,
            46.4004361
          ],
          [
            10.0304279,
            46.4003673
          ],
          [
            10.0302637,
            46.4000753
          ],
          [
            10.0302176,
            46.3999148
          ],
          [
            10.0302032,
            46.3997537
          ],
          [
            10.0302478,
            46.3996015
          ],
          [
            10.030336,
            46.3994597
          ],
          [
            10.0304805,
            46.3993363
          ],
          [
            10.0307081,
            46.3991951
          ],
          [
            10.0321683,
            46.398443
          ],
          [
            10.0327665,
            46.398091
          ],
          [
            10.0329013,
            46.3979884
          ],
          [
            10.032975,
            46.3979167
          ],
          [
            10.0330584,
            46.3978239
          ],
          [
            10.0331046,
            46.397751
          ],
          [
            10.0331621,
            46.3976205
          ],
          [
            10.0332172,
            46.3974293
          ],
          [
            10.0332579,
            46.3972628
          ],
          [
            10.0332954,
            46.3971621
          ],
          [
            10.0333523,
            46.3970572
          ],
          [
            10.0334428,
            46.3969389
          ],
          [
            10.0335546,
            46.3968279
          ],
          [
            10.0337585,
            46.39665
          ],
          [
            10.0339083,
            46.3964773
          ],
          [
            10.0339785,
            46.396326
          ],
          [
            10.0340113,
            46.3962188
          ],
          [
            10.0340339,
            46.3961126
          ],
          [
            10.0340653,
            46.3957431
          ],
          [
            10.0340619,
            46.3955795
          ],
          [
            10.0340062,
            46.3953669
          ],
          [
            10.0339441,
            46.3952151
          ],
          [
            10.033846,
            46.3950595
          ],
          [
            10.033512,
            46.3947094
          ],
          [
            10.0333954,
            46.3945585
          ],
          [
            10.0333367,
            46.3944524
          ],
          [
            10.0332965,
            46.3943225
          ],
          [
            10.0332879,
            46.3941655
          ],
          [
            10.0333682,
            46.393837
          ],
          [
            10.0334079,
            46.3937231
          ],
          [
            10.0334271,
            46.3936502
          ],
          [
            10.0334348,
            46.3935804
          ],
          [
            10.0334308,
            46.3934912
          ],
          [
            10.0334168,
            46.3934003
          ],
          [
            10.0333921,
            46.3932991
          ],
          [
            10.0333586,
            46.3932103
          ],
          [
            10.0333057,
            46.3931164
          ],
          [
            10.0330299,
            46.3926188
          ],
          [
            10.0329842,
            46.3925152
          ],
          [
            10.0329466,
            46.3924116
          ],
          [
            10.0329237,
            46.3923095
          ],
          [
            10.0329097,
            46.3922196
          ],
          [
            10.0328944,
            46.3921425
          ],
          [
            10.0328764,
            46.3920536
          ],
          [
            10.0327426,
            46.3916212
          ],
          [
            10.0327018,
            46.3915199
          ],
          [
            10.0326544,
            46.3914298
          ],
          [
            10.0326022,
            46.3913476
          ],
          [
            10.0325295,
            46.3912631
          ],
          [
            10.0322451,
            46.3909238
          ],
          [
            10.0321957,
            46.3908522
          ],
          [
            10.0321468,
            46.3907712
          ],
          [
            10.032103,
            46.390685
          ],
          [
            10.0319989,
            46.390447
          ],
          [
            10.0318905,
            46.3901857
          ],
          [
            10.0318333,
            46.3900506
          ],
          [
            10.0317977,
            46.3899178
          ],
          [
            10.0317746,
            46.3898085
          ],
          [
            10.0317648,
            46.3896869
          ],
          [
            10.0317681,
            46.3895905
          ],
          [
            10.0317762,
            46.3894707
          ],
          [
            10.0317942,
            46.3893401
          ],
          [
            10.0318121,
            46.3891949
          ],
          [
            10.0318181,
            46.3890799
          ],
          [
            10.031818,
            46.3890416
          ],
          [
            10.0318175,
            46.3888888
          ],
          [
            10.0316228,
            46.3870451
          ],
          [
            10.0315004,
            46.3859693
          ],
          [
            10.0314814,
            46.3858385
          ],
          [
            10.0314799,
            46.3857377
          ],
          [
            10.0314955,
            46.3856487
          ],
          [
            10.031531,
            46.3855583
          ],
          [
            10.0315866,
            46.3854617
          ],
          [
            10.0316605,
            46.385375
          ],
          [
            10.0317429,
            46.385302
          ],
          [
            10.0319788,
            46.3851513
          ],
          [
            10.0320774,
            46.3850758
          ],
          [
            10.0321579,
            46.3849985
          ],
          [
            10.0322381,
            46.384902
          ],
          [
            10.0322891,
            46.384813
          ],
          [
            10.0323188,
            46.3847353
          ],
          [
            10.0323339,
            46.3846473
          ],
          [
            10.0323451,
            46.3845635
          ],
          [
            10.0323384,
            46.3844591
          ],
          [
            10.0323095,
            46.3843622
          ],
          [
            10.0322735,
            46.3842741
          ],
          [
            10.0322302,
            46.3841963
          ],
          [
            10.032183,
            46.3841187
          ],
          [
            10.0318011,
            46.3835039
          ],
          [
            10.0317634,
            46.3834438
          ],
          [
            10.0317301,
            46.3833843
          ],
          [
            10.0315624,
            46.3830218
          ],
          [
            10.0315328,
            46.3829393
          ],
          [
            10.0314929,
            46.3828799
          ],
          [
            10.0314422,
            46.3828204
          ],
          [
            10.0313811,
            46.3827533
          ],
          [
            10.0303983,
            46.3819324
          ],
          [
            10.0303284,
            46.3818674
          ],
          [
            10.0302586,
            46.381796
          ],
          [
            10.0302012,
            46.3817178
          ],
          [
            10.0301571,
            46.3816343
          ],
          [
            10.0301285,
            46.3815578
          ],
          [
            10.0301021,
            46.3814652
          ],
          [
            10.0300808,
            46.3813636
          ],
          [
            10.0300466,
            46.3810967
          ],
          [
            10.0299393,
            46.3803837
          ],
          [
            10.0299193,
            46.3802748
          ],
          [
            10.0298936,
            46.3801862
          ],
          [
            10.0298504,
            46.3800947
          ],
          [
            10.0297907,
            46.3800128
          ],
          [
            10.0297315,
            46.3799391
          ],
          [
            10.0296502,
            46.3798614
          ],
          [
            10.0295637,
            46.3797957
          ],
          [
            10.0294863,
            46.3797435
          ],
          [
            10.0293659,
            46.3796784
          ],
          [
            10.0292306,
            46.3796181
          ],
          [
            10.0291681,
            46.3795947
          ],
          [
            10.0288567,
            46.3794781
          ],
          [
            10.0286536,
            46.3793978
          ],
          [
            10.028556,
            46.379355
          ],
          [
            10.0284331,
            46.3792901
          ],
          [
            10.0283392,
            46.3792205
          ],
          [
            10.0282439,
            46.3791402
          ],
          [
            10.0281697,
            46.3790577
          ],
          [
            10.0281159,
            46.3789675
          ],
          [
            10.0280823,
            46.378868
          ],
          [
            10.0280699,
            46.3787547
          ],
          [
            10.0280744,
            46.3786571
          ],
          [
            10.0281274,
            46.3783346
          ],
          [
            10.0281505,
            46.3781999
          ],
          [
            10.0281823,
            46.3780748
          ],
          [
            10.0282375,
            46.3779347
          ],
          [
            10.0282975,
            46.3778105
          ],
          [
            10.028442,
            46.3775851
          ],
          [
            10.0285106,
            46.3774502
          ],
          [
            10.0285545,
            46.3773445
          ],
          [
            10.0285805,
            46.3772622
          ],
          [
            10.0286022,
            46.3771615
          ],
          [
            10.0286396,
            46.3768988
          ],
          [
            10.0286596,
            46.3768165
          ],
          [
            10.0286866,
            46.3767376
          ],
          [
            10.0287278,
            46.3766646
          ],
          [
            10.0287897,
            46.3765867
          ],
          [
            10.028869,
            46.3765123
          ],
          [
            10.0289518,
            46.3764454
          ],
          [
            10.0290698,
            46.376368
          ],
          [
            10.029895,
            46.3758687
          ],
          [
            10.0300851,
            46.3757544
          ],
          [
            10.0302243,
            46.3756554
          ],
          [
            10.0303406,
            46.37556
          ],
          [
            10.0304538,
            46.3754504
          ],
          [
            10.030539,
            46.3753643
          ],
          [
            10.0306478,
            46.3752565
          ],
          [
            10.0309707,
            46.3749364
          ],
          [
            10.0313635,
            46.3745462
          ],
          [
            10.0314175,
            46.3744926
          ],
          [
            10.0317059,
            46.374206
          ],
          [
            10.0317707,
            46.3741474
          ],
          [
            10.0318041,
            46.3741204
          ],
          [
            10.0318562,
            46.3740797
          ],
          [
            10.0318882,
            46.3740569
          ],
          [
            10.0319201,
            46.3740373
          ],
          [
            10.0319532,
            46.374019
          ],
          [
            10.031995,
            46.3739984
          ],
          [
            10.0320302,
            46.373983
          ],
          [
            10.0320696,
            46.3739693
          ],
          [
            10.0321171,
            46.373954
          ],
          [
            10.0321606,
            46.3739418
          ],
          [
            10.0322105,
            46.3739313
          ],
          [
            10.0322627,
            46.3739211
          ],
          [
            10.0323217,
            46.3739124
          ],
          [
            10.0324008,
            46.3739013
          ],
          [
            10.0324603,
            46.3738914
          ],
          [
            10.0325105,
            46.3738812
          ],
          [
            10.0325651,
            46.3738676
          ],
          [
            10.0326212,
            46.3738485
          ],
          [
            10.0326742,
            46.3738268
          ],
          [
            10.0327225,
            46.3738013
          ],
          [
            10.0327647,
            46.3737738
          ],
          [
            10.0328061,
            46.3737416
          ],
          [
            10.032857,
            46.3736865
          ],
          [
            10.0328828,
            46.3736476
          ],
          [
            10.032909,
            46.3735991
          ],
          [
            10.0329245,
            46.3735459
          ],
          [
            10.0329295,
            46.3734877
          ],
          [
            10.0329218,
            46.3734219
          ],
          [
            10.0329031,
            46.3733711
          ],
          [
            10.0328733,
            46.3733134
          ],
          [
            10.032836,
            46.3732684
          ],
          [
            10.0327948,
            46.3732325
          ],
          [
            10.0327486,
            46.3731977
          ],
          [
            10.0326756,
            46.3731584
          ],
          [
            10.0325992,
            46.3731266
          ],
          [
            10.0325339,
            46.3731078
          ],
          [
            10.0324645,
            46.3730936
          ],
          [
            10.0323743,
            46.3730859
          ],
          [
            10.0322999,
            46.3730875
          ],
          [
            10.0322263,
            46.373095
          ],
          [
            10.0321519,
            46.3731087
          ],
          [
            10.0320786,
            46.3731316
          ],
          [
            10.0320208,
            46.3731549
          ],
          [
            10.0319553,
            46.3731889
          ],
          [
            10.0318675,
            46.3732478
          ],
          [
            10.0317417,
            46.3733441
          ],
          [
            10.0315646,
            46.3734777
          ],
          [
            10.0314106,
            46.3735959
          ],
          [
            10.0312617,
            46.37371
          ],
          [
            10.031186,
            46.3737718
          ],
          [
            10.0311108,
            46.3738386
          ],
          [
            10.0310052,
            46.3739396
          ],
          [
            10.0308077,
            46.3741321
          ],
          [
            10.0307538,
            46.3741855
          ],
          [
            10.0307022,
            46.3742389
          ],
          [
            10.0306559,
            46.374295
          ],
          [
            10.0306056,
            46.3743596
          ],
          [
            10.0305621,
            46.3744179
          ],
          [
            10.0305126,
            46.3744919
          ],
          [
            10.0304453,
            46.3745896
          ],
          [
            10.0303101,
            46.3747633
          ],
          [
            10.0301788,
            46.3748944
          ],
          [
            10.0297507,
            46.375295
          ],
          [
            10.0295117,
            46.3754746
          ],
          [
            10.02932,
            46.3755939
          ],
          [
            10.0291126,
            46.3757066
          ],
          [
            10.0289271,
            46.3757869
          ],
          [
            10.028726,
            46.3758606
          ],
          [
            10.0284745,
            46.3759387
          ],
          [
            10.0279308,
            46.376097
          ],
          [
            10.0277548,
            46.3761577
          ],
          [
            10.0276259,
            46.3762314
          ],
          [
            10.0275473,
            46.376303
          ],
          [
            10.0274907,
            46.3763962
          ],
          [
            10.0274636,
            46.3764904
          ],
          [
            10.0274699,
            46.3765946
          ],
          [
            10.0275074,
            46.3767573
          ],
          [
            10.0275191,
            46.3768848
          ],
          [
            10.0275036,
            46.3769792
          ],
          [
            10.0274582,
            46.3770776
          ],
          [
            10.0273936,
            46.3771596
          ],
          [
            10.0273158,
            46.3772257
          ],
          [
            10.0271974,
            46.3772774
          ],
          [
            10.0270735,
            46.3773147
          ],
          [
            10.0269124,
            46.3773291
          ],
          [
            10.0267411,
            46.3773113
          ],
          [
            10.0265758,
            46.377265
          ],
          [
            10.0264291,
            46.377193
          ],
          [
            10.0263418,
            46.3771077
          ],
          [
            10.0262841,
            46.3770175
          ],
          [
            10.0262675,
            46.3769189
          ],
          [
            10.0262882,
            46.3768241
          ],
          [
            10.026333,
            46.3767239
          ],
          [
            10.0264113,
            46.3766404
          ],
          [
            10.026503,
            46.3765715
          ],
          [
            10.026609,
            46.3765069
          ],
          [
            10.0269965,
            46.3763228
          ],
          [
            10.0271232,
            46.376266
          ],
          [
            10.0272254,
            46.3762001
          ],
          [
            10.0273162,
            46.376122
          ],
          [
            10.0274321,
            46.3759972
          ],
          [
            10.0275068,
            46.3759275
          ],
          [
            10.0276086,
            46.3758561
          ],
          [
            10.0277277,
            46.3757959
          ],
          [
            10.0280255,
            46.375668
          ],
          [
            10.0281197,
            46.3756174
          ],
          [
            10.0282175,
            46.3755567
          ],
          [
            10.0289023,
            46.3750176
          ],
          [
            10.0290301,
            46.3749029
          ],
          [
            10.0291457,
            46.3747863
          ],
          [
            10.0292546,
            46.3746453
          ],
          [
            10.0293368,
            46.3745195
          ],
          [
            10.0294124,
            46.3743677
          ],
          [
            10.0294785,
            46.374196
          ],
          [
            10.0295417,
            46.3740028
          ],
          [
            10.0296398,
            46.373729
          ],
          [
            10.0298578,
            46.3730874
          ],
          [
            10.0299667,
            46.3728688
          ],
          [
            10.0302825,
            46.3723075
          ],
          [
            10.030347,
            46.3722043
          ],
          [
            10.0304315,
            46.3721184
          ],
          [
            10.0305365,
            46.3720357
          ],
          [
            10.0306413,
            46.3719655
          ],
          [
            10.0307323,
            46.371928
          ],
          [
            10.0309169,
            46.3718742
          ],
          [
            10.0311022,
            46.3718384
          ],
          [
            10.0313633,
            46.3718377
          ],
          [
            10.031575,
            46.3718599
          ],
          [
            10.0318273,
            46.3719104
          ],
          [
            10.0334156,
            46.3722502
          ],
          [
            10.0336853,
            46.3722735
          ],
          [
            10.0338231,
            46.372265
          ],
          [
            10.0339333,
            46.3722557
          ],
          [
            10.0340354,
            46.3722292
          ],
          [
            10.0341462,
            46.3722022
          ],
          [
            10.0343211,
            46.3721304
          ],
          [
            10.0343846,
            46.3720922
          ],
          [
            10.0344588,
            46.3720437
          ],
          [
            10.0345204,
            46.3719962
          ],
          [
            10.0345834,
            46.3719249
          ],
          [
            10.0346338,
            46.3718429
          ],
          [
            10.0346709,
            46.3717506
          ],
          [
            10.0347173,
            46.3715741
          ],
          [
            10.0347404,
            46.3714887
          ],
          [
            10.0347809,
            46.3713962
          ],
          [
            10.0348493,
            46.3713123
          ],
          [
            10.0349667,
            46.3712356
          ],
          [
            10.0351124,
            46.3711834
          ],
          [
            10.0352472,
            46.3711605
          ],
          [
            10.0353707,
            46.3711601
          ],
          [
            10.0355094,
            46.3711804
          ],
          [
            10.0356359,
            46.3712236
          ],
          [
            10.0357475,
            46.371282
          ],
          [
            10.0358317,
            46.3713491
          ],
          [
            10.0358872,
            46.3714281
          ],
          [
            10.0359139,
            46.3715009
          ],
          [
            10.035924,
            46.3715788
          ],
          [
            10.0359095,
            46.3716742
          ],
          [
            10.0358795,
            46.3717427
          ],
          [
            10.0357914,
            46.3718931
          ],
          [
            10.035756,
            46.3719795
          ],
          [
            10.0357365,
            46.372054
          ],
          [
            10.0357308,
            46.3721316
          ],
          [
            10.0357418,
            46.3722053
          ],
          [
            10.0357631,
            46.3722847
          ],
          [
            10.0358152,
            46.3723789
          ],
          [
            10.0358704,
            46.3724592
          ],
          [
            10.0359317,
            46.3725331
          ],
          [
            10.0361555,
            46.3728138
          ],
          [
            10.0362471,
            46.3729177
          ],
          [
            10.0363338,
            46.3730028
          ],
          [
            10.0364249,
            46.3730787
          ],
          [
            10.0369594,
            46.3734651
          ],
          [
            10.0370816,
            46.3735633
          ],
          [
            10.0371461,
            46.3736254
          ],
          [
            10.0372063,
            46.3736991
          ],
          [
            10.0372631,
            46.3737779
          ],
          [
            10.0373206,
            46.3738792
          ],
          [
            10.0374139,
            46.3740739
          ],
          [
            10.0374584,
            46.3741682
          ],
          [
            10.0375039,
            46.3742449
          ],
          [
            10.0375517,
            46.37431
          ],
          [
            10.0376184,
            46.3743814
          ],
          [
            10.037684,
            46.3744379
          ],
          [
            10.0377733,
            46.3745048
          ],
          [
            10.0378695,
            46.374566
          ],
          [
            10.0381884,
            46.3747549
          ],
          [
            10.0385918,
            46.3749886
          ],
          [
            10.0387296,
            46.3750775
          ],
          [
            10.0388142,
            46.375143
          ],
          [
            10.0388981,
            46.3752188
          ],
          [
            10.0389663,
            46.3753014
          ],
          [
            10.0390197,
            46.3753888
          ],
          [
            10.0390585,
            46.3754677
          ],
          [
            10.0390919,
            46.3755674
          ],
          [
            10.039144,
            46.3758552
          ],
          [
            10.0391768,
            46.3759977
          ],
          [
            10.039308,
            46.3763718
          ],
          [
            10.0398291,
            46.377763
          ],
          [
            10.0398579,
            46.3778376
          ],
          [
            10.039872,
            46.3779129
          ],
          [
            10.0398741,
            46.3779965
          ],
          [
            10.0398545,
            46.3780836
          ],
          [
            10.0398227,
            46.3781536
          ],
          [
            10.0397817,
            46.3782079
          ],
          [
            10.0396835,
            46.3782977
          ],
          [
            10.0395686,
            46.3783692
          ],
          [
            10.0394561,
            46.3784158
          ],
          [
            10.0392887,
            46.3784765
          ],
          [
            10.039155,
            46.3785323
          ],
          [
            10.0390454,
            46.3786052
          ],
          [
            10.0389741,
            46.3786863
          ],
          [
            10.0389248,
            46.378793
          ],
          [
            10.038913,
            46.3788914
          ],
          [
            10.0389154,
            46.3789858
          ],
          [
            10.0389603,
            46.3790857
          ],
          [
            10.0390395,
            46.3791674
          ],
          [
            10.0391263,
            46.379225
          ],
          [
            10.0392519,
            46.379278
          ],
          [
            10.0393923,
            46.3793122
          ],
          [
            10.0395448,
            46.3793248
          ],
          [
            10.0397069,
            46.3793205
          ],
          [
            10.0398496,
            46.3792939
          ],
          [
            10.0399695,
            46.3792478
          ],
          [
            10.0400749,
            46.3791764
          ],
          [
            10.0401398,
            46.3791151
          ],
          [
            10.0401902,
            46.3790613
          ],
          [
            10.0402296,
            46.378989
          ],
          [
            10.0402556,
            46.3789122
          ],
          [
            10.0402652,
            46.3788266
          ],
          [
            10.0402466,
            46.3786188
          ],
          [
            10.0402447,
            46.3785111
          ],
          [
            10.0402555,
            46.3784096
          ],
          [
            10.0402844,
            46.3783044
          ],
          [
            10.0403362,
            46.3781595
          ],
          [
            10.0403593,
            46.3780969
          ],
          [
            10.0403856,
            46.3780197
          ],
          [
            10.0404129,
            46.3779312
          ],
          [
            10.0404268,
            46.3778417
          ],
          [
            10.0404526,
            46.3776439
          ],
          [
            10.040539,
            46.3771026
          ],
          [
            10.0405701,
            46.3768928
          ],
          [
            10.040577,
            46.3767605
          ],
          [
            10.0405753,
            46.3766603
          ],
          [
            10.0405657,
            46.3765679
          ],
          [
            10.0405441,
            46.3764689
          ],
          [
            10.0405107,
            46.376357
          ],
          [
            10.0403888,
            46.376046
          ],
          [
            10.0403424,
            46.3759254
          ],
          [
            10.0403155,
            46.3758433
          ],
          [
            10.0402972,
            46.3757661
          ],
          [
            10.0402898,
            46.375692
          ],
          [
            10.040288,
            46.3755996
          ],
          [
            10.0402899,
            46.3755005
          ],
          [
            10.040329,
            46.3750638
          ],
          [
            10.0403343,
            46.3749494
          ],
          [
            10.0403326,
            46.374859
          ],
          [
            10.0403241,
            46.3747932
          ],
          [
            10.0403086,
            46.3747373
          ],
          [
            10.0402825,
            46.3746659
          ],
          [
            10.0402516,
            46.3746006
          ],
          [
            10.0402165,
            46.3745436
          ],
          [
            10.0401709,
            46.3744825
          ],
          [
            10.0400394,
            46.3743261
          ],
          [
            10.0396479,
            46.3738678
          ],
          [
            10.0395767,
            46.3737818
          ],
          [
            10.0395153,
            46.3737046
          ],
          [
            10.039453,
            46.373619
          ],
          [
            10.0393966,
            46.3735345
          ],
          [
            10.039333,
            46.3734312
          ],
          [
            10.0392559,
            46.3732794
          ],
          [
            10.039215,
            46.3731863
          ],
          [
            10.0391881,
            46.3731188
          ],
          [
            10.0391629,
            46.3730497
          ],
          [
            10.0391389,
            46.3729733
          ],
          [
            10.0391029,
            46.3728438
          ],
          [
            10.0390741,
            46.3727398
          ],
          [
            10.039055,
            46.3726772
          ],
          [
            10.039034,
            46.3726191
          ],
          [
            10.0390129,
            46.3725708
          ],
          [
            10.038988,
            46.3725127
          ],
          [
            10.0389599,
            46.3724599
          ],
          [
            10.0388924,
            46.3723398
          ],
          [
            10.0388525,
            46.3722668
          ],
          [
            10.0388343,
            46.3722233
          ],
          [
            10.0388186,
            46.3721772
          ],
          [
            10.0388092,
            46.3721314
          ],
          [
            10.0388081,
            46.3720779
          ],
          [
            10.0388124,
            46.3720252
          ],
          [
            10.0388265,
            46.3719802
          ],
          [
            10.0388489,
            46.3719293
          ],
          [
            10.0388807,
            46.3718805
          ],
          [
            10.0389209,
            46.371833
          ],
          [
            10.0389651,
            46.3717944
          ],
          [
            10.0390147,
            46.3717618
          ],
          [
            10.0390699,
            46.3717304
          ],
          [
            10.0391429,
            46.371698
          ],
          [
            10.0392078,
            46.371678
          ],
          [
            10.039291,
            46.3716588
          ],
          [
            10.0393963,
            46.3716421
          ],
          [
            10.0395197,
            46.3716281
          ],
          [
            10.0401549,
            46.371571
          ],
          [
            10.0402787,
            46.3715637
          ],
          [
            10.0403759,
            46.3715618
          ],
          [
            10.0404594,
            46.3715646
          ],
          [
            10.0405431,
            46.3715749
          ],
          [
            10.0406264,
            46.3715905
          ],
          [
            10.0406833,
            46.3716077
          ],
          [
            10.0407443,
            46.371631
          ],
          [
            10.0408093,
            46.3716624
          ],
          [
            10.0408713,
            46.3717023
          ],
          [
            10.0409213,
            46.3717429
          ],
          [
            10.0409611,
            46.3717815
          ],
          [
            10.0409999,
            46.3718246
          ],
          [
            10.0412834,
            46.3721843
          ],
          [
            10.041335,
            46.3722547
          ],
          [
            10.041374,
            46.3723154
          ],
          [
            10.0414092,
            46.372381
          ],
          [
            10.0414329,
            46.3724389
          ],
          [
            10.0414576,
            46.372508
          ],
          [
            10.0415077,
            46.3726805
          ],
          [
            10.0415297,
            46.3727442
          ],
          [
            10.041554,
            46.3728125
          ],
          [
            10.0415821,
            46.3728756
          ],
          [
            10.0416616,
            46.373049
          ],
          [
            10.0416946,
            46.3731249
          ],
          [
            10.0417239,
            46.3731966
          ],
          [
            10.0417586,
            46.3732949
          ],
          [
            10.0417936,
            46.3734082
          ],
          [
            10.0418241,
            46.3735262
          ],
          [
            10.0418516,
            46.3736586
          ],
          [
            10.041873,
            46.3737935
          ],
          [
            10.0418864,
            46.3739082
          ],
          [
            10.0418938,
            46.3740245
          ],
          [
            10.0418962,
            46.3741459
          ],
          [
            10.041895,
            46.3742538
          ],
          [
            10.0418877,
            46.3743179
          ],
          [
            10.0418754,
            46.3743769
          ],
          [
            10.0418571,
            46.3744351
          ],
          [
            10.0418339,
            46.3745033
          ],
          [
            10.0417939,
            46.3746092
          ],
          [
            10.0417772,
            46.3746684
          ],
          [
            10.0417716,
            46.3747189
          ],
          [
            10.0417747,
            46.3747764
          ],
          [
            10.0417874,
            46.3748251
          ],
          [
            10.0418062,
            46.3748694
          ],
          [
            10.0418289,
            46.3749057
          ],
          [
            10.0418537,
            46.3749368
          ],
          [
            10.0418929,
            46.3749783
          ],
          [
            10.0419283,
            46.3750084
          ],
          [
            10.0419707,
            46.3750366
          ],
          [
            10.0420106,
            46.3750606
          ],
          [
            10.0420502,
            46.37508
          ],
          [
            10.0420954,
            46.375099
          ],
          [
            10.0421364,
            46.3751132
          ],
          [
            10.0421887,
            46.3751278
          ],
          [
            10.0422532,
            46.3751407
          ],
          [
            10.0423017,
            46.3751468
          ],
          [
            10.0423695,
            46.375152
          ],
          [
            10.0424348,
            46.3751515
          ],
          [
            10.0425237,
            46.3751449
          ],
          [
            10.042611,
            46.3751297
          ],
          [
            10.042698,
            46.3751058
          ],
          [
            10.0427925,
            46.3750681
          ],
          [
            10.0428733,
            46.3750212
          ],
          [
            10.042941,
            46.3749704
          ],
          [
            10.0429874,
            46.3749123
          ],
          [
            10.0430265,
            46.374844
          ],
          [
            10.0430459,
            46.3747837
          ],
          [
            10.0430585,
            46.374707
          ],
          [
            10.043062,
            46.3746391
          ],
          [
            10.0430604,
            46.3745656
          ],
          [
            10.0430436,
            46.374332
          ],
          [
            10.0430285,
            46.3741131
          ],
          [
            10.0430281,
            46.3740043
          ],
          [
            10.0430385,
            46.3739113
          ],
          [
            10.0430565,
            46.3738173
          ],
          [
            10.0430903,
            46.373692
          ],
          [
            10.0432995,
            46.37302
          ],
          [
            10.0433281,
            46.3729206
          ],
          [
            10.0433464,
            46.3728329
          ],
          [
            10.0433574,
            46.3727393
          ],
          [
            10.0433598,
            46.3726592
          ],
          [
            10.0433611,
            46.3725656
          ],
          [
            10.0433611,
            46.3724628
          ],
          [
            10.0433647,
            46.3723877
          ],
          [
            10.0433696,
            46.3723211
          ],
          [
            10.0433818,
            46.3722587
          ],
          [
            10.0434063,
            46.3721862
          ],
          [
            10.0434426,
            46.3720991
          ],
          [
            10.043526,
            46.3719256
          ],
          [
            10.0435529,
            46.3718642
          ],
          [
            10.0435737,
            46.3718068
          ],
          [
            10.0435896,
            46.3717427
          ],
          [
            10.0435981,
            46.3716702
          ],
          [
            10.0436019,
            46.3716005
          ],
          [
            10.0436017,
            46.3715289
          ],
          [
            10.0435566,
            46.3710396
          ],
          [
            10.043548,
            46.3709595
          ],
          [
            10.043537,
            46.3708811
          ],
          [
            10.0435175,
            46.3707925
          ],
          [
            10.0434918,
            46.3706989
          ],
          [
            10.0434551,
            46.3705809
          ],
          [
            10.0434185,
            46.3704839
          ],
          [
            10.0433818,
            46.3703929
          ],
          [
            10.0433537,
            46.3703221
          ],
          [
            10.0433195,
            46.3702555
          ],
          [
            10.0432661,
            46.3701596
          ],
          [
            10.0431345,
            46.3699439
          ],
          [
            10.0430896,
            46.3698729
          ],
          [
            10.0430585,
            46.3698169
          ],
          [
            10.0430265,
            46.3697513
          ],
          [
            10.0430016,
            46.3696897
          ],
          [
            10.0426039,
            46.3684201
          ],
          [
            10.0425736,
            46.3683201
          ],
          [
            10.042565,
            46.3682414
          ],
          [
            10.0425681,
            46.3681592
          ],
          [
            10.0425805,
            46.3680768
          ],
          [
            10.0426244,
            46.367965
          ],
          [
            10.0426894,
            46.3678646
          ],
          [
            10.0429261,
            46.3675164
          ],
          [
            10.0429884,
            46.3674174
          ],
          [
            10.0430402,
            46.3673172
          ],
          [
            10.0430739,
            46.3672273
          ],
          [
            10.0430932,
            46.3671541
          ],
          [
            10.0431065,
            46.3670802
          ],
          [
            10.0431116,
            46.3670023
          ],
          [
            10.0431069,
            46.3669349
          ],
          [
            10.043099,
            46.3668777
          ],
          [
            10.043084,
            46.3668102
          ],
          [
            10.0430635,
            46.3667504
          ],
          [
            10.0430385,
            46.3666854
          ],
          [
            10.0429918,
            46.3665853
          ],
          [
            10.0427694,
            46.3661298
          ],
          [
            10.0427438,
            46.3660719
          ],
          [
            10.0427231,
            46.3660153
          ],
          [
            10.0427071,
            46.3659562
          ],
          [
            10.0426946,
            46.365893
          ],
          [
            10.042692,
            46.3658325
          ],
          [
            10.0426954,
            46.3657708
          ],
          [
            10.0427101,
            46.3657003
          ],
          [
            10.0427361,
            46.3656361
          ],
          [
            10.0427864,
            46.3655495
          ],
          [
            10.042835,
            46.3654873
          ],
          [
            10.0428869,
            46.3654279
          ],
          [
            10.0429514,
            46.3653651
          ],
          [
            10.0433592,
            46.3650111
          ],
          [
            10.0435057,
            46.3649006
          ],
          [
            10.0436205,
            46.3648205
          ],
          [
            10.0437008,
            46.3647631
          ],
          [
            10.0437666,
            46.3647141
          ],
          [
            10.0438404,
            46.3646567
          ],
          [
            10.043932,
            46.3645751
          ],
          [
            10.0440562,
            46.3644647
          ],
          [
            10.0443035,
            46.3642447
          ],
          [
            10.0452493,
            46.3634033
          ],
          [
            10.0456958,
            46.3630042
          ],
          [
            10.0475541,
            46.3613571
          ],
          [
            10.0476964,
            46.3612455
          ],
          [
            10.0477648,
            46.3611928
          ],
          [
            10.047842,
            46.3611389
          ],
          [
            10.0479287,
            46.3610817
          ],
          [
            10.0480377,
            46.3610166
          ],
          [
            10.0482,
            46.360925
          ],
          [
            10.0484033,
            46.3608136
          ],
          [
            10.048603,
            46.3607072
          ],
          [
            10.0486729,
            46.3606677
          ],
          [
            10.0487549,
            46.3606179
          ],
          [
            10.0488167,
            46.3605727
          ],
          [
            10.0488623,
            46.3605359
          ],
          [
            10.0489016,
            46.3604968
          ],
          [
            10.0489391,
            46.3604501
          ],
          [
            10.0489606,
            46.3604126
          ],
          [
            10.0489738,
            46.3603839
          ],
          [
            10.0489838,
            46.3603445
          ],
          [
            10.0489918,
            46.3603028
          ],
          [
            10.048995,
            46.3602649
          ],
          [
            10.0489931,
            46.360219
          ],
          [
            10.048986,
            46.3601808
          ],
          [
            10.048974,
            46.360141
          ],
          [
            10.0489605,
            46.3601095
          ],
          [
            10.0489399,
            46.3600775
          ],
          [
            10.0489122,
            46.3600421
          ],
          [
            10.0485569,
            46.359649
          ],
          [
            10.0484924,
            46.3595833
          ],
          [
            10.0483817,
            46.3594711
          ],
          [
            10.0483245,
            46.3594234
          ],
          [
            10.0482578,
            46.3593759
          ],
          [
            10.0481812,
            46.3593362
          ],
          [
            10.048087,
            46.3592968
          ],
          [
            10.0479774,
            46.3592586
          ],
          [
            10.0478831,
            46.3592326
          ],
          [
            10.0477823,
            46.3592109
          ],
          [
            10.0476631,
            46.359188
          ],
          [
            10.0474229,
            46.3591454
          ],
          [
            10.0473461,
            46.3591296
          ],
          [
            10.0472685,
            46.3591096
          ],
          [
            10.0472028,
            46.3590871
          ],
          [
            10.0471318,
            46.3590564
          ],
          [
            10.0470675,
            46.359022
          ],
          [
            10.0470102,
            46.3589866
          ],
          [
            10.0469565,
            46.3589437
          ],
          [
            10.0469147,
            46.3588975
          ],
          [
            10.0465865,
            46.3585076
          ],
          [
            10.0465415,
            46.3584433
          ],
          [
            10.0465018,
            46.35838
          ],
          [
            10.0464711,
            46.3583258
          ],
          [
            10.0464515,
            46.3582665
          ],
          [
            10.0464417,
            46.3582123
          ],
          [
            10.0464404,
            46.3581581
          ],
          [
            10.0464453,
            46.3580938
          ],
          [
            10.0464545,
            46.3580438
          ],
          [
            10.046467,
            46.357997
          ],
          [
            10.0466328,
            46.3574816
          ],
          [
            10.0466506,
            46.3574186
          ],
          [
            10.0466618,
            46.3573611
          ],
          [
            10.0466676,
            46.3573004
          ],
          [
            10.0466688,
            46.3572551
          ],
          [
            10.0466676,
            46.3571994
          ],
          [
            10.0466601,
            46.3571252
          ],
          [
            10.046641,
            46.3570306
          ],
          [
            10.0466323,
            46.3569725
          ],
          [
            10.0466263,
            46.356915
          ],
          [
            10.0466237,
            46.3568569
          ],
          [
            10.0466245,
            46.3568084
          ],
          [
            10.0466323,
            46.3567551
          ],
          [
            10.0466427,
            46.3567054
          ],
          [
            10.0466623,
            46.3566501
          ],
          [
            10.0467087,
            46.3565347
          ],
          [
            10.0467364,
            46.3564633
          ],
          [
            10.0467529,
            46.3564112
          ],
          [
            10.0467616,
            46.3563705
          ],
          [
            10.046765,
            46.3563232
          ],
          [
            10.0467638,
            46.3562804
          ],
          [
            10.0467581,
            46.3562322
          ],
          [
            10.0467442,
            46.3561872
          ],
          [
            10.0467251,
            46.3561477
          ],
          [
            10.0466895,
            46.3560992
          ],
          [
            10.0466452,
            46.3560501
          ],
          [
            10.0465625,
            46.3559771
          ],
          [
            10.046467,
            46.3559036
          ],
          [
            10.046413,
            46.3558579
          ],
          [
            10.0463614,
            46.3558096
          ],
          [
            10.0463197,
            46.3557638
          ],
          [
            10.0462731,
            46.3557063
          ],
          [
            10.0462286,
            46.3556325
          ],
          [
            10.0461947,
            46.3555621
          ],
          [
            10.0461686,
            46.3554938
          ],
          [
            10.0461521,
            46.3554297
          ],
          [
            10.0461426,
            46.355365
          ],
          [
            10.0461391,
            46.3553063
          ],
          [
            10.0461426,
            46.3552548
          ],
          [
            10.0461504,
            46.3552015
          ],
          [
            10.0461626,
            46.3551494
          ],
          [
            10.04618,
            46.3550953
          ],
          [
            10.046214,
            46.3550219
          ],
          [
            10.0462459,
            46.354966
          ],
          [
            10.0463761,
            46.3547785
          ],
          [
            10.04641,
            46.3547258
          ],
          [
            10.0464395,
            46.3546707
          ],
          [
            10.046462,
            46.3546145
          ],
          [
            10.0464832,
            46.3545622
          ],
          [
            10.0465127,
            46.3544578
          ],
          [
            10.0465313,
            46.3543453
          ],
          [
            10.046557,
            46.3542375
          ],
          [
            10.0465826,
            46.3541587
          ],
          [
            10.0466199,
            46.3540799
          ],
          [
            10.0466874,
            46.3539642
          ],
          [
            10.046762,
            46.3538379
          ],
          [
            10.0467934,
            46.3537696
          ],
          [
            10.0468179,
            46.3536964
          ],
          [
            10.0468342,
            46.3536329
          ],
          [
            10.0468459,
            46.3535694
          ],
          [
            10.0468647,
            46.3533795
          ],
          [
            10.0469018,
            46.3530395
          ],
          [
            10.0469053,
            46.3529583
          ],
          [
            10.0469029,
            46.3528867
          ],
          [
            10.0468913,
            46.3528168
          ],
          [
            10.0468779,
            46.3527507
          ],
          [
            10.0468132,
            46.3525394
          ],
          [
            10.0467865,
            46.3524493
          ],
          [
            10.0467748,
            46.3523963
          ],
          [
            10.0467705,
            46.3523289
          ],
          [
            10.0467725,
            46.3522419
          ],
          [
            10.0467841,
            46.3521381
          ],
          [
            10.0469405,
            46.3513587
          ],
          [
            10.047147,
            46.3502891
          ],
          [
            10.0471551,
            46.3502384
          ],
          [
            10.0471616,
            46.350174
          ],
          [
            10.0471641,
            46.3501155
          ],
          [
            10.0471625,
            46.3500603
          ],
          [
            10.0471551,
            46.3500029
          ],
          [
            10.0471435,
            46.3499494
          ],
          [
            10.0470986,
            46.3497741
          ],
          [
            10.0470818,
            46.3496971
          ],
          [
            10.0470729,
            46.3496437
          ],
          [
            10.0470671,
            46.3495741
          ],
          [
            10.0470671,
            46.3495191
          ],
          [
            10.0470738,
            46.3494548
          ],
          [
            10.0470855,
            46.3493968
          ],
          [
            10.0471023,
            46.3493423
          ],
          [
            10.0471216,
            46.3492884
          ],
          [
            10.0472388,
            46.3490401
          ],
          [
            10.0472656,
            46.3489777
          ],
          [
            10.0472841,
            46.3489232
          ],
          [
            10.0472992,
            46.3488681
          ],
          [
            10.0473076,
            46.3488183
          ],
          [
            10.0473118,
            46.348769
          ],
          [
            10.0473095,
            46.348717
          ],
          [
            10.0473017,
            46.348663
          ],
          [
            10.0472908,
            46.3486178
          ],
          [
            10.0472757,
            46.3485697
          ],
          [
            10.0472531,
            46.3485175
          ],
          [
            10.0472287,
            46.3484685
          ],
          [
            10.0467489,
            46.3476287
          ],
          [
            10.0466738,
            46.347494
          ],
          [
            10.0466444,
            46.3474414
          ],
          [
            10.0466175,
            46.3473898
          ],
          [
            10.0465982,
            46.3473475
          ],
          [
            10.0465856,
            46.3473052
          ],
          [
            10.0465781,
            46.3472588
          ],
          [
            10.0465747,
            46.3472113
          ],
          [
            10.0465789,
            46.3471568
          ],
          [
            10.0465882,
            46.3471085
          ],
          [
            10.0466099,
            46.3470435
          ],
          [
            10.0466855,
            46.3468708
          ],
          [
            10.0467056,
            46.346818
          ],
          [
            10.0467199,
            46.3467734
          ],
          [
            10.0467359,
            46.3467201
          ],
          [
            10.0467485,
            46.3466563
          ],
          [
            10.0467607,
            46.3465824
          ],
          [
            10.0467658,
            46.3465022
          ],
          [
            10.0467628,
            46.346424
          ],
          [
            10.0467471,
            46.3463227
          ],
          [
            10.0467257,
            46.3462329
          ],
          [
            10.0466875,
            46.3461279
          ],
          [
            10.0466422,
            46.3460351
          ],
          [
            10.0466096,
            46.3459598
          ],
          [
            10.0465465,
            46.3458809
          ],
          [
            10.0464787,
            46.3457982
          ],
          [
            10.0464025,
            46.3457211
          ],
          [
            10.0463272,
            46.3456507
          ],
          [
            10.0460268,
            46.3453804
          ],
          [
            10.0459359,
            46.3453118
          ],
          [
            10.045851,
            46.3452596
          ],
          [
            10.0457696,
            46.3452141
          ],
          [
            10.0456552,
            46.3451552
          ],
          [
            10.0455517,
            46.3451042
          ],
          [
            10.0454621,
            46.345049
          ],
          [
            10.0453951,
            46.345004
          ],
          [
            10.0453422,
            46.3449613
          ],
          [
            10.0452935,
            46.3449121
          ],
          [
            10.0452424,
            46.3448539
          ],
          [
            10.0451995,
            46.3447894
          ],
          [
            10.0451534,
            46.3447101
          ],
          [
            10.0451166,
            46.344643
          ],
          [
            10.0450868,
            46.3445902
          ],
          [
            10.045061,
            46.3445506
          ],
          [
            10.0450241,
            46.3445013
          ],
          [
            10.0449746,
            46.3444393
          ],
          [
            10.0449208,
            46.3443831
          ],
          [
            10.0448482,
            46.344314
          ],
          [
            10.0447806,
            46.344255
          ],
          [
            10.0447328,
            46.3442098
          ],
          [
            10.0446967,
            46.3441698
          ],
          [
            10.0446547,
            46.3441177
          ],
          [
            10.0446203,
            46.3440675
          ],
          [
            10.0446026,
            46.3440232
          ],
          [
            10.0445892,
            46.3439774
          ],
          [
            10.0445825,
            46.3439311
          ],
          [
            10.0445833,
            46.3438835
          ],
          [
            10.0445891,
            46.3438359
          ],
          [
            10.0446026,
            46.3437972
          ],
          [
            10.0446211,
            46.3437583
          ],
          [
            10.0446488,
            46.343712
          ],
          [
            10.0446855,
            46.3436664
          ],
          [
            10.0447344,
            46.3436175
          ],
          [
            10.0450288,
            46.3433615
          ],
          [
            10.0450983,
            46.3433014
          ],
          [
            10.0451436,
            46.343256
          ],
          [
            10.0451817,
            46.3432116
          ],
          [
            10.0452129,
            46.3431656
          ],
          [
            10.0452326,
            46.3431237
          ],
          [
            10.045248,
            46.3430799
          ],
          [
            10.0452548,
            46.343041
          ],
          [
            10.0452565,
            46.3429955
          ],
          [
            10.0452523,
            46.342947
          ],
          [
            10.0452426,
            46.3429045
          ],
          [
            10.0452206,
            46.3428567
          ],
          [
            10.0451924,
            46.3428106
          ],
          [
            10.045165,
            46.3427746
          ],
          [
            10.0451364,
            46.342746
          ],
          [
            10.0451,
            46.3427179
          ],
          [
            10.0450572,
            46.3426907
          ],
          [
            10.0450025,
            46.3426637
          ],
          [
            10.0449503,
            46.3426423
          ],
          [
            10.0448933,
            46.3426226
          ],
          [
            10.0447988,
            46.342596
          ],
          [
            10.0445682,
            46.3425343
          ],
          [
            10.0444192,
            46.342495
          ],
          [
            10.0442847,
            46.3424457
          ],
          [
            10.0441703,
            46.3423821
          ],
          [
            10.0440785,
            46.342305
          ],
          [
            10.044015,
            46.3422129
          ],
          [
            10.0439882,
            46.3421233
          ],
          [
            10.0439887,
            46.3420469
          ],
          [
            10.0440107,
            46.3419596
          ],
          [
            10.0440514,
            46.3418821
          ],
          [
            10.0441101,
            46.3418154
          ],
          [
            10.0442017,
            46.3417472
          ],
          [
            10.0442777,
            46.3417055
          ],
          [
            10.0443327,
            46.3416812
          ],
          [
            10.0443918,
            46.3416609
          ],
          [
            10.0444584,
            46.3416442
          ],
          [
            10.0445231,
            46.3416333
          ],
          [
            10.0445933,
            46.3416262
          ],
          [
            10.0446701,
            46.341625
          ],
          [
            10.0447427,
            46.3416287
          ],
          [
            10.0448165,
            46.3416388
          ],
          [
            10.0448843,
            46.3416546
          ],
          [
            10.0449436,
            46.341673
          ],
          [
            10.0449963,
            46.3416922
          ],
          [
            10.0450497,
            46.3417187
          ],
          [
            10.0451004,
            46.3417499
          ],
          [
            10.0451419,
            46.3417779
          ],
          [
            10.0451851,
            46.3418163
          ],
          [
            10.0452159,
            46.3418493
          ],
          [
            10.0452476,
            46.3418875
          ],
          [
            10.0452768,
            46.3419345
          ],
          [
            10.0453012,
            46.341979
          ],
          [
            10.045371,
            46.3421141
          ],
          [
            10.0456509,
            46.3426523
          ],
          [
            10.0460162,
            46.3433497
          ],
          [
            10.0460461,
            46.3434101
          ],
          [
            10.0460643,
            46.3434515
          ],
          [
            10.0460776,
            46.3434869
          ],
          [
            10.0460884,
            46.3435233
          ],
          [
            10.0460929,
            46.3435549
          ],
          [
            10.0460991,
            46.3436254
          ],
          [
            10.0460964,
            46.3436766
          ],
          [
            10.0460867,
            46.343735
          ],
          [
            10.0460759,
            46.3437839
          ],
          [
            10.0460559,
            46.3438691
          ],
          [
            10.046046,
            46.3439265
          ],
          [
            10.0460399,
            46.3439726
          ],
          [
            10.0460395,
            46.3440097
          ],
          [
            10.046044,
            46.3440565
          ],
          [
            10.0460553,
            46.3441051
          ],
          [
            10.0460759,
            46.3441485
          ],
          [
            10.0460998,
            46.3441888
          ],
          [
            10.0461303,
            46.3442287
          ],
          [
            10.0461702,
            46.3442688
          ],
          [
            10.0462186,
            46.3443072
          ],
          [
            10.0462695,
            46.3443393
          ],
          [
            10.0463224,
            46.3443713
          ],
          [
            10.046466,
            46.3444443
          ],
          [
            10.0469237,
            46.3446745
          ],
          [
            10.0470493,
            46.3447328
          ],
          [
            10.047154,
            46.3447783
          ],
          [
            10.0472605,
            46.3448205
          ],
          [
            10.0473791,
            46.3448636
          ],
          [
            10.0475261,
            46.3449128
          ],
          [
            10.0476453,
            46.3449517
          ],
          [
            10.0477221,
            46.3449822
          ],
          [
            10.0477929,
            46.345016
          ],
          [
            10.0478703,
            46.3450586
          ],
          [
            10.0479308,
            46.3451012
          ],
          [
            10.047978,
            46.3451404
          ],
          [
            10.0480307,
            46.3451881
          ],
          [
            10.0481302,
            46.3452866
          ],
          [
            10.048201,
            46.3453488
          ],
          [
            10.0482702,
            46.3454052
          ],
          [
            10.0483531,
            46.3454658
          ],
          [
            10.0484209,
            46.3455109
          ],
          [
            10.0487372,
            46.3457061
          ],
          [
            10.0493909,
            46.3461113
          ],
          [
            10.0494822,
            46.346175
          ],
          [
            10.0495384,
            46.3462217
          ],
          [
            10.049601,
            46.3462779
          ],
          [
            10.0496456,
            46.3463219
          ],
          [
            10.0496916,
            46.3463747
          ],
          [
            10.0497285,
            46.3464225
          ],
          [
            10.0497884,
            46.3465077
          ],
          [
            10.0499892,
            46.3468179
          ],
          [
            10.0500724,
            46.3469609
          ],
          [
            10.0503919,
            46.347571
          ],
          [
            10.0507304,
            46.3482404
          ],
          [
            10.051468,
            46.349677
          ],
          [
            10.0515016,
            46.3497545
          ],
          [
            10.0515263,
            46.3498191
          ],
          [
            10.051545,
            46.3498697
          ],
          [
            10.0515574,
            46.3499207
          ],
          [
            10.0515714,
            46.3499795
          ],
          [
            10.0515854,
            46.3500713
          ],
          [
            10.0515878,
            46.3501313
          ],
          [
            10.0515873,
            46.350187
          ],
          [
            10.051585,
            46.3502391
          ],
          [
            10.0515776,
            46.350312
          ],
          [
            10.0515571,
            46.3503959
          ],
          [
            10.0515353,
            46.3504708
          ],
          [
            10.0515061,
            46.3505453
          ],
          [
            10.0514747,
            46.3506149
          ],
          [
            10.0514317,
            46.350688
          ],
          [
            10.0513988,
            46.3507395
          ],
          [
            10.051363,
            46.3507903
          ],
          [
            10.0513169,
            46.3508515
          ],
          [
            10.0511654,
            46.3510357
          ],
          [
            10.0511227,
            46.3510909
          ],
          [
            10.0510939,
            46.3511343
          ],
          [
            10.0510669,
            46.35118
          ],
          [
            10.0510459,
            46.3512204
          ],
          [
            10.0510324,
            46.3512621
          ],
          [
            10.0510266,
            46.3512992
          ],
          [
            10.0510223,
            46.3513419
          ],
          [
            10.0510228,
            46.3513836
          ],
          [
            10.051031,
            46.3514274
          ],
          [
            10.0510468,
            46.3514735
          ],
          [
            10.0510738,
            46.351525
          ],
          [
            10.0511024,
            46.3515662
          ],
          [
            10.0511341,
            46.3516057
          ],
          [
            10.051173,
            46.3516389
          ],
          [
            10.051224,
            46.3516737
          ],
          [
            10.0512792,
            46.3517056
          ],
          [
            10.0513513,
            46.3517369
          ],
          [
            10.0514165,
            46.35176
          ],
          [
            10.0514873,
            46.3517778
          ],
          [
            10.0515582,
            46.3517901
          ],
          [
            10.0516373,
            46.3517965
          ],
          [
            10.0517136,
            46.3517958
          ],
          [
            10.0517978,
            46.3517875
          ],
          [
            10.0518741,
            46.3517723
          ],
          [
            10.0519512,
            46.3517501
          ],
          [
            10.0520097,
            46.3517285
          ],
          [
            10.0520727,
            46.351697
          ],
          [
            10.0521216,
            46.3516666
          ],
          [
            10.0521691,
            46.3516315
          ],
          [
            10.0522071,
            46.3515919
          ],
          [
            10.0522498,
            46.3515397
          ],
          [
            10.0528963,
            46.3505913
          ],
          [
            10.0529559,
            46.350503
          ],
          [
            10.0530038,
            46.3504229
          ],
          [
            10.0530457,
            46.3503531
          ],
          [
            10.0530701,
            46.3502977
          ],
          [
            10.053086,
            46.350248
          ],
          [
            10.0530945,
            46.3502008
          ],
          [
            10.0530963,
            46.3501515
          ],
          [
            10.0530921,
            46.350103
          ],
          [
            10.0530806,
            46.3500528
          ],
          [
            10.0530623,
            46.3500022
          ],
          [
            10.0530405,
            46.3499541
          ],
          [
            10.0530004,
            46.3498975
          ],
          [
            10.0529559,
            46.3498487
          ],
          [
            10.052906,
            46.3498033
          ],
          [
            10.052737,
            46.349676
          ],
          [
            10.0526794,
            46.349632
          ],
          [
            10.052639,
            46.3495972
          ],
          [
            10.0525957,
            46.3495526
          ],
          [
            10.0525582,
            46.3495062
          ],
          [
            10.0525303,
            46.3494617
          ],
          [
            10.052505,
            46.3494129
          ],
          [
            10.0524826,
            46.3493555
          ],
          [
            10.052464,
            46.3492955
          ],
          [
            10.0523526,
            46.3488977
          ],
          [
            10.0522168,
            46.3484242
          ],
          [
            10.0521848,
            46.3483189
          ],
          [
            10.0521648,
            46.3482431
          ],
          [
            10.0521503,
            46.3481706
          ],
          [
            10.0521441,
            46.3481025
          ],
          [
            10.0521388,
            46.3480071
          ],
          [
            10.0521384,
            46.3478482
          ],
          [
            10.0521379,
            46.3477355
          ],
          [
            10.0521293,
            46.3475968
          ],
          [
            10.0520962,
            46.3472557
          ],
          [
            10.0520122,
            46.3463514
          ],
          [
            10.0520023,
            46.3462736
          ],
          [
            10.0519889,
            46.3462029
          ],
          [
            10.0519704,
            46.3461317
          ],
          [
            10.0519485,
            46.3460663
          ],
          [
            10.0519183,
            46.3459964
          ],
          [
            10.0518826,
            46.3459252
          ],
          [
            10.0518323,
            46.3458389
          ],
          [
            10.0517706,
            46.3457512
          ],
          [
            10.0517025,
            46.3456658
          ],
          [
            10.0513488,
            46.3452542
          ],
          [
            10.0511324,
            46.3450025
          ],
          [
            10.0509455,
            46.3447854
          ],
          [
            10.0508982,
            46.3447339
          ],
          [
            10.0508305,
            46.3446726
          ],
          [
            10.0507505,
            46.3446132
          ],
          [
            10.0506828,
            46.3445736
          ],
          [
            10.0506054,
            46.3445342
          ],
          [
            10.0505123,
            46.3444921
          ],
          [
            10.0502889,
            46.3444127
          ],
          [
            10.0501908,
            46.3443743
          ],
          [
            10.0501158,
            46.3443371
          ],
          [
            10.0500485,
            46.3442993
          ],
          [
            10.0500021,
            46.344265
          ],
          [
            10.0499597,
            46.3442253
          ],
          [
            10.0499222,
            46.3441823
          ],
          [
            10.0498985,
            46.3441445
          ],
          [
            10.0498785,
            46.3440946
          ],
          [
            10.0498658,
            46.3440517
          ],
          [
            10.0498619,
            46.344004
          ],
          [
            10.0498609,
            46.3439608
          ],
          [
            10.0498661,
            46.3439211
          ],
          [
            10.0498757,
            46.3438753
          ],
          [
            10.0498964,
            46.3438318
          ],
          [
            10.0499228,
            46.343791
          ],
          [
            10.049962,
            46.3437441
          ],
          [
            10.0500153,
            46.3436942
          ],
          [
            10.0501818,
            46.3435579
          ],
          [
            10.050241,
            46.3435067
          ],
          [
            10.0502902,
            46.3434558
          ],
          [
            10.0503206,
            46.3434189
          ],
          [
            10.0503495,
            46.3433725
          ],
          [
            10.0503709,
            46.3433282
          ],
          [
            10.0503834,
            46.3432841
          ],
          [
            10.050394,
            46.343243
          ],
          [
            10.0503997,
            46.3431977
          ],
          [
            10.0503988,
            46.3431431
          ],
          [
            10.0503949,
            46.343092
          ],
          [
            10.0503886,
            46.3430445
          ],
          [
            10.0503713,
            46.342955
          ],
          [
            10.0503502,
            46.3428351
          ],
          [
            10.0503437,
            46.3427608
          ],
          [
            10.0503416,
            46.3426825
          ],
          [
            10.0503446,
            46.3426098
          ],
          [
            10.0503485,
            46.3425377
          ],
          [
            10.0503571,
            46.3424434
          ],
          [
            10.0503539,
            46.3423847
          ],
          [
            10.0503494,
            46.3423325
          ],
          [
            10.0503398,
            46.3422918
          ],
          [
            10.0503257,
            46.342252
          ],
          [
            10.0503048,
            46.3422007
          ],
          [
            10.0502726,
            46.3421471
          ],
          [
            10.0502243,
            46.3420788
          ],
          [
            10.0501903,
            46.3420261
          ],
          [
            10.0501612,
            46.3419806
          ],
          [
            10.0501416,
            46.3419397
          ],
          [
            10.0501223,
            46.3418972
          ],
          [
            10.0501072,
            46.3418507
          ],
          [
            10.0500984,
            46.3418073
          ],
          [
            10.0500903,
            46.3417604
          ],
          [
            10.0500607,
            46.341602
          ],
          [
            10.0500461,
            46.3415293
          ],
          [
            10.0500287,
            46.3414586
          ],
          [
            10.0500054,
            46.3413785
          ],
          [
            10.0499621,
            46.3412481
          ],
          [
            10.0498406,
            46.340871
          ],
          [
            10.0498128,
            46.340806
          ],
          [
            10.0497812,
            46.3407505
          ],
          [
            10.0497431,
            46.3406997
          ],
          [
            10.0497028,
            46.3406485
          ],
          [
            10.0496597,
            46.3406088
          ],
          [
            10.0496166,
            46.3405832
          ],
          [
            10.0495019,
            46.3405259
          ],
          [
            10.0490354,
            46.3404115
          ],
          [
            10.0489192,
            46.340362
          ],
          [
            10.0488392,
            46.3403085
          ],
          [
            10.0487936,
            46.3402721
          ],
          [
            10.0487404,
            46.340229
          ],
          [
            10.0486849,
            46.3401642
          ],
          [
            10.0486552,
            46.340082
          ],
          [
            10.0486513,
            46.3399949
          ],
          [
            10.0486753,
            46.3399042
          ],
          [
            10.0487121,
            46.3398181
          ],
          [
            10.0487637,
            46.3397478
          ],
          [
            10.0488133,
            46.3396969
          ],
          [
            10.0488586,
            46.3396647
          ],
          [
            10.0489251,
            46.3396266
          ],
          [
            10.0490046,
            46.3395946
          ],
          [
            10.0490783,
            46.3395724
          ],
          [
            10.0491509,
            46.3395572
          ],
          [
            10.0492363,
            46.3395458
          ],
          [
            10.0493202,
            46.339544
          ],
          [
            10.0494101,
            46.339551
          ],
          [
            10.0494975,
            46.3395652
          ],
          [
            10.0495786,
            46.3395864
          ],
          [
            10.0496435,
            46.3396106
          ],
          [
            10.0496938,
            46.3396318
          ],
          [
            10.0497397,
            46.339659
          ],
          [
            10.0497931,
            46.3396937
          ],
          [
            10.0498488,
            46.3397335
          ],
          [
            10.0502063,
            46.3400271
          ],
          [
            10.0503111,
            46.3401144
          ],
          [
            10.0503731,
            46.3401737
          ],
          [
            10.050422,
            46.3402317
          ],
          [
            10.0504684,
            46.3402941
          ],
          [
            10.0504994,
            46.3403479
          ],
          [
            10.0505249,
            46.3404067
          ],
          [
            10.0505424,
            46.3404674
          ],
          [
            10.0505579,
            46.3405294
          ],
          [
            10.0505675,
            46.3406049
          ],
          [
            10.0505866,
            46.3407484
          ],
          [
            10.0506004,
            46.3408162
          ],
          [
            10.050613,
            46.3408607
          ],
          [
            10.0506294,
            46.3409093
          ],
          [
            10.0506582,
            46.340969
          ],
          [
            10.05069,
            46.3410289
          ],
          [
            10.0510195,
            46.3416169
          ],
          [
            10.0511143,
            46.3417873
          ],
          [
            10.0512239,
            46.3419742
          ],
          [
            10.0512767,
            46.3420708
          ],
          [
            10.0513463,
            46.3421895
          ],
          [
            10.0514112,
            46.3422908
          ],
          [
            10.0514716,
            46.3423833
          ],
          [
            10.0515322,
            46.342465
          ],
          [
            10.0515815,
            46.3425272
          ],
          [
            10.0516443,
            46.3426027
          ],
          [
            10.0517038,
            46.3426662
          ],
          [
            10.0518262,
            46.3427916
          ],
          [
            10.0518926,
            46.3428592
          ],
          [
            10.0519492,
            46.3429253
          ],
          [
            10.0519834,
            46.3429712
          ],
          [
            10.052013,
            46.3430197
          ],
          [
            10.0520307,
            46.3430627
          ],
          [
            10.0520455,
            46.343117
          ],
          [
            10.052052,
            46.3431655
          ],
          [
            10.0520491,
            46.343212
          ],
          [
            10.052044,
            46.3432668
          ],
          [
            10.0520318,
            46.343313
          ],
          [
            10.0520127,
            46.3433626
          ],
          [
            10.0519472,
            46.3435131
          ],
          [
            10.0519248,
            46.3435705
          ],
          [
            10.0519116,
            46.3436216
          ],
          [
            10.0519075,
            46.3436573
          ],
          [
            10.0519061,
            46.343679
          ],
          [
            10.0519085,
            46.3437238
          ],
          [
            10.0519195,
            46.3437715
          ],
          [
            10.0519341,
            46.3438114
          ],
          [
            10.0519549,
            46.343846
          ],
          [
            10.0519834,
            46.3438837
          ],
          [
            10.0520077,
            46.3439123
          ],
          [
            10.052045,
            46.3439454
          ],
          [
            10.0520857,
            46.3439764
          ],
          [
            10.0521302,
            46.3440041
          ],
          [
            10.0521888,
            46.3440383
          ],
          [
            10.0522545,
            46.3440727
          ],
          [
            10.0524132,
            46.3441507
          ],
          [
            10.0525209,
            46.3442113
          ],
          [
            10.0526052,
            46.3442673
          ],
          [
            10.0526993,
            46.3443357
          ],
          [
            10.0533343,
            46.3448136
          ],
          [
            10.053741,
            46.3451223
          ],
          [
            10.0538143,
            46.3451869
          ],
          [
            10.0538688,
            46.3452543
          ],
          [
            10.0539118,
            46.3453214
          ],
          [
            10.0539424,
            46.3453868
          ],
          [
            10.0539617,
            46.3454472
          ],
          [
            10.0539759,
            46.3455162
          ],
          [
            10.053991,
            46.3457493
          ],
          [
            10.0540027,
            46.3458276
          ],
          [
            10.0540213,
            46.3459145
          ],
          [
            10.0540438,
            46.3459882
          ],
          [
            10.0540696,
            46.3460628
          ],
          [
            10.0540998,
            46.346137
          ],
          [
            10.0541372,
            46.3462135
          ],
          [
            10.0541842,
            46.3462956
          ],
          [
            10.0542347,
            46.3463766
          ],
          [
            10.054289,
            46.3464493
          ],
          [
            10.054352,
            46.3465278
          ],
          [
            10.0544075,
            46.3465872
          ],
          [
            10.0544653,
            46.3466465
          ],
          [
            10.0545172,
            46.3466943
          ],
          [
            10.0545915,
            46.3467579
          ],
          [
            10.0546613,
            46.3468127
          ],
          [
            10.0557745,
            46.3476606
          ],
          [
            10.0558628,
            46.3477328
          ],
          [
            10.0559316,
            46.3477967
          ],
          [
            10.0560022,
            46.3478693
          ],
          [
            10.0560652,
            46.3479455
          ],
          [
            10.0561129,
            46.3480105
          ],
          [
            10.056157,
            46.34808
          ],
          [
            10.056193,
            46.3481486
          ],
          [
            10.0562318,
            46.3482351
          ],
          [
            10.056256,
            46.3483114
          ],
          [
            10.0562765,
            46.348393
          ],
          [
            10.0562853,
            46.3484614
          ],
          [
            10.0562945,
            46.3485422
          ],
          [
            10.0562988,
            46.3486629
          ],
          [
            10.056306,
            46.3487425
          ],
          [
            10.0563207,
            46.3488153
          ],
          [
            10.0563355,
            46.3488698
          ],
          [
            10.0563642,
            46.3489359
          ],
          [
            10.0563953,
            46.3489891
          ],
          [
            10.0564331,
            46.3490389
          ],
          [
            10.0564857,
            46.3490933
          ],
          [
            10.056537,
            46.349136
          ],
          [
            10.0565866,
            46.3491688
          ],
          [
            10.0566402,
            46.3492033
          ],
          [
            10.0567048,
            46.3492378
          ],
          [
            10.0572116,
            46.3494776
          ],
          [
            10.0576653,
            46.3496918
          ],
          [
            10.0577346,
            46.349732
          ],
          [
            10.0577992,
            46.3497767
          ],
          [
            10.0578461,
            46.3498185
          ],
          [
            10.0578838,
            46.3498567
          ],
          [
            10.0579303,
            46.3499174
          ],
          [
            10.0579692,
            46.349986
          ],
          [
            10.0580291,
            46.3500923
          ],
          [
            10.0580545,
            46.3501304
          ],
          [
            10.0580946,
            46.3501778
          ],
          [
            10.0581293,
            46.3502117
          ],
          [
            10.0581746,
            46.3502444
          ],
          [
            10.0582435,
            46.3502824
          ],
          [
            10.0583238,
            46.3503159
          ],
          [
            10.0584013,
            46.3503405
          ],
          [
            10.0584875,
            46.3503612
          ],
          [
            10.0585753,
            46.3503698
          ],
          [
            10.0586588,
            46.3503651
          ],
          [
            10.0587396,
            46.3503579
          ],
          [
            10.058824,
            46.3503354
          ],
          [
            10.0588972,
            46.3503095
          ],
          [
            10.0589712,
            46.3502707
          ],
          [
            10.0590248,
            46.3502284
          ],
          [
            10.0590762,
            46.3501793
          ],
          [
            10.0591098,
            46.3501276
          ],
          [
            10.0591464,
            46.3500652
          ],
          [
            10.0591656,
            46.3500107
          ],
          [
            10.0591625,
            46.3499494
          ],
          [
            10.0591515,
            46.349883
          ],
          [
            10.059134,
            46.349825
          ],
          [
            10.059106,
            46.3497775
          ],
          [
            10.0590768,
            46.34974
          ],
          [
            10.0590447,
            46.3497095
          ],
          [
            10.0589986,
            46.3496733
          ],
          [
            10.0589528,
            46.3496437
          ],
          [
            10.0589025,
            46.3496178
          ],
          [
            10.058851,
            46.3495969
          ],
          [
            10.0587999,
            46.3495815
          ],
          [
            10.0587391,
            46.3495667
          ],
          [
            10.0586836,
            46.3495573
          ],
          [
            10.0586236,
            46.3495497
          ],
          [
            10.0585145,
            46.3495388
          ],
          [
            10.0584724,
            46.3495356
          ],
          [
            10.0584097,
            46.3495286
          ],
          [
            10.0583386,
            46.3495162
          ],
          [
            10.0582766,
            46.3495007
          ],
          [
            10.0582181,
            46.3494808
          ],
          [
            10.0581641,
            46.3494585
          ],
          [
            10.0581212,
            46.3494356
          ],
          [
            10.0580693,
            46.3494028
          ],
          [
            10.0580222,
            46.3493677
          ],
          [
            10.0579738,
            46.3493265
          ],
          [
            10.0579305,
            46.3492925
          ],
          [
            10.0578958,
            46.3492669
          ],
          [
            10.0578519,
            46.3492338
          ],
          [
            10.0578054,
            46.3492043
          ],
          [
            10.0577532,
            46.3491744
          ],
          [
            10.0577008,
            46.3491511
          ],
          [
            10.0572171,
            46.3489759
          ],
          [
            10.0572011,
            46.3489699
          ],
          [
            10.0571725,
            46.3489581
          ],
          [
            10.057116,
            46.348928
          ],
          [
            10.0570634,
            46.3488916
          ],
          [
            10.0570174,
            46.3488555
          ],
          [
            10.0569814,
            46.3488258
          ],
          [
            10.0569563,
            46.3487986
          ],
          [
            10.0569284,
            46.3487601
          ],
          [
            10.0569145,
            46.3487351
          ],
          [
            10.0569013,
            46.3487023
          ],
          [
            10.0568928,
            46.348672
          ],
          [
            10.056884,
            46.3486253
          ],
          [
            10.0568814,
            46.348588
          ],
          [
            10.0568825,
            46.3485507
          ],
          [
            10.0568948,
            46.3484933
          ],
          [
            10.0569057,
            46.3484615
          ],
          [
            10.056924,
            46.3484249
          ],
          [
            10.0569503,
            46.3483808
          ],
          [
            10.0569816,
            46.3483332
          ],
          [
            10.0570666,
            46.3482065
          ],
          [
            10.0571044,
            46.3481455
          ],
          [
            10.0571246,
            46.3480982
          ],
          [
            10.0571408,
            46.3480547
          ],
          [
            10.0571525,
            46.3480146
          ],
          [
            10.0571589,
            46.3479774
          ],
          [
            10.0571616,
            46.3479365
          ],
          [
            10.0571607,
            46.3478937
          ],
          [
            10.0571539,
            46.3478431
          ],
          [
            10.0571426,
            46.3477989
          ],
          [
            10.0571235,
            46.3477528
          ],
          [
            10.0570968,
            46.3477064
          ],
          [
            10.0570627,
            46.3476574
          ],
          [
            10.0570204,
            46.3476066
          ],
          [
            10.0569764,
            46.3475547
          ],
          [
            10.0565967,
            46.3471474
          ],
          [
            10.0565434,
            46.3470889
          ],
          [
            10.056489,
            46.3470227
          ],
          [
            10.0564391,
            46.3469594
          ],
          [
            10.0563969,
            46.3468945
          ],
          [
            10.0563551,
            46.3468222
          ],
          [
            10.0563248,
            46.3467578
          ],
          [
            10.056303,
            46.3467082
          ],
          [
            10.0562873,
            46.3466638
          ],
          [
            10.0562741,
            46.3466193
          ],
          [
            10.0562624,
            46.3465711
          ],
          [
            10.0562552,
            46.346534
          ],
          [
            10.0562461,
            46.3464792
          ],
          [
            10.056239,
            46.3464192
          ],
          [
            10.056227,
            46.3463092
          ],
          [
            10.0562164,
            46.3462185
          ],
          [
            10.0562044,
            46.3461388
          ],
          [
            10.0561865,
            46.3460516
          ],
          [
            10.0561705,
            46.345978
          ],
          [
            10.0561424,
            46.3458816
          ],
          [
            10.0561165,
            46.3458021
          ],
          [
            10.0560879,
            46.3457322
          ],
          [
            10.05606,
            46.3456614
          ],
          [
            10.0560129,
            46.3455604
          ],
          [
            10.0552626,
            46.3440585
          ],
          [
            10.0552141,
            46.3439718
          ],
          [
            10.0551585,
            46.3438943
          ],
          [
            10.0551122,
            46.3438426
          ],
          [
            10.0550468,
            46.3437747
          ],
          [
            10.0549073,
            46.3436338
          ],
          [
            10.0548666,
            46.3435847
          ],
          [
            10.0548302,
            46.3435387
          ],
          [
            10.0547929,
            46.3434869
          ],
          [
            10.0547608,
            46.3434338
          ],
          [
            10.0547355,
            46.3433853
          ],
          [
            10.0547168,
            46.343334
          ],
          [
            10.0547039,
            46.3432827
          ],
          [
            10.054695,
            46.3432418
          ],
          [
            10.0546859,
            46.3431854
          ],
          [
            10.0546816,
            46.3431502
          ],
          [
            10.0546838,
            46.3430858
          ],
          [
            10.0546898,
            46.3430261
          ],
          [
            10.0546998,
            46.3429675
          ],
          [
            10.0547156,
            46.3429091
          ],
          [
            10.0547412,
            46.3428448
          ],
          [
            10.0548307,
            46.3426459
          ],
          [
            10.0548502,
            46.3425858
          ],
          [
            10.0548625,
            46.3425262
          ],
          [
            10.0548688,
            46.3424568
          ],
          [
            10.0548614,
            46.3423933
          ],
          [
            10.0548456,
            46.3423349
          ],
          [
            10.0548233,
            46.342267
          ],
          [
            10.0547948,
            46.3421976
          ],
          [
            10.0547381,
            46.3420812
          ],
          [
            10.0546993,
            46.3420019
          ],
          [
            10.0546706,
            46.3419288
          ],
          [
            10.054656,
            46.3418778
          ],
          [
            10.0546464,
            46.3418225
          ],
          [
            10.0546421,
            46.3417693
          ],
          [
            10.0546429,
            46.3417088
          ],
          [
            10.0546505,
            46.3416566
          ],
          [
            10.0546646,
            46.3415977
          ],
          [
            10.0546847,
            46.3415422
          ],
          [
            10.0547129,
            46.3414803
          ],
          [
            10.0548099,
            46.3412966
          ],
          [
            10.0548387,
            46.3412367
          ],
          [
            10.0548639,
            46.3411746
          ],
          [
            10.0548816,
            46.3411067
          ],
          [
            10.0548905,
            46.3410432
          ],
          [
            10.0548943,
            46.3409917
          ],
          [
            10.0548908,
            46.340925
          ],
          [
            10.0548828,
            46.340862
          ],
          [
            10.0548693,
            46.3408024
          ],
          [
            10.0547785,
            46.3403867
          ],
          [
            10.0547699,
            46.3403353
          ],
          [
            10.0547631,
            46.3402812
          ],
          [
            10.0547599,
            46.3402391
          ],
          [
            10.0547584,
            46.3401932
          ],
          [
            10.054761,
            46.3401497
          ],
          [
            10.0547663,
            46.3401012
          ],
          [
            10.0547763,
            46.3400515
          ],
          [
            10.0548213,
            46.3398833
          ],
          [
            10.054844,
            46.3397949
          ],
          [
            10.0548551,
            46.339724
          ],
          [
            10.0548607,
            46.3396581
          ],
          [
            10.0548595,
            46.3395861
          ],
          [
            10.0548533,
            46.3395177
          ],
          [
            10.0548398,
            46.3394441
          ],
          [
            10.0548191,
            46.3393759
          ],
          [
            10.0547933,
            46.3393116
          ],
          [
            10.0547595,
            46.3392412
          ],
          [
            10.0546884,
            46.3391113
          ],
          [
            10.0545572,
            46.3388705
          ],
          [
            10.054531,
            46.3388155
          ],
          [
            10.05451,
            46.3387673
          ],
          [
            10.0544924,
            46.3387167
          ],
          [
            10.0544795,
            46.3386661
          ],
          [
            10.0544756,
            46.3386155
          ],
          [
            10.0544772,
            46.3385776
          ],
          [
            10.0544807,
            46.338548
          ],
          [
            10.0544846,
            46.3385207
          ],
          [
            10.0544932,
            46.3384855
          ],
          [
            10.0545165,
            46.3384316
          ],
          [
            10.0545405,
            46.3383886
          ],
          [
            10.0545753,
            46.3383387
          ],
          [
            10.0546151,
            46.3382944
          ],
          [
            10.0546594,
            46.3382517
          ],
          [
            10.0547253,
            46.3381973
          ],
          [
            10.0547882,
            46.3381508
          ],
          [
            10.0551304,
            46.3379006
          ],
          [
            10.0552648,
            46.3378055
          ],
          [
            10.0555487,
            46.3375996
          ],
          [
            10.0556502,
            46.3375253
          ],
          [
            10.0557119,
            46.3374772
          ],
          [
            10.0557591,
            46.3374366
          ],
          [
            10.0558023,
            46.3373956
          ],
          [
            10.0558387,
            46.3373527
          ],
          [
            10.0558797,
            46.3373008
          ],
          [
            10.0559148,
            46.3372525
          ],
          [
            10.0559442,
            46.3372022
          ],
          [
            10.0559692,
            46.3371538
          ],
          [
            10.0559913,
            46.3370999
          ],
          [
            10.0560069,
            46.3370454
          ],
          [
            10.0560189,
            46.3369869
          ],
          [
            10.0560263,
            46.3369316
          ],
          [
            10.0560305,
            46.3368609
          ],
          [
            10.0560033,
            46.3351496
          ],
          [
            10.0559983,
            46.3350926
          ],
          [
            10.0559875,
            46.3350257
          ],
          [
            10.0559729,
            46.3349664
          ],
          [
            10.0559599,
            46.3349266
          ],
          [
            10.0559457,
            46.3348883
          ],
          [
            10.0559257,
            46.3348435
          ],
          [
            10.0558977,
            46.3347932
          ],
          [
            10.0558691,
            46.3347455
          ],
          [
            10.0558319,
            46.334688
          ],
          [
            10.0556884,
            46.3344768
          ],
          [
            10.055386,
            46.3340413
          ],
          [
            10.0553424,
            46.3339795
          ],
          [
            10.0552928,
            46.3339118
          ],
          [
            10.055247,
            46.3338589
          ],
          [
            10.0551952,
            46.3338061
          ],
          [
            10.0551246,
            46.3337472
          ],
          [
            10.0550643,
            46.3337054
          ],
          [
            10.0550128,
            46.3336749
          ],
          [
            10.0549491,
            46.3336436
          ],
          [
            10.0548875,
            46.3336159
          ],
          [
            10.054798,
            46.3335817
          ],
          [
            10.0547203,
            46.3335562
          ],
          [
            10.0544949,
            46.3334905
          ],
          [
            10.0544142,
            46.3334658
          ],
          [
            10.0543392,
            46.3334405
          ],
          [
            10.0542693,
            46.3334142
          ],
          [
            10.0542028,
            46.3333858
          ],
          [
            10.0541234,
            46.3333442
          ],
          [
            10.0540666,
            46.3333098
          ],
          [
            10.0540193,
            46.3332768
          ],
          [
            10.0539595,
            46.3332292
          ],
          [
            10.0539201,
            46.3331897
          ],
          [
            10.0538839,
            46.3331502
          ],
          [
            10.0538403,
            46.3330936
          ],
          [
            10.05381,
            46.3330447
          ],
          [
            10.0537723,
            46.332979
          ],
          [
            10.0537295,
            46.3328896
          ],
          [
            10.0536501,
            46.3327144
          ],
          [
            10.0535194,
            46.3324274
          ],
          [
            10.0534513,
            46.3322801
          ],
          [
            10.0533792,
            46.3321215
          ],
          [
            10.0532609,
            46.3318636
          ],
          [
            10.0532255,
            46.331779
          ],
          [
            10.0532038,
            46.3317142
          ],
          [
            10.0531866,
            46.331658
          ],
          [
            10.0531727,
            46.3315963
          ],
          [
            10.0531633,
            46.3315299
          ],
          [
            10.0531577,
            46.3314572
          ],
          [
            10.0531569,
            46.3314025
          ],
          [
            10.0531602,
            46.3313448
          ],
          [
            10.0531672,
            46.3312833
          ],
          [
            10.0531805,
            46.3312109
          ],
          [
            10.0531964,
            46.331147
          ],
          [
            10.0532162,
            46.3310906
          ],
          [
            10.0532368,
            46.331039
          ],
          [
            10.0532614,
            46.3309831
          ],
          [
            10.0537472,
            46.3300862
          ],
          [
            10.0537773,
            46.3300267
          ],
          [
            10.053816,
            46.3299464
          ],
          [
            10.0538501,
            46.3298717
          ],
          [
            10.0538929,
            46.3297684
          ],
          [
            10.0539462,
            46.3296415
          ],
          [
            10.0539851,
            46.3295542
          ],
          [
            10.0540269,
            46.3294649
          ],
          [
            10.0540669,
            46.3293864
          ],
          [
            10.0541047,
            46.3293141
          ],
          [
            10.0541621,
            46.329212
          ],
          [
            10.0543249,
            46.3289486
          ],
          [
            10.0543652,
            46.3288773
          ],
          [
            10.0543983,
            46.3288067
          ],
          [
            10.0544233,
            46.3287356
          ],
          [
            10.0544361,
            46.3286766
          ],
          [
            10.054448,
            46.3286144
          ],
          [
            10.0544491,
            46.3285531
          ],
          [
            10.0544466,
            46.3284978
          ],
          [
            10.0544431,
            46.3284485
          ],
          [
            10.054432,
            46.3283958
          ],
          [
            10.0544224,
            46.328351
          ],
          [
            10.0543983,
            46.3282843
          ],
          [
            10.054368,
            46.3282179
          ],
          [
            10.0543001,
            46.328109
          ],
          [
            10.0542128,
            46.3279785
          ],
          [
            10.0541789,
            46.3279232
          ],
          [
            10.0541428,
            46.3278656
          ],
          [
            10.0541189,
            46.3278188
          ],
          [
            10.0540931,
            46.3277631
          ],
          [
            10.0540714,
            46.3277053
          ],
          [
            10.0540556,
            46.3276453
          ],
          [
            10.0540428,
            46.3275787
          ],
          [
            10.0540356,
            46.327515
          ],
          [
            10.0540357,
            46.3274539
          ],
          [
            10.0540359,
            46.3273732
          ],
          [
            10.0540373,
            46.3273128
          ],
          [
            10.054064,
            46.3270589
          ],
          [
            10.0540955,
            46.3268862
          ],
          [
            10.0541206,
            46.3266864
          ],
          [
            10.054127,
            46.3265472
          ],
          [
            10.0541351,
            46.326419
          ],
          [
            10.0541908,
            46.3259068
          ],
          [
            10.0542657,
            46.3253075
          ],
          [
            10.0542774,
            46.3252076
          ],
          [
            10.0542925,
            46.3250647
          ],
          [
            10.054299,
            46.325014
          ],
          [
            10.0543514,
            46.3245496
          ],
          [
            10.0544098,
            46.3240329
          ],
          [
            10.0544264,
            46.3238944
          ],
          [
            10.054449,
            46.3236434
          ],
          [
            10.0544721,
            46.3233872
          ],
          [
            10.0544843,
            46.3232582
          ],
          [
            10.0544945,
            46.3231782
          ],
          [
            10.0545008,
            46.3231371
          ],
          [
            10.054517,
            46.3230443
          ],
          [
            10.054538,
            46.3229633
          ],
          [
            10.054563,
            46.3228843
          ],
          [
            10.0546011,
            46.3227947
          ],
          [
            10.0546456,
            46.3227047
          ],
          [
            10.0546798,
            46.3226468
          ],
          [
            10.0547117,
            46.3225971
          ],
          [
            10.0547468,
            46.3225469
          ],
          [
            10.054781,
            46.3225048
          ],
          [
            10.0548189,
            46.3224591
          ],
          [
            10.0548535,
            46.3224197
          ],
          [
            10.0548981,
            46.3223739
          ],
          [
            10.054948,
            46.3223256
          ],
          [
            10.0549736,
            46.3223023
          ],
          [
            10.055003,
            46.3222759
          ],
          [
            10.0550438,
            46.3222419
          ],
          [
            10.0550898,
            46.3222048
          ],
          [
            10.0551818,
            46.3221326
          ],
          [
            10.0552954,
            46.322043
          ],
          [
            10.0553895,
            46.3219665
          ],
          [
            10.0554609,
            46.3219049
          ],
          [
            10.055538,
            46.3218316
          ],
          [
            10.0555733,
            46.3217945
          ],
          [
            10.0556086,
            46.3217554
          ],
          [
            10.0556518,
            46.3217037
          ],
          [
            10.0556802,
            46.3216678
          ],
          [
            10.0557111,
            46.3216275
          ],
          [
            10.0557399,
            46.3215863
          ],
          [
            10.0557683,
            46.3215425
          ],
          [
            10.0558076,
            46.3214787
          ],
          [
            10.0558272,
            46.3214427
          ],
          [
            10.0558476,
            46.3214045
          ],
          [
            10.0558826,
            46.321329
          ],
          [
            10.0559035,
            46.321277
          ],
          [
            10.0559233,
            46.3212249
          ],
          [
            10.0559417,
            46.3211714
          ],
          [
            10.0562961,
            46.3201115
          ],
          [
            10.0564124,
            46.3197657
          ],
          [
            10.0565621,
            46.3193106
          ],
          [
            10.05664,
            46.3190853
          ],
          [
            10.0566643,
            46.3190108
          ],
          [
            10.0566934,
            46.3189268
          ],
          [
            10.0567104,
            46.3188761
          ],
          [
            10.0567311,
            46.3188219
          ],
          [
            10.0567508,
            46.318771
          ],
          [
            10.0567692,
            46.3187333
          ],
          [
            10.0567894,
            46.3186926
          ],
          [
            10.0568151,
            46.3186466
          ],
          [
            10.0568467,
            46.3185961
          ],
          [
            10.0568851,
            46.318541
          ],
          [
            10.0569263,
            46.3184873
          ],
          [
            10.0569708,
            46.3184324
          ],
          [
            10.0571966,
            46.3181731
          ],
          [
            10.0576144,
            46.31769
          ],
          [
            10.0577061,
            46.3175843
          ],
          [
            10.0579154,
            46.31734
          ],
          [
            10.0588525,
            46.3162597
          ],
          [
            10.0590506,
            46.3160306
          ],
          [
            10.0591133,
            46.3159586
          ],
          [
            10.0591752,
            46.3158857
          ],
          [
            10.0592498,
            46.3157916
          ],
          [
            10.0593075,
            46.3157127
          ],
          [
            10.059354,
            46.3156405
          ],
          [
            10.0593796,
            46.3155996
          ],
          [
            10.0594089,
            46.3155498
          ],
          [
            10.0594609,
            46.3154585
          ],
          [
            10.0595627,
            46.3152756
          ],
          [
            10.0595844,
            46.3152356
          ],
          [
            10.0596023,
            46.315203
          ],
          [
            10.0596892,
            46.3150458
          ],
          [
            10.0598605,
            46.3147378
          ],
          [
            10.059891,
            46.3146841
          ],
          [
            10.0599279,
            46.3146241
          ],
          [
            10.0599583,
            46.3145805
          ],
          [
            10.0599896,
            46.3145412
          ],
          [
            10.0600252,
            46.3144996
          ],
          [
            10.060057,
            46.3144688
          ],
          [
            10.0601018,
            46.314428
          ],
          [
            10.0601612,
            46.3143856
          ],
          [
            10.060221,
            46.3143479
          ],
          [
            10.0603035,
            46.314303
          ],
          [
            10.060715,
            46.3140947
          ],
          [
            10.060786,
            46.314058
          ],
          [
            10.0608868,
            46.3140033
          ],
          [
            10.0609572,
            46.31396
          ],
          [
            10.0610296,
            46.3139068
          ],
          [
            10.0612233,
            46.3137408
          ],
          [
            10.0613472,
            46.31363
          ],
          [
            10.0615172,
            46.3134805
          ],
          [
            10.0616003,
            46.3134103
          ],
          [
            10.0616704,
            46.3133487
          ],
          [
            10.0617816,
            46.3132245
          ],
          [
            10.0618958,
            46.3130809
          ],
          [
            10.0619144,
            46.3130494
          ],
          [
            10.0622154,
            46.3125637
          ],
          [
            10.0623864,
            46.3122757
          ],
          [
            10.0624986,
            46.3120483
          ],
          [
            10.0626181,
            46.311836
          ],
          [
            10.0630478,
            46.3111591
          ],
          [
            10.0631955,
            46.3109263
          ],
          [
            10.0639297,
            46.3097914
          ],
          [
            10.0643671,
            46.3091125
          ],
          [
            10.0645212,
            46.3088732
          ],
          [
            10.0647087,
            46.3085865
          ],
          [
            10.0647734,
            46.3084858
          ],
          [
            10.0647869,
            46.3084674
          ],
          [
            10.0655351,
            46.3073656
          ],
          [
            10.0660327,
            46.306717
          ],
          [
            10.0662085,
            46.3064909
          ],
          [
            10.0664023,
            46.3062416
          ],
          [
            10.0671214,
            46.3053167
          ],
          [
            10.0672323,
            46.3052139
          ],
          [
            10.0673735,
            46.3051019
          ],
          [
            10.0675053,
            46.3050287
          ],
          [
            10.0677662,
            46.3049287
          ],
          [
            10.0683133,
            46.3047477
          ],
          [
            10.0700426,
            46.3041916
          ],
          [
            10.0703389,
            46.3040725
          ],
          [
            10.0705709,
            46.3039691
          ],
          [
            10.0708037,
            46.3038426
          ],
          [
            10.0709499,
            46.3037168
          ],
          [
            10.0711085,
            46.3035506
          ],
          [
            10.0711967,
            46.3033746
          ],
          [
            10.0712701,
            46.3031707
          ],
          [
            10.07131,
            46.3029903
          ],
          [
            10.0716829,
            46.3015184
          ],
          [
            10.0717182,
            46.3013839
          ],
          [
            10.0717312,
            46.3013377
          ],
          [
            10.071753,
            46.3012784
          ],
          [
            10.0717783,
            46.3012238
          ],
          [
            10.071818,
            46.301157
          ],
          [
            10.0718715,
            46.3010852
          ],
          [
            10.0719233,
            46.3010221
          ],
          [
            10.0722541,
            46.3006747
          ],
          [
            10.0726926,
            46.3002166
          ],
          [
            10.073905,
            46.2989407
          ],
          [
            10.0739857,
            46.2988544
          ],
          [
            10.0740507,
            46.2987901
          ],
          [
            10.0754838,
            46.2972835
          ],
          [
            10.0755693,
            46.2971906
          ],
          [
            10.0756308,
            46.297127
          ],
          [
            10.0767208,
            46.2959771
          ],
          [
            10.0767437,
            46.2959531
          ],
          [
            10.0770107,
            46.2956767
          ],
          [
            10.0773986,
            46.2952858
          ],
          [
            10.0774594,
            46.2952258
          ],
          [
            10.0775103,
            46.2951678
          ],
          [
            10.0775452,
            46.2951247
          ],
          [
            10.0775815,
            46.295078
          ],
          [
            10.0776134,
            46.2950291
          ],
          [
            10.0776571,
            46.2949337
          ],
          [
            10.0776854,
            46.2948641
          ],
          [
            10.0777123,
            46.2947903
          ],
          [
            10.0777288,
            46.2947315
          ],
          [
            10.0777513,
            46.2946315
          ],
          [
            10.0777653,
            46.2944971
          ],
          [
            10.0777719,
            46.2944365
          ],
          [
            10.0779352,
            46.2929336
          ],
          [
            10.0779413,
            46.2928775
          ],
          [
            10.0779945,
            46.2923887
          ],
          [
            10.0780635,
            46.2917536
          ],
          [
            10.0780813,
            46.2915895
          ],
          [
            10.0781162,
            46.2912689
          ],
          [
            10.0781429,
            46.2910231
          ],
          [
            10.0781472,
            46.2909918
          ],
          [
            10.078154,
            46.2909437
          ],
          [
            10.0782377,
            46.2901953
          ],
          [
            10.0783034,
            46.2898613
          ],
          [
            10.0783336,
            46.2897284
          ],
          [
            10.0783574,
            46.2896163
          ],
          [
            10.0783751,
            46.2895205
          ],
          [
            10.0783896,
            46.289443
          ],
          [
            10.0783939,
            46.2893854
          ],
          [
            10.0783958,
            46.2893276
          ],
          [
            10.0783942,
            46.2891825
          ],
          [
            10.0783854,
            46.2890757
          ],
          [
            10.0783672,
            46.2889467
          ],
          [
            10.0783641,
            46.2888783
          ],
          [
            10.0783653,
            46.2888238
          ],
          [
            10.0783685,
            46.2887817
          ],
          [
            10.0783795,
            46.2887364
          ],
          [
            10.0783944,
            46.2886929
          ],
          [
            10.0784115,
            46.2886573
          ],
          [
            10.0784381,
            46.2886127
          ],
          [
            10.0784723,
            46.2885701
          ],
          [
            10.0785124,
            46.2885251
          ],
          [
            10.078558,
            46.288486
          ],
          [
            10.0786101,
            46.2884485
          ],
          [
            10.0791148,
            46.2881338
          ],
          [
            10.0791775,
            46.2880933
          ],
          [
            10.0792399,
            46.2880501
          ],
          [
            10.0792921,
            46.2880103
          ],
          [
            10.0793366,
            46.2879744
          ],
          [
            10.0793929,
            46.2879234
          ],
          [
            10.0794344,
            46.2878831
          ],
          [
            10.0794666,
            46.2878486
          ],
          [
            10.0795046,
            46.2878067
          ],
          [
            10.0795514,
            46.28775
          ],
          [
            10.0796778,
            46.2875803
          ],
          [
            10.0798242,
            46.2873897
          ],
          [
            10.0798682,
            46.2873318
          ],
          [
            10.0799223,
            46.2872635
          ],
          [
            10.0799668,
            46.2872094
          ],
          [
            10.080014,
            46.2871579
          ],
          [
            10.080063,
            46.2871088
          ],
          [
            10.0801057,
            46.2870659
          ],
          [
            10.0801616,
            46.2870165
          ],
          [
            10.0802397,
            46.2869522
          ],
          [
            10.0803218,
            46.2868864
          ],
          [
            10.0803883,
            46.2868321
          ],
          [
            10.0804447,
            46.2867807
          ],
          [
            10.0804933,
            46.2867334
          ],
          [
            10.0805382,
            46.2866855
          ],
          [
            10.0805752,
            46.28664
          ],
          [
            10.0806192,
            46.2865823
          ],
          [
            10.0807671,
            46.2863749
          ],
          [
            10.0808986,
            46.2861872
          ],
          [
            10.0810749,
            46.2859404
          ],
          [
            10.0812299,
            46.2857198
          ],
          [
            10.0812798,
            46.2856452
          ],
          [
            10.0813179,
            46.2855806
          ],
          [
            10.0813471,
            46.2855242
          ],
          [
            10.0813689,
            46.2854751
          ],
          [
            10.0813884,
            46.2854257
          ],
          [
            10.0814053,
            46.2853714
          ],
          [
            10.0814173,
            46.2853241
          ],
          [
            10.0814281,
            46.2852606
          ],
          [
            10.0814342,
            46.2851987
          ],
          [
            10.0814369,
            46.2851427
          ],
          [
            10.0814341,
            46.285077
          ],
          [
            10.0814267,
            46.2850106
          ],
          [
            10.081402,
            46.2848502
          ],
          [
            10.0813933,
            46.2847916
          ],
          [
            10.0813871,
            46.2847324
          ],
          [
            10.0813837,
            46.2846758
          ],
          [
            10.0813845,
            46.2846254
          ],
          [
            10.0813897,
            46.2845675
          ],
          [
            10.0814011,
            46.2845165
          ],
          [
            10.0814176,
            46.2844608
          ],
          [
            10.0814393,
            46.2844097
          ],
          [
            10.0814676,
            46.2843592
          ],
          [
            10.0815,
            46.2843103
          ],
          [
            10.0815316,
            46.2842694
          ],
          [
            10.0815723,
            46.2842238
          ],
          [
            10.0817142,
            46.2840917
          ],
          [
            10.0817845,
            46.2840253
          ],
          [
            10.0818345,
            46.2839757
          ],
          [
            10.0818835,
            46.2839225
          ],
          [
            10.0819235,
            46.2838735
          ],
          [
            10.0819718,
            46.2838072
          ],
          [
            10.0821129,
            46.2835779
          ],
          [
            10.0821699,
            46.2834931
          ],
          [
            10.0822256,
            46.2834203
          ],
          [
            10.0822819,
            46.283356
          ],
          [
            10.0823421,
            46.2832963
          ],
          [
            10.0824219,
            46.2832225
          ],
          [
            10.0827491,
            46.2829321
          ],
          [
            10.0828424,
            46.2828507
          ],
          [
            10.0829101,
            46.2827949
          ],
          [
            10.0829841,
            46.2827435
          ],
          [
            10.0830551,
            46.2827015
          ],
          [
            10.0831499,
            46.2826546
          ],
          [
            10.0833377,
            46.2825718
          ],
          [
            10.0834322,
            46.282532
          ],
          [
            10.083498,
            46.2824965
          ],
          [
            10.0835652,
            46.2824544
          ],
          [
            10.0836343,
            46.2824072
          ],
          [
            10.0836918,
            46.2823592
          ],
          [
            10.0837657,
            46.2822902
          ],
          [
            10.0840562,
            46.2820088
          ],
          [
            10.0841256,
            46.2819404
          ],
          [
            10.084189,
            46.2818748
          ],
          [
            10.084243,
            46.2818129
          ],
          [
            10.0842841,
            46.2817623
          ],
          [
            10.0843276,
            46.2817016
          ],
          [
            10.0843674,
            46.2816393
          ],
          [
            10.0844188,
            46.2815548
          ],
          [
            10.0846178,
            46.2812205
          ],
          [
            10.0847386,
            46.2810219
          ],
          [
            10.084791,
            46.2809445
          ],
          [
            10.084858,
            46.2808595
          ],
          [
            10.0849148,
            46.2807942
          ],
          [
            10.0849746,
            46.280734
          ],
          [
            10.0850476,
            46.2806613
          ],
          [
            10.0855401,
            46.2801789
          ],
          [
            10.0856505,
            46.2800714
          ],
          [
            10.0857472,
            46.2799816
          ],
          [
            10.0858237,
            46.2799163
          ],
          [
            10.0859255,
            46.2798351
          ],
          [
            10.0864409,
            46.2794615
          ],
          [
            10.0866341,
            46.2793227
          ],
          [
            10.0867235,
            46.2792653
          ],
          [
            10.0867947,
            46.2792279
          ],
          [
            10.0868812,
            46.2791875
          ],
          [
            10.0869602,
            46.2791573
          ],
          [
            10.0870391,
            46.2791285
          ],
          [
            10.087443,
            46.278999
          ],
          [
            10.0875424,
            46.2789618
          ],
          [
            10.0876232,
            46.2789265
          ],
          [
            10.0876978,
            46.2788893
          ],
          [
            10.0877797,
            46.2788422
          ],
          [
            10.0878394,
            46.2788004
          ],
          [
            10.0878944,
            46.2787582
          ],
          [
            10.0879538,
            46.2787068
          ],
          [
            10.0880034,
            46.2786575
          ],
          [
            10.0880536,
            46.2785989
          ],
          [
            10.0881141,
            46.278514
          ],
          [
            10.0881522,
            46.2784491
          ],
          [
            10.0882014,
            46.2783563
          ],
          [
            10.0882937,
            46.2781672
          ],
          [
            10.0883341,
            46.2780902
          ],
          [
            10.0883705,
            46.2780317
          ],
          [
            10.0884097,
            46.2779783
          ],
          [
            10.0884516,
            46.2779237
          ],
          [
            10.0884961,
            46.2778751
          ],
          [
            10.08854,
            46.2778307
          ],
          [
            10.0885878,
            46.2777891
          ],
          [
            10.088656,
            46.2777346
          ],
          [
            10.0888302,
            46.2776033
          ],
          [
            10.0889243,
            46.2775266
          ],
          [
            10.0889887,
            46.2774692
          ],
          [
            10.0890501,
            46.2774086
          ],
          [
            10.0891042,
            46.2773418
          ],
          [
            10.0891557,
            46.2772699
          ],
          [
            10.089197,
            46.2772059
          ],
          [
            10.0893392,
            46.2769647
          ],
          [
            10.0894173,
            46.2768384
          ],
          [
            10.0894631,
            46.276773
          ],
          [
            10.0895229,
            46.2766985
          ],
          [
            10.0895886,
            46.2766274
          ],
          [
            10.0896486,
            46.2765751
          ],
          [
            10.0897147,
            46.2765236
          ],
          [
            10.0897929,
            46.2764712
          ],
          [
            10.0898737,
            46.2764234
          ],
          [
            10.0900067,
            46.2763603
          ],
          [
            10.0901211,
            46.2763168
          ],
          [
            10.0902056,
            46.2762911
          ],
          [
            10.0903235,
            46.2762605
          ],
          [
            10.0904406,
            46.2762398
          ],
          [
            10.0905552,
            46.2762247
          ],
          [
            10.0906894,
            46.2762141
          ],
          [
            10.0908264,
            46.2762069
          ],
          [
            10.0910049,
            46.2761989
          ],
          [
            10.0911363,
            46.276193
          ],
          [
            10.0912584,
            46.2761831
          ],
          [
            10.0913908,
            46.2761677
          ],
          [
            10.0915107,
            46.2761463
          ],
          [
            10.0916242,
            46.2761197
          ],
          [
            10.0917219,
            46.2760884
          ],
          [
            10.0918334,
            46.2760463
          ],
          [
            10.0919379,
            46.2759972
          ],
          [
            10.0920224,
            46.2759502
          ],
          [
            10.0921095,
            46.2759008
          ],
          [
            10.0922273,
            46.2758271
          ],
          [
            10.0923156,
            46.2757677
          ],
          [
            10.0923848,
            46.2757146
          ],
          [
            10.0924435,
            46.2756639
          ],
          [
            10.0924883,
            46.2756185
          ],
          [
            10.092538,
            46.2755629
          ],
          [
            10.0925795,
            46.2755075
          ],
          [
            10.0926206,
            46.2754423
          ],
          [
            10.0926598,
            46.2753684
          ],
          [
            10.0927119,
            46.2752576
          ],
          [
            10.0927969,
            46.275087
          ],
          [
            10.0928301,
            46.2750299
          ],
          [
            10.0928735,
            46.2749682
          ],
          [
            10.0929206,
            46.274911
          ],
          [
            10.0929698,
            46.2748593
          ],
          [
            10.0930216,
            46.2748133
          ],
          [
            10.0930756,
            46.2747713
          ],
          [
            10.0931437,
            46.2747239
          ],
          [
            10.0932227,
            46.2746779
          ],
          [
            10.093309,
            46.2746342
          ],
          [
            10.0933992,
            46.2745969
          ],
          [
            10.0935019,
            46.2745616
          ],
          [
            10.0936711,
            46.2745031
          ],
          [
            10.0943272,
            46.2742918
          ],
          [
            10.0951057,
            46.2740418
          ],
          [
            10.0954047,
            46.2739454
          ],
          [
            10.0959041,
            46.2737827
          ],
          [
            10.0960607,
            46.2737267
          ],
          [
            10.0961945,
            46.2736776
          ],
          [
            10.0963252,
            46.273627
          ],
          [
            10.0964791,
            46.2735648
          ],
          [
            10.0966183,
            46.273507
          ],
          [
            10.0967425,
            46.2734525
          ],
          [
            10.0968228,
            46.2734151
          ],
          [
            10.0969177,
            46.2733687
          ],
          [
            10.0972882,
            46.2731784
          ],
          [
            10.0973571,
            46.273142
          ],
          [
            10.0975595,
            46.2730389
          ],
          [
            10.0976637,
            46.272988
          ],
          [
            10.0977494,
            46.272949
          ],
          [
            10.0978226,
            46.2729221
          ],
          [
            10.097905,
            46.2728973
          ],
          [
            10.0979859,
            46.2728773
          ],
          [
            10.0980668,
            46.2728624
          ],
          [
            10.0981576,
            46.272848
          ],
          [
            10.0982538,
            46.2728432
          ],
          [
            10.0983569,
            46.2728423
          ],
          [
            10.0984731,
            46.2728512
          ],
          [
            10.0985747,
            46.2728656
          ],
          [
            10.0986667,
            46.2728812
          ],
          [
            10.0989809,
            46.2729519
          ],
          [
            10.0996952,
            46.2731159
          ],
          [
            10.0998011,
            46.2731402
          ],
          [
            10.1003341,
            46.2732644
          ],
          [
            10.1005533,
            46.2733139
          ],
          [
            10.1007103,
            46.2733469
          ],
          [
            10.1007625,
            46.2733577
          ],
          [
            10.1008089,
            46.2733666
          ],
          [
            10.1008541,
            46.2733725
          ],
          [
            10.1009173,
            46.2733768
          ],
          [
            10.1009811,
            46.273377
          ],
          [
            10.1010432,
            46.2733719
          ],
          [
            10.1010981,
            46.2733651
          ],
          [
            10.101153,
            46.2733552
          ],
          [
            10.1012062,
            46.2733415
          ],
          [
            10.1012479,
            46.273329
          ],
          [
            10.1012503,
            46.2733283
          ],
          [
            10.1013129,
            46.2733063
          ],
          [
            10.1014639,
            46.2732487
          ],
          [
            10.1017629,
            46.2731313
          ],
          [
            10.1018451,
            46.2730999
          ],
          [
            10.1019241,
            46.2730731
          ],
          [
            10.1023082,
            46.272943
          ],
          [
            10.1024808,
            46.2728852
          ],
          [
            10.102563,
            46.2728571
          ],
          [
            10.1026799,
            46.2728146
          ],
          [
            10.1027735,
            46.2727749
          ],
          [
            10.1028989,
            46.2727219
          ],
          [
            10.1030841,
            46.2726372
          ],
          [
            10.1031982,
            46.2725983
          ],
          [
            10.103271,
            46.272575
          ],
          [
            10.1033453,
            46.2725567
          ],
          [
            10.1034557,
            46.2725316
          ],
          [
            10.1035555,
            46.272513
          ],
          [
            10.1036576,
            46.2724949
          ],
          [
            10.1037696,
            46.2724695
          ],
          [
            10.1038958,
            46.2724333
          ],
          [
            10.103933,
            46.2724194
          ],
          [
            10.1039782,
            46.2723985
          ],
          [
            10.1040293,
            46.27237
          ],
          [
            10.1040688,
            46.2723482
          ],
          [
            10.10411,
            46.2723178
          ],
          [
            10.1041497,
            46.272287
          ],
          [
            10.1041858,
            46.2722526
          ],
          [
            10.1042243,
            46.2722157
          ],
          [
            10.1042629,
            46.2721732
          ],
          [
            10.1043266,
            46.2720923
          ],
          [
            10.1044017,
            46.2719897
          ],
          [
            10.1045057,
            46.2718765
          ],
          [
            10.1046149,
            46.2718046
          ],
          [
            10.1046556,
            46.2717824
          ],
          [
            10.1047513,
            46.2717398
          ],
          [
            10.1049731,
            46.2716761
          ],
          [
            10.1058242,
            46.2714969
          ],
          [
            10.1060596,
            46.2714591
          ],
          [
            10.1063052,
            46.2714438
          ],
          [
            10.1065884,
            46.2714297
          ],
          [
            10.1074259,
            46.2713766
          ],
          [
            10.1076187,
            46.2713542
          ],
          [
            10.1077978,
            46.2713224
          ],
          [
            10.1085619,
            46.2711715
          ],
          [
            10.1087137,
            46.2711402
          ],
          [
            10.1088289,
            46.2711137
          ],
          [
            10.1089112,
            46.2710901
          ],
          [
            10.1089722,
            46.2710718
          ],
          [
            10.1090442,
            46.2710426
          ],
          [
            10.1091069,
            46.2710135
          ],
          [
            10.1091712,
            46.2709788
          ],
          [
            10.1092384,
            46.2709396
          ],
          [
            10.109338,
            46.270872
          ],
          [
            10.1099214,
            46.2704569
          ],
          [
            10.1100527,
            46.2703791
          ],
          [
            10.1102455,
            46.270286
          ],
          [
            10.1104175,
            46.2702095
          ],
          [
            10.1105149,
            46.2701626
          ],
          [
            10.1105986,
            46.2701173
          ],
          [
            10.1107487,
            46.2700289
          ],
          [
            10.1109022,
            46.2699334
          ],
          [
            10.1110267,
            46.2698627
          ],
          [
            10.1112297,
            46.2697742
          ],
          [
            10.1119939,
            46.2695101
          ],
          [
            10.1125278,
            46.2693214
          ],
          [
            10.1126762,
            46.2692672
          ],
          [
            10.1128007,
            46.2691941
          ],
          [
            10.1129457,
            46.2690951
          ],
          [
            10.1131367,
            46.2689205
          ],
          [
            10.1132732,
            46.2687956
          ],
          [
            10.1134471,
            46.2686647
          ],
          [
            10.1140407,
            46.2682815
          ],
          [
            10.1141107,
            46.268239
          ],
          [
            10.1144689,
            46.2680645
          ],
          [
            10.1145985,
            46.2679973
          ],
          [
            10.1146889,
            46.2679336
          ],
          [
            10.1148748,
            46.2677886
          ],
          [
            10.1151989,
            46.2675244
          ],
          [
            10.1152893,
            46.2674266
          ],
          [
            10.1153541,
            46.2673452
          ],
          [
            10.1155213,
            46.2670481
          ],
          [
            10.1155912,
            46.2669183
          ],
          [
            10.1156578,
            46.2668252
          ],
          [
            10.1157203,
            46.266752
          ],
          [
            10.1157914,
            46.2666723
          ],
          [
            10.1158874,
            46.2665792
          ],
          [
            10.1159937,
            46.2664831
          ],
          [
            10.1163247,
            46.2662014
          ],
          [
            10.1165055,
            46.2660281
          ],
          [
            10.1166812,
            46.2658512
          ],
          [
            10.1167726,
            46.2657434
          ],
          [
            10.1170923,
            46.2653565
          ],
          [
            10.1171454,
            46.2652842
          ],
          [
            10.1171828,
            46.2652177
          ],
          [
            10.11721,
            46.2651477
          ],
          [
            10.1172263,
            46.2650867
          ],
          [
            10.1172547,
            46.2649719
          ],
          [
            10.1172824,
            46.2648799
          ],
          [
            10.1173138,
            46.2648081
          ],
          [
            10.117353,
            46.2647439
          ],
          [
            10.117388,
            46.2646924
          ],
          [
            10.1174487,
            46.2646207
          ],
          [
            10.1175163,
            46.2645574
          ],
          [
            10.1175932,
            46.2644989
          ],
          [
            10.1176673,
            46.2644492
          ],
          [
            10.1177569,
            46.2644008
          ],
          [
            10.1179279,
            46.2643128
          ],
          [
            10.118051,
            46.2642515
          ],
          [
            10.1181288,
            46.2642059
          ],
          [
            10.1182086,
            46.2641505
          ],
          [
            10.1182696,
            46.2640999
          ],
          [
            10.1183247,
            46.2640444
          ],
          [
            10.1183674,
            46.2639857
          ],
          [
            10.1185098,
            46.263786
          ],
          [
            10.1185663,
            46.263719
          ],
          [
            10.1186266,
            46.2636645
          ],
          [
            10.1186765,
            46.2636243
          ],
          [
            10.1187398,
            46.2635857
          ],
          [
            10.118765,
            46.263574
          ],
          [
            10.1188496,
            46.2635349
          ],
          [
            10.1189158,
            46.2635133
          ],
          [
            10.1190123,
            46.2634815
          ],
          [
            10.1191256,
            46.2634499
          ],
          [
            10.1192804,
            46.2634105
          ],
          [
            10.1193968,
            46.2633771
          ],
          [
            10.1195372,
            46.2633285
          ],
          [
            10.1196169,
            46.2632958
          ],
          [
            10.1196984,
            46.2632561
          ],
          [
            10.119786,
            46.2632045
          ],
          [
            10.1198565,
            46.2631565
          ],
          [
            10.1199275,
            46.2630995
          ],
          [
            10.1199856,
            46.2630431
          ],
          [
            10.1200305,
            46.2629958
          ],
          [
            10.1200709,
            46.262941
          ],
          [
            10.1201408,
            46.2628283
          ],
          [
            10.1202959,
            46.2625425
          ],
          [
            10.1204448,
            46.2622704
          ],
          [
            10.1204929,
            46.2621897
          ],
          [
            10.1205438,
            46.2621278
          ],
          [
            10.1205966,
            46.2620744
          ],
          [
            10.1206571,
            46.2620255
          ],
          [
            10.1207137,
            46.2619878
          ],
          [
            10.120784,
            46.26195
          ],
          [
            10.1208597,
            46.2619153
          ],
          [
            10.1209394,
            46.2618863
          ],
          [
            10.1210388,
            46.2618597
          ],
          [
            10.1211284,
            46.2618436
          ],
          [
            10.1212188,
            46.2618339
          ],
          [
            10.1212963,
            46.2618296
          ],
          [
            10.1213823,
            46.2618277
          ],
          [
            10.1215784,
            46.2618276
          ],
          [
            10.1216843,
            46.2618236
          ],
          [
            10.1217691,
            46.2618154
          ],
          [
            10.1218557,
            46.2618013
          ],
          [
            10.121937,
            46.2617822
          ],
          [
            10.1220223,
            46.2617543
          ],
          [
            10.1223184,
            46.261636
          ],
          [
            10.1224323,
            46.2615949
          ],
          [
            10.1225327,
            46.2615616
          ],
          [
            10.1226198,
            46.2615368
          ],
          [
            10.1227345,
            46.2615071
          ],
          [
            10.1229005,
            46.2614709
          ],
          [
            10.1230744,
            46.261442
          ],
          [
            10.1231547,
            46.2614318
          ],
          [
            10.123243,
            46.2614217
          ],
          [
            10.1233144,
            46.2614162
          ],
          [
            10.1233971,
            46.2614108
          ],
          [
            10.1234631,
            46.2614076
          ],
          [
            10.1235439,
            46.2614044
          ],
          [
            10.123624,
            46.2614025
          ],
          [
            10.1239826,
            46.2613954
          ],
          [
            10.1249091,
            46.2613724
          ],
          [
            10.1256618,
            46.2613554
          ],
          [
            10.1257094,
            46.2613523
          ],
          [
            10.1257735,
            46.2613473
          ],
          [
            10.1258134,
            46.2613426
          ],
          [
            10.1258601,
            46.2613347
          ],
          [
            10.12591,
            46.2613232
          ],
          [
            10.1259644,
            46.2613089
          ],
          [
            10.1259902,
            46.2612998
          ],
          [
            10.1260318,
            46.2612828
          ],
          [
            10.1260693,
            46.2612656
          ],
          [
            10.1261072,
            46.2612464
          ],
          [
            10.1261362,
            46.2612281
          ],
          [
            10.1261651,
            46.2612073
          ],
          [
            10.1261879,
            46.2611899
          ],
          [
            10.1262096,
            46.2611724
          ],
          [
            10.1262313,
            46.2611504
          ],
          [
            10.1262519,
            46.261128
          ],
          [
            10.1262727,
            46.2611028
          ],
          [
            10.1262867,
            46.2610799
          ],
          [
            10.1263021,
            46.2610532
          ],
          [
            10.1263134,
            46.2610273
          ],
          [
            10.1263228,
            46.2610016
          ],
          [
            10.1263305,
            46.2609752
          ],
          [
            10.1263379,
            46.2609427
          ],
          [
            10.1263402,
            46.260913
          ],
          [
            10.1263403,
            46.2608824
          ],
          [
            10.1263374,
            46.260853
          ],
          [
            10.1263316,
            46.2608244
          ],
          [
            10.1263223,
            46.2607942
          ],
          [
            10.1263119,
            46.2607669
          ],
          [
            10.1263003,
            46.2607419
          ],
          [
            10.1262851,
            46.260715
          ],
          [
            10.1262658,
            46.2606885
          ],
          [
            10.1262446,
            46.2606625
          ],
          [
            10.1262216,
            46.2606377
          ],
          [
            10.1261852,
            46.2606072
          ],
          [
            10.1261574,
            46.260587
          ],
          [
            10.1261313,
            46.2605688
          ],
          [
            10.1260978,
            46.2605497
          ],
          [
            10.1260631,
            46.2605322
          ],
          [
            10.1260235,
            46.2605143
          ],
          [
            10.1259821,
            46.2604988
          ],
          [
            10.125939,
            46.2604855
          ],
          [
            10.1258971,
            46.2604749
          ],
          [
            10.1258591,
            46.2604666
          ],
          [
            10.125812,
            46.2604566
          ],
          [
            10.1257505,
            46.2604457
          ],
          [
            10.1256743,
            46.2604331
          ],
          [
            10.1256149,
            46.2604239
          ],
          [
            10.1255509,
            46.2604123
          ],
          [
            10.1254982,
            46.2604022
          ],
          [
            10.1254433,
            46.260389
          ],
          [
            10.1253897,
            46.2603739
          ],
          [
            10.1253355,
            46.2603557
          ],
          [
            10.1253018,
            46.260343
          ],
          [
            10.1252636,
            46.2603271
          ],
          [
            10.1252274,
            46.2603115
          ],
          [
            10.1251878,
            46.2602932
          ],
          [
            10.1250196,
            46.260208
          ],
          [
            10.1249743,
            46.2601855
          ],
          [
            10.1249246,
            46.2601623
          ],
          [
            10.1248902,
            46.2601478
          ],
          [
            10.1248525,
            46.260133
          ],
          [
            10.1248108,
            46.2601182
          ],
          [
            10.1247673,
            46.2601041
          ],
          [
            10.1247162,
            46.2600894
          ],
          [
            10.124669,
            46.2600779
          ],
          [
            10.12463,
            46.2600698
          ],
          [
            10.1245866,
            46.2600621
          ],
          [
            10.1245283,
            46.2600535
          ],
          [
            10.124466,
            46.2600457
          ],
          [
            10.1242393,
            46.2600226
          ],
          [
            10.1241392,
            46.2600136
          ],
          [
            10.1240235,
            46.2600003
          ],
          [
            10.1239765,
            46.2599935
          ],
          [
            10.1239304,
            46.2599847
          ],
          [
            10.1238902,
            46.2599753
          ],
          [
            10.12385,
            46.2599639
          ],
          [
            10.1238097,
            46.2599492
          ],
          [
            10.1237724,
            46.2599339
          ],
          [
            10.1237462,
            46.2599212
          ],
          [
            10.1237112,
            46.2599023
          ],
          [
            10.1236813,
            46.2598824
          ],
          [
            10.123651,
            46.2598598
          ],
          [
            10.1236303,
            46.2598419
          ],
          [
            10.1236066,
            46.2598189
          ],
          [
            10.1235817,
            46.2597904
          ],
          [
            10.1235607,
            46.2597612
          ],
          [
            10.1235435,
            46.259733
          ],
          [
            10.1235292,
            46.2597041
          ],
          [
            10.1235191,
            46.2596754
          ],
          [
            10.123514,
            46.2596531
          ],
          [
            10.1235108,
            46.2596246
          ],
          [
            10.1235096,
            46.2595954
          ],
          [
            10.1235102,
            46.2595703
          ],
          [
            10.1235143,
            46.2595489
          ],
          [
            10.1235179,
            46.2595284
          ],
          [
            10.1235253,
            46.2595029
          ],
          [
            10.1235334,
            46.2594803
          ],
          [
            10.1235426,
            46.2594607
          ],
          [
            10.1235528,
            46.2594415
          ],
          [
            10.1235652,
            46.2594222
          ],
          [
            10.1235823,
            46.259399
          ],
          [
            10.1236009,
            46.2593773
          ],
          [
            10.1236188,
            46.2593592
          ],
          [
            10.1236417,
            46.2593388
          ],
          [
            10.1236618,
            46.259323
          ],
          [
            10.1236858,
            46.2593054
          ],
          [
            10.1237088,
            46.2592904
          ],
          [
            10.1237371,
            46.2592737
          ],
          [
            10.1237663,
            46.2592593
          ],
          [
            10.1237912,
            46.2592482
          ],
          [
            10.1238199,
            46.2592371
          ],
          [
            10.123849,
            46.2592271
          ],
          [
            10.1238732,
            46.2592198
          ],
          [
            10.1239072,
            46.2592111
          ],
          [
            10.1239369,
            46.2592045
          ],
          [
            10.1239767,
            46.2591979
          ],
          [
            10.1240116,
            46.2591933
          ],
          [
            10.12405,
            46.2591902
          ],
          [
            10.1240902,
            46.259189
          ],
          [
            10.1241461,
            46.2591894
          ],
          [
            10.1241992,
            46.2591913
          ],
          [
            10.1242548,
            46.2591946
          ],
          [
            10.1242922,
            46.2591972
          ],
          [
            10.1243858,
            46.2592063
          ],
          [
            10.1244772,
            46.2592182
          ],
          [
            10.1245919,
            46.2592321
          ],
          [
            10.1246931,
            46.2592474
          ],
          [
            10.1247905,
            46.2592615
          ],
          [
            10.124855,
            46.2592698
          ],
          [
            10.1249362,
            46.2592779
          ],
          [
            10.1251549,
            46.2592928
          ],
          [
            10.1255519,
            46.2593199
          ],
          [
            10.1256224,
            46.259324
          ],
          [
            10.1256975,
            46.2593268
          ],
          [
            10.1257837,
            46.2593269
          ],
          [
            10.1258648,
            46.2593255
          ],
          [
            10.1259557,
            46.2593207
          ],
          [
            10.1264508,
            46.259291
          ],
          [
            10.1265209,
            46.2592863
          ],
          [
            10.1265667,
            46.259282
          ],
          [
            10.1266114,
            46.2592769
          ],
          [
            10.1266476,
            46.2592719
          ],
          [
            10.1266869,
            46.2592653
          ],
          [
            10.1267248,
            46.2592576
          ],
          [
            10.1267657,
            46.2592484
          ],
          [
            10.1268035,
            46.2592371
          ],
          [
            10.1268458,
            46.2592229
          ],
          [
            10.126879,
            46.2592098
          ],
          [
            10.1269105,
            46.2591955
          ],
          [
            10.1269381,
            46.2591813
          ],
          [
            10.1269633,
            46.259167
          ],
          [
            10.1269859,
            46.2591526
          ],
          [
            10.1270102,
            46.259136
          ],
          [
            10.1270359,
            46.2591169
          ],
          [
            10.1270706,
            46.2590874
          ],
          [
            10.1271022,
            46.2590539
          ],
          [
            10.1271335,
            46.2590101
          ],
          [
            10.127159,
            46.258972
          ],
          [
            10.1271798,
            46.2589326
          ],
          [
            10.127201,
            46.2588854
          ],
          [
            10.1272525,
            46.2587664
          ],
          [
            10.1272973,
            46.2586588
          ],
          [
            10.1273333,
            46.2585705
          ],
          [
            10.1273629,
            46.2585154
          ],
          [
            10.1273864,
            46.2584741
          ],
          [
            10.1274104,
            46.2584383
          ],
          [
            10.1274448,
            46.2583979
          ],
          [
            10.1274922,
            46.2583535
          ],
          [
            10.1275479,
            46.2583143
          ],
          [
            10.127603,
            46.2582808
          ],
          [
            10.1276597,
            46.2582517
          ],
          [
            10.1277409,
            46.2582143
          ],
          [
            10.1279281,
            46.2581339
          ],
          [
            10.1279946,
            46.2581021
          ],
          [
            10.1280499,
            46.2580709
          ],
          [
            10.1281069,
            46.2580337
          ],
          [
            10.1281536,
            46.2579983
          ],
          [
            10.1281978,
            46.2579586
          ],
          [
            10.1282391,
            46.2579082
          ],
          [
            10.1282718,
            46.2578615
          ],
          [
            10.128299,
            46.257816
          ],
          [
            10.1283433,
            46.2577226
          ],
          [
            10.1284784,
            46.2574279
          ],
          [
            10.1286368,
            46.2570937
          ],
          [
            10.1286531,
            46.2570583
          ],
          [
            10.1286782,
            46.2569909
          ],
          [
            10.1286953,
            46.2569229
          ],
          [
            10.128706,
            46.2568589
          ],
          [
            10.1287073,
            46.2567615
          ],
          [
            10.128702,
            46.2566952
          ],
          [
            10.1286891,
            46.2566385
          ],
          [
            10.1286691,
            46.2565723
          ],
          [
            10.128637,
            46.2564986
          ],
          [
            10.1285886,
            46.256408
          ],
          [
            10.1285326,
            46.2563076
          ],
          [
            10.1284985,
            46.2562394
          ],
          [
            10.1284646,
            46.2561554
          ],
          [
            10.1284442,
            46.2560855
          ],
          [
            10.1284322,
            46.2560054
          ],
          [
            10.1284329,
            46.255913
          ],
          [
            10.1284427,
            46.2558185
          ],
          [
            10.1285048,
            46.2555235
          ],
          [
            10.1285945,
            46.2550897
          ],
          [
            10.1286187,
            46.2549926
          ],
          [
            10.1286554,
            46.2548842
          ],
          [
            10.1286899,
            46.254796
          ],
          [
            10.1287462,
            46.2546696
          ],
          [
            10.1288866,
            46.2544359
          ],
          [
            10.1289158,
            46.2543857
          ],
          [
            10.1289398,
            46.2543372
          ],
          [
            10.1289579,
            46.2542929
          ],
          [
            10.1289741,
            46.2542274
          ],
          [
            10.1289762,
            46.2541851
          ],
          [
            10.1289699,
            46.2541387
          ],
          [
            10.1289584,
            46.2540885
          ],
          [
            10.128933,
            46.2540267
          ],
          [
            10.1289047,
            46.2539837
          ],
          [
            10.1288768,
            46.2539457
          ],
          [
            10.1288409,
            46.2539089
          ],
          [
            10.1287916,
            46.2538698
          ],
          [
            10.1287355,
            46.2538315
          ],
          [
            10.1286687,
            46.253795
          ],
          [
            10.128601,
            46.2537628
          ],
          [
            10.12853,
            46.253735
          ],
          [
            10.1284494,
            46.2537114
          ],
          [
            10.1283716,
            46.2536948
          ],
          [
            10.1282992,
            46.2536827
          ],
          [
            10.1282181,
            46.2536748
          ],
          [
            10.1281259,
            46.2536711
          ],
          [
            10.1280371,
            46.2536749
          ],
          [
            10.1279509,
            46.253684
          ],
          [
            10.127868,
            46.2536979
          ],
          [
            10.1277896,
            46.253717
          ],
          [
            10.1277016,
            46.2537443
          ],
          [
            10.1276447,
            46.2537691
          ],
          [
            10.1275715,
            46.2538037
          ],
          [
            10.1275213,
            46.2538322
          ],
          [
            10.1274776,
            46.2538613
          ],
          [
            10.1274379,
            46.2538898
          ],
          [
            10.127402,
            46.2539199
          ],
          [
            10.1273686,
            46.2539539
          ],
          [
            10.1273334,
            46.253993
          ],
          [
            10.1273019,
            46.2540314
          ],
          [
            10.1272767,
            46.2540754
          ],
          [
            10.1272543,
            46.2541184
          ],
          [
            10.1272374,
            46.2541658
          ],
          [
            10.1272284,
            46.2542126
          ],
          [
            10.127225,
            46.2542731
          ],
          [
            10.1272286,
            46.2543115
          ],
          [
            10.1272389,
            46.2543532
          ],
          [
            10.1272555,
            46.2543954
          ],
          [
            10.1272767,
            46.2544352
          ],
          [
            10.127304,
            46.2544721
          ],
          [
            10.1273378,
            46.2545112
          ],
          [
            10.1273808,
            46.2545492
          ],
          [
            10.1274377,
            46.2545905
          ],
          [
            10.1274922,
            46.254621
          ],
          [
            10.1275556,
            46.2546497
          ],
          [
            10.1276349,
            46.2546749
          ],
          [
            10.1277025,
            46.2546905
          ],
          [
            10.1277829,
            46.2547018
          ],
          [
            10.1278657,
            46.2547066
          ],
          [
            10.1279508,
            46.2547034
          ],
          [
            10.1280379,
            46.2546916
          ],
          [
            10.1281144,
            46.2546742
          ],
          [
            10.1281839,
            46.2546521
          ],
          [
            10.1282613,
            46.2546169
          ],
          [
            10.1283233,
            46.2545804
          ],
          [
            10.1283717,
            46.2545456
          ],
          [
            10.1284108,
            46.2545108
          ],
          [
            10.128441,
            46.2544741
          ],
          [
            10.128475,
            46.254426
          ],
          [
            10.1285016,
            46.2543713
          ],
          [
            10.1285169,
            46.2543227
          ],
          [
            10.1285226,
            46.2542696
          ],
          [
            10.1285212,
            46.2542219
          ],
          [
            10.1285085,
            46.2541659
          ],
          [
            10.1284856,
            46.2541084
          ],
          [
            10.1284552,
            46.2540597
          ],
          [
            10.1284085,
            46.2540007
          ],
          [
            10.1283624,
            46.253956
          ],
          [
            10.1283105,
            46.2539127
          ],
          [
            10.1282412,
            46.2538586
          ],
          [
            10.1281415,
            46.2537744
          ],
          [
            10.1281069,
            46.2537405
          ],
          [
            10.1280853,
            46.2537166
          ],
          [
            10.1280698,
            46.2536965
          ],
          [
            10.1280397,
            46.2536514
          ],
          [
            10.128021,
            46.2536133
          ],
          [
            10.1280087,
            46.2535764
          ],
          [
            10.1279992,
            46.2535281
          ],
          [
            10.1279955,
            46.253485
          ],
          [
            10.128001,
            46.2534387
          ],
          [
            10.1280157,
            46.2533742
          ],
          [
            10.1280372,
            46.2533231
          ],
          [
            10.1280728,
            46.2532701
          ],
          [
            10.1281217,
            46.2532178
          ],
          [
            10.1281756,
            46.2531724
          ],
          [
            10.1282507,
            46.2531231
          ],
          [
            10.128856,
            46.2527694
          ],
          [
            10.1289264,
            46.2527258
          ],
          [
            10.1289782,
            46.2526899
          ],
          [
            10.1290219,
            46.2526533
          ],
          [
            10.1290774,
            46.2525958
          ],
          [
            10.1291185,
            46.2525385
          ],
          [
            10.1291498,
            46.2524593
          ],
          [
            10.1291637,
            46.2523742
          ],
          [
            10.1291798,
            46.2520281
          ],
          [
            10.129195,
            46.2515974
          ],
          [
            10.1292002,
            46.2515156
          ],
          [
            10.1292092,
            46.2514449
          ],
          [
            10.1292295,
            46.2513611
          ],
          [
            10.1292604,
            46.2512634
          ],
          [
            10.1293502,
            46.2509817
          ],
          [
            10.1294778,
            46.2505547
          ],
          [
            10.1295814,
            46.2502242
          ],
          [
            10.1296361,
            46.2500842
          ],
          [
            10.1296695,
            46.2500222
          ],
          [
            10.1297111,
            46.2499601
          ],
          [
            10.1297964,
            46.2498565
          ],
          [
            10.129964,
            46.2496708
          ],
          [
            10.1300058,
            46.2496056
          ],
          [
            10.1300424,
            46.2495356
          ],
          [
            10.1300668,
            46.2494664
          ],
          [
            10.1300809,
            46.2493936
          ],
          [
            10.1300894,
            46.2492431
          ],
          [
            10.1300913,
            46.2491071
          ],
          [
            10.1301015,
            46.2490182
          ],
          [
            10.1301139,
            46.2489423
          ],
          [
            10.1301379,
            46.2488533
          ],
          [
            10.1301732,
            46.2487564
          ],
          [
            10.1305496,
            46.2479088
          ],
          [
            10.1305804,
            46.2478452
          ],
          [
            10.1306059,
            46.2477999
          ],
          [
            10.1309628,
            46.2472453
          ],
          [
            10.1310501,
            46.2470948
          ],
          [
            10.1311323,
            46.2469395
          ],
          [
            10.1312222,
            46.2467939
          ],
          [
            10.1312807,
            46.2467193
          ],
          [
            10.1313349,
            46.246663
          ],
          [
            10.1316477,
            46.2463551
          ],
          [
            10.1317011,
            46.2462845
          ],
          [
            10.1317365,
            46.2462288
          ],
          [
            10.1317729,
            46.246143
          ],
          [
            10.1317922,
            46.2460383
          ],
          [
            10.1318079,
            46.2457901
          ],
          [
            10.1318271,
            46.2455361
          ],
          [
            10.1318399,
            46.2454012
          ],
          [
            10.1318406,
            46.24529
          ],
          [
            10.1318356,
            46.2452232
          ],
          [
            10.1318238,
            46.2451618
          ],
          [
            10.1317582,
            46.2449251
          ],
          [
            10.1316627,
            46.2445877
          ],
          [
            10.1315976,
            46.2443579
          ],
          [
            10.1315804,
            46.244269
          ],
          [
            10.1315764,
            46.2442023
          ],
          [
            10.1315784,
            46.2441488
          ],
          [
            10.1315872,
            46.244093
          ],
          [
            10.131606,
            46.2440254
          ],
          [
            10.1316317,
            46.2439602
          ],
          [
            10.1318588,
            46.2434543
          ],
          [
            10.1319808,
            46.2431878
          ],
          [
            10.1320244,
            46.2430941
          ],
          [
            10.1320647,
            46.2430291
          ],
          [
            10.1321117,
            46.2429727
          ],
          [
            10.1321484,
            46.2429341
          ],
          [
            10.1321978,
            46.2428947
          ],
          [
            10.1322724,
            46.2428499
          ],
          [
            10.1323459,
            46.2428085
          ],
          [
            10.1324298,
            46.242767
          ],
          [
            10.1326104,
            46.2426814
          ],
          [
            10.1327009,
            46.2426347
          ],
          [
            10.1328003,
            46.2425814
          ],
          [
            10.1329031,
            46.2425138
          ],
          [
            10.1329984,
            46.2424345
          ],
          [
            10.1332737,
            46.2421969
          ],
          [
            10.1333448,
            46.2421336
          ],
          [
            10.1350573,
            46.2406525
          ],
          [
            10.1351978,
            46.2405234
          ],
          [
            10.1353243,
            46.2404013
          ],
          [
            10.1364313,
            46.2393256
          ],
          [
            10.1365044,
            46.2392597
          ],
          [
            10.1365865,
            46.2391902
          ],
          [
            10.1366939,
            46.2391034
          ],
          [
            10.1368206,
            46.2390115
          ],
          [
            10.136964,
            46.2389146
          ],
          [
            10.137132,
            46.2388085
          ],
          [
            10.1374309,
            46.2386338
          ],
          [
            10.1374962,
            46.238593
          ],
          [
            10.1375499,
            46.2385556
          ],
          [
            10.1376054,
            46.2385128
          ],
          [
            10.1376506,
            46.2384715
          ],
          [
            10.137685,
            46.2384338
          ],
          [
            10.1377167,
            46.2383908
          ],
          [
            10.1377423,
            46.2383399
          ],
          [
            10.1377598,
            46.2382909
          ],
          [
            10.1377674,
            46.2382401
          ],
          [
            10.1377665,
            46.238182
          ],
          [
            10.1377456,
            46.2380169
          ],
          [
            10.1377398,
            46.2379502
          ],
          [
            10.1377402,
            46.2378964
          ],
          [
            10.1377449,
            46.2378474
          ],
          [
            10.1377591,
            46.2377948
          ],
          [
            10.1377792,
            46.2377466
          ],
          [
            10.1378087,
            46.2377005
          ],
          [
            10.1378521,
            46.237639
          ],
          [
            10.1378902,
            46.2375978
          ],
          [
            10.1379437,
            46.2375447
          ],
          [
            10.1380042,
            46.2374867
          ],
          [
            10.1382158,
            46.2373058
          ],
          [
            10.1386601,
            46.2369469
          ],
          [
            10.138749,
            46.2368772
          ],
          [
            10.1398202,
            46.2359974
          ],
          [
            10.1399432,
            46.2358911
          ],
          [
            10.1399916,
            46.2358448
          ],
          [
            10.1400315,
            46.235797
          ],
          [
            10.1400636,
            46.2357554
          ],
          [
            10.1400809,
            46.2357282
          ],
          [
            10.1400971,
            46.235695
          ],
          [
            10.1401077,
            46.2356546
          ],
          [
            10.1401101,
            46.2356239
          ],
          [
            10.1401119,
            46.2355875
          ],
          [
            10.140111,
            46.2355602
          ],
          [
            10.1401091,
            46.2355311
          ],
          [
            10.1401059,
            46.2354998
          ],
          [
            10.1400988,
            46.2354692
          ],
          [
            10.1400854,
            46.2354256
          ],
          [
            10.1400546,
            46.2353292
          ],
          [
            10.1400181,
            46.2352148
          ],
          [
            10.1400086,
            46.2351744
          ],
          [
            10.1400051,
            46.235149
          ],
          [
            10.1400061,
            46.2351197
          ],
          [
            10.1400219,
            46.2350568
          ],
          [
            10.140037,
            46.2350174
          ],
          [
            10.1400592,
            46.2349752
          ],
          [
            10.1400826,
            46.2349397
          ],
          [
            10.1401109,
            46.2349058
          ],
          [
            10.140145,
            46.2348696
          ],
          [
            10.1401872,
            46.234828
          ],
          [
            10.1402924,
            46.2347271
          ],
          [
            10.1403853,
            46.2346403
          ],
          [
            10.1404921,
            46.2345349
          ],
          [
            10.1405712,
            46.2344593
          ],
          [
            10.1406257,
            46.23441
          ],
          [
            10.1407025,
            46.2343475
          ],
          [
            10.1409699,
            46.2341302
          ],
          [
            10.1415242,
            46.2336772
          ],
          [
            10.1420059,
            46.2332835
          ],
          [
            10.142172,
            46.2331309
          ],
          [
            10.1422106,
            46.2330935
          ],
          [
            10.1422645,
            46.2330397
          ],
          [
            10.1423208,
            46.2329779
          ],
          [
            10.1424155,
            46.232876
          ],
          [
            10.1424875,
            46.2328022
          ],
          [
            10.1425778,
            46.2327127
          ],
          [
            10.1426025,
            46.2326906
          ],
          [
            10.1428889,
            46.2324367
          ],
          [
            10.1429143,
            46.2324139
          ],
          [
            10.1429695,
            46.2323613
          ],
          [
            10.1430164,
            46.2323109
          ],
          [
            10.1430563,
            46.2322589
          ],
          [
            10.143088,
            46.2322067
          ],
          [
            10.1431036,
            46.2321701
          ],
          [
            10.1431254,
            46.2321127
          ],
          [
            10.1431721,
            46.2319435
          ],
          [
            10.1432297,
            46.2317125
          ],
          [
            10.1432517,
            46.231641
          ],
          [
            10.1432752,
            46.2315885
          ],
          [
            10.1432994,
            46.2315422
          ],
          [
            10.1433345,
            46.2314937
          ],
          [
            10.1433709,
            46.2314519
          ],
          [
            10.1434171,
            46.2314097
          ],
          [
            10.1434668,
            46.2313726
          ],
          [
            10.1435219,
            46.2313391
          ],
          [
            10.1437516,
            46.2312076
          ],
          [
            10.1437915,
            46.2311813
          ],
          [
            10.1438427,
            46.2311428
          ],
          [
            10.143889,
            46.2311024
          ],
          [
            10.1439356,
            46.2310574
          ],
          [
            10.1439922,
            46.2309973
          ],
          [
            10.1442222,
            46.2307413
          ],
          [
            10.1446146,
            46.2303062
          ],
          [
            10.1447483,
            46.2301577
          ],
          [
            10.1450575,
            46.2298164
          ],
          [
            10.1456204,
            46.2291945
          ],
          [
            10.1456793,
            46.2291293
          ],
          [
            10.1457258,
            46.2290674
          ],
          [
            10.1457566,
            46.2290209
          ],
          [
            10.145785,
            46.2289712
          ],
          [
            10.1458106,
            46.2289182
          ],
          [
            10.1458323,
            46.2288508
          ],
          [
            10.1458497,
            46.2287802
          ],
          [
            10.1458587,
            46.2286992
          ],
          [
            10.145854,
            46.2286262
          ],
          [
            10.1458309,
            46.228444
          ],
          [
            10.1458222,
            46.228372
          ],
          [
            10.1458162,
            46.2282846
          ],
          [
            10.1458174,
            46.2282218
          ],
          [
            10.1458278,
            46.2281601
          ],
          [
            10.1458375,
            46.2281053
          ],
          [
            10.1458535,
            46.2280567
          ],
          [
            10.1458755,
            46.2280057
          ],
          [
            10.1459121,
            46.2279267
          ],
          [
            10.1460018,
            46.227766
          ],
          [
            10.1460283,
            46.2277119
          ],
          [
            10.1460475,
            46.2276638
          ],
          [
            10.1460621,
            46.227611
          ],
          [
            10.146069,
            46.2275516
          ],
          [
            10.14607,
            46.2274986
          ],
          [
            10.1460672,
            46.2274457
          ],
          [
            10.1460507,
            46.227154
          ],
          [
            10.1460503,
            46.2270842
          ],
          [
            10.1460532,
            46.2270259
          ],
          [
            10.1460638,
            46.2269751
          ],
          [
            10.1460767,
            46.2269256
          ],
          [
            10.1460958,
            46.2268774
          ],
          [
            10.1461235,
            46.2268211
          ],
          [
            10.1463415,
            46.2264578
          ],
          [
            10.1466134,
            46.2260182
          ],
          [
            10.1466562,
            46.2259642
          ],
          [
            10.1467069,
            46.225918
          ],
          [
            10.1467479,
            46.2258863
          ],
          [
            10.1467893,
            46.2258579
          ],
          [
            10.1468427,
            46.2258291
          ],
          [
            10.1470492,
            46.2257251
          ],
          [
            10.147121,
            46.2256826
          ],
          [
            10.1471735,
            46.2256417
          ],
          [
            10.1472294,
            46.2255911
          ],
          [
            10.1472802,
            46.2255357
          ],
          [
            10.1473811,
            46.2254137
          ],
          [
            10.1474171,
            46.225374
          ],
          [
            10.1474497,
            46.22534
          ],
          [
            10.1474888,
            46.2253057
          ],
          [
            10.1475329,
            46.2252719
          ],
          [
            10.1476205,
            46.2252141
          ],
          [
            10.1486833,
            46.2245475
          ],
          [
            10.1488415,
            46.2244702
          ],
          [
            10.1489986,
            46.2244174
          ],
          [
            10.1493006,
            46.2243341
          ],
          [
            10.1494344,
            46.2242813
          ],
          [
            10.1495336,
            46.2242169
          ],
          [
            10.1496044,
            46.2241245
          ],
          [
            10.1497279,
            46.2239206
          ],
          [
            10.1497665,
            46.2238631
          ],
          [
            10.149826,
            46.2237746
          ],
          [
            10.1498755,
            46.2237165
          ],
          [
            10.1499798,
            46.223636
          ],
          [
            10.1501022,
            46.2235653
          ],
          [
            10.1512385,
            46.2230386
          ],
          [
            10.1514593,
            46.2229764
          ],
          [
            10.1516675,
            46.2229383
          ],
          [
            10.1519113,
            46.2229006
          ],
          [
            10.1519622,
            46.2228948
          ],
          [
            10.1522991,
            46.2228468
          ],
          [
            10.1523861,
            46.2228215
          ],
          [
            10.1524591,
            46.2227885
          ],
          [
            10.1524964,
            46.2227664
          ],
          [
            10.1525265,
            46.2227439
          ],
          [
            10.1525613,
            46.2227168
          ],
          [
            10.1525932,
            46.2226887
          ],
          [
            10.1526411,
            46.222626
          ],
          [
            10.1531514,
            46.2218598
          ],
          [
            10.1532145,
            46.2217662
          ],
          [
            10.1540997,
            46.2204638
          ],
          [
            10.1541741,
            46.2203549
          ],
          [
            10.1541887,
            46.2203338
          ],
          [
            10.1545095,
            46.2198707
          ],
          [
            10.1545941,
            46.2197446
          ],
          [
            10.1546271,
            46.2196955
          ],
          [
            10.1552983,
            46.2186948
          ],
          [
            10.1553779,
            46.2185761
          ],
          [
            10.1556079,
            46.2182646
          ],
          [
            10.1557062,
            46.218196
          ],
          [
            10.1557786,
            46.2181498
          ],
          [
            10.1558653,
            46.218099
          ],
          [
            10.1559489,
            46.2180593
          ],
          [
            10.1560225,
            46.2180243
          ],
          [
            10.1561464,
            46.2179745
          ],
          [
            10.1561964,
            46.2179556
          ],
          [
            10.1564208,
            46.217855
          ],
          [
            10.1568613,
            46.2176522
          ],
          [
            10.1568709,
            46.2176478
          ],
          [
            10.157516,
            46.2173439
          ],
          [
            10.1587302,
            46.2167898
          ],
          [
            10.1591425,
            46.2166219
          ],
          [
            10.1592047,
            46.2166008
          ],
          [
            10.1593845,
            46.2165538
          ],
          [
            10.1598056,
            46.2164733
          ],
          [
            10.1601101,
            46.2164448
          ],
          [
            10.1609818,
            46.216384
          ],
          [
            10.1614227,
            46.2163509
          ],
          [
            10.1619783,
            46.2163028
          ],
          [
            10.1625613,
            46.2162274
          ],
          [
            10.1628511,
            46.216191
          ],
          [
            10.1632138,
            46.2161455
          ],
          [
            10.1633857,
            46.2161248
          ],
          [
            10.1634306,
            46.2161191
          ],
          [
            10.1651926,
            46.215896
          ],
          [
            10.1660823,
            46.2157706
          ],
          [
            10.166418,
            46.2157233
          ],
          [
            10.1425778,
            46.2327127
          ],
          [
            10.1424019,
            46.232868
          ],
          [
            10.1422826,
            46.2329753
          ],
          [
            10.1421675,
            46.233082
          ],
          [
            10.1421286,
            46.2331162
          ],
          [
            10.1420969,
            46.2331456
          ],
          [
            10.1420485,
            46.2331885
          ],
          [
            10.1420004,
            46.2332291
          ],
          [
            10.1419214,
            46.2332939
          ],
          [
            10.1414799,
            46.233653
          ],
          [
            10.1410064,
            46.2340399
          ],
          [
            10.1406641,
            46.2343236
          ],
          [
            10.1406095,
            46.2343746
          ],
          [
            10.1405606,
            46.2344221
          ],
          [
            10.1405139,
            46.2344721
          ],
          [
            10.1404617,
            46.2345313
          ],
          [
            10.1404144,
            46.2345898
          ],
          [
            10.1403671,
            46.2346437
          ],
          [
            10.1402924,
            46.2347271
          ],
          [
            10.0370061,
            46.373436
          ],
          [
            10.0371028,
            46.3735119
          ],
          [
            10.0371772,
            46.3735794
          ],
          [
            10.0372372,
            46.3736461
          ],
          [
            10.0372972,
            46.373725
          ],
          [
            10.0373439,
            46.3738002
          ],
          [
            10.0373884,
            46.3738784
          ],
          [
            10.0374417,
            46.374001
          ],
          [
            10.0374962,
            46.3741183
          ],
          [
            10.0375406,
            46.3741989
          ],
          [
            10.0375906,
            46.3742717
          ],
          [
            10.0376395,
            46.3743323
          ],
          [
            10.0377028,
            46.3743959
          ],
          [
            10.0377673,
            46.3744511
          ],
          [
            10.0379336,
            46.374577
          ],
          [
            10.0381884,
            46.3747549
          ],
          [
            10.0370061,
            46.373436
          ],
          [
            10.0364471,
            46.3730365
          ],
          [
            10.0363149,
            46.3729261
          ],
          [
            10.0361882,
            46.3728073
          ],
          [
            10.0359317,
            46.3725331
          ],
          [
            10.0433592,
            46.3650111
          ],
          [
            10.0437039,
            46.3647093
          ],
          [
            10.044008,
            46.36444
          ],
          [
            10.0442595,
            46.3642173
          ],
          [
            10.0448546,
            46.3636903
          ],
          [
            10.0452098,
            46.3633759
          ],
          [
            10.0452851,
            46.3633103
          ],
          [
            10.0453728,
            46.3632411
          ],
          [
            10.0454739,
            46.3631678
          ],
          [
            10.0455768,
            46.3630952
          ],
          [
            10.0456308,
            46.3630555
          ],
          [
            10.0456958,
            46.3630042
          ],
          [
            10.1633857,
            46.2161248
          ],
          [
            10.1634323,
            46.2161218
          ],
          [
            10.1638175,
            46.2161038
          ],
          [
            10.1641018,
            46.2160906
          ],
          [
            10.1642833,
            46.2160773
          ],
          [
            10.1645362,
            46.2160497
          ],
          [
            10.165576,
            46.2159164
          ],
          [
            10.1661068,
            46.2158474
          ],
          [
            10.1664396,
            46.2158042
          ],
          [
            10.1272973,
            46.2586588
          ],
          [
            10.1272431,
            46.2587628
          ],
          [
            10.1272196,
            46.2588022
          ],
          [
            10.1271809,
            46.2588603
          ],
          [
            10.1271447,
            46.2589092
          ],
          [
            10.1271076,
            46.2589577
          ],
          [
            10.1270644,
            46.2590061
          ],
          [
            10.1270446,
            46.2590286
          ],
          [
            10.1270263,
            46.2590466
          ],
          [
            10.1270007,
            46.2590705
          ],
          [
            10.1269779,
            46.2590895
          ],
          [
            10.1269603,
            46.2591023
          ],
          [
            10.1269392,
            46.2591173
          ],
          [
            10.1269212,
            46.2591288
          ],
          [
            10.1269019,
            46.2591397
          ],
          [
            10.1268741,
            46.2591551
          ],
          [
            10.1268513,
            46.2591661
          ],
          [
            10.1268268,
            46.2591764
          ],
          [
            10.1268049,
            46.2591851
          ],
          [
            10.1267746,
            46.2591954
          ],
          [
            10.1267411,
            46.2592053
          ],
          [
            10.1267152,
            46.2592122
          ],
          [
            10.1266762,
            46.2592204
          ],
          [
            10.1266351,
            46.259228
          ],
          [
            10.1265906,
            46.2592346
          ],
          [
            10.1265207,
            46.2592423
          ],
          [
            10.1264719,
            46.2592462
          ],
          [
            10.1260025,
            46.2592735
          ],
          [
            10.1259419,
            46.259277
          ],
          [
            10.1258583,
            46.2592812
          ],
          [
            10.1257832,
            46.2592818
          ],
          [
            10.1257001,
            46.25928
          ],
          [
            10.1256305,
            46.2592768
          ],
          [
            10.125564,
            46.2592724
          ],
          [
            10.1253197,
            46.2592558
          ],
          [
            10.1252503,
            46.2592509
          ],
          [
            10.1251593,
            46.2592444
          ],
          [
            10.1250044,
            46.2592334
          ],
          [
            10.1249414,
            46.2592308
          ],
          [
            10.1249204,
            46.2592299
          ],
          [
            10.1248374,
            46.2592273
          ],
          [
            10.1247587,
            46.2592266
          ],
          [
            10.1246861,
            46.2592253
          ],
          [
            10.1245919,
            46.2592216
          ],
          [
            10.1244923,
            46.2592143
          ],
          [
            10.1243858,
            46.2592063
          ],
          [
            10.0565621,
            46.3193106
          ],
          [
            10.0565191,
            46.3194143
          ],
          [
            10.0564894,
            46.3194826
          ],
          [
            10.0564227,
            46.319632
          ],
          [
            10.0563871,
            46.3197102
          ],
          [
            10.0563562,
            46.3197849
          ],
          [
            10.0562952,
            46.3199413
          ],
          [
            10.0562412,
            46.3201035
          ],
          [
            10.056011,
            46.3207929
          ],
          [
            10.0559153,
            46.321078
          ],
          [
            10.0559015,
            46.3211201
          ],
          [
            10.0558752,
            46.3211989
          ],
          [
            10.0558479,
            46.3212726
          ],
          [
            10.0558222,
            46.3213336
          ],
          [
            10.0557865,
            46.321409
          ],
          [
            10.0557474,
            46.3214813
          ],
          [
            10.0557093,
            46.3215428
          ],
          [
            10.0556579,
            46.3216157
          ],
          [
            10.0556143,
            46.3216721
          ],
          [
            10.0555731,
            46.3217197
          ],
          [
            10.0555087,
            46.3217902
          ],
          [
            10.0554132,
            46.3218793
          ],
          [
            10.0553364,
            46.3219462
          ],
          [
            10.055196,
            46.3220657
          ],
          [
            10.0551417,
            46.3221116
          ],
          [
            10.0550825,
            46.3221641
          ],
          [
            10.0550238,
            46.3222188
          ],
          [
            10.0549727,
            46.3222702
          ],
          [
            10.0549311,
            46.3223138
          ],
          [
            10.0548811,
            46.3223717
          ],
          [
            10.0548472,
            46.3224127
          ],
          [
            10.0548105,
            46.322458
          ],
          [
            10.0547468,
            46.3225469
          ],
          [
            10.0541206,
            46.3266864
          ],
          [
            10.0540937,
            46.3272869
          ],
          [
            10.054091,
            46.3273593
          ],
          [
            10.0540889,
            46.3274553
          ],
          [
            10.0540942,
            46.3275385
          ],
          [
            10.0541055,
            46.3276195
          ],
          [
            10.0541231,
            46.3276867
          ],
          [
            10.0541394,
            46.3277356
          ],
          [
            10.0541647,
            46.3277917
          ],
          [
            10.0541916,
            46.3278462
          ],
          [
            10.0542223,
            46.3279028
          ],
          [
            10.0542645,
            46.3279634
          ],
          [
            10.0543508,
            46.3280923
          ],
          [
            10.0544135,
            46.3281974
          ],
          [
            10.0544467,
            46.328264
          ],
          [
            10.0544705,
            46.3283266
          ],
          [
            10.0544832,
            46.3283721
          ],
          [
            10.0544949,
            46.3284318
          ],
          [
            10.0545008,
            46.3284773
          ],
          [
            10.0545044,
            46.3285192
          ],
          [
            10.0545042,
            46.3285801
          ],
          [
            10.0544963,
            46.328651
          ],
          [
            10.0544809,
            46.3287223
          ],
          [
            10.0544595,
            46.3287917
          ],
          [
            10.0544304,
            46.3288592
          ],
          [
            10.0544044,
            46.328912
          ],
          [
            10.0543769,
            46.3289603
          ],
          [
            10.0542108,
            46.329229
          ],
          [
            10.0541579,
            46.3293271
          ],
          [
            10.0540965,
            46.3294404
          ],
          [
            10.054052,
            46.3295315
          ],
          [
            10.0539958,
            46.3296605
          ],
          [
            10.0539459,
            46.3297819
          ],
          [
            10.053901,
            46.3298852
          ],
          [
            10.0538477,
            46.3300032
          ],
          [
            10.053797,
            46.330099
          ],
          [
            10.053371,
            46.3308854
          ],
          [
            10.0533273,
            46.3309724
          ],
          [
            10.053287,
            46.331057
          ],
          [
            10.0532573,
            46.3311369
          ],
          [
            10.0532375,
            46.331209
          ],
          [
            10.053223,
            46.331291
          ],
          [
            10.0532126,
            46.3313724
          ],
          [
            10.0532106,
            46.3314473
          ],
          [
            10.0532184,
            46.3315297
          ],
          [
            10.0532285,
            46.3315953
          ],
          [
            10.053241,
            46.3316504
          ],
          [
            10.0532567,
            46.3317111
          ],
          [
            10.0532843,
            46.3317831
          ],
          [
            10.0533273,
            46.331881
          ],
          [
            10.0534294,
            46.3321064
          ],
          [
            10.053504,
            46.3322683
          ],
          [
            10.0535708,
            46.3324143
          ],
          [
            10.0536739,
            46.3326443
          ],
          [
            10.0537362,
            46.3327757
          ],
          [
            10.0537855,
            46.3328802
          ],
          [
            10.053801,
            46.332913
          ],
          [
            10.0538317,
            46.3329752
          ],
          [
            10.0538665,
            46.3330374
          ],
          [
            10.053906,
            46.3330941
          ],
          [
            10.0539506,
            46.3331516
          ],
          [
            10.0539955,
            46.3331968
          ],
          [
            10.054032,
            46.3332303
          ],
          [
            10.0540753,
            46.3332639
          ],
          [
            10.0541309,
            46.3332989
          ],
          [
            10.0541849,
            46.3333273
          ],
          [
            10.0542343,
            46.333352
          ],
          [
            10.0544039,
            46.3334156
          ],
          [
            10.054583,
            46.3334697
          ],
          [
            10.0547285,
            46.3335146
          ],
          [
            10.0548301,
            46.3335477
          ],
          [
            10.0549372,
            46.3335911
          ],
          [
            10.0550318,
            46.3336378
          ],
          [
            10.0551238,
            46.3336918
          ],
          [
            10.0552048,
            46.3337538
          ],
          [
            10.0552386,
            46.3337837
          ],
          [
            10.0552946,
            46.3338418
          ],
          [
            10.0553434,
            46.3339033
          ],
          [
            10.055402,
            46.3339892
          ],
          [
            10.0554621,
            46.3340957
          ],
          [
            10.0556884,
            46.3344768
          ],
          [
            10.0326607,
            46.3738742
          ],
          [
            10.0327152,
            46.3738498
          ],
          [
            10.0327686,
            46.3738171
          ],
          [
            10.0328305,
            46.3737713
          ],
          [
            10.0328615,
            46.373741
          ],
          [
            10.0328872,
            46.3737084
          ],
          [
            10.0329138,
            46.3736688
          ],
          [
            10.0329306,
            46.3736287
          ],
          [
            10.0329487,
            46.3735684
          ],
          [
            10.032953,
            46.3735318
          ],
          [
            10.0329522,
            46.3735003
          ],
          [
            10.0329458,
            46.3734447
          ],
          [
            10.032934,
            46.3733927
          ],
          [
            10.0329079,
            46.3733351
          ],
          [
            10.0328628,
            46.3732744
          ],
          [
            10.0328148,
            46.3732268
          ],
          [
            10.0327726,
            46.3731967
          ],
          [
            10.0327278,
            46.373168
          ],
          [
            10.0326477,
            46.3731301
          ],
          [
            10.0325652,
            46.3731026
          ],
          [
            10.0324639,
            46.3730811
          ],
          [
            10.0324003,
            46.3730745
          ],
          [
            10.0323384,
            46.3730727
          ],
          [
            10.0322555,
            46.3730772
          ],
          [
            10.0321758,
            46.3730905
          ],
          [
            10.0321031,
            46.3731085
          ],
          [
            10.0320252,
            46.3731358
          ],
          [
            10.0319508,
            46.3731691
          ],
          [
            10.031879,
            46.3732084
          ],
          [
            10.0318203,
            46.3732467
          ],
          [
            10.0317645,
            46.3732874
          ],
          [
            10.0316974,
            46.373344
          ],
          [
            10.0316349,
            46.3734009
          ],
          [
            10.0315844,
            46.3734488
          ],
          [
            10.0314106,
            46.3735959
          ],
          [
            10.0326607,
            46.3738742
          ],
          [
            10.032616,
            46.3738907
          ],
          [
            10.0325663,
            46.3739066
          ],
          [
            10.032511,
            46.3739217
          ],
          [
            10.0324445,
            46.3739371
          ],
          [
            10.0323786,
            46.3739502
          ],
          [
            10.0322971,
            46.3739666
          ],
          [
            10.0322247,
            46.3739818
          ],
          [
            10.0321667,
            46.3739957
          ],
          [
            10.0321042,
            46.3740142
          ],
          [
            10.0320421,
            46.374036
          ],
          [
            10.0319917,
            46.374058
          ],
          [
            10.0319493,
            46.3740792
          ],
          [
            10.0319102,
            46.3741021
          ],
          [
            10.0318781,
            46.3741231
          ],
          [
            10.0318489,
            46.3741447
          ],
          [
            10.0318201,
            46.3741668
          ],
          [
            10.0317777,
            46.374208
          ],
          [
            10.0314699,
            46.3745143
          ],
          [
            10.0309492,
            46.3750323
          ],
          [
            10.0308916,
            46.375085
          ],
          [
            10.0308149,
            46.3751484
          ],
          [
            10.0306614,
            46.3752617
          ],
          [
            10.0306166,
            46.375298
          ],
          [
            10.030539,
            46.3753643
          ],
          [
            9.99183,
            46.4356778
          ],
          [
            9.9917489,
            46.435779
          ],
          [
            9.9916379,
            46.4359185
          ],
          [
            9.9915672,
            46.4360072
          ],
          [
            9.9914998,
            46.4360965
          ],
          [
            9.9914594,
            46.4361519
          ],
          [
            9.9914231,
            46.4362035
          ],
          [
            9.9913898,
            46.4362584
          ],
          [
            9.9913635,
            46.4363066
          ],
          [
            9.9913396,
            46.4363542
          ],
          [
            9.9913105,
            46.4364185
          ],
          [
            9.9912905,
            46.4364737
          ],
          [
            9.9912728,
            46.4365293
          ],
          [
            9.9912618,
            46.4365806
          ],
          [
            9.9912488,
            46.4366509
          ],
          [
            9.991242,
            46.4367116
          ],
          [
            9.991237,
            46.4367876
          ],
          [
            9.9912383,
            46.4369705
          ],
          [
            9.9912398,
            46.4370795
          ],
          [
            9.9912406,
            46.4371485
          ],
          [
            9.9912415,
            46.4372136
          ],
          [
            9.9912405,
            46.4372849
          ],
          [
            9.9912372,
            46.4373487
          ],
          [
            9.9912291,
            46.4374231
          ],
          [
            9.9912175,
            46.4374927
          ],
          [
            9.9912024,
            46.4375554
          ],
          [
            9.9911821,
            46.4376193
          ],
          [
            9.9911576,
            46.4376843
          ],
          [
            9.9911322,
            46.4377386
          ],
          [
            9.9911079,
            46.4377853
          ],
          [
            9.9910801,
            46.4378326
          ],
          [
            9.9909948,
            46.4379548
          ],
          [
            9.9713976,
            46.4446965
          ],
          [
            9.9711361,
            46.4447592
          ],
          [
            9.9709279,
            46.4448088
          ],
          [
            9.9708098,
            46.4448315
          ],
          [
            9.9707012,
            46.4448488
          ],
          [
            9.9705891,
            46.4448642
          ],
          [
            9.9700934,
            46.4449172
          ],
          [
            9.9697188,
            46.4449577
          ],
          [
            9.9696778,
            46.4449627
          ],
          [
            9.9693563,
            46.445005
          ],
          [
            9.9692022,
            46.4450308
          ],
          [
            9.9691147,
            46.4450473
          ],
          [
            9.9690312,
            46.4450659
          ],
          [
            9.9688862,
            46.4451054
          ],
          [
            9.9687548,
            46.4451502
          ],
          [
            9.9686177,
            46.4452041
          ],
          [
            9.9685001,
            46.4452605
          ],
          [
            9.968387,
            46.4453205
          ],
          [
            9.9681534,
            46.445459
          ],
          [
            9.9680879,
            46.4454986
          ],
          [
            9.968023,
            46.4455434
          ],
          [
            9.9679727,
            46.4455843
          ],
          [
            9.9679276,
            46.445628
          ],
          [
            9.9678525,
            46.4457064
          ],
          [
            9.9373056,
            46.452487
          ],
          [
            9.9371709,
            46.4527303
          ],
          [
            9.9370539,
            46.4529246
          ],
          [
            9.9369104,
            46.4531154
          ],
          [
            9.9367159,
            46.4533472
          ],
          [
            9.9355398,
            46.454645
          ],
          [
            9.9354057,
            46.4547816
          ],
          [
            9.9352623,
            46.4549141
          ],
          [
            9.9350957,
            46.4550666
          ]
        ]
      }
    }
  ]
}
