{
  "type": "FeatureCollection",
  "properties": {
    "dayNumber": 23,
    "title": "Liechtenstein"
  },
  "features": [
    {
      "type": "Feature",
      "properties": {
        "mode": "drive",
        "fromStopIndex": 0,
        "toStopIndex": 2,
        "fromName": "Munich",
        "toName": "Munich",
        "waypointNames": [
          "Munich",
          "Vaduz — Liechtenstein",
          "Munich"
        ],
        "distanceMeters": 537824.2,
        "durationSeconds": 18625.0
      },
      "geometry": {
        "type": "LineString",
        "coordinates": [
          [
            11.788747,
            48.355034
          ],
          [
            11.787194,
            48.354937
          ],
          [
            11.787036,
            48.354949
          ],
          [
            11.786913,
            48.355
          ],
          [
            11.786808,
            48.355631
          ],
          [
            11.786802,
            48.35567
          ],
          [
            11.78676,
            48.355903
          ],
          [
            11.786747,
            48.355991
          ],
          [
            11.786656,
            48.356539
          ],
          [
            11.786535,
            48.357189
          ],
          [
            11.786474,
            48.357525
          ],
          [
            11.786458,
            48.357606
          ],
          [
            11.786424,
            48.357755
          ],
          [
            11.786415,
            48.35781
          ],
          [
            11.786391,
            48.357907
          ],
          [
            11.78636,
            48.358054
          ],
          [
            11.786353,
            48.358227
          ],
          [
            11.786405,
            48.358455
          ],
          [
            11.786546,
            48.358698
          ],
          [
            11.786587,
            48.358769
          ],
          [
            11.786634,
            48.359007
          ],
          [
            11.786611,
            48.359214
          ],
          [
            11.786544,
            48.359326
          ],
          [
            11.786404,
            48.359437
          ],
          [
            11.786186,
            48.359514
          ],
          [
            11.785738,
            48.359565
          ],
          [
            11.783145,
            48.359355
          ],
          [
            11.78101,
            48.359105
          ],
          [
            11.778963,
            48.358865
          ],
          [
            11.778682,
            48.358794
          ],
          [
            11.778107,
            48.358766
          ],
          [
            11.777754,
            48.358739
          ],
          [
            11.777359,
            48.358707
          ],
          [
            11.776498,
            48.358638
          ],
          [
            11.776081,
            48.358594
          ],
          [
            11.775856,
            48.358549
          ],
          [
            11.775638,
            48.358486
          ],
          [
            11.775261,
            48.358314
          ],
          [
            11.774954,
            48.35811
          ],
          [
            11.774695,
            48.357877
          ],
          [
            11.774588,
            48.357733
          ],
          [
            11.774454,
            48.357433
          ],
          [
            11.774404,
            48.357156
          ],
          [
            11.774397,
            48.356982
          ],
          [
            11.77441,
            48.356507
          ],
          [
            11.774415,
            48.356253
          ],
          [
            11.774403,
            48.356089
          ],
          [
            11.774338,
            48.355777
          ],
          [
            11.774189,
            48.355413
          ],
          [
            11.774057,
            48.355196
          ],
          [
            11.773836,
            48.354902
          ],
          [
            11.773678,
            48.354741
          ],
          [
            11.773448,
            48.354536
          ],
          [
            11.773076,
            48.354289
          ],
          [
            11.772783,
            48.354118
          ],
          [
            11.772397,
            48.353938
          ],
          [
            11.772066,
            48.353821
          ],
          [
            11.771655,
            48.353718
          ],
          [
            11.771075,
            48.353615
          ],
          [
            11.769872,
            48.35346
          ],
          [
            11.766884,
            48.353134
          ],
          [
            11.76662,
            48.353107
          ],
          [
            11.764607,
            48.352902
          ],
          [
            11.763529,
            48.352781
          ],
          [
            11.760545,
            48.352508
          ],
          [
            11.758386,
            48.352344
          ],
          [
            11.750669,
            48.351758
          ],
          [
            11.748142,
            48.351558
          ],
          [
            11.746617,
            48.351442
          ],
          [
            11.743882,
            48.351225
          ],
          [
            11.741673,
            48.351057
          ],
          [
            11.740505,
            48.350959
          ],
          [
            11.740043,
            48.350922
          ],
          [
            11.739108,
            48.350845
          ],
          [
            11.737692,
            48.35074
          ],
          [
            11.736578,
            48.350691
          ],
          [
            11.736188,
            48.350688
          ],
          [
            11.73557,
            48.350708
          ],
          [
            11.734655,
            48.350763
          ],
          [
            11.733607,
            48.350896
          ],
          [
            11.732038,
            48.351167
          ],
          [
            11.73118,
            48.351294
          ],
          [
            11.730487,
            48.351356
          ],
          [
            11.72977,
            48.351367
          ],
          [
            11.729385,
            48.351349
          ],
          [
            11.728586,
            48.351259
          ],
          [
            11.727804,
            48.351098
          ],
          [
            11.727397,
            48.350982
          ],
          [
            11.726978,
            48.350841
          ],
          [
            11.726353,
            48.350574
          ],
          [
            11.725856,
            48.350301
          ],
          [
            11.725567,
            48.350115
          ],
          [
            11.725352,
            48.349949
          ],
          [
            11.72445,
            48.349081
          ],
          [
            11.723914,
            48.348637
          ],
          [
            11.723293,
            48.348239
          ],
          [
            11.723089,
            48.348131
          ],
          [
            11.72286,
            48.347984
          ],
          [
            11.720943,
            48.347095
          ],
          [
            11.720344,
            48.346785
          ],
          [
            11.718351,
            48.345618
          ],
          [
            11.717109,
            48.344801
          ],
          [
            11.716634,
            48.344448
          ],
          [
            11.715641,
            48.343655
          ],
          [
            11.715064,
            48.34315
          ],
          [
            11.713695,
            48.341889
          ],
          [
            11.712599,
            48.340867
          ],
          [
            11.711935,
            48.340284
          ],
          [
            11.710494,
            48.339123
          ],
          [
            11.709383,
            48.338342
          ],
          [
            11.708058,
            48.337522
          ],
          [
            11.707346,
            48.337124
          ],
          [
            11.706615,
            48.33674
          ],
          [
            11.70505,
            48.336023
          ],
          [
            11.70338,
            48.335359
          ],
          [
            11.702318,
            48.334983
          ],
          [
            11.70153,
            48.334739
          ],
          [
            11.70068,
            48.334494
          ],
          [
            11.700262,
            48.334389
          ],
          [
            11.699534,
            48.334205
          ],
          [
            11.697461,
            48.333767
          ],
          [
            11.696416,
            48.333592
          ],
          [
            11.696041,
            48.333532
          ],
          [
            11.694688,
            48.333364
          ],
          [
            11.693713,
            48.333256
          ],
          [
            11.692299,
            48.333139
          ],
          [
            11.690867,
            48.333042
          ],
          [
            11.687806,
            48.33293
          ],
          [
            11.684961,
            48.332893
          ],
          [
            11.679545,
            48.332856
          ],
          [
            11.676696,
            48.332779
          ],
          [
            11.675085,
            48.332709
          ],
          [
            11.674269,
            48.332668
          ],
          [
            11.67129,
            48.332465
          ],
          [
            11.667515,
            48.33209
          ],
          [
            11.666152,
            48.331926
          ],
          [
            11.664508,
            48.331707
          ],
          [
            11.662191,
            48.331368
          ],
          [
            11.660806,
            48.33113
          ],
          [
            11.657874,
            48.330583
          ],
          [
            11.656519,
            48.330304
          ],
          [
            11.653601,
            48.329633
          ],
          [
            11.65198,
            48.329233
          ],
          [
            11.650613,
            48.328872
          ],
          [
            11.649488,
            48.328556
          ],
          [
            11.646986,
            48.327812
          ],
          [
            11.645248,
            48.327257
          ],
          [
            11.643787,
            48.326761
          ],
          [
            11.641711,
            48.326021
          ],
          [
            11.640135,
            48.325419
          ],
          [
            11.638557,
            48.324783
          ],
          [
            11.637433,
            48.324313
          ],
          [
            11.636292,
            48.32381
          ],
          [
            11.636044,
            48.323678
          ],
          [
            11.634739,
            48.323087
          ],
          [
            11.630885,
            48.321245
          ],
          [
            11.620358,
            48.316171
          ],
          [
            11.618007,
            48.315054
          ],
          [
            11.61414,
            48.313196
          ],
          [
            11.613257,
            48.312758
          ],
          [
            11.60969,
            48.311032
          ],
          [
            11.583864,
            48.298587
          ],
          [
            11.581499,
            48.297447
          ],
          [
            11.579078,
            48.296278
          ],
          [
            11.577094,
            48.295315
          ],
          [
            11.568857,
            48.29134
          ],
          [
            11.566628,
            48.290223
          ],
          [
            11.563533,
            48.288549
          ],
          [
            11.562493,
            48.287954
          ],
          [
            11.561019,
            48.287077
          ],
          [
            11.558835,
            48.285706
          ],
          [
            11.557552,
            48.284862
          ],
          [
            11.55628,
            48.283993
          ],
          [
            11.554835,
            48.282955
          ],
          [
            11.55344,
            48.281912
          ],
          [
            11.552423,
            48.281126
          ],
          [
            11.551125,
            48.280074
          ],
          [
            11.550223,
            48.27932
          ],
          [
            11.548732,
            48.278022
          ],
          [
            11.546939,
            48.276364
          ],
          [
            11.54528,
            48.274711
          ],
          [
            11.543738,
            48.273063
          ],
          [
            11.542223,
            48.271315
          ],
          [
            11.540772,
            48.269548
          ],
          [
            11.539582,
            48.267986
          ],
          [
            11.538431,
            48.266401
          ],
          [
            11.538101,
            48.265907
          ],
          [
            11.538016,
            48.265775
          ],
          [
            11.537434,
            48.264877
          ],
          [
            11.536881,
            48.263973
          ],
          [
            11.535917,
            48.262305
          ],
          [
            11.535317,
            48.261192
          ],
          [
            11.534738,
            48.260033
          ],
          [
            11.534357,
            48.259203
          ],
          [
            11.53399,
            48.258343
          ],
          [
            11.533654,
            48.257471
          ],
          [
            11.53332,
            48.25648
          ],
          [
            11.533111,
            48.25574
          ],
          [
            11.532937,
            48.255024
          ],
          [
            11.532788,
            48.254284
          ],
          [
            11.532619,
            48.253167
          ],
          [
            11.532555,
            48.25244
          ],
          [
            11.532527,
            48.252062
          ],
          [
            11.532523,
            48.251969
          ],
          [
            11.532504,
            48.251461
          ],
          [
            11.532512,
            48.250274
          ],
          [
            11.532597,
            48.249177
          ],
          [
            11.532752,
            48.248048
          ],
          [
            11.532912,
            48.247196
          ],
          [
            11.533091,
            48.246444
          ],
          [
            11.533287,
            48.245738
          ],
          [
            11.5337,
            48.24449
          ],
          [
            11.534119,
            48.24345
          ],
          [
            11.534592,
            48.242459
          ],
          [
            11.535116,
            48.241477
          ],
          [
            11.535735,
            48.240415
          ],
          [
            11.536845,
            48.238852
          ],
          [
            11.538225,
            48.23706
          ],
          [
            11.539081,
            48.235996
          ],
          [
            11.539248,
            48.235787
          ],
          [
            11.539723,
            48.235194
          ],
          [
            11.540464,
            48.234285
          ],
          [
            11.540765,
            48.233906
          ],
          [
            11.541294,
            48.233235
          ],
          [
            11.541882,
            48.232416
          ],
          [
            11.542225,
            48.231829
          ],
          [
            11.542424,
            48.231349
          ],
          [
            11.542569,
            48.230942
          ],
          [
            11.542672,
            48.230418
          ],
          [
            11.54271,
            48.230047
          ],
          [
            11.542697,
            48.229407
          ],
          [
            11.54265,
            48.229094
          ],
          [
            11.54258,
            48.228811
          ],
          [
            11.54247,
            48.228546
          ],
          [
            11.542218,
            48.228089
          ],
          [
            11.542042,
            48.227854
          ],
          [
            11.541824,
            48.227606
          ],
          [
            11.541613,
            48.227409
          ],
          [
            11.541307,
            48.227163
          ],
          [
            11.540969,
            48.22693
          ],
          [
            11.540475,
            48.22666
          ],
          [
            11.539969,
            48.226436
          ],
          [
            11.539582,
            48.2263
          ],
          [
            11.53914,
            48.22618
          ],
          [
            11.538671,
            48.226072
          ],
          [
            11.537693,
            48.225935
          ],
          [
            11.537049,
            48.22577
          ],
          [
            11.536116,
            48.225655
          ],
          [
            11.534526,
            48.225433
          ],
          [
            11.533836,
            48.225337
          ],
          [
            11.532807,
            48.225171
          ],
          [
            11.530429,
            48.224763
          ],
          [
            11.528824,
            48.224466
          ],
          [
            11.52769,
            48.224233
          ],
          [
            11.525137,
            48.223672
          ],
          [
            11.52284,
            48.223112
          ],
          [
            11.520405,
            48.222453
          ],
          [
            11.519913,
            48.222309
          ],
          [
            11.51837,
            48.221841
          ],
          [
            11.51665,
            48.22128
          ],
          [
            11.515544,
            48.220902
          ],
          [
            11.514243,
            48.22043
          ],
          [
            11.511617,
            48.219402
          ],
          [
            11.509588,
            48.218529
          ],
          [
            11.508453,
            48.218014
          ],
          [
            11.506445,
            48.217037
          ],
          [
            11.504947,
            48.216265
          ],
          [
            11.504239,
            48.215879
          ],
          [
            11.502497,
            48.214892
          ],
          [
            11.501148,
            48.214082
          ],
          [
            11.499107,
            48.212772
          ],
          [
            11.498573,
            48.212451
          ],
          [
            11.497242,
            48.21174
          ],
          [
            11.496671,
            48.211476
          ],
          [
            11.495641,
            48.211036
          ],
          [
            11.494589,
            48.210652
          ],
          [
            11.494054,
            48.210475
          ],
          [
            11.492785,
            48.210106
          ],
          [
            11.49208,
            48.209929
          ],
          [
            11.491462,
            48.209794
          ],
          [
            11.490074,
            48.209538
          ],
          [
            11.488765,
            48.209358
          ],
          [
            11.487626,
            48.209254
          ],
          [
            11.486907,
            48.209208
          ],
          [
            11.485876,
            48.209174
          ],
          [
            11.485129,
            48.209167
          ],
          [
            11.484324,
            48.209183
          ],
          [
            11.483509,
            48.209225
          ],
          [
            11.48205,
            48.209356
          ],
          [
            11.481044,
            48.209484
          ],
          [
            11.479528,
            48.209681
          ],
          [
            11.478632,
            48.209765
          ],
          [
            11.477544,
            48.20983
          ],
          [
            11.477074,
            48.209836
          ],
          [
            11.475881,
            48.209853
          ],
          [
            11.46965,
            48.209831
          ],
          [
            11.468767,
            48.209801
          ],
          [
            11.468327,
            48.209769
          ],
          [
            11.467457,
            48.209679
          ],
          [
            11.46671,
            48.209565
          ],
          [
            11.466094,
            48.209442
          ],
          [
            11.464889,
            48.209159
          ],
          [
            11.463729,
            48.208743
          ],
          [
            11.462505,
            48.208175
          ],
          [
            11.461804,
            48.207779
          ],
          [
            11.460159,
            48.206734
          ],
          [
            11.459039,
            48.206123
          ],
          [
            11.458224,
            48.205732
          ],
          [
            11.457032,
            48.205296
          ],
          [
            11.455691,
            48.204996
          ],
          [
            11.454845,
            48.204846
          ],
          [
            11.453998,
            48.204746
          ],
          [
            11.452955,
            48.204662
          ],
          [
            11.451137,
            48.204563
          ],
          [
            11.446241,
            48.204415
          ],
          [
            11.44485,
            48.204336
          ],
          [
            11.444241,
            48.204273
          ],
          [
            11.443587,
            48.204177
          ],
          [
            11.442592,
            48.203967
          ],
          [
            11.441817,
            48.203742
          ],
          [
            11.44097,
            48.203437
          ],
          [
            11.440285,
            48.203123
          ],
          [
            11.439508,
            48.202688
          ],
          [
            11.438815,
            48.202255
          ],
          [
            11.438228,
            48.201776
          ],
          [
            11.437698,
            48.201165
          ],
          [
            11.437231,
            48.200535
          ],
          [
            11.436856,
            48.199876
          ],
          [
            11.436658,
            48.199327
          ],
          [
            11.436504,
            48.198634
          ],
          [
            11.436464,
            48.198059
          ],
          [
            11.436534,
            48.197233
          ],
          [
            11.436635,
            48.196718
          ],
          [
            11.437338,
            48.193842
          ],
          [
            11.437494,
            48.192899
          ],
          [
            11.437581,
            48.191881
          ],
          [
            11.437562,
            48.190699
          ],
          [
            11.437313,
            48.189131
          ],
          [
            11.437175,
            48.188599
          ],
          [
            11.436967,
            48.187988
          ],
          [
            11.436743,
            48.187368
          ],
          [
            11.436485,
            48.186785
          ],
          [
            11.436175,
            48.18616
          ],
          [
            11.435715,
            48.185411
          ],
          [
            11.435371,
            48.18488
          ],
          [
            11.43472,
            48.183944
          ],
          [
            11.434105,
            48.183145
          ],
          [
            11.433522,
            48.182416
          ],
          [
            11.432791,
            48.181548
          ],
          [
            11.432284,
            48.180979
          ],
          [
            11.430916,
            48.179537
          ],
          [
            11.430153,
            48.178789
          ],
          [
            11.428918,
            48.177637
          ],
          [
            11.427307,
            48.176263
          ],
          [
            11.425774,
            48.175033
          ],
          [
            11.424124,
            48.173795
          ],
          [
            11.423539,
            48.173377
          ],
          [
            11.422374,
            48.172523
          ],
          [
            11.42183,
            48.17215
          ],
          [
            11.421561,
            48.171949
          ],
          [
            11.419544,
            48.170524
          ],
          [
            11.415734,
            48.168041
          ],
          [
            11.411185,
            48.165294
          ],
          [
            11.405134,
            48.160542
          ],
          [
            11.401786,
            48.157838
          ],
          [
            11.399291,
            48.155654
          ],
          [
            11.397597,
            48.1541
          ],
          [
            11.397016,
            48.15354
          ],
          [
            11.396468,
            48.152943
          ],
          [
            11.39589,
            48.152231
          ],
          [
            11.395502,
            48.151672
          ],
          [
            11.395185,
            48.151173
          ],
          [
            11.394939,
            48.15072
          ],
          [
            11.394546,
            48.1498
          ],
          [
            11.394383,
            48.149355
          ],
          [
            11.394176,
            48.148661
          ],
          [
            11.394062,
            48.148161
          ],
          [
            11.393974,
            48.147608
          ],
          [
            11.393924,
            48.146766
          ],
          [
            11.393928,
            48.146222
          ],
          [
            11.393983,
            48.145518
          ],
          [
            11.394078,
            48.144795
          ],
          [
            11.394257,
            48.144175
          ],
          [
            11.394573,
            48.143256
          ],
          [
            11.395532,
            48.141226
          ],
          [
            11.396381,
            48.13954
          ],
          [
            11.396755,
            48.138847
          ],
          [
            11.397841,
            48.13677
          ],
          [
            11.398425,
            48.135679
          ],
          [
            11.400078,
            48.132683
          ],
          [
            11.400845,
            48.13144
          ],
          [
            11.401681,
            48.130029
          ],
          [
            11.401941,
            48.12965
          ],
          [
            11.402376,
            48.129139
          ],
          [
            11.402615,
            48.128831
          ],
          [
            11.403105,
            48.128336
          ],
          [
            11.403349,
            48.127917
          ],
          [
            11.403475,
            48.127541
          ],
          [
            11.403555,
            48.12706
          ],
          [
            11.403533,
            48.126723
          ],
          [
            11.403473,
            48.126411
          ],
          [
            11.403302,
            48.126043
          ],
          [
            11.402609,
            48.125011
          ],
          [
            11.402145,
            48.124462
          ],
          [
            11.401728,
            48.123927
          ],
          [
            11.401085,
            48.12317
          ],
          [
            11.400264,
            48.122263
          ],
          [
            11.399618,
            48.121669
          ],
          [
            11.399313,
            48.121423
          ],
          [
            11.398875,
            48.121109
          ],
          [
            11.398192,
            48.120648
          ],
          [
            11.397706,
            48.120375
          ],
          [
            11.397187,
            48.120113
          ],
          [
            11.396435,
            48.119766
          ],
          [
            11.395729,
            48.119485
          ],
          [
            11.394973,
            48.119215
          ],
          [
            11.393832,
            48.118851
          ],
          [
            11.393256,
            48.1187
          ],
          [
            11.392731,
            48.118561
          ],
          [
            11.390659,
            48.11812
          ],
          [
            11.390024,
            48.118
          ],
          [
            11.38858,
            48.117764
          ],
          [
            11.388051,
            48.117695
          ],
          [
            11.386965,
            48.117553
          ],
          [
            11.385831,
            48.11743
          ],
          [
            11.384992,
            48.117348
          ],
          [
            11.383961,
            48.117272
          ],
          [
            11.383657,
            48.117248
          ],
          [
            11.382962,
            48.117204
          ],
          [
            11.380962,
            48.117139
          ],
          [
            11.378545,
            48.117134
          ],
          [
            11.374444,
            48.117162
          ],
          [
            11.373457,
            48.117135
          ],
          [
            11.372366,
            48.117074
          ],
          [
            11.371396,
            48.116965
          ],
          [
            11.370029,
            48.116734
          ],
          [
            11.368805,
            48.11644
          ],
          [
            11.356844,
            48.112927
          ],
          [
            11.352025,
            48.111475
          ],
          [
            11.350498,
            48.110988
          ],
          [
            11.349601,
            48.110692
          ],
          [
            11.348559,
            48.110309
          ],
          [
            11.347642,
            48.109931
          ],
          [
            11.346526,
            48.109428
          ],
          [
            11.346083,
            48.109215
          ],
          [
            11.345135,
            48.108702
          ],
          [
            11.344422,
            48.108275
          ],
          [
            11.343846,
            48.107899
          ],
          [
            11.342798,
            48.107124
          ],
          [
            11.342622,
            48.106986
          ],
          [
            11.34239,
            48.106796
          ],
          [
            11.34106,
            48.105665
          ],
          [
            11.338518,
            48.103381
          ],
          [
            11.337155,
            48.102323
          ],
          [
            11.336917,
            48.102154
          ],
          [
            11.335527,
            48.101223
          ],
          [
            11.334762,
            48.10077
          ],
          [
            11.333284,
            48.09998
          ],
          [
            11.331954,
            48.099365
          ],
          [
            11.331542,
            48.09919
          ],
          [
            11.330622,
            48.098814
          ],
          [
            11.328727,
            48.098162
          ],
          [
            11.327379,
            48.097778
          ],
          [
            11.326111,
            48.097455
          ],
          [
            11.325697,
            48.097361
          ],
          [
            11.324413,
            48.097101
          ],
          [
            11.323416,
            48.096938
          ],
          [
            11.32235,
            48.096787
          ],
          [
            11.320772,
            48.096607
          ],
          [
            11.319258,
            48.096515
          ],
          [
            11.317889,
            48.09646
          ],
          [
            11.315698,
            48.09644
          ],
          [
            11.314929,
            48.09644
          ],
          [
            11.31407,
            48.096449
          ],
          [
            11.313376,
            48.096454
          ],
          [
            11.312511,
            48.096456
          ],
          [
            11.310905,
            48.096442
          ],
          [
            11.309706,
            48.09639
          ],
          [
            11.308935,
            48.09634
          ],
          [
            11.308567,
            48.09631
          ],
          [
            11.3071,
            48.096123
          ],
          [
            11.306014,
            48.095923
          ],
          [
            11.305371,
            48.095785
          ],
          [
            11.303901,
            48.095403
          ],
          [
            11.302777,
            48.09507
          ],
          [
            11.301955,
            48.094861
          ],
          [
            11.301671,
            48.094791
          ],
          [
            11.301154,
            48.094667
          ],
          [
            11.299888,
            48.094363
          ],
          [
            11.299029,
            48.094189
          ],
          [
            11.297279,
            48.093888
          ],
          [
            11.295952,
            48.093687
          ],
          [
            11.293078,
            48.093355
          ],
          [
            11.292181,
            48.093269
          ],
          [
            11.290215,
            48.093123
          ],
          [
            11.289606,
            48.09309
          ],
          [
            11.288367,
            48.093031
          ],
          [
            11.287745,
            48.093018
          ],
          [
            11.287037,
            48.09303
          ],
          [
            11.285963,
            48.093055
          ],
          [
            11.284842,
            48.093103
          ],
          [
            11.284094,
            48.09318
          ],
          [
            11.283529,
            48.093226
          ],
          [
            11.282736,
            48.093322
          ],
          [
            11.281529,
            48.093515
          ],
          [
            11.279111,
            48.093943
          ],
          [
            11.278139,
            48.094092
          ],
          [
            11.277124,
            48.09421
          ],
          [
            11.276262,
            48.094248
          ],
          [
            11.275422,
            48.094231
          ],
          [
            11.274721,
            48.094182
          ],
          [
            11.273923,
            48.094089
          ],
          [
            11.273359,
            48.093998
          ],
          [
            11.272757,
            48.09386
          ],
          [
            11.272043,
            48.093661
          ],
          [
            11.271236,
            48.09339
          ],
          [
            11.269639,
            48.092786
          ],
          [
            11.268346,
            48.092369
          ],
          [
            11.267775,
            48.092224
          ],
          [
            11.267178,
            48.092097
          ],
          [
            11.266573,
            48.091994
          ],
          [
            11.265886,
            48.091917
          ],
          [
            11.265073,
            48.091864
          ],
          [
            11.264243,
            48.091864
          ],
          [
            11.263412,
            48.09192
          ],
          [
            11.261597,
            48.092098
          ],
          [
            11.260704,
            48.092165
          ],
          [
            11.259545,
            48.092199
          ],
          [
            11.258516,
            48.092161
          ],
          [
            11.25578,
            48.091988
          ],
          [
            11.254886,
            48.091963
          ],
          [
            11.253997,
            48.091986
          ],
          [
            11.25312,
            48.092049
          ],
          [
            11.252369,
            48.092143
          ],
          [
            11.251441,
            48.092299
          ],
          [
            11.249857,
            48.092654
          ],
          [
            11.248748,
            48.092874
          ],
          [
            11.247652,
            48.093029
          ],
          [
            11.246957,
            48.093088
          ],
          [
            11.246206,
            48.093124
          ],
          [
            11.245327,
            48.093124
          ],
          [
            11.244953,
            48.093108
          ],
          [
            11.244298,
            48.093067
          ],
          [
            11.243496,
            48.092984
          ],
          [
            11.242505,
            48.092833
          ],
          [
            11.241564,
            48.092644
          ],
          [
            11.240239,
            48.092319
          ],
          [
            11.239084,
            48.092002
          ],
          [
            11.237969,
            48.091652
          ],
          [
            11.236482,
            48.091123
          ],
          [
            11.233361,
            48.089852
          ],
          [
            11.230326,
            48.088557
          ],
          [
            11.229225,
            48.08813
          ],
          [
            11.228334,
            48.08782
          ],
          [
            11.227182,
            48.087486
          ],
          [
            11.226099,
            48.087233
          ],
          [
            11.224974,
            48.08703
          ],
          [
            11.224081,
            48.086908
          ],
          [
            11.223037,
            48.086812
          ],
          [
            11.221981,
            48.086761
          ],
          [
            11.220088,
            48.086751
          ],
          [
            11.218133,
            48.08674
          ],
          [
            11.216709,
            48.086705
          ],
          [
            11.215835,
            48.086661
          ],
          [
            11.215348,
            48.08663
          ],
          [
            11.214608,
            48.086577
          ],
          [
            11.212955,
            48.086411
          ],
          [
            11.211007,
            48.086153
          ],
          [
            11.205539,
            48.085264
          ],
          [
            11.20441,
            48.085093
          ],
          [
            11.203449,
            48.084966
          ],
          [
            11.201878,
            48.084796
          ],
          [
            11.200398,
            48.084685
          ],
          [
            11.198879,
            48.084594
          ],
          [
            11.197655,
            48.084568
          ],
          [
            11.19494,
            48.084579
          ],
          [
            11.188173,
            48.08464
          ],
          [
            11.186157,
            48.084628
          ],
          [
            11.185012,
            48.084599
          ],
          [
            11.182974,
            48.084502
          ],
          [
            11.181174,
            48.084357
          ],
          [
            11.180035,
            48.084234
          ],
          [
            11.179103,
            48.084122
          ],
          [
            11.177385,
            48.083875
          ],
          [
            11.174088,
            48.083341
          ],
          [
            11.171662,
            48.082971
          ],
          [
            11.170183,
            48.082818
          ],
          [
            11.169461,
            48.082776
          ],
          [
            11.168847,
            48.082753
          ],
          [
            11.168238,
            48.08275
          ],
          [
            11.16734,
            48.082779
          ],
          [
            11.167089,
            48.082795
          ],
          [
            11.16639,
            48.082846
          ],
          [
            11.165034,
            48.083007
          ],
          [
            11.164038,
            48.083199
          ],
          [
            11.163091,
            48.083426
          ],
          [
            11.162801,
            48.083496
          ],
          [
            11.160739,
            48.084122
          ],
          [
            11.159556,
            48.084447
          ],
          [
            11.158986,
            48.084573
          ],
          [
            11.158383,
            48.084687
          ],
          [
            11.157205,
            48.084855
          ],
          [
            11.156053,
            48.084947
          ],
          [
            11.155104,
            48.084972
          ],
          [
            11.153939,
            48.084949
          ],
          [
            11.152779,
            48.084868
          ],
          [
            11.151664,
            48.084748
          ],
          [
            11.151442,
            48.084716
          ],
          [
            11.150449,
            48.084559
          ],
          [
            11.149441,
            48.084371
          ],
          [
            11.148779,
            48.084217
          ],
          [
            11.148262,
            48.084089
          ],
          [
            11.147087,
            48.083748
          ],
          [
            11.146564,
            48.083583
          ],
          [
            11.145935,
            48.083361
          ],
          [
            11.14477,
            48.082897
          ],
          [
            11.144152,
            48.082618
          ],
          [
            11.141135,
            48.081102
          ],
          [
            11.139926,
            48.080535
          ],
          [
            11.139314,
            48.08028
          ],
          [
            11.138679,
            48.08004
          ],
          [
            11.137923,
            48.079785
          ],
          [
            11.137173,
            48.079576
          ],
          [
            11.136354,
            48.079379
          ],
          [
            11.135431,
            48.079201
          ],
          [
            11.134267,
            48.079043
          ],
          [
            11.133611,
            48.07898
          ],
          [
            11.131326,
            48.078824
          ],
          [
            11.129214,
            48.078747
          ],
          [
            11.128236,
            48.078696
          ],
          [
            11.127816,
            48.078676
          ],
          [
            11.124112,
            48.078471
          ],
          [
            11.121635,
            48.078297
          ],
          [
            11.120031,
            48.078168
          ],
          [
            11.117424,
            48.077836
          ],
          [
            11.115648,
            48.077595
          ],
          [
            11.113638,
            48.077231
          ],
          [
            11.112128,
            48.076854
          ],
          [
            11.110023,
            48.076315
          ],
          [
            11.108775,
            48.076035
          ],
          [
            11.108489,
            48.075982
          ],
          [
            11.107219,
            48.075772
          ],
          [
            11.106077,
            48.075636
          ],
          [
            11.104736,
            48.075543
          ],
          [
            11.103424,
            48.075502
          ],
          [
            11.101172,
            48.075461
          ],
          [
            11.1,
            48.075414
          ],
          [
            11.098556,
            48.075312
          ],
          [
            11.097679,
            48.075216
          ],
          [
            11.096427,
            48.075053
          ],
          [
            11.095527,
            48.074908
          ],
          [
            11.09428,
            48.074677
          ],
          [
            11.091466,
            48.074105
          ],
          [
            11.090236,
            48.073894
          ],
          [
            11.088594,
            48.073672
          ],
          [
            11.08778,
            48.073588
          ],
          [
            11.086782,
            48.073506
          ],
          [
            11.083163,
            48.07325
          ],
          [
            11.08135,
            48.07307
          ],
          [
            11.080108,
            48.072905
          ],
          [
            11.079221,
            48.072769
          ],
          [
            11.077943,
            48.072548
          ],
          [
            11.074214,
            48.071818
          ],
          [
            11.072888,
            48.071576
          ],
          [
            11.07193,
            48.071422
          ],
          [
            11.071,
            48.071298
          ],
          [
            11.069717,
            48.071163
          ],
          [
            11.068447,
            48.071072
          ],
          [
            11.067637,
            48.07103
          ],
          [
            11.066119,
            48.070987
          ],
          [
            11.065052,
            48.070984
          ],
          [
            11.063945,
            48.071006
          ],
          [
            11.063507,
            48.071023
          ],
          [
            11.062351,
            48.071108
          ],
          [
            11.061216,
            48.071232
          ],
          [
            11.060482,
            48.07133
          ],
          [
            11.059423,
            48.071505
          ],
          [
            11.057785,
            48.07188
          ],
          [
            11.05312,
            48.073159
          ],
          [
            11.051552,
            48.073538
          ],
          [
            11.050198,
            48.073819
          ],
          [
            11.049404,
            48.073959
          ],
          [
            11.048758,
            48.074056
          ],
          [
            11.047409,
            48.074213
          ],
          [
            11.045906,
            48.074319
          ],
          [
            11.045206,
            48.074341
          ],
          [
            11.043883,
            48.074348
          ],
          [
            11.043325,
            48.074334
          ],
          [
            11.041933,
            48.074252
          ],
          [
            11.041041,
            48.074161
          ],
          [
            11.040044,
            48.074036
          ],
          [
            11.039001,
            48.073865
          ],
          [
            11.038386,
            48.073751
          ],
          [
            11.037679,
            48.073598
          ],
          [
            11.036548,
            48.073318
          ],
          [
            11.035406,
            48.072977
          ],
          [
            11.034795,
            48.072772
          ],
          [
            11.033646,
            48.072343
          ],
          [
            11.033033,
            48.072087
          ],
          [
            11.03212,
            48.071663
          ],
          [
            11.031315,
            48.071266
          ],
          [
            11.028317,
            48.069737
          ],
          [
            11.027995,
            48.069571
          ],
          [
            11.024128,
            48.067591
          ],
          [
            11.02286,
            48.067033
          ],
          [
            11.022176,
            48.066777
          ],
          [
            11.021419,
            48.066527
          ],
          [
            11.020735,
            48.066329
          ],
          [
            11.019464,
            48.066035
          ],
          [
            11.018163,
            48.06582
          ],
          [
            11.017461,
            48.06574
          ],
          [
            11.016734,
            48.065681
          ],
          [
            11.015964,
            48.065646
          ],
          [
            11.015289,
            48.065637
          ],
          [
            11.014147,
            48.065657
          ],
          [
            11.010054,
            48.065947
          ],
          [
            11.008982,
            48.066021
          ],
          [
            11.00771,
            48.066084
          ],
          [
            11.006809,
            48.066113
          ],
          [
            11.005608,
            48.06612
          ],
          [
            11.004552,
            48.0661
          ],
          [
            11.003465,
            48.066048
          ],
          [
            11.002379,
            48.065971
          ],
          [
            11.00159,
            48.065891
          ],
          [
            10.999771,
            48.06565
          ],
          [
            10.999255,
            48.065562
          ],
          [
            10.997443,
            48.065206
          ],
          [
            10.996372,
            48.064962
          ],
          [
            10.994818,
            48.064574
          ],
          [
            10.992953,
            48.06406
          ],
          [
            10.991558,
            48.06364
          ],
          [
            10.984767,
            48.061369
          ],
          [
            10.982858,
            48.0608
          ],
          [
            10.980891,
            48.060295
          ],
          [
            10.977848,
            48.059664
          ],
          [
            10.975906,
            48.05933
          ],
          [
            10.974644,
            48.059173
          ],
          [
            10.973347,
            48.05905
          ],
          [
            10.973129,
            48.059031
          ],
          [
            10.971409,
            48.058943
          ],
          [
            10.968674,
            48.058767
          ],
          [
            10.964232,
            48.058409
          ],
          [
            10.957589,
            48.05804
          ],
          [
            10.954782,
            48.057799
          ],
          [
            10.952106,
            48.05749
          ],
          [
            10.949113,
            48.057016
          ],
          [
            10.946594,
            48.056535
          ],
          [
            10.943439,
            48.055834
          ],
          [
            10.942635,
            48.05569
          ],
          [
            10.941741,
            48.05556
          ],
          [
            10.940985,
            48.055485
          ],
          [
            10.940251,
            48.055434
          ],
          [
            10.939419,
            48.055417
          ],
          [
            10.938638,
            48.055424
          ],
          [
            10.937858,
            48.055469
          ],
          [
            10.937129,
            48.05553
          ],
          [
            10.936065,
            48.055664
          ],
          [
            10.934212,
            48.055922
          ],
          [
            10.932027,
            48.056137
          ],
          [
            10.92937,
            48.05628
          ],
          [
            10.927541,
            48.056279
          ],
          [
            10.923869,
            48.056136
          ],
          [
            10.922302,
            48.056142
          ],
          [
            10.920941,
            48.056229
          ],
          [
            10.919866,
            48.056391
          ],
          [
            10.918781,
            48.056613
          ],
          [
            10.915364,
            48.057381
          ],
          [
            10.914862,
            48.05747
          ],
          [
            10.913643,
            48.057625
          ],
          [
            10.913061,
            48.057674
          ],
          [
            10.912469,
            48.057702
          ],
          [
            10.91182,
            48.057719
          ],
          [
            10.911258,
            48.057714
          ],
          [
            10.910236,
            48.057676
          ],
          [
            10.909252,
            48.05759
          ],
          [
            10.908097,
            48.057452
          ],
          [
            10.907227,
            48.057356
          ],
          [
            10.906543,
            48.057284
          ],
          [
            10.905427,
            48.057187
          ],
          [
            10.90341,
            48.057075
          ],
          [
            10.901655,
            48.05703
          ],
          [
            10.900989,
            48.05703
          ],
          [
            10.899476,
            48.057048
          ],
          [
            10.898117,
            48.057106
          ],
          [
            10.897272,
            48.057155
          ],
          [
            10.896478,
            48.057218
          ],
          [
            10.895087,
            48.057359
          ],
          [
            10.893784,
            48.057527
          ],
          [
            10.892575,
            48.057726
          ],
          [
            10.890978,
            48.058043
          ],
          [
            10.889479,
            48.058375
          ],
          [
            10.888009,
            48.058781
          ],
          [
            10.88651,
            48.059241
          ],
          [
            10.885065,
            48.059745
          ],
          [
            10.883667,
            48.060287
          ],
          [
            10.882763,
            48.060676
          ],
          [
            10.881886,
            48.061099
          ],
          [
            10.87967,
            48.062265
          ],
          [
            10.878491,
            48.062925
          ],
          [
            10.877672,
            48.063356
          ],
          [
            10.876476,
            48.063916
          ],
          [
            10.875392,
            48.064333
          ],
          [
            10.874137,
            48.064777
          ],
          [
            10.872893,
            48.06515
          ],
          [
            10.872463,
            48.06526
          ],
          [
            10.871321,
            48.065519
          ],
          [
            10.870161,
            48.065727
          ],
          [
            10.869212,
            48.065867
          ],
          [
            10.868273,
            48.06597
          ],
          [
            10.867597,
            48.066028
          ],
          [
            10.866382,
            48.066088
          ],
          [
            10.86575,
            48.066096
          ],
          [
            10.864375,
            48.066085
          ],
          [
            10.86282,
            48.065987
          ],
          [
            10.861322,
            48.065821
          ],
          [
            10.860214,
            48.065656
          ],
          [
            10.859522,
            48.065536
          ],
          [
            10.858503,
            48.065335
          ],
          [
            10.857141,
            48.065026
          ],
          [
            10.855981,
            48.064724
          ],
          [
            10.85532,
            48.064534
          ],
          [
            10.85392,
            48.064067
          ],
          [
            10.853228,
            48.063797
          ],
          [
            10.852623,
            48.063524
          ],
          [
            10.852057,
            48.063246
          ],
          [
            10.851493,
            48.062938
          ],
          [
            10.851002,
            48.062645
          ],
          [
            10.850272,
            48.062144
          ],
          [
            10.849632,
            48.061637
          ],
          [
            10.849349,
            48.06138
          ],
          [
            10.848784,
            48.060816
          ],
          [
            10.848625,
            48.060647
          ],
          [
            10.848154,
            48.060128
          ],
          [
            10.847786,
            48.05967
          ],
          [
            10.847085,
            48.058717
          ],
          [
            10.846527,
            48.057859
          ],
          [
            10.845802,
            48.056636
          ],
          [
            10.844969,
            48.055165
          ],
          [
            10.844426,
            48.054224
          ],
          [
            10.844256,
            48.053961
          ],
          [
            10.843654,
            48.053109
          ],
          [
            10.843185,
            48.05252
          ],
          [
            10.842802,
            48.052094
          ],
          [
            10.842034,
            48.051325
          ],
          [
            10.841349,
            48.050723
          ],
          [
            10.841039,
            48.050466
          ],
          [
            10.840695,
            48.050199
          ],
          [
            10.840063,
            48.049747
          ],
          [
            10.839424,
            48.049317
          ],
          [
            10.838983,
            48.049045
          ],
          [
            10.837456,
            48.048219
          ],
          [
            10.836087,
            48.0476
          ],
          [
            10.835575,
            48.04739
          ],
          [
            10.834734,
            48.047085
          ],
          [
            10.833805,
            48.046784
          ],
          [
            10.833204,
            48.046606
          ],
          [
            10.832073,
            48.046318
          ],
          [
            10.831138,
            48.046104
          ],
          [
            10.830455,
            48.045976
          ],
          [
            10.829548,
            48.045834
          ],
          [
            10.827929,
            48.045636
          ],
          [
            10.826983,
            48.045562
          ],
          [
            10.825958,
            48.045524
          ],
          [
            10.824939,
            48.045511
          ],
          [
            10.82393,
            48.045535
          ],
          [
            10.822927,
            48.045594
          ],
          [
            10.822034,
            48.045664
          ],
          [
            10.817962,
            48.04606
          ],
          [
            10.816748,
            48.04614
          ],
          [
            10.815671,
            48.046175
          ],
          [
            10.814776,
            48.046168
          ],
          [
            10.8139,
            48.046125
          ],
          [
            10.813114,
            48.046045
          ],
          [
            10.812329,
            48.045941
          ],
          [
            10.811553,
            48.045802
          ],
          [
            10.810806,
            48.045635
          ],
          [
            10.810046,
            48.045438
          ],
          [
            10.809298,
            48.045208
          ],
          [
            10.807836,
            48.044703
          ],
          [
            10.806473,
            48.044206
          ],
          [
            10.805082,
            48.043734
          ],
          [
            10.804147,
            48.043463
          ],
          [
            10.803243,
            48.043234
          ],
          [
            10.802302,
            48.043031
          ],
          [
            10.801385,
            48.042865
          ],
          [
            10.800426,
            48.042725
          ],
          [
            10.799464,
            48.042622
          ],
          [
            10.798501,
            48.042544
          ],
          [
            10.796666,
            48.042444
          ],
          [
            10.796267,
            48.042425
          ],
          [
            10.794651,
            48.042332
          ],
          [
            10.793614,
            48.042238
          ],
          [
            10.792553,
            48.042108
          ],
          [
            10.792005,
            48.04202
          ],
          [
            10.790907,
            48.041803
          ],
          [
            10.78795,
            48.041063
          ],
          [
            10.787587,
            48.040968
          ],
          [
            10.786505,
            48.040686
          ],
          [
            10.785589,
            48.040483
          ],
          [
            10.78427,
            48.04024
          ],
          [
            10.783001,
            48.04006
          ],
          [
            10.782006,
            48.039964
          ],
          [
            10.780988,
            48.039893
          ],
          [
            10.779981,
            48.039861
          ],
          [
            10.778997,
            48.039856
          ],
          [
            10.777229,
            48.039903
          ],
          [
            10.775598,
            48.039966
          ],
          [
            10.775151,
            48.039978
          ],
          [
            10.773292,
            48.039994
          ],
          [
            10.772361,
            48.03997
          ],
          [
            10.771398,
            48.039909
          ],
          [
            10.770442,
            48.039818
          ],
          [
            10.769551,
            48.039701
          ],
          [
            10.768665,
            48.039555
          ],
          [
            10.767785,
            48.039385
          ],
          [
            10.766909,
            48.039181
          ],
          [
            10.765588,
            48.038843
          ],
          [
            10.76297,
            48.03813
          ],
          [
            10.761625,
            48.037797
          ],
          [
            10.760714,
            48.037603
          ],
          [
            10.759811,
            48.037446
          ],
          [
            10.75891,
            48.037315
          ],
          [
            10.757998,
            48.037215
          ],
          [
            10.757007,
            48.037134
          ],
          [
            10.753107,
            48.036894
          ],
          [
            10.752402,
            48.036836
          ],
          [
            10.751028,
            48.036675
          ],
          [
            10.749603,
            48.036448
          ],
          [
            10.748833,
            48.036301
          ],
          [
            10.747499,
            48.035998
          ],
          [
            10.746348,
            48.035687
          ],
          [
            10.745695,
            48.035495
          ],
          [
            10.744356,
            48.035042
          ],
          [
            10.743554,
            48.034737
          ],
          [
            10.742945,
            48.034485
          ],
          [
            10.74188,
            48.034001
          ],
          [
            10.740603,
            48.033348
          ],
          [
            10.739655,
            48.032799
          ],
          [
            10.739215,
            48.032523
          ],
          [
            10.738645,
            48.032147
          ],
          [
            10.738017,
            48.031704
          ],
          [
            10.737304,
            48.031165
          ],
          [
            10.735869,
            48.030148
          ],
          [
            10.735241,
            48.02972
          ],
          [
            10.734099,
            48.029039
          ],
          [
            10.733248,
            48.028594
          ],
          [
            10.732375,
            48.028192
          ],
          [
            10.731988,
            48.028027
          ],
          [
            10.730841,
            48.027591
          ],
          [
            10.730411,
            48.027446
          ],
          [
            10.729576,
            48.027196
          ],
          [
            10.728393,
            48.026879
          ],
          [
            10.727699,
            48.026726
          ],
          [
            10.72701,
            48.026588
          ],
          [
            10.726852,
            48.026559
          ],
          [
            10.726327,
            48.026472
          ],
          [
            10.725211,
            48.026326
          ],
          [
            10.724309,
            48.02624
          ],
          [
            10.723659,
            48.0262
          ],
          [
            10.72267,
            48.026163
          ],
          [
            10.72192,
            48.026157
          ],
          [
            10.71807,
            48.026211
          ],
          [
            10.716792,
            48.026174
          ],
          [
            10.715887,
            48.026099
          ],
          [
            10.715009,
            48.025989
          ],
          [
            10.71318,
            48.025686
          ],
          [
            10.711693,
            48.025313
          ],
          [
            10.710949,
            48.025105
          ],
          [
            10.710199,
            48.024893
          ],
          [
            10.709088,
            48.024579
          ],
          [
            10.70877,
            48.024493
          ],
          [
            10.708623,
            48.024457
          ],
          [
            10.707835,
            48.024266
          ],
          [
            10.707051,
            48.024097
          ],
          [
            10.706063,
            48.023917
          ],
          [
            10.705567,
            48.023841
          ],
          [
            10.704189,
            48.02367
          ],
          [
            10.702807,
            48.02357
          ],
          [
            10.702304,
            48.023545
          ],
          [
            10.701033,
            48.023538
          ],
          [
            10.699321,
            48.023608
          ],
          [
            10.697584,
            48.023783
          ],
          [
            10.696426,
            48.023949
          ],
          [
            10.695255,
            48.024161
          ],
          [
            10.693964,
            48.024435
          ],
          [
            10.686346,
            48.026271
          ],
          [
            10.68623,
            48.026297
          ],
          [
            10.683588,
            48.026877
          ],
          [
            10.681092,
            48.027403
          ],
          [
            10.675705,
            48.028373
          ],
          [
            10.673374,
            48.02881
          ],
          [
            10.67025,
            48.029443
          ],
          [
            10.667988,
            48.029959
          ],
          [
            10.66658,
            48.030306
          ],
          [
            10.664808,
            48.030781
          ],
          [
            10.662375,
            48.0315
          ],
          [
            10.660293,
            48.032177
          ],
          [
            10.657085,
            48.033314
          ],
          [
            10.653864,
            48.034492
          ],
          [
            10.652241,
            48.035068
          ],
          [
            10.649944,
            48.035855
          ],
          [
            10.649756,
            48.035919
          ],
          [
            10.648511,
            48.036339
          ],
          [
            10.645152,
            48.037414
          ],
          [
            10.644165,
            48.037722
          ],
          [
            10.640808,
            48.038708
          ],
          [
            10.640571,
            48.038773
          ],
          [
            10.638678,
            48.039287
          ],
          [
            10.637063,
            48.039672
          ],
          [
            10.636474,
            48.039796
          ],
          [
            10.634687,
            48.040136
          ],
          [
            10.632849,
            48.040412
          ],
          [
            10.63151,
            48.040579
          ],
          [
            10.62831,
            48.040881
          ],
          [
            10.625413,
            48.041073
          ],
          [
            10.623099,
            48.041158
          ],
          [
            10.620777,
            48.04119
          ],
          [
            10.619036,
            48.04118
          ],
          [
            10.616127,
            48.041121
          ],
          [
            10.613977,
            48.041073
          ],
          [
            10.608173,
            48.04095
          ],
          [
            10.604482,
            48.040914
          ],
          [
            10.603064,
            48.040918
          ],
          [
            10.600347,
            48.040972
          ],
          [
            10.596165,
            48.041143
          ],
          [
            10.59144,
            48.041464
          ],
          [
            10.590093,
            48.041581
          ],
          [
            10.589939,
            48.041594
          ],
          [
            10.586059,
            48.042007
          ],
          [
            10.58287,
            48.042384
          ],
          [
            10.580539,
            48.042604
          ],
          [
            10.57818,
            48.042727
          ],
          [
            10.577263,
            48.042744
          ],
          [
            10.576353,
            48.042728
          ],
          [
            10.574593,
            48.042634
          ],
          [
            10.572854,
            48.042475
          ],
          [
            10.57123,
            48.042274
          ],
          [
            10.56965,
            48.04205
          ],
          [
            10.567528,
            48.041717
          ],
          [
            10.564275,
            48.041141
          ],
          [
            10.561694,
            48.040608
          ],
          [
            10.557683,
            48.039649
          ],
          [
            10.555066,
            48.038936
          ],
          [
            10.55232,
            48.038124
          ],
          [
            10.549467,
            48.037184
          ],
          [
            10.545954,
            48.035854
          ],
          [
            10.542555,
            48.034523
          ],
          [
            10.540418,
            48.033752
          ],
          [
            10.539316,
            48.033409
          ],
          [
            10.538115,
            48.033077
          ],
          [
            10.536109,
            48.032583
          ],
          [
            10.535192,
            48.032393
          ],
          [
            10.533974,
            48.032173
          ],
          [
            10.5328,
            48.031993
          ],
          [
            10.530777,
            48.031735
          ],
          [
            10.529277,
            48.031606
          ],
          [
            10.522393,
            48.031152
          ],
          [
            10.519318,
            48.030877
          ],
          [
            10.515712,
            48.030477
          ],
          [
            10.513022,
            48.030125
          ],
          [
            10.509559,
            48.029609
          ],
          [
            10.507842,
            48.029323
          ],
          [
            10.491749,
            48.026516
          ],
          [
            10.491051,
            48.026395
          ],
          [
            10.484809,
            48.025325
          ],
          [
            10.483772,
            48.025195
          ],
          [
            10.483172,
            48.025132
          ],
          [
            10.482511,
            48.025086
          ],
          [
            10.481339,
            48.025029
          ],
          [
            10.480025,
            48.025024
          ],
          [
            10.478841,
            48.025051
          ],
          [
            10.477663,
            48.02513
          ],
          [
            10.475621,
            48.025363
          ],
          [
            10.474642,
            48.02553
          ],
          [
            10.472845,
            48.025915
          ],
          [
            10.471067,
            48.026429
          ],
          [
            10.470177,
            48.02673
          ],
          [
            10.468505,
            48.027407
          ],
          [
            10.465034,
            48.028983
          ],
          [
            10.463797,
            48.029526
          ],
          [
            10.462921,
            48.02988
          ],
          [
            10.461412,
            48.030412
          ],
          [
            10.46,
            48.030834
          ],
          [
            10.458606,
            48.031194
          ],
          [
            10.456944,
            48.031544
          ],
          [
            10.455449,
            48.031789
          ],
          [
            10.454804,
            48.031877
          ],
          [
            10.453417,
            48.032027
          ],
          [
            10.451124,
            48.032201
          ],
          [
            10.446582,
            48.032433
          ],
          [
            10.44549,
            48.032492
          ],
          [
            10.444944,
            48.03252
          ],
          [
            10.443946,
            48.032573
          ],
          [
            10.441393,
            48.032708
          ],
          [
            10.439144,
            48.032831
          ],
          [
            10.429899,
            48.033363
          ],
          [
            10.424517,
            48.033619
          ],
          [
            10.421982,
            48.033761
          ],
          [
            10.417726,
            48.033997
          ],
          [
            10.416346,
            48.034061
          ],
          [
            10.414747,
            48.034155
          ],
          [
            10.412807,
            48.034324
          ],
          [
            10.411327,
            48.034516
          ],
          [
            10.410379,
            48.034671
          ],
          [
            10.409715,
            48.034797
          ],
          [
            10.405313,
            48.035767
          ],
          [
            10.403684,
            48.03608
          ],
          [
            10.402159,
            48.036314
          ],
          [
            10.400686,
            48.036479
          ],
          [
            10.400057,
            48.036535
          ],
          [
            10.39714,
            48.036753
          ],
          [
            10.394523,
            48.036948
          ],
          [
            10.386352,
            48.037516
          ],
          [
            10.384272,
            48.037614
          ],
          [
            10.382196,
            48.037688
          ],
          [
            10.380112,
            48.037731
          ],
          [
            10.378191,
            48.037741
          ],
          [
            10.376902,
            48.037681
          ],
          [
            10.375694,
            48.037604
          ],
          [
            10.373615,
            48.037402
          ],
          [
            10.371167,
            48.037075
          ],
          [
            10.369704,
            48.036835
          ],
          [
            10.368339,
            48.036586
          ],
          [
            10.366803,
            48.036286
          ],
          [
            10.35094,
            48.03304
          ],
          [
            10.347359,
            48.032273
          ],
          [
            10.339302,
            48.030363
          ],
          [
            10.338312,
            48.030165
          ],
          [
            10.338048,
            48.030112
          ],
          [
            10.337369,
            48.029973
          ],
          [
            10.336829,
            48.029866
          ],
          [
            10.332957,
            48.029092
          ],
          [
            10.330178,
            48.028643
          ],
          [
            10.327812,
            48.02831
          ],
          [
            10.325268,
            48.027981
          ],
          [
            10.325067,
            48.027958
          ],
          [
            10.321912,
            48.027551
          ],
          [
            10.320813,
            48.02741
          ],
          [
            10.319651,
            48.027231
          ],
          [
            10.318394,
            48.027049
          ],
          [
            10.31598,
            48.026634
          ],
          [
            10.307592,
            48.02507
          ],
          [
            10.306294,
            48.024857
          ],
          [
            10.304495,
            48.024626
          ],
          [
            10.303534,
            48.024529
          ],
          [
            10.302456,
            48.024466
          ],
          [
            10.301148,
            48.02442
          ],
          [
            10.299439,
            48.024419
          ],
          [
            10.298161,
            48.024442
          ],
          [
            10.295523,
            48.024524
          ],
          [
            10.294763,
            48.024539
          ],
          [
            10.293675,
            48.024534
          ],
          [
            10.293173,
            48.024524
          ],
          [
            10.291851,
            48.024438
          ],
          [
            10.29095,
            48.024334
          ],
          [
            10.29025,
            48.024227
          ],
          [
            10.289551,
            48.024087
          ],
          [
            10.288608,
            48.023864
          ],
          [
            10.287974,
            48.023683
          ],
          [
            10.287302,
            48.023464
          ],
          [
            10.284734,
            48.02257
          ],
          [
            10.28362,
            48.022229
          ],
          [
            10.282734,
            48.021989
          ],
          [
            10.281845,
            48.02178
          ],
          [
            10.279987,
            48.021416
          ],
          [
            10.277699,
            48.021021
          ],
          [
            10.276054,
            48.020755
          ],
          [
            10.273633,
            48.020369
          ],
          [
            10.272208,
            48.020141
          ],
          [
            10.271593,
            48.020056
          ],
          [
            10.269189,
            48.019669
          ],
          [
            10.26452,
            48.01893
          ],
          [
            10.263258,
            48.018712
          ],
          [
            10.262033,
            48.01846
          ],
          [
            10.261537,
            48.01835
          ],
          [
            10.260818,
            48.018168
          ],
          [
            10.260083,
            48.017953
          ],
          [
            10.259332,
            48.017712
          ],
          [
            10.258743,
            48.017498
          ],
          [
            10.257485,
            48.016963
          ],
          [
            10.256265,
            48.016334
          ],
          [
            10.255126,
            48.015614
          ],
          [
            10.254564,
            48.01521
          ],
          [
            10.253735,
            48.014564
          ],
          [
            10.25282,
            48.013793
          ],
          [
            10.251953,
            48.013029
          ],
          [
            10.251608,
            48.012717
          ],
          [
            10.251053,
            48.012216
          ],
          [
            10.249999,
            48.011344
          ],
          [
            10.24933,
            48.010852
          ],
          [
            10.248559,
            48.010337
          ],
          [
            10.247736,
            48.009851
          ],
          [
            10.247026,
            48.009458
          ],
          [
            10.246259,
            48.009065
          ],
          [
            10.24461,
            48.008288
          ],
          [
            10.244499,
            48.008237
          ],
          [
            10.243045,
            48.007577
          ],
          [
            10.240674,
            48.0065
          ],
          [
            10.238853,
            48.005692
          ],
          [
            10.236263,
            48.004572
          ],
          [
            10.234138,
            48.003678
          ],
          [
            10.229946,
            48.001971
          ],
          [
            10.226405,
            48.000554
          ],
          [
            10.22474,
            47.999916
          ],
          [
            10.223161,
            47.999383
          ],
          [
            10.222289,
            47.999132
          ],
          [
            10.221006,
            47.998812
          ],
          [
            10.220303,
            47.998664
          ],
          [
            10.219439,
            47.998512
          ],
          [
            10.218656,
            47.998396
          ],
          [
            10.218015,
            47.99832
          ],
          [
            10.216607,
            47.99821
          ],
          [
            10.215778,
            47.998176
          ],
          [
            10.214407,
            47.998178
          ],
          [
            10.21374,
            47.998208
          ],
          [
            10.212544,
            47.998283
          ],
          [
            10.209927,
            47.998541
          ],
          [
            10.208974,
            47.998618
          ],
          [
            10.208111,
            47.998667
          ],
          [
            10.207274,
            47.998694
          ],
          [
            10.206284,
            47.998699
          ],
          [
            10.205019,
            47.99868
          ],
          [
            10.203998,
            47.998639
          ],
          [
            10.202155,
            47.998548
          ],
          [
            10.202015,
            47.998544
          ],
          [
            10.201498,
            47.998528
          ],
          [
            10.200409,
            47.998524
          ],
          [
            10.199439,
            47.998546
          ],
          [
            10.198875,
            47.998566
          ],
          [
            10.196748,
            47.998607
          ],
          [
            10.193384,
            47.998695
          ],
          [
            10.193222,
            47.998701
          ],
          [
            10.191353,
            47.998743
          ],
          [
            10.187931,
            47.998831
          ],
          [
            10.182974,
            47.998958
          ],
          [
            10.17906,
            47.99906
          ],
          [
            10.174707,
            47.999172
          ],
          [
            10.17252,
            47.999198
          ],
          [
            10.169874,
            47.999154
          ],
          [
            10.168579,
            47.999102
          ],
          [
            10.166763,
            47.998992
          ],
          [
            10.164548,
            47.998807
          ],
          [
            10.16301,
            47.998634
          ],
          [
            10.161071,
            47.998372
          ],
          [
            10.159905,
            47.998208
          ],
          [
            10.159422,
            47.998124
          ],
          [
            10.15795,
            47.99785
          ],
          [
            10.156097,
            47.997473
          ],
          [
            10.154641,
            47.997139
          ],
          [
            10.154207,
            47.99704
          ],
          [
            10.15174,
            47.996394
          ],
          [
            10.150325,
            47.995997
          ],
          [
            10.149771,
            47.995882
          ],
          [
            10.148607,
            47.995724
          ],
          [
            10.148198,
            47.995664
          ],
          [
            10.14767,
            47.995558
          ],
          [
            10.146887,
            47.995327
          ],
          [
            10.14627,
            47.99509
          ],
          [
            10.14567,
            47.994791
          ],
          [
            10.145356,
            47.994605
          ],
          [
            10.144629,
            47.994159
          ],
          [
            10.144263,
            47.993937
          ],
          [
            10.14318,
            47.993323
          ],
          [
            10.142847,
            47.99318
          ],
          [
            10.142274,
            47.992923
          ],
          [
            10.14121,
            47.992415
          ],
          [
            10.140701,
            47.992168
          ],
          [
            10.140159,
            47.991888
          ],
          [
            10.138918,
            47.991249
          ],
          [
            10.137373,
            47.990379
          ],
          [
            10.136314,
            47.98975
          ],
          [
            10.135005,
            47.98892
          ],
          [
            10.134201,
            47.988388
          ],
          [
            10.133287,
            47.98773
          ],
          [
            10.132313,
            47.987017
          ],
          [
            10.13105,
            47.986039
          ],
          [
            10.130312,
            47.985436
          ],
          [
            10.129635,
            47.984883
          ],
          [
            10.12886,
            47.984213
          ],
          [
            10.128401,
            47.983817
          ],
          [
            10.127228,
            47.98274
          ],
          [
            10.125283,
            47.980821
          ],
          [
            10.124297,
            47.979745
          ],
          [
            10.123334,
            47.978655
          ],
          [
            10.122124,
            47.977179
          ],
          [
            10.121212,
            47.976027
          ],
          [
            10.119812,
            47.97414
          ],
          [
            10.11964,
            47.973909
          ],
          [
            10.117531,
            47.971049
          ],
          [
            10.110565,
            47.961615
          ],
          [
            10.110387,
            47.961372
          ],
          [
            10.109689,
            47.96042
          ],
          [
            10.10898,
            47.959395
          ],
          [
            10.108333,
            47.958386
          ],
          [
            10.107815,
            47.957459
          ],
          [
            10.10738,
            47.956593
          ],
          [
            10.107036,
            47.955845
          ],
          [
            10.10668,
            47.954996
          ],
          [
            10.106028,
            47.953103
          ],
          [
            10.105376,
            47.951123
          ],
          [
            10.104825,
            47.949664
          ],
          [
            10.104272,
            47.948415
          ],
          [
            10.103729,
            47.94739
          ],
          [
            10.103231,
            47.946558
          ],
          [
            10.102709,
            47.945735
          ],
          [
            10.101011,
            47.943159
          ],
          [
            10.100855,
            47.942912
          ],
          [
            10.100352,
            47.942044
          ],
          [
            10.099923,
            47.941173
          ],
          [
            10.099698,
            47.940625
          ],
          [
            10.099573,
            47.940321
          ],
          [
            10.099043,
            47.93891
          ],
          [
            10.098451,
            47.937485
          ],
          [
            10.098319,
            47.9372
          ],
          [
            10.097846,
            47.936292
          ],
          [
            10.097543,
            47.935781
          ],
          [
            10.097242,
            47.935295
          ],
          [
            10.096802,
            47.934693
          ],
          [
            10.096097,
            47.9338
          ],
          [
            10.095472,
            47.933111
          ],
          [
            10.094763,
            47.932391
          ],
          [
            10.094013,
            47.931713
          ],
          [
            10.093879,
            47.931584
          ],
          [
            10.093272,
            47.931095
          ],
          [
            10.092985,
            47.930874
          ],
          [
            10.092506,
            47.930506
          ],
          [
            10.090539,
            47.929168
          ],
          [
            10.088986,
            47.928157
          ],
          [
            10.079327,
            47.922006
          ],
          [
            10.078494,
            47.921476
          ],
          [
            10.075265,
            47.919402
          ],
          [
            10.074058,
            47.918592
          ],
          [
            10.07287,
            47.917733
          ],
          [
            10.071839,
            47.916894
          ],
          [
            10.07086,
            47.916008
          ],
          [
            10.070129,
            47.915249
          ],
          [
            10.069536,
            47.914558
          ],
          [
            10.068958,
            47.913837
          ],
          [
            10.068558,
            47.913272
          ],
          [
            10.067976,
            47.912358
          ],
          [
            10.067477,
            47.911444
          ],
          [
            10.06715,
            47.910719
          ],
          [
            10.066861,
            47.909964
          ],
          [
            10.066381,
            47.908542
          ],
          [
            10.066028,
            47.907385
          ],
          [
            10.065637,
            47.906313
          ],
          [
            10.065331,
            47.905625
          ],
          [
            10.065002,
            47.904983
          ],
          [
            10.064522,
            47.904204
          ],
          [
            10.063963,
            47.903445
          ],
          [
            10.06347,
            47.902861
          ],
          [
            10.062981,
            47.902329
          ],
          [
            10.062428,
            47.901779
          ],
          [
            10.061832,
            47.901263
          ],
          [
            10.061189,
            47.900752
          ],
          [
            10.060494,
            47.90026
          ],
          [
            10.059772,
            47.899802
          ],
          [
            10.059031,
            47.899363
          ],
          [
            10.058165,
            47.898908
          ],
          [
            10.057268,
            47.898483
          ],
          [
            10.055933,
            47.897948
          ],
          [
            10.054409,
            47.897389
          ],
          [
            10.05227,
            47.896569
          ],
          [
            10.051438,
            47.896223
          ],
          [
            10.050621,
            47.895837
          ],
          [
            10.049404,
            47.895173
          ],
          [
            10.048331,
            47.894484
          ],
          [
            10.047611,
            47.893953
          ],
          [
            10.047104,
            47.89353
          ],
          [
            10.046793,
            47.893263
          ],
          [
            10.046041,
            47.892552
          ],
          [
            10.045171,
            47.891589
          ],
          [
            10.044391,
            47.890523
          ],
          [
            10.043219,
            47.888731
          ],
          [
            10.042482,
            47.887656
          ],
          [
            10.041427,
            47.886134
          ],
          [
            10.040334,
            47.884517
          ],
          [
            10.040103,
            47.884186
          ],
          [
            10.04001,
            47.88405
          ],
          [
            10.039313,
            47.883031
          ],
          [
            10.038045,
            47.881228
          ],
          [
            10.037202,
            47.880128
          ],
          [
            10.036065,
            47.87875
          ],
          [
            10.035299,
            47.877912
          ],
          [
            10.033934,
            47.87654
          ],
          [
            10.032557,
            47.875299
          ],
          [
            10.030856,
            47.873943
          ],
          [
            10.030075,
            47.873381
          ],
          [
            10.029226,
            47.872824
          ],
          [
            10.02865,
            47.872488
          ],
          [
            10.028016,
            47.872145
          ],
          [
            10.027103,
            47.871699
          ],
          [
            10.026172,
            47.871319
          ],
          [
            10.024007,
            47.870501
          ],
          [
            10.022656,
            47.869923
          ],
          [
            10.022079,
            47.869644
          ],
          [
            10.021266,
            47.869206
          ],
          [
            10.020821,
            47.868938
          ],
          [
            10.018592,
            47.867501
          ],
          [
            10.018006,
            47.867157
          ],
          [
            10.016915,
            47.86659
          ],
          [
            10.016257,
            47.866283
          ],
          [
            10.015646,
            47.866011
          ],
          [
            10.014458,
            47.865516
          ],
          [
            10.013644,
            47.86516
          ],
          [
            10.01287,
            47.864803
          ],
          [
            10.012207,
            47.864476
          ],
          [
            10.01135,
            47.863997
          ],
          [
            10.010927,
            47.863746
          ],
          [
            10.010392,
            47.8634
          ],
          [
            10.010129,
            47.863218
          ],
          [
            10.009518,
            47.862765
          ],
          [
            10.008996,
            47.862349
          ],
          [
            10.008428,
            47.861842
          ],
          [
            10.008101,
            47.861525
          ],
          [
            10.007414,
            47.860804
          ],
          [
            10.005289,
            47.858352
          ],
          [
            10.004644,
            47.857681
          ],
          [
            10.003899,
            47.857007
          ],
          [
            10.003282,
            47.85652
          ],
          [
            10.002815,
            47.856179
          ],
          [
            10.001999,
            47.855644
          ],
          [
            10.000659,
            47.854881
          ],
          [
            9.998712,
            47.85388
          ],
          [
            9.996845,
            47.852893
          ],
          [
            9.996266,
            47.852558
          ],
          [
            9.995549,
            47.852113
          ],
          [
            9.994961,
            47.851716
          ],
          [
            9.994409,
            47.851303
          ],
          [
            9.993932,
            47.850905
          ],
          [
            9.993314,
            47.850346
          ],
          [
            9.992896,
            47.849917
          ],
          [
            9.992434,
            47.849381
          ],
          [
            9.992045,
            47.848859
          ],
          [
            9.991673,
            47.848283
          ],
          [
            9.991104,
            47.84718
          ],
          [
            9.990818,
            47.846383
          ],
          [
            9.990728,
            47.846042
          ],
          [
            9.990612,
            47.845517
          ],
          [
            9.990529,
            47.844909
          ],
          [
            9.990464,
            47.843642
          ],
          [
            9.990521,
            47.842561
          ],
          [
            9.991011,
            47.837012
          ],
          [
            9.991159,
            47.835338
          ],
          [
            9.991304,
            47.833681
          ],
          [
            9.991408,
            47.832175
          ],
          [
            9.991526,
            47.829188
          ],
          [
            9.991557,
            47.827266
          ],
          [
            9.991531,
            47.824417
          ],
          [
            9.99145,
            47.822438
          ],
          [
            9.991324,
            47.820461
          ],
          [
            9.991211,
            47.818894
          ],
          [
            9.991028,
            47.817171
          ],
          [
            9.990827,
            47.815474
          ],
          [
            9.990752,
            47.814673
          ],
          [
            9.990627,
            47.813865
          ],
          [
            9.990416,
            47.812415
          ],
          [
            9.990075,
            47.810647
          ],
          [
            9.98969,
            47.809384
          ],
          [
            9.989393,
            47.808609
          ],
          [
            9.98874,
            47.807297
          ],
          [
            9.987976,
            47.80604
          ],
          [
            9.987075,
            47.804864
          ],
          [
            9.98641,
            47.804107
          ],
          [
            9.9859,
            47.803578
          ],
          [
            9.985069,
            47.802781
          ],
          [
            9.984552,
            47.80234
          ],
          [
            9.983872,
            47.8018
          ],
          [
            9.982548,
            47.800853
          ],
          [
            9.981347,
            47.8001
          ],
          [
            9.980128,
            47.799422
          ],
          [
            9.979045,
            47.79889
          ],
          [
            9.978309,
            47.798557
          ],
          [
            9.977379,
            47.798162
          ],
          [
            9.976639,
            47.797876
          ],
          [
            9.973785,
            47.796829
          ],
          [
            9.972824,
            47.796435
          ],
          [
            9.971745,
            47.795931
          ],
          [
            9.97135,
            47.795722
          ],
          [
            9.971071,
            47.795573
          ],
          [
            9.970123,
            47.794993
          ],
          [
            9.968866,
            47.794067
          ],
          [
            9.967988,
            47.793287
          ],
          [
            9.967051,
            47.792272
          ],
          [
            9.966372,
            47.791366
          ],
          [
            9.965914,
            47.790607
          ],
          [
            9.964825,
            47.788617
          ],
          [
            9.964097,
            47.787484
          ],
          [
            9.963593,
            47.786782
          ],
          [
            9.963203,
            47.786303
          ],
          [
            9.962707,
            47.785709
          ],
          [
            9.961834,
            47.784809
          ],
          [
            9.960744,
            47.783819
          ],
          [
            9.959442,
            47.782805
          ],
          [
            9.95807,
            47.781881
          ],
          [
            9.956619,
            47.781038
          ],
          [
            9.955595,
            47.780518
          ],
          [
            9.954326,
            47.779926
          ],
          [
            9.953035,
            47.779404
          ],
          [
            9.951272,
            47.778769
          ],
          [
            9.950611,
            47.778548
          ],
          [
            9.949304,
            47.778141
          ],
          [
            9.948533,
            47.777916
          ],
          [
            9.947233,
            47.777569
          ],
          [
            9.945188,
            47.77709
          ],
          [
            9.941333,
            47.776258
          ],
          [
            9.940699,
            47.776127
          ],
          [
            9.939536,
            47.775825
          ],
          [
            9.938573,
            47.775546
          ],
          [
            9.937434,
            47.775158
          ],
          [
            9.936268,
            47.774674
          ],
          [
            9.935044,
            47.774096
          ],
          [
            9.933558,
            47.773308
          ],
          [
            9.931876,
            47.772365
          ],
          [
            9.930183,
            47.771373
          ],
          [
            9.928148,
            47.770087
          ],
          [
            9.926685,
            47.769106
          ],
          [
            9.925176,
            47.768048
          ],
          [
            9.924487,
            47.767566
          ],
          [
            9.91473,
            47.760721
          ],
          [
            9.913274,
            47.759648
          ],
          [
            9.911738,
            47.758371
          ],
          [
            9.910583,
            47.757256
          ],
          [
            9.909353,
            47.755904
          ],
          [
            9.908709,
            47.75516
          ],
          [
            9.907423,
            47.753653
          ],
          [
            9.906961,
            47.753127
          ],
          [
            9.905832,
            47.751957
          ],
          [
            9.905477,
            47.751586
          ],
          [
            9.904547,
            47.750723
          ],
          [
            9.903663,
            47.749967
          ],
          [
            9.902378,
            47.748932
          ],
          [
            9.900588,
            47.747539
          ],
          [
            9.899129,
            47.746367
          ],
          [
            9.898089,
            47.745436
          ],
          [
            9.897135,
            47.74451
          ],
          [
            9.895155,
            47.742497
          ],
          [
            9.893751,
            47.741109
          ],
          [
            9.893046,
            47.740475
          ],
          [
            9.892148,
            47.739704
          ],
          [
            9.891255,
            47.739027
          ],
          [
            9.890706,
            47.738581
          ],
          [
            9.889939,
            47.738023
          ],
          [
            9.88868,
            47.737174
          ],
          [
            9.888215,
            47.736876
          ],
          [
            9.88671,
            47.735946
          ],
          [
            9.882595,
            47.733619
          ],
          [
            9.88096,
            47.73266
          ],
          [
            9.87983,
            47.731949
          ],
          [
            9.879245,
            47.731582
          ],
          [
            9.877749,
            47.730528
          ],
          [
            9.876331,
            47.72948
          ],
          [
            9.873488,
            47.727181
          ],
          [
            9.873102,
            47.726861
          ],
          [
            9.87293,
            47.72673
          ],
          [
            9.871431,
            47.725563
          ],
          [
            9.870738,
            47.725075
          ],
          [
            9.869331,
            47.724166
          ],
          [
            9.86846,
            47.723664
          ],
          [
            9.867696,
            47.723251
          ],
          [
            9.866952,
            47.722874
          ],
          [
            9.865747,
            47.722317
          ],
          [
            9.864267,
            47.721695
          ],
          [
            9.862235,
            47.720978
          ],
          [
            9.861321,
            47.720701
          ],
          [
            9.860427,
            47.720452
          ],
          [
            9.859551,
            47.720228
          ],
          [
            9.858387,
            47.719983
          ],
          [
            9.857198,
            47.719789
          ],
          [
            9.856286,
            47.71967
          ],
          [
            9.855368,
            47.71958
          ],
          [
            9.85433,
            47.719518
          ],
          [
            9.853211,
            47.71948
          ],
          [
            9.850758,
            47.719447
          ],
          [
            9.849894,
            47.719408
          ],
          [
            9.848665,
            47.719318
          ],
          [
            9.847419,
            47.719169
          ],
          [
            9.846475,
            47.719021
          ],
          [
            9.845555,
            47.718841
          ],
          [
            9.843895,
            47.718447
          ],
          [
            9.842479,
            47.71801
          ],
          [
            9.84148,
            47.717657
          ],
          [
            9.840493,
            47.717276
          ],
          [
            9.83591,
            47.715413
          ],
          [
            9.835402,
            47.715201
          ],
          [
            9.834043,
            47.71465
          ],
          [
            9.832504,
            47.714028
          ],
          [
            9.831598,
            47.713701
          ],
          [
            9.830512,
            47.71332
          ],
          [
            9.829563,
            47.713028
          ],
          [
            9.828693,
            47.71279
          ],
          [
            9.827813,
            47.712573
          ],
          [
            9.827188,
            47.712434
          ],
          [
            9.826685,
            47.712329
          ],
          [
            9.825583,
            47.712121
          ],
          [
            9.824075,
            47.711892
          ],
          [
            9.822944,
            47.711747
          ],
          [
            9.820974,
            47.711521
          ],
          [
            9.817956,
            47.71117
          ],
          [
            9.815223,
            47.710777
          ],
          [
            9.814143,
            47.710571
          ],
          [
            9.813008,
            47.71033
          ],
          [
            9.812368,
            47.710176
          ],
          [
            9.81105,
            47.709829
          ],
          [
            9.809659,
            47.709409
          ],
          [
            9.808035,
            47.708843
          ],
          [
            9.806557,
            47.708246
          ],
          [
            9.806048,
            47.708021
          ],
          [
            9.80505,
            47.707554
          ],
          [
            9.803849,
            47.706937
          ],
          [
            9.802582,
            47.706218
          ],
          [
            9.801992,
            47.705845
          ],
          [
            9.801242,
            47.705354
          ],
          [
            9.800337,
            47.704708
          ],
          [
            9.799419,
            47.703981
          ],
          [
            9.798711,
            47.70338
          ],
          [
            9.797815,
            47.702529
          ],
          [
            9.79711,
            47.701802
          ],
          [
            9.796464,
            47.701071
          ],
          [
            9.796085,
            47.700607
          ],
          [
            9.795732,
            47.700134
          ],
          [
            9.794934,
            47.698956
          ],
          [
            9.793733,
            47.696826
          ],
          [
            9.792702,
            47.694773
          ],
          [
            9.79228,
            47.694068
          ],
          [
            9.791805,
            47.693379
          ],
          [
            9.791113,
            47.692488
          ],
          [
            9.788485,
            47.68934
          ],
          [
            9.787464,
            47.687915
          ],
          [
            9.786968,
            47.687106
          ],
          [
            9.786533,
            47.686314
          ],
          [
            9.786051,
            47.685335
          ],
          [
            9.7859,
            47.68499
          ],
          [
            9.785594,
            47.684211
          ],
          [
            9.785335,
            47.683477
          ],
          [
            9.785099,
            47.682624
          ],
          [
            9.784868,
            47.681632
          ],
          [
            9.784627,
            47.680289
          ],
          [
            9.784406,
            47.678793
          ],
          [
            9.78414,
            47.676861
          ],
          [
            9.783953,
            47.675806
          ],
          [
            9.783734,
            47.674785
          ],
          [
            9.78348,
            47.673931
          ],
          [
            9.783185,
            47.673092
          ],
          [
            9.782603,
            47.671756
          ],
          [
            9.781867,
            47.670386
          ],
          [
            9.781271,
            47.669447
          ],
          [
            9.780647,
            47.668512
          ],
          [
            9.779924,
            47.667515
          ],
          [
            9.779171,
            47.666526
          ],
          [
            9.778352,
            47.665519
          ],
          [
            9.777507,
            47.664529
          ],
          [
            9.776778,
            47.663726
          ],
          [
            9.776019,
            47.662933
          ],
          [
            9.775007,
            47.661913
          ],
          [
            9.774212,
            47.66116
          ],
          [
            9.77339,
            47.660414
          ],
          [
            9.772837,
            47.659928
          ],
          [
            9.771593,
            47.658886
          ],
          [
            9.770295,
            47.657865
          ],
          [
            9.769391,
            47.657184
          ],
          [
            9.768469,
            47.656514
          ],
          [
            9.766357,
            47.655092
          ],
          [
            9.76503,
            47.654257
          ],
          [
            9.763673,
            47.653449
          ],
          [
            9.761564,
            47.652253
          ],
          [
            9.759944,
            47.651375
          ],
          [
            9.75545,
            47.648967
          ],
          [
            9.754237,
            47.648302
          ],
          [
            9.752869,
            47.647514
          ],
          [
            9.752412,
            47.64724
          ],
          [
            9.751967,
            47.646973
          ],
          [
            9.750923,
            47.646287
          ],
          [
            9.750493,
            47.645986
          ],
          [
            9.749295,
            47.645118
          ],
          [
            9.748516,
            47.64451
          ],
          [
            9.747757,
            47.643889
          ],
          [
            9.746653,
            47.642849
          ],
          [
            9.745639,
            47.641747
          ],
          [
            9.744664,
            47.640598
          ],
          [
            9.743372,
            47.638951
          ],
          [
            9.742507,
            47.637635
          ],
          [
            9.741885,
            47.636548
          ],
          [
            9.741419,
            47.635566
          ],
          [
            9.74119,
            47.63501
          ],
          [
            9.740715,
            47.633597
          ],
          [
            9.740526,
            47.632771
          ],
          [
            9.740359,
            47.631554
          ],
          [
            9.740194,
            47.628246
          ],
          [
            9.740119,
            47.627453
          ],
          [
            9.740034,
            47.626861
          ],
          [
            9.739754,
            47.625632
          ],
          [
            9.73953,
            47.624889
          ],
          [
            9.738893,
            47.623252
          ],
          [
            9.737453,
            47.620157
          ],
          [
            9.736491,
            47.617955
          ],
          [
            9.735766,
            47.616199
          ],
          [
            9.735247,
            47.614877
          ],
          [
            9.734745,
            47.613531
          ],
          [
            9.734366,
            47.612396
          ],
          [
            9.733677,
            47.610084
          ],
          [
            9.733373,
            47.608926
          ],
          [
            9.732894,
            47.60689
          ],
          [
            9.732464,
            47.60458
          ],
          [
            9.732336,
            47.603751
          ],
          [
            9.732212,
            47.602984
          ],
          [
            9.732159,
            47.602306
          ],
          [
            9.732111,
            47.6015
          ],
          [
            9.732121,
            47.600684
          ],
          [
            9.732177,
            47.599923
          ],
          [
            9.732276,
            47.599142
          ],
          [
            9.732455,
            47.598291
          ],
          [
            9.732554,
            47.597911
          ],
          [
            9.732646,
            47.59758
          ],
          [
            9.732973,
            47.596615
          ],
          [
            9.733263,
            47.595922
          ],
          [
            9.734206,
            47.593837
          ],
          [
            9.734367,
            47.593535
          ],
          [
            9.734851,
            47.592461
          ],
          [
            9.735191,
            47.591633
          ],
          [
            9.73546,
            47.590874
          ],
          [
            9.735778,
            47.589745
          ],
          [
            9.736008,
            47.588585
          ],
          [
            9.736074,
            47.588118
          ],
          [
            9.736157,
            47.587321
          ],
          [
            9.73619,
            47.586586
          ],
          [
            9.736193,
            47.58574
          ],
          [
            9.73614,
            47.584765
          ],
          [
            9.735953,
            47.583345
          ],
          [
            9.735759,
            47.582366
          ],
          [
            9.735576,
            47.581575
          ],
          [
            9.73513,
            47.579686
          ],
          [
            9.735071,
            47.579399
          ],
          [
            9.734871,
            47.578257
          ],
          [
            9.734806,
            47.577689
          ],
          [
            9.734715,
            47.576472
          ],
          [
            9.734718,
            47.575669
          ],
          [
            9.734758,
            47.574865
          ],
          [
            9.734828,
            47.574144
          ],
          [
            9.73499,
            47.573134
          ],
          [
            9.735119,
            47.572539
          ],
          [
            9.735523,
            47.571082
          ],
          [
            9.735936,
            47.569914
          ],
          [
            9.736872,
            47.567401
          ],
          [
            9.737019,
            47.566935
          ],
          [
            9.737273,
            47.565998
          ],
          [
            9.737386,
            47.565483
          ],
          [
            9.73744,
            47.565124
          ],
          [
            9.737516,
            47.564276
          ],
          [
            9.737525,
            47.56363
          ],
          [
            9.737484,
            47.562844
          ],
          [
            9.737282,
            47.561692
          ],
          [
            9.737145,
            47.561203
          ],
          [
            9.736876,
            47.560393
          ],
          [
            9.736552,
            47.559634
          ],
          [
            9.73623,
            47.558999
          ],
          [
            9.735658,
            47.55795
          ],
          [
            9.734716,
            47.55627
          ],
          [
            9.73438,
            47.555622
          ],
          [
            9.734044,
            47.5549
          ],
          [
            9.733828,
            47.554311
          ],
          [
            9.73371,
            47.553847
          ],
          [
            9.733598,
            47.553311
          ],
          [
            9.733578,
            47.553159
          ],
          [
            9.733527,
            47.552522
          ],
          [
            9.733545,
            47.551857
          ],
          [
            9.733583,
            47.551487
          ],
          [
            9.733699,
            47.550846
          ],
          [
            9.733858,
            47.550317
          ],
          [
            9.734009,
            47.549919
          ],
          [
            9.734263,
            47.549358
          ],
          [
            9.734587,
            47.548792
          ],
          [
            9.734807,
            47.548479
          ],
          [
            9.734997,
            47.54821
          ],
          [
            9.735676,
            47.547417
          ],
          [
            9.735821,
            47.547275
          ],
          [
            9.73605,
            47.547054
          ],
          [
            9.736922,
            47.546287
          ],
          [
            9.73763,
            47.54575
          ],
          [
            9.738151,
            47.545389
          ],
          [
            9.739111,
            47.544891
          ],
          [
            9.739945,
            47.544581
          ],
          [
            9.740937,
            47.544244
          ],
          [
            9.741426,
            47.54408
          ],
          [
            9.743281,
            47.543492
          ],
          [
            9.748074,
            47.541996
          ],
          [
            9.749798,
            47.54146
          ],
          [
            9.752844,
            47.540514
          ],
          [
            9.753885,
            47.540178
          ],
          [
            9.755462,
            47.539674
          ],
          [
            9.756776,
            47.539206
          ],
          [
            9.757709,
            47.53885
          ],
          [
            9.7588,
            47.538382
          ],
          [
            9.759684,
            47.537975
          ],
          [
            9.76054,
            47.537552
          ],
          [
            9.760978,
            47.537315
          ],
          [
            9.762034,
            47.536685
          ],
          [
            9.762896,
            47.536123
          ],
          [
            9.763789,
            47.535468
          ],
          [
            9.764421,
            47.534953
          ],
          [
            9.765476,
            47.533968
          ],
          [
            9.765937,
            47.53347
          ],
          [
            9.766555,
            47.532745
          ],
          [
            9.767027,
            47.532112
          ],
          [
            9.767515,
            47.531348
          ],
          [
            9.767905,
            47.530629
          ],
          [
            9.768358,
            47.529621
          ],
          [
            9.76857,
            47.52902
          ],
          [
            9.76874,
            47.528419
          ],
          [
            9.768924,
            47.527527
          ],
          [
            9.768992,
            47.527058
          ],
          [
            9.76904,
            47.526556
          ],
          [
            9.769061,
            47.525769
          ],
          [
            9.769043,
            47.524883
          ],
          [
            9.767673,
            47.506709
          ],
          [
            9.767575,
            47.505656
          ],
          [
            9.767388,
            47.50442
          ],
          [
            9.767064,
            47.503055
          ],
          [
            9.76696,
            47.502717
          ],
          [
            9.766823,
            47.502367
          ],
          [
            9.766346,
            47.501346
          ],
          [
            9.766022,
            47.500751
          ],
          [
            9.765819,
            47.500421
          ],
          [
            9.765184,
            47.499526
          ],
          [
            9.764439,
            47.498652
          ],
          [
            9.763857,
            47.498055
          ],
          [
            9.763102,
            47.497366
          ],
          [
            9.762618,
            47.496972
          ],
          [
            9.761907,
            47.496456
          ],
          [
            9.761108,
            47.495921
          ],
          [
            9.75999,
            47.495262
          ],
          [
            9.758932,
            47.494717
          ],
          [
            9.757315,
            47.493974
          ],
          [
            9.752482,
            47.491999
          ],
          [
            9.75164,
            47.491634
          ],
          [
            9.750597,
            47.491156
          ],
          [
            9.749672,
            47.490685
          ],
          [
            9.748777,
            47.490193
          ],
          [
            9.747982,
            47.489711
          ],
          [
            9.746989,
            47.489026
          ],
          [
            9.745829,
            47.488159
          ],
          [
            9.745736,
            47.488084
          ],
          [
            9.74532,
            47.487726
          ],
          [
            9.744848,
            47.487301
          ],
          [
            9.744528,
            47.486993
          ],
          [
            9.743843,
            47.486239
          ],
          [
            9.743741,
            47.486121
          ],
          [
            9.743544,
            47.485893
          ],
          [
            9.743153,
            47.485409
          ],
          [
            9.742501,
            47.484502
          ],
          [
            9.742219,
            47.484041
          ],
          [
            9.741953,
            47.483583
          ],
          [
            9.741902,
            47.483492
          ],
          [
            9.741594,
            47.482891
          ],
          [
            9.741506,
            47.482706
          ],
          [
            9.741469,
            47.482628
          ],
          [
            9.741432,
            47.482548
          ],
          [
            9.741151,
            47.481914
          ],
          [
            9.740797,
            47.480848
          ],
          [
            9.740465,
            47.47962
          ],
          [
            9.740287,
            47.478461
          ],
          [
            9.739699,
            47.474144
          ],
          [
            9.739466,
            47.472935
          ],
          [
            9.739216,
            47.472011
          ],
          [
            9.738923,
            47.471104
          ],
          [
            9.738615,
            47.470383
          ],
          [
            9.738283,
            47.469733
          ],
          [
            9.737871,
            47.469039
          ],
          [
            9.737452,
            47.468445
          ],
          [
            9.736991,
            47.467848
          ],
          [
            9.736442,
            47.467217
          ],
          [
            9.735922,
            47.466693
          ],
          [
            9.735301,
            47.466142
          ],
          [
            9.734802,
            47.465758
          ],
          [
            9.734304,
            47.465409
          ],
          [
            9.733048,
            47.464671
          ],
          [
            9.732209,
            47.464291
          ],
          [
            9.731036,
            47.463824
          ],
          [
            9.729825,
            47.463385
          ],
          [
            9.72871,
            47.462985
          ],
          [
            9.728041,
            47.462728
          ],
          [
            9.72747,
            47.46249
          ],
          [
            9.726951,
            47.462259
          ],
          [
            9.726698,
            47.46213
          ],
          [
            9.726312,
            47.461938
          ],
          [
            9.725981,
            47.46179
          ],
          [
            9.725474,
            47.461475
          ],
          [
            9.725303,
            47.461357
          ],
          [
            9.724979,
            47.461127
          ],
          [
            9.724401,
            47.460683
          ],
          [
            9.723751,
            47.460108
          ],
          [
            9.723329,
            47.45969
          ],
          [
            9.722858,
            47.459162
          ],
          [
            9.722574,
            47.458793
          ],
          [
            9.722365,
            47.45848
          ],
          [
            9.721945,
            47.457762
          ],
          [
            9.721593,
            47.456951
          ],
          [
            9.721513,
            47.456711
          ],
          [
            9.721346,
            47.456052
          ],
          [
            9.721276,
            47.455609
          ],
          [
            9.721223,
            47.454984
          ],
          [
            9.721238,
            47.45421
          ],
          [
            9.721292,
            47.453755
          ],
          [
            9.721524,
            47.45252
          ],
          [
            9.721677,
            47.451919
          ],
          [
            9.722247,
            47.449941
          ],
          [
            9.722477,
            47.449038
          ],
          [
            9.722535,
            47.44881
          ],
          [
            9.722652,
            47.448329
          ],
          [
            9.722858,
            47.447366
          ],
          [
            9.722963,
            47.44666
          ],
          [
            9.723045,
            47.445921
          ],
          [
            9.723081,
            47.445485
          ],
          [
            9.723101,
            47.444713
          ],
          [
            9.723116,
            47.444225
          ],
          [
            9.723115,
            47.443833
          ],
          [
            9.723042,
            47.44258
          ],
          [
            9.723026,
            47.442402
          ],
          [
            9.722992,
            47.442075
          ],
          [
            9.722951,
            47.44173
          ],
          [
            9.722833,
            47.440856
          ],
          [
            9.722608,
            47.439667
          ],
          [
            9.722416,
            47.438775
          ],
          [
            9.722247,
            47.43804
          ],
          [
            9.722199,
            47.437864
          ],
          [
            9.721901,
            47.43675
          ],
          [
            9.721549,
            47.435471
          ],
          [
            9.721228,
            47.434439
          ],
          [
            9.721135,
            47.434154
          ],
          [
            9.720621,
            47.43268
          ],
          [
            9.720436,
            47.432224
          ],
          [
            9.72009,
            47.431429
          ],
          [
            9.719411,
            47.430115
          ],
          [
            9.718862,
            47.429186
          ],
          [
            9.718505,
            47.428634
          ],
          [
            9.717976,
            47.427872
          ],
          [
            9.71722,
            47.426894
          ],
          [
            9.716167,
            47.425635
          ],
          [
            9.714091,
            47.423291
          ],
          [
            9.714015,
            47.423203
          ],
          [
            9.713175,
            47.422195
          ],
          [
            9.712412,
            47.421193
          ],
          [
            9.711438,
            47.419806
          ],
          [
            9.710978,
            47.419101
          ],
          [
            9.710422,
            47.418171
          ],
          [
            9.710002,
            47.417411
          ],
          [
            9.709705,
            47.416845
          ],
          [
            9.709635,
            47.416717
          ],
          [
            9.709214,
            47.415915
          ],
          [
            9.708058,
            47.413705
          ],
          [
            9.708019,
            47.41364
          ],
          [
            9.707828,
            47.413287
          ],
          [
            9.707704,
            47.413072
          ],
          [
            9.707069,
            47.411958
          ],
          [
            9.706451,
            47.410973
          ],
          [
            9.705896,
            47.410141
          ],
          [
            9.705572,
            47.409691
          ],
          [
            9.704664,
            47.408491
          ],
          [
            9.704599,
            47.408411
          ],
          [
            9.70438,
            47.408128
          ],
          [
            9.703442,
            47.407019
          ],
          [
            9.702947,
            47.406466
          ],
          [
            9.702394,
            47.405873
          ],
          [
            9.701721,
            47.405196
          ],
          [
            9.701642,
            47.405117
          ],
          [
            9.70087,
            47.404368
          ],
          [
            9.70021,
            47.403762
          ],
          [
            9.698992,
            47.402711
          ],
          [
            9.69764,
            47.401632
          ],
          [
            9.696374,
            47.400693
          ],
          [
            9.695602,
            47.400146
          ],
          [
            9.695104,
            47.39981
          ],
          [
            9.694795,
            47.399605
          ],
          [
            9.694642,
            47.399509
          ],
          [
            9.694052,
            47.39913
          ],
          [
            9.692192,
            47.397995
          ],
          [
            9.690131,
            47.396798
          ],
          [
            9.689388,
            47.396372
          ],
          [
            9.687715,
            47.395418
          ],
          [
            9.686694,
            47.394807
          ],
          [
            9.685619,
            47.394133
          ],
          [
            9.684877,
            47.393639
          ],
          [
            9.684029,
            47.393031
          ],
          [
            9.683254,
            47.392433
          ],
          [
            9.682707,
            47.391983
          ],
          [
            9.68217,
            47.391507
          ],
          [
            9.681435,
            47.390813
          ],
          [
            9.680737,
            47.390108
          ],
          [
            9.680179,
            47.389491
          ],
          [
            9.679653,
            47.38885
          ],
          [
            9.679124,
            47.388129
          ],
          [
            9.678638,
            47.387402
          ],
          [
            9.678253,
            47.386746
          ],
          [
            9.677894,
            47.38606
          ],
          [
            9.677551,
            47.38531
          ],
          [
            9.676856,
            47.383549
          ],
          [
            9.676218,
            47.382017
          ],
          [
            9.675909,
            47.381382
          ],
          [
            9.675406,
            47.380485
          ],
          [
            9.674918,
            47.379743
          ],
          [
            9.674561,
            47.379247
          ],
          [
            9.67447,
            47.379125
          ],
          [
            9.674191,
            47.378762
          ],
          [
            9.673481,
            47.377937
          ],
          [
            9.672493,
            47.376922
          ],
          [
            9.672225,
            47.376673
          ],
          [
            9.672104,
            47.376565
          ],
          [
            9.671173,
            47.375763
          ],
          [
            9.670464,
            47.375191
          ],
          [
            9.67029,
            47.375047
          ],
          [
            9.669959,
            47.374797
          ],
          [
            9.666829,
            47.372489
          ],
          [
            9.666336,
            47.372141
          ],
          [
            9.666264,
            47.372086
          ],
          [
            9.66384,
            47.370433
          ],
          [
            9.662333,
            47.369438
          ],
          [
            9.661952,
            47.369192
          ],
          [
            9.659989,
            47.367958
          ],
          [
            9.659884,
            47.367893
          ],
          [
            9.658302,
            47.366934
          ],
          [
            9.658011,
            47.366767
          ],
          [
            9.657866,
            47.366682
          ],
          [
            9.656581,
            47.365925
          ],
          [
            9.65557,
            47.365357
          ],
          [
            9.655031,
            47.365047
          ],
          [
            9.654679,
            47.364854
          ],
          [
            9.649336,
            47.361941
          ],
          [
            9.647922,
            47.361113
          ],
          [
            9.646914,
            47.360478
          ],
          [
            9.645933,
            47.359816
          ],
          [
            9.644499,
            47.358759
          ],
          [
            9.643861,
            47.358248
          ],
          [
            9.642681,
            47.357232
          ],
          [
            9.641513,
            47.356112
          ],
          [
            9.640838,
            47.355407
          ],
          [
            9.640365,
            47.354883
          ],
          [
            9.639822,
            47.354252
          ],
          [
            9.638928,
            47.353096
          ],
          [
            9.638786,
            47.353022
          ],
          [
            9.638518,
            47.352698
          ],
          [
            9.638366,
            47.352552
          ],
          [
            9.638138,
            47.35239
          ],
          [
            9.637881,
            47.352271
          ],
          [
            9.637634,
            47.352212
          ],
          [
            9.637517,
            47.3522
          ],
          [
            9.637266,
            47.352217
          ],
          [
            9.637142,
            47.352242
          ],
          [
            9.637038,
            47.352284
          ],
          [
            9.636905,
            47.352359
          ],
          [
            9.636801,
            47.352443
          ],
          [
            9.636739,
            47.352539
          ],
          [
            9.636706,
            47.352657
          ],
          [
            9.636571,
            47.353308
          ],
          [
            9.636308,
            47.353293
          ],
          [
            9.635897,
            47.353251
          ],
          [
            9.635704,
            47.353228
          ],
          [
            9.635447,
            47.353198
          ],
          [
            9.635017,
            47.353152
          ],
          [
            9.634721,
            47.353122
          ],
          [
            9.634483,
            47.353101
          ],
          [
            9.633898,
            47.353059
          ],
          [
            9.6338,
            47.353052
          ],
          [
            9.633733,
            47.353049
          ],
          [
            9.63363,
            47.353044
          ],
          [
            9.633522,
            47.353038
          ],
          [
            9.633148,
            47.353019
          ],
          [
            9.632829,
            47.353004
          ],
          [
            9.632659,
            47.352998
          ],
          [
            9.632417,
            47.35299
          ],
          [
            9.632028,
            47.352984
          ],
          [
            9.631614,
            47.352969
          ],
          [
            9.631404,
            47.352964
          ],
          [
            9.631336,
            47.352961
          ],
          [
            9.631124,
            47.35295
          ],
          [
            9.630584,
            47.352892
          ],
          [
            9.630307,
            47.352837
          ],
          [
            9.630202,
            47.352812
          ],
          [
            9.630027,
            47.352769
          ],
          [
            9.629725,
            47.352707
          ],
          [
            9.629504,
            47.352677
          ],
          [
            9.629406,
            47.352697
          ],
          [
            9.62937,
            47.352713
          ],
          [
            9.629302,
            47.352755
          ],
          [
            9.629269,
            47.352795
          ],
          [
            9.629251,
            47.35293
          ],
          [
            9.62926,
            47.35296
          ],
          [
            9.629289,
            47.353064
          ],
          [
            9.629313,
            47.353143
          ],
          [
            9.629344,
            47.353239
          ],
          [
            9.62937,
            47.353334
          ],
          [
            9.629381,
            47.353421
          ],
          [
            9.629385,
            47.353443
          ],
          [
            9.629396,
            47.353505
          ],
          [
            9.629413,
            47.353741
          ],
          [
            9.629412,
            47.353877
          ],
          [
            9.629347,
            47.35414
          ],
          [
            9.62922,
            47.354402
          ],
          [
            9.629165,
            47.354468
          ],
          [
            9.629057,
            47.354612
          ],
          [
            9.628888,
            47.354776
          ],
          [
            9.628773,
            47.354888
          ],
          [
            9.62855,
            47.355039
          ],
          [
            9.627819,
            47.355391
          ],
          [
            9.627684,
            47.355435
          ],
          [
            9.627229,
            47.355583
          ],
          [
            9.626349,
            47.355835
          ],
          [
            9.625689,
            47.35595
          ],
          [
            9.625037,
            47.356042
          ],
          [
            9.624495,
            47.35606
          ],
          [
            9.624023,
            47.356032
          ],
          [
            9.623818,
            47.356029
          ],
          [
            9.623507,
            47.355978
          ],
          [
            9.622851,
            47.355798
          ],
          [
            9.622099,
            47.355551
          ],
          [
            9.621965,
            47.355478
          ],
          [
            9.62082,
            47.355099
          ],
          [
            9.620141,
            47.354965
          ],
          [
            9.619818,
            47.354926
          ],
          [
            9.619642,
            47.354925
          ],
          [
            9.619099,
            47.354934
          ],
          [
            9.618418,
            47.355043
          ],
          [
            9.618227,
            47.355112
          ],
          [
            9.618105,
            47.355179
          ],
          [
            9.6181,
            47.355222
          ],
          [
            9.618021,
            47.355307
          ],
          [
            9.617915,
            47.355337
          ],
          [
            9.6178,
            47.355326
          ],
          [
            9.61741,
            47.355418
          ],
          [
            9.616456,
            47.355888
          ],
          [
            9.615977,
            47.356137
          ],
          [
            9.615473,
            47.356386
          ],
          [
            9.615324,
            47.35646
          ],
          [
            9.615194,
            47.356651
          ],
          [
            9.614662,
            47.356916
          ],
          [
            9.614341,
            47.356939
          ],
          [
            9.61424,
            47.356989
          ],
          [
            9.613158,
            47.35753
          ],
          [
            9.610711,
            47.35875
          ],
          [
            9.610669,
            47.358802
          ],
          [
            9.610631,
            47.358852
          ],
          [
            9.610504,
            47.358926
          ],
          [
            9.610477,
            47.358932
          ],
          [
            9.610424,
            47.358931
          ],
          [
            9.610414,
            47.358937
          ],
          [
            9.610182,
            47.35906
          ],
          [
            9.610147,
            47.359079
          ],
          [
            9.609749,
            47.359285
          ],
          [
            9.609724,
            47.359299
          ],
          [
            9.60962,
            47.359296
          ],
          [
            9.609538,
            47.359275
          ],
          [
            9.609433,
            47.359222
          ],
          [
            9.608286,
            47.358309
          ],
          [
            9.607552,
            47.357746
          ],
          [
            9.607122,
            47.35745
          ],
          [
            9.607001,
            47.357295
          ],
          [
            9.606335,
            47.356811
          ],
          [
            9.605759,
            47.356351
          ],
          [
            9.605101,
            47.355782
          ],
          [
            9.604617,
            47.35531
          ],
          [
            9.603902,
            47.35455
          ],
          [
            9.597213,
            47.346556
          ],
          [
            9.596874,
            47.346115
          ],
          [
            9.596586,
            47.345702
          ],
          [
            9.596213,
            47.345064
          ],
          [
            9.595961,
            47.344545
          ],
          [
            9.59574,
            47.344004
          ],
          [
            9.594019,
            47.339396
          ],
          [
            9.592819,
            47.336363
          ],
          [
            9.59178,
            47.333765
          ],
          [
            9.591256,
            47.332446
          ],
          [
            9.587092,
            47.322053
          ],
          [
            9.586489,
            47.320631
          ],
          [
            9.586172,
            47.31998
          ],
          [
            9.585833,
            47.319342
          ],
          [
            9.58534,
            47.318522
          ],
          [
            9.584885,
            47.317867
          ],
          [
            9.584582,
            47.317468
          ],
          [
            9.583887,
            47.316646
          ],
          [
            9.583341,
            47.316066
          ],
          [
            9.582529,
            47.315305
          ],
          [
            9.581775,
            47.31467
          ],
          [
            9.581033,
            47.314112
          ],
          [
            9.58031,
            47.313604
          ],
          [
            9.579218,
            47.312937
          ],
          [
            9.577924,
            47.312226
          ],
          [
            9.575943,
            47.311294
          ],
          [
            9.57432,
            47.310565
          ],
          [
            9.573653,
            47.310267
          ],
          [
            9.57191,
            47.309488
          ],
          [
            9.570339,
            47.308751
          ],
          [
            9.5696,
            47.308377
          ],
          [
            9.568846,
            47.30796
          ],
          [
            9.568315,
            47.307645
          ],
          [
            9.567728,
            47.307264
          ],
          [
            9.56692,
            47.306707
          ],
          [
            9.564655,
            47.305088
          ],
          [
            9.562979,
            47.303938
          ],
          [
            9.561802,
            47.30316
          ],
          [
            9.561149,
            47.302737
          ],
          [
            9.560661,
            47.302422
          ],
          [
            9.558647,
            47.301188
          ],
          [
            9.556767,
            47.300073
          ],
          [
            9.55618,
            47.299707
          ],
          [
            9.555323,
            47.29912
          ],
          [
            9.554645,
            47.298562
          ],
          [
            9.554408,
            47.298333
          ],
          [
            9.554121,
            47.298033
          ],
          [
            9.553586,
            47.297374
          ],
          [
            9.553086,
            47.296588
          ],
          [
            9.552844,
            47.296127
          ],
          [
            9.552482,
            47.295284
          ],
          [
            9.552314,
            47.294823
          ],
          [
            9.552058,
            47.293999
          ],
          [
            9.551529,
            47.29197
          ],
          [
            9.551275,
            47.291053
          ],
          [
            9.551067,
            47.290415
          ],
          [
            9.55083,
            47.289755
          ],
          [
            9.550552,
            47.289063
          ],
          [
            9.550084,
            47.288035
          ],
          [
            9.549443,
            47.286809
          ],
          [
            9.549046,
            47.286135
          ],
          [
            9.548602,
            47.285436
          ],
          [
            9.548114,
            47.284729
          ],
          [
            9.547601,
            47.284048
          ],
          [
            9.54701,
            47.283328
          ],
          [
            9.54633,
            47.282601
          ],
          [
            9.545758,
            47.28205
          ],
          [
            9.545145,
            47.281527
          ],
          [
            9.544663,
            47.281146
          ],
          [
            9.544148,
            47.280767
          ],
          [
            9.543654,
            47.28043
          ],
          [
            9.543037,
            47.280043
          ],
          [
            9.542408,
            47.279683
          ],
          [
            9.541658,
            47.279282
          ],
          [
            9.540983,
            47.278956
          ],
          [
            9.539156,
            47.278152
          ],
          [
            9.536488,
            47.27705
          ],
          [
            9.535506,
            47.276621
          ],
          [
            9.534779,
            47.276286
          ],
          [
            9.533761,
            47.275769
          ],
          [
            9.533039,
            47.275364
          ],
          [
            9.532502,
            47.275024
          ],
          [
            9.531962,
            47.274651
          ],
          [
            9.531143,
            47.273988
          ],
          [
            9.530485,
            47.273335
          ],
          [
            9.529928,
            47.272677
          ],
          [
            9.529485,
            47.272047
          ],
          [
            9.529167,
            47.271476
          ],
          [
            9.528844,
            47.270764
          ],
          [
            9.5286,
            47.269974
          ],
          [
            9.528499,
            47.269476
          ],
          [
            9.528435,
            47.268962
          ],
          [
            9.528395,
            47.268381
          ],
          [
            9.528385,
            47.267685
          ],
          [
            9.528432,
            47.265575
          ],
          [
            9.528411,
            47.264879
          ],
          [
            9.528352,
            47.264186
          ],
          [
            9.528261,
            47.263538
          ],
          [
            9.528072,
            47.262619
          ],
          [
            9.5278,
            47.261655
          ],
          [
            9.527445,
            47.260702
          ],
          [
            9.526925,
            47.259593
          ],
          [
            9.526578,
            47.258945
          ],
          [
            9.526171,
            47.258244
          ],
          [
            9.525261,
            47.256816
          ],
          [
            9.524775,
            47.2561
          ],
          [
            9.52244,
            47.252798
          ],
          [
            9.521707,
            47.251696
          ],
          [
            9.521194,
            47.250876
          ],
          [
            9.520168,
            47.249087
          ],
          [
            9.518929,
            47.2467
          ],
          [
            9.518861,
            47.246565
          ],
          [
            9.517847,
            47.244643
          ],
          [
            9.517116,
            47.243348
          ],
          [
            9.516879,
            47.24295
          ],
          [
            9.516787,
            47.242801
          ],
          [
            9.516592,
            47.242466
          ],
          [
            9.515459,
            47.240677
          ],
          [
            9.514235,
            47.238889
          ],
          [
            9.513501,
            47.237861
          ],
          [
            9.512666,
            47.236761
          ],
          [
            9.511788,
            47.23566
          ],
          [
            9.510608,
            47.234253
          ],
          [
            9.505649,
            47.228639
          ],
          [
            9.504544,
            47.22733
          ],
          [
            9.503438,
            47.225939
          ],
          [
            9.502855,
            47.225154
          ],
          [
            9.502262,
            47.224307
          ],
          [
            9.501719,
            47.223489
          ],
          [
            9.500871,
            47.222074
          ],
          [
            9.500263,
            47.220932
          ],
          [
            9.499834,
            47.220047
          ],
          [
            9.499362,
            47.218993
          ],
          [
            9.498916,
            47.217853
          ],
          [
            9.498545,
            47.216755
          ],
          [
            9.498464,
            47.216503
          ],
          [
            9.498267,
            47.215882
          ],
          [
            9.498107,
            47.215363
          ],
          [
            9.497453,
            47.213215
          ],
          [
            9.496889,
            47.211541
          ],
          [
            9.496592,
            47.210754
          ],
          [
            9.496306,
            47.210088
          ],
          [
            9.496035,
            47.209479
          ],
          [
            9.495509,
            47.208401
          ],
          [
            9.494753,
            47.207009
          ],
          [
            9.493663,
            47.205181
          ],
          [
            9.492418,
            47.203302
          ],
          [
            9.489779,
            47.199445
          ],
          [
            9.488989,
            47.198252
          ],
          [
            9.488215,
            47.197028
          ],
          [
            9.487705,
            47.196164
          ],
          [
            9.487216,
            47.195273
          ],
          [
            9.486346,
            47.193491
          ],
          [
            9.485683,
            47.191848
          ],
          [
            9.485226,
            47.190548
          ],
          [
            9.484875,
            47.189265
          ],
          [
            9.484602,
            47.188076
          ],
          [
            9.484386,
            47.186888
          ],
          [
            9.484264,
            47.186047
          ],
          [
            9.484154,
            47.184868
          ],
          [
            9.484104,
            47.183981
          ],
          [
            9.484088,
            47.182548
          ],
          [
            9.484157,
            47.180946
          ],
          [
            9.484351,
            47.179045
          ],
          [
            9.484455,
            47.178283
          ],
          [
            9.48473,
            47.176709
          ],
          [
            9.484747,
            47.176625
          ],
          [
            9.485221,
            47.174492
          ],
          [
            9.485382,
            47.173851
          ],
          [
            9.485893,
            47.171997
          ],
          [
            9.486226,
            47.170918
          ],
          [
            9.486931,
            47.168834
          ],
          [
            9.48779,
            47.166609
          ],
          [
            9.488731,
            47.164418
          ],
          [
            9.489231,
            47.163348
          ],
          [
            9.489961,
            47.161867
          ],
          [
            9.491141,
            47.159679
          ],
          [
            9.492374,
            47.157575
          ],
          [
            9.493262,
            47.156174
          ],
          [
            9.494219,
            47.154734
          ],
          [
            9.494992,
            47.153627
          ],
          [
            9.495803,
            47.152511
          ],
          [
            9.498499,
            47.148931
          ],
          [
            9.499156,
            47.148071
          ],
          [
            9.500775,
            47.145937
          ],
          [
            9.501821,
            47.144512
          ],
          [
            9.502551,
            47.143493
          ],
          [
            9.503755,
            47.141709
          ],
          [
            9.504695,
            47.140271
          ],
          [
            9.505839,
            47.138341
          ],
          [
            9.507079,
            47.136093
          ],
          [
            9.507618,
            47.13503
          ],
          [
            9.507746,
            47.134578
          ],
          [
            9.508369,
            47.132931
          ],
          [
            9.508484,
            47.132671
          ],
          [
            9.508642,
            47.132326
          ],
          [
            9.50878,
            47.131879
          ],
          [
            9.508819,
            47.131635
          ],
          [
            9.508794,
            47.13135
          ],
          [
            9.508721,
            47.131137
          ],
          [
            9.508598,
            47.130935
          ],
          [
            9.508366,
            47.130694
          ],
          [
            9.508163,
            47.13055
          ],
          [
            9.507873,
            47.130391
          ],
          [
            9.507774,
            47.130273
          ],
          [
            9.507666,
            47.130189
          ],
          [
            9.508428,
            47.130238
          ],
          [
            9.509024,
            47.13028
          ],
          [
            9.509331,
            47.130301
          ],
          [
            9.510141,
            47.130353
          ],
          [
            9.510265,
            47.130363
          ],
          [
            9.510785,
            47.130401
          ],
          [
            9.511045,
            47.130416
          ],
          [
            9.511125,
            47.13042
          ],
          [
            9.511297,
            47.130431
          ],
          [
            9.512324,
            47.130497
          ],
          [
            9.513391,
            47.130565
          ],
          [
            9.513497,
            47.13059
          ],
          [
            9.513556,
            47.130651
          ],
          [
            9.513546,
            47.130732
          ],
          [
            9.513274,
            47.131174
          ],
          [
            9.512931,
            47.131986
          ],
          [
            9.51279,
            47.132268
          ],
          [
            9.512762,
            47.132377
          ],
          [
            9.512857,
            47.132577
          ],
          [
            9.512932,
            47.132633
          ],
          [
            9.512939,
            47.132691
          ],
          [
            9.512898,
            47.132742
          ],
          [
            9.512842,
            47.132766
          ],
          [
            9.512643,
            47.133032
          ],
          [
            9.511245,
            47.136516
          ],
          [
            9.510888,
            47.137282
          ],
          [
            9.510559,
            47.13796
          ],
          [
            9.510266,
            47.138632
          ],
          [
            9.510153,
            47.138898
          ],
          [
            9.510067,
            47.139209
          ],
          [
            9.510055,
            47.139261
          ],
          [
            9.510045,
            47.139314
          ],
          [
            9.510043,
            47.139379
          ],
          [
            9.510071,
            47.139431
          ],
          [
            9.510223,
            47.139491
          ],
          [
            9.511046,
            47.139634
          ],
          [
            9.511204,
            47.139671
          ],
          [
            9.511648,
            47.139765
          ],
          [
            9.511655,
            47.139766
          ],
          [
            9.511771,
            47.139784
          ],
          [
            9.513076,
            47.139876
          ],
          [
            9.513708,
            47.139968
          ],
          [
            9.513914,
            47.139998
          ],
          [
            9.51503,
            47.140065
          ],
          [
            9.5165,
            47.140141
          ],
          [
            9.51655,
            47.140146
          ],
          [
            9.517257,
            47.140173
          ],
          [
            9.517555,
            47.140178
          ],
          [
            9.517668,
            47.140181
          ],
          [
            9.51852,
            47.140188
          ],
          [
            9.518719,
            47.140215
          ],
          [
            9.518826,
            47.140234
          ],
          [
            9.519087,
            47.140299
          ],
          [
            9.519294,
            47.140368
          ],
          [
            9.519393,
            47.140413
          ],
          [
            9.519647,
            47.140572
          ],
          [
            9.519724,
            47.14062
          ],
          [
            9.519881,
            47.140718
          ],
          [
            9.520096,
            47.140819
          ],
          [
            9.520325,
            47.140913
          ],
          [
            9.520603,
            47.140998
          ],
          [
            9.520687,
            47.141016
          ],
          [
            9.520791,
            47.140975
          ],
          [
            9.52082,
            47.140952
          ],
          [
            9.520892,
            47.14093
          ],
          [
            9.520971,
            47.14094
          ],
          [
            9.521069,
            47.141009
          ],
          [
            9.521079,
            47.141077
          ],
          [
            9.52135,
            47.141093
          ],
          [
            9.521404,
            47.141068
          ],
          [
            9.521426,
            47.141061
          ],
          [
            9.521519,
            47.14104
          ],
          [
            9.521426,
            47.141061
          ],
          [
            9.521404,
            47.141068
          ],
          [
            9.52135,
            47.141093
          ],
          [
            9.521079,
            47.141077
          ],
          [
            9.521013,
            47.141128
          ],
          [
            9.520949,
            47.141138
          ],
          [
            9.520882,
            47.141121
          ],
          [
            9.52081,
            47.141074
          ],
          [
            9.520687,
            47.141016
          ],
          [
            9.520603,
            47.140998
          ],
          [
            9.520325,
            47.140913
          ],
          [
            9.520096,
            47.140819
          ],
          [
            9.519881,
            47.140718
          ],
          [
            9.519724,
            47.14062
          ],
          [
            9.519647,
            47.140572
          ],
          [
            9.519393,
            47.140413
          ],
          [
            9.519294,
            47.140368
          ],
          [
            9.519087,
            47.140299
          ],
          [
            9.518826,
            47.140234
          ],
          [
            9.518719,
            47.140215
          ],
          [
            9.51852,
            47.140188
          ],
          [
            9.517668,
            47.140181
          ],
          [
            9.517555,
            47.140178
          ],
          [
            9.517257,
            47.140173
          ],
          [
            9.51655,
            47.140146
          ],
          [
            9.5165,
            47.140141
          ],
          [
            9.51503,
            47.140065
          ],
          [
            9.513914,
            47.139998
          ],
          [
            9.513708,
            47.139968
          ],
          [
            9.513076,
            47.139876
          ],
          [
            9.511771,
            47.139784
          ],
          [
            9.511655,
            47.139766
          ],
          [
            9.511648,
            47.139765
          ],
          [
            9.511204,
            47.139671
          ],
          [
            9.511046,
            47.139634
          ],
          [
            9.510223,
            47.139491
          ],
          [
            9.510071,
            47.139431
          ],
          [
            9.510043,
            47.139379
          ],
          [
            9.510045,
            47.139314
          ],
          [
            9.510055,
            47.139261
          ],
          [
            9.510067,
            47.139209
          ],
          [
            9.510153,
            47.138898
          ],
          [
            9.510266,
            47.138632
          ],
          [
            9.510559,
            47.13796
          ],
          [
            9.510888,
            47.137282
          ],
          [
            9.511245,
            47.136516
          ],
          [
            9.512643,
            47.133032
          ],
          [
            9.512681,
            47.13274
          ],
          [
            9.51264,
            47.132668
          ],
          [
            9.512684,
            47.132597
          ],
          [
            9.512762,
            47.132377
          ],
          [
            9.51279,
            47.132268
          ],
          [
            9.512931,
            47.131986
          ],
          [
            9.513274,
            47.131174
          ],
          [
            9.513546,
            47.130732
          ],
          [
            9.513556,
            47.130651
          ],
          [
            9.513497,
            47.13059
          ],
          [
            9.513391,
            47.130565
          ],
          [
            9.512324,
            47.130497
          ],
          [
            9.511297,
            47.130431
          ],
          [
            9.511125,
            47.13042
          ],
          [
            9.511045,
            47.130416
          ],
          [
            9.510785,
            47.130401
          ],
          [
            9.510662,
            47.130432
          ],
          [
            9.510555,
            47.130489
          ],
          [
            9.510306,
            47.130745
          ],
          [
            9.508723,
            47.133358
          ],
          [
            9.50834,
            47.134057
          ],
          [
            9.508063,
            47.134458
          ],
          [
            9.507564,
            47.135475
          ],
          [
            9.506902,
            47.136734
          ],
          [
            9.506267,
            47.137888
          ],
          [
            9.504801,
            47.140361
          ],
          [
            9.503868,
            47.141814
          ],
          [
            9.502753,
            47.143447
          ],
          [
            9.502133,
            47.144318
          ],
          [
            9.500917,
            47.145982
          ],
          [
            9.49948,
            47.147875
          ],
          [
            9.49866,
            47.14895
          ],
          [
            9.495937,
            47.15256
          ],
          [
            9.495142,
            47.153657
          ],
          [
            9.494363,
            47.154774
          ],
          [
            9.493395,
            47.156228
          ],
          [
            9.492524,
            47.157618
          ],
          [
            9.491896,
            47.158657
          ],
          [
            9.491291,
            47.159706
          ],
          [
            9.490446,
            47.161258
          ],
          [
            9.489819,
            47.162482
          ],
          [
            9.489583,
            47.162961
          ],
          [
            9.488585,
            47.165105
          ],
          [
            9.48794,
            47.166639
          ],
          [
            9.487532,
            47.167663
          ],
          [
            9.487073,
            47.168892
          ],
          [
            9.486531,
            47.17047
          ],
          [
            9.486051,
            47.172006
          ],
          [
            9.485642,
            47.173465
          ],
          [
            9.485279,
            47.174904
          ],
          [
            9.484903,
            47.176639
          ],
          [
            9.484886,
            47.176724
          ],
          [
            9.484577,
            47.178532
          ],
          [
            9.48441,
            47.179835
          ],
          [
            9.484332,
            47.180717
          ],
          [
            9.484282,
            47.181425
          ],
          [
            9.484244,
            47.18254
          ],
          [
            9.484264,
            47.184083
          ],
          [
            9.484309,
            47.184868
          ],
          [
            9.484387,
            47.185722
          ],
          [
            9.484536,
            47.186885
          ],
          [
            9.484758,
            47.188079
          ],
          [
            9.485046,
            47.189301
          ],
          [
            9.485398,
            47.190566
          ],
          [
            9.485833,
            47.191826
          ],
          [
            9.486134,
            47.192607
          ],
          [
            9.486493,
            47.193448
          ],
          [
            9.486898,
            47.194335
          ],
          [
            9.48784,
            47.1961
          ],
          [
            9.488365,
            47.196992
          ],
          [
            9.489127,
            47.198197
          ],
          [
            9.489922,
            47.199403
          ],
          [
            9.492563,
            47.203261
          ],
          [
            9.493799,
            47.205139
          ],
          [
            9.494376,
            47.206066
          ],
          [
            9.494968,
            47.207093
          ],
          [
            9.495186,
            47.207482
          ],
          [
            9.495849,
            47.20874
          ],
          [
            9.496458,
            47.210067
          ],
          [
            9.497046,
            47.211538
          ],
          [
            9.497322,
            47.212318
          ],
          [
            9.49775,
            47.213668
          ],
          [
            9.497977,
            47.214404
          ],
          [
            9.49862,
            47.216486
          ],
          [
            9.498689,
            47.216714
          ],
          [
            9.499079,
            47.217837
          ],
          [
            9.499342,
            47.218523
          ],
          [
            9.499815,
            47.219665
          ],
          [
            9.500177,
            47.220428
          ],
          [
            9.500647,
            47.221352
          ],
          [
            9.501192,
            47.222334
          ],
          [
            9.501853,
            47.22344
          ],
          [
            9.502379,
            47.224239
          ],
          [
            9.503589,
            47.225905
          ],
          [
            9.504661,
            47.227254
          ],
          [
            9.50579,
            47.228595
          ],
          [
            9.510755,
            47.234205
          ],
          [
            9.512008,
            47.235702
          ],
          [
            9.513615,
            47.237768
          ],
          [
            9.514861,
            47.239538
          ],
          [
            9.516077,
            47.24137
          ],
          [
            9.516924,
            47.242751
          ],
          [
            9.517024,
            47.242912
          ],
          [
            9.517396,
            47.243547
          ],
          [
            9.51774,
            47.244144
          ],
          [
            9.51849,
            47.245525
          ],
          [
            9.519039,
            47.246591
          ],
          [
            9.519114,
            47.246729
          ],
          [
            9.519322,
            47.247138
          ],
          [
            9.520326,
            47.249062
          ],
          [
            9.521423,
            47.250975
          ],
          [
            9.521872,
            47.251687
          ],
          [
            9.52257,
            47.252735
          ],
          [
            9.524833,
            47.255943
          ],
          [
            9.525369,
            47.256735
          ],
          [
            9.526332,
            47.258229
          ],
          [
            9.526715,
            47.258892
          ],
          [
            9.527175,
            47.259759
          ],
          [
            9.527584,
            47.260661
          ],
          [
            9.52794,
            47.261632
          ],
          [
            9.528223,
            47.262609
          ],
          [
            9.528414,
            47.263496
          ],
          [
            9.528506,
            47.26417
          ],
          [
            9.528565,
            47.264871
          ],
          [
            9.52859,
            47.265572
          ],
          [
            9.528544,
            47.267686
          ],
          [
            9.528552,
            47.268364
          ],
          [
            9.528591,
            47.268955
          ],
          [
            9.528658,
            47.269474
          ],
          [
            9.528754,
            47.269949
          ],
          [
            9.528868,
            47.270365
          ],
          [
            9.528997,
            47.270733
          ],
          [
            9.52915,
            47.271111
          ],
          [
            9.529305,
            47.271428
          ],
          [
            9.529743,
            47.272182
          ],
          [
            9.530067,
            47.27263
          ],
          [
            9.530383,
            47.27302
          ],
          [
            9.530648,
            47.273312
          ],
          [
            9.530956,
            47.273629
          ],
          [
            9.53125,
            47.273899
          ],
          [
            9.531587,
            47.274192
          ],
          [
            9.532092,
            47.274583
          ],
          [
            9.532572,
            47.274916
          ],
          [
            9.533149,
            47.275286
          ],
          [
            9.533882,
            47.2757
          ],
          [
            9.534393,
            47.275965
          ],
          [
            9.535575,
            47.276527
          ],
          [
            9.536543,
            47.27695
          ],
          [
            9.539237,
            47.278058
          ],
          [
            9.540508,
            47.278605
          ],
          [
            9.541757,
            47.279197
          ],
          [
            9.54257,
            47.279631
          ],
          [
            9.543376,
            47.280113
          ],
          [
            9.544219,
            47.280663
          ],
          [
            9.544729,
            47.281035
          ],
          [
            9.545256,
            47.28144
          ],
          [
            9.545898,
            47.281989
          ],
          [
            9.54645,
            47.282519
          ],
          [
            9.547104,
            47.283236
          ],
          [
            9.547733,
            47.283992
          ],
          [
            9.548249,
            47.284677
          ],
          [
            9.548741,
            47.285386
          ],
          [
            9.549186,
            47.286082
          ],
          [
            9.549599,
            47.286786
          ],
          [
            9.550232,
            47.287997
          ],
          [
            9.550699,
            47.289021
          ],
          [
            9.551222,
            47.290393
          ],
          [
            9.551679,
            47.291939
          ],
          [
            9.552208,
            47.293978
          ],
          [
            9.552466,
            47.294801
          ],
          [
            9.552628,
            47.29525
          ],
          [
            9.553001,
            47.296109
          ],
          [
            9.553224,
            47.296533
          ],
          [
            9.55345,
            47.296915
          ],
          [
            9.553737,
            47.297341
          ],
          [
            9.554241,
            47.297964
          ],
          [
            9.554773,
            47.2985
          ],
          [
            9.555426,
            47.299038
          ],
          [
            9.555832,
            47.299328
          ],
          [
            9.556878,
            47.300001
          ],
          [
            9.55874,
            47.301099
          ],
          [
            9.560762,
            47.302347
          ],
          [
            9.561252,
            47.302657
          ],
          [
            9.563191,
            47.303925
          ],
          [
            9.564557,
            47.304861
          ],
          [
            9.565371,
            47.305441
          ],
          [
            9.567048,
            47.306647
          ],
          [
            9.567821,
            47.307179
          ],
          [
            9.568385,
            47.307544
          ],
          [
            9.568953,
            47.307885
          ],
          [
            9.56971,
            47.3083
          ],
          [
            9.57045,
            47.308679
          ],
          [
            9.571323,
            47.309093
          ],
          [
            9.572425,
            47.309585
          ],
          [
            9.573867,
            47.310232
          ],
          [
            9.575019,
            47.310752
          ],
          [
            9.576032,
            47.311208
          ],
          [
            9.578025,
            47.312149
          ],
          [
            9.579324,
            47.312859
          ],
          [
            9.580408,
            47.313528
          ],
          [
            9.58116,
            47.314048
          ],
          [
            9.58188,
            47.314595
          ],
          [
            9.582649,
            47.315236
          ],
          [
            9.583471,
            47.316012
          ],
          [
            9.584014,
            47.316582
          ],
          [
            9.584739,
            47.317442
          ],
          [
            9.585019,
            47.317813
          ],
          [
            9.58548,
            47.318479
          ],
          [
            9.585961,
            47.319258
          ],
          [
            9.586634,
            47.320601
          ],
          [
            9.587243,
            47.322029
          ],
          [
            9.590715,
            47.3307
          ],
          [
            9.591934,
            47.333737
          ],
          [
            9.592974,
            47.336332
          ],
          [
            9.593427,
            47.337467
          ],
          [
            9.594075,
            47.339109
          ],
          [
            9.595892,
            47.343974
          ],
          [
            9.59611,
            47.344507
          ],
          [
            9.596359,
            47.345032
          ],
          [
            9.596721,
            47.345647
          ],
          [
            9.597019,
            47.346082
          ],
          [
            9.597367,
            47.346518
          ],
          [
            9.604045,
            47.354504
          ],
          [
            9.604702,
            47.355211
          ],
          [
            9.605198,
            47.355688
          ],
          [
            9.605792,
            47.356223
          ],
          [
            9.606316,
            47.356638
          ],
          [
            9.607357,
            47.357394
          ],
          [
            9.607499,
            47.357428
          ],
          [
            9.607867,
            47.357668
          ],
          [
            9.609395,
            47.358534
          ],
          [
            9.61009,
            47.358907
          ],
          [
            9.610246,
            47.358939
          ],
          [
            9.610414,
            47.358937
          ],
          [
            9.610424,
            47.358931
          ],
          [
            9.610438,
            47.358878
          ],
          [
            9.610565,
            47.358803
          ],
          [
            9.61063,
            47.358778
          ],
          [
            9.610711,
            47.35875
          ],
          [
            9.613158,
            47.35753
          ],
          [
            9.61424,
            47.356989
          ],
          [
            9.614341,
            47.356939
          ],
          [
            9.614521,
            47.356735
          ],
          [
            9.614907,
            47.356548
          ],
          [
            9.615324,
            47.35646
          ],
          [
            9.615473,
            47.356386
          ],
          [
            9.615977,
            47.356137
          ],
          [
            9.616456,
            47.355888
          ],
          [
            9.61741,
            47.355418
          ],
          [
            9.617552,
            47.355317
          ],
          [
            9.617685,
            47.355249
          ],
          [
            9.617673,
            47.355153
          ],
          [
            9.617701,
            47.355109
          ],
          [
            9.617796,
            47.355053
          ],
          [
            9.617928,
            47.355043
          ],
          [
            9.618033,
            47.355078
          ],
          [
            9.618418,
            47.355043
          ],
          [
            9.619099,
            47.354934
          ],
          [
            9.619642,
            47.354925
          ],
          [
            9.619818,
            47.354926
          ],
          [
            9.620141,
            47.354965
          ],
          [
            9.62082,
            47.355099
          ],
          [
            9.621965,
            47.355478
          ],
          [
            9.622137,
            47.35551
          ],
          [
            9.622899,
            47.355751
          ],
          [
            9.623388,
            47.355894
          ],
          [
            9.624023,
            47.356032
          ],
          [
            9.624495,
            47.35606
          ],
          [
            9.625037,
            47.356042
          ],
          [
            9.625689,
            47.35595
          ],
          [
            9.626349,
            47.355835
          ],
          [
            9.627229,
            47.355583
          ],
          [
            9.627684,
            47.355435
          ],
          [
            9.627819,
            47.355391
          ],
          [
            9.62855,
            47.355039
          ],
          [
            9.628773,
            47.354888
          ],
          [
            9.628888,
            47.354776
          ],
          [
            9.629003,
            47.354593
          ],
          [
            9.629165,
            47.354468
          ],
          [
            9.62922,
            47.354402
          ],
          [
            9.629347,
            47.35414
          ],
          [
            9.629412,
            47.353877
          ],
          [
            9.629413,
            47.353741
          ],
          [
            9.629396,
            47.353505
          ],
          [
            9.629385,
            47.353443
          ],
          [
            9.629381,
            47.353421
          ],
          [
            9.62937,
            47.353334
          ],
          [
            9.629344,
            47.353239
          ],
          [
            9.629313,
            47.353143
          ],
          [
            9.629289,
            47.353064
          ],
          [
            9.62926,
            47.35296
          ],
          [
            9.629251,
            47.35293
          ],
          [
            9.629164,
            47.352676
          ],
          [
            9.629134,
            47.352612
          ],
          [
            9.629163,
            47.352548
          ],
          [
            9.62926,
            47.352504
          ],
          [
            9.629343,
            47.352503
          ],
          [
            9.629389,
            47.352517
          ],
          [
            9.629448,
            47.352561
          ],
          [
            9.630027,
            47.352769
          ],
          [
            9.630202,
            47.352812
          ],
          [
            9.630307,
            47.352837
          ],
          [
            9.630584,
            47.352892
          ],
          [
            9.631124,
            47.35295
          ],
          [
            9.631336,
            47.352961
          ],
          [
            9.631404,
            47.352964
          ],
          [
            9.631614,
            47.352969
          ],
          [
            9.632028,
            47.352984
          ],
          [
            9.632417,
            47.35299
          ],
          [
            9.632659,
            47.352998
          ],
          [
            9.632829,
            47.353004
          ],
          [
            9.633148,
            47.353019
          ],
          [
            9.633522,
            47.353038
          ],
          [
            9.63363,
            47.353044
          ],
          [
            9.633733,
            47.353049
          ],
          [
            9.6338,
            47.353052
          ],
          [
            9.633898,
            47.353059
          ],
          [
            9.634483,
            47.353101
          ],
          [
            9.634721,
            47.353122
          ],
          [
            9.635017,
            47.353152
          ],
          [
            9.635447,
            47.353198
          ],
          [
            9.635704,
            47.353228
          ],
          [
            9.635897,
            47.353251
          ],
          [
            9.636308,
            47.353293
          ],
          [
            9.636571,
            47.353308
          ],
          [
            9.636959,
            47.353304
          ],
          [
            9.637429,
            47.353254
          ],
          [
            9.637876,
            47.35317
          ],
          [
            9.638828,
            47.352926
          ],
          [
            9.639093,
            47.35288
          ],
          [
            9.639236,
            47.352885
          ],
          [
            9.639323,
            47.352902
          ],
          [
            9.639496,
            47.352961
          ],
          [
            9.639688,
            47.353084
          ],
          [
            9.639838,
            47.353281
          ],
          [
            9.639908,
            47.353383
          ],
          [
            9.639977,
            47.353485
          ],
          [
            9.640117,
            47.353693
          ],
          [
            9.64023,
            47.353806
          ],
          [
            9.640434,
            47.353921
          ],
          [
            9.640436,
            47.354141
          ],
          [
            9.640366,
            47.354275
          ],
          [
            9.64036,
            47.354368
          ],
          [
            9.640402,
            47.354479
          ],
          [
            9.641022,
            47.355273
          ],
          [
            9.641047,
            47.35543
          ],
          [
            9.641413,
            47.355809
          ],
          [
            9.642501,
            47.356876
          ],
          [
            9.643076,
            47.357399
          ],
          [
            9.643772,
            47.357992
          ],
          [
            9.644104,
            47.358269
          ],
          [
            9.644631,
            47.358689
          ],
          [
            9.64608,
            47.359761
          ],
          [
            9.647043,
            47.360412
          ],
          [
            9.648046,
            47.361042
          ],
          [
            9.649419,
            47.361848
          ],
          [
            9.65216,
            47.363344
          ],
          [
            9.653247,
            47.363931
          ],
          [
            9.653428,
            47.364029
          ],
          [
            9.654218,
            47.364464
          ],
          [
            9.654986,
            47.364883
          ],
          [
            9.655318,
            47.365076
          ],
          [
            9.655499,
            47.365177
          ],
          [
            9.656174,
            47.365554
          ],
          [
            9.658007,
            47.366628
          ],
          [
            9.65854,
            47.366944
          ],
          [
            9.659986,
            47.367815
          ],
          [
            9.660094,
            47.367883
          ],
          [
            9.661444,
            47.368718
          ],
          [
            9.662498,
            47.36939
          ],
          [
            9.663902,
            47.370316
          ],
          [
            9.664552,
            47.370752
          ],
          [
            9.665855,
            47.371644
          ],
          [
            9.666381,
            47.372011
          ],
          [
            9.666456,
            47.372063
          ],
          [
            9.668072,
            47.373221
          ],
          [
            9.670094,
            47.374734
          ],
          [
            9.670416,
            47.374988
          ],
          [
            9.671334,
            47.37572
          ],
          [
            9.672331,
            47.376583
          ],
          [
            9.672353,
            47.376606
          ],
          [
            9.672625,
            47.376854
          ],
          [
            9.673474,
            47.377718
          ],
          [
            9.674086,
            47.378399
          ],
          [
            9.67431,
            47.378684
          ],
          [
            9.674613,
            47.379071
          ],
          [
            9.674707,
            47.379192
          ],
          [
            9.675071,
            47.379705
          ],
          [
            9.675567,
            47.380467
          ],
          [
            9.676064,
            47.381346
          ],
          [
            9.676388,
            47.382009
          ],
          [
            9.677014,
            47.38352
          ],
          [
            9.677717,
            47.385298
          ],
          [
            9.678049,
            47.386021
          ],
          [
            9.678411,
            47.386712
          ],
          [
            9.678805,
            47.38739
          ],
          [
            9.67928,
            47.388092
          ],
          [
            9.67981,
            47.388807
          ],
          [
            9.680324,
            47.389435
          ],
          [
            9.680882,
            47.390054
          ],
          [
            9.681559,
            47.390747
          ],
          [
            9.68226,
            47.391409
          ],
          [
            9.682817,
            47.3919
          ],
          [
            9.683384,
            47.392367
          ],
          [
            9.684134,
            47.392948
          ],
          [
            9.684853,
            47.393468
          ],
          [
            9.68559,
            47.393968
          ],
          [
            9.685703,
            47.394039
          ],
          [
            9.686806,
            47.394728
          ],
          [
            9.688655,
            47.395814
          ],
          [
            9.690779,
            47.397026
          ],
          [
            9.691337,
            47.397348
          ],
          [
            9.692442,
            47.397997
          ],
          [
            9.693822,
            47.398835
          ],
          [
            9.694843,
            47.399486
          ],
          [
            9.694992,
            47.399583
          ],
          [
            9.695345,
            47.399822
          ],
          [
            9.696055,
            47.400304
          ],
          [
            9.696888,
            47.400904
          ],
          [
            9.697572,
            47.401413
          ],
          [
            9.698538,
            47.40217
          ],
          [
            9.699673,
            47.403113
          ],
          [
            9.701003,
            47.404303
          ],
          [
            9.701772,
            47.405044
          ],
          [
            9.701849,
            47.405124
          ],
          [
            9.703085,
            47.406409
          ],
          [
            9.703586,
            47.406968
          ],
          [
            9.704538,
            47.408095
          ],
          [
            9.704763,
            47.408376
          ],
          [
            9.704824,
            47.408458
          ],
          [
            9.705124,
            47.408836
          ],
          [
            9.705584,
            47.409452
          ],
          [
            9.706032,
            47.410081
          ],
          [
            9.706681,
            47.411054
          ],
          [
            9.707292,
            47.412051
          ],
          [
            9.707994,
            47.413278
          ],
          [
            9.708184,
            47.41363
          ],
          [
            9.708566,
            47.414343
          ],
          [
            9.709758,
            47.416628
          ],
          [
            9.709825,
            47.41675
          ],
          [
            9.710367,
            47.417759
          ],
          [
            9.710698,
            47.418341
          ],
          [
            9.71116,
            47.419095
          ],
          [
            9.711646,
            47.419851
          ],
          [
            9.712217,
            47.420679
          ],
          [
            9.71334,
            47.422166
          ],
          [
            9.714153,
            47.423149
          ],
          [
            9.714229,
            47.423237
          ],
          [
            9.716343,
            47.425629
          ],
          [
            9.71736,
            47.426838
          ],
          [
            9.718306,
            47.428079
          ],
          [
            9.718623,
            47.428544
          ],
          [
            9.718979,
            47.429093
          ],
          [
            9.719545,
            47.43004
          ],
          [
            9.719795,
            47.430497
          ],
          [
            9.720237,
            47.431387
          ],
          [
            9.720595,
            47.432199
          ],
          [
            9.720781,
            47.432672
          ],
          [
            9.721262,
            47.434025
          ],
          [
            9.721371,
            47.434363
          ],
          [
            9.721687,
            47.435377
          ],
          [
            9.722072,
            47.436729
          ],
          [
            9.722398,
            47.438044
          ],
          [
            9.722434,
            47.438185
          ],
          [
            9.72257,
            47.438777
          ],
          [
            9.722753,
            47.439659
          ],
          [
            9.722798,
            47.439883
          ],
          [
            9.7229,
            47.44042
          ],
          [
            9.722976,
            47.440851
          ],
          [
            9.723117,
            47.441716
          ],
          [
            9.723193,
            47.442374
          ],
          [
            9.723209,
            47.442569
          ],
          [
            9.723277,
            47.443884
          ],
          [
            9.72327,
            47.444712
          ],
          [
            9.723248,
            47.445411
          ],
          [
            9.723076,
            47.447015
          ],
          [
            9.723009,
            47.447417
          ],
          [
            9.722793,
            47.448454
          ],
          [
            9.722704,
            47.448824
          ],
          [
            9.722652,
            47.449026
          ],
          [
            9.721678,
            47.452538
          ],
          [
            9.721562,
            47.453076
          ],
          [
            9.721464,
            47.453758
          ],
          [
            9.721403,
            47.454239
          ],
          [
            9.721374,
            47.454705
          ],
          [
            9.72139,
            47.455115
          ],
          [
            9.72143,
            47.455602
          ],
          [
            9.721508,
            47.456057
          ],
          [
            9.721687,
            47.456728
          ],
          [
            9.721768,
            47.456972
          ],
          [
            9.722108,
            47.457761
          ],
          [
            9.722548,
            47.458496
          ],
          [
            9.722767,
            47.45881
          ],
          [
            9.723078,
            47.459209
          ],
          [
            9.723724,
            47.459889
          ],
          [
            9.724121,
            47.460262
          ],
          [
            9.724648,
            47.460708
          ],
          [
            9.725087,
            47.461041
          ],
          [
            9.72542,
            47.461265
          ],
          [
            9.726046,
            47.461649
          ],
          [
            9.72661,
            47.461956
          ],
          [
            9.727508,
            47.462376
          ],
          [
            9.728253,
            47.462667
          ],
          [
            9.728747,
            47.462869
          ],
          [
            9.72992,
            47.4633
          ],
          [
            9.731125,
            47.463726
          ],
          [
            9.731927,
            47.464042
          ],
          [
            9.732357,
            47.464225
          ],
          [
            9.733285,
            47.464667
          ],
          [
            9.734197,
            47.465194
          ],
          [
            9.73456,
            47.465437
          ],
          [
            9.735152,
            47.465867
          ],
          [
            9.735723,
            47.466332
          ],
          [
            9.736259,
            47.466833
          ],
          [
            9.73657,
            47.467156
          ],
          [
            9.737139,
            47.467776
          ],
          [
            9.737681,
            47.468454
          ],
          [
            9.738085,
            47.469055
          ],
          [
            9.738442,
            47.469661
          ],
          [
            9.738776,
            47.470321
          ],
          [
            9.73908,
            47.471042
          ],
          [
            9.739405,
            47.472016
          ],
          [
            9.739648,
            47.472998
          ],
          [
            9.739853,
            47.474129
          ],
          [
            9.740035,
            47.475337
          ],
          [
            9.740249,
            47.477049
          ],
          [
            9.740405,
            47.47811
          ],
          [
            9.74052,
            47.47885
          ],
          [
            9.740633,
            47.479307
          ],
          [
            9.740719,
            47.479673
          ],
          [
            9.740979,
            47.480722
          ],
          [
            9.741288,
            47.481734
          ],
          [
            9.741611,
            47.48251
          ],
          [
            9.741646,
            47.482589
          ],
          [
            9.741681,
            47.482665
          ],
          [
            9.741741,
            47.482791
          ],
          [
            9.742041,
            47.483412
          ],
          [
            9.742572,
            47.484349
          ],
          [
            9.742992,
            47.484956
          ],
          [
            9.743314,
            47.485374
          ],
          [
            9.743792,
            47.485935
          ],
          [
            9.744016,
            47.486153
          ],
          [
            9.744198,
            47.486345
          ],
          [
            9.744645,
            47.486798
          ],
          [
            9.745063,
            47.487191
          ],
          [
            9.745979,
            47.487944
          ],
          [
            9.746075,
            47.488016
          ],
          [
            9.746706,
            47.488461
          ],
          [
            9.747307,
            47.488858
          ],
          [
            9.747879,
            47.489203
          ],
          [
            9.748443,
            47.489517
          ],
          [
            9.749183,
            47.489902
          ],
          [
            9.750305,
            47.490425
          ],
          [
            9.751576,
            47.490956
          ],
          [
            9.752807,
            47.49144
          ],
          [
            9.755797,
            47.492546
          ],
          [
            9.756712,
            47.4929
          ],
          [
            9.758155,
            47.493488
          ],
          [
            9.759393,
            47.494039
          ],
          [
            9.76031,
            47.494503
          ],
          [
            9.761026,
            47.494895
          ],
          [
            9.762194,
            47.49563
          ],
          [
            9.76296,
            47.496176
          ],
          [
            9.763597,
            47.496677
          ],
          [
            9.764104,
            47.497113
          ],
          [
            9.764524,
            47.497498
          ],
          [
            9.765045,
            47.498018
          ],
          [
            9.765498,
            47.498521
          ],
          [
            9.765887,
            47.498992
          ],
          [
            9.7666,
            47.499968
          ],
          [
            9.766835,
            47.500335
          ],
          [
            9.767163,
            47.500909
          ],
          [
            9.767405,
            47.501392
          ],
          [
            9.767681,
            47.502027
          ],
          [
            9.768023,
            47.502991
          ],
          [
            9.768151,
            47.503457
          ],
          [
            9.768338,
            47.504327
          ],
          [
            9.768563,
            47.506054
          ],
          [
            9.769864,
            47.523557
          ],
          [
            9.769935,
            47.524843
          ],
          [
            9.76995,
            47.526213
          ],
          [
            9.769919,
            47.526849
          ],
          [
            9.769858,
            47.527472
          ],
          [
            9.769702,
            47.528433
          ],
          [
            9.769566,
            47.529001
          ],
          [
            9.769441,
            47.529418
          ],
          [
            9.769178,
            47.530135
          ],
          [
            9.76884,
            47.530884
          ],
          [
            9.768311,
            47.531819
          ],
          [
            9.767805,
            47.532561
          ],
          [
            9.767384,
            47.533107
          ],
          [
            9.766691,
            47.533888
          ],
          [
            9.765811,
            47.534742
          ],
          [
            9.764953,
            47.535443
          ],
          [
            9.764103,
            47.536058
          ],
          [
            9.763333,
            47.536556
          ],
          [
            9.7625,
            47.537041
          ],
          [
            9.761522,
            47.537542
          ],
          [
            9.760675,
            47.537929
          ],
          [
            9.759483,
            47.538424
          ],
          [
            9.75841,
            47.538827
          ],
          [
            9.756794,
            47.539383
          ],
          [
            9.756447,
            47.539498
          ],
          [
            9.755276,
            47.539876
          ],
          [
            9.754009,
            47.54026
          ],
          [
            9.751722,
            47.540976
          ],
          [
            9.746185,
            47.542692
          ],
          [
            9.744759,
            47.543149
          ],
          [
            9.744082,
            47.54336
          ],
          [
            9.741621,
            47.54413
          ],
          [
            9.741436,
            47.544191
          ],
          [
            9.739925,
            47.544705
          ],
          [
            9.739255,
            47.54499
          ],
          [
            9.738286,
            47.545498
          ],
          [
            9.737781,
            47.545822
          ],
          [
            9.737076,
            47.546347
          ],
          [
            9.736892,
            47.546487
          ],
          [
            9.736604,
            47.546737
          ],
          [
            9.736393,
            47.546922
          ],
          [
            9.736176,
            47.54712
          ],
          [
            9.735946,
            47.547342
          ],
          [
            9.735804,
            47.547489
          ],
          [
            9.735149,
            47.548253
          ],
          [
            9.734912,
            47.548592
          ],
          [
            9.734413,
            47.549397
          ],
          [
            9.734162,
            47.549939
          ],
          [
            9.734067,
            47.550208
          ],
          [
            9.733922,
            47.550655
          ],
          [
            9.733833,
            47.551006
          ],
          [
            9.733705,
            47.551867
          ],
          [
            9.733679,
            47.552425
          ],
          [
            9.733689,
            47.552603
          ],
          [
            9.73374,
            47.553102
          ],
          [
            9.733761,
            47.553254
          ],
          [
            9.733865,
            47.553835
          ],
          [
            9.733959,
            47.554156
          ],
          [
            9.734207,
            47.554857
          ],
          [
            9.734535,
            47.555586
          ],
          [
            9.734869,
            47.556248
          ],
          [
            9.736388,
            47.558969
          ],
          [
            9.736706,
            47.559601
          ],
          [
            9.737039,
            47.560368
          ],
          [
            9.737309,
            47.561183
          ],
          [
            9.737439,
            47.561669
          ],
          [
            9.737646,
            47.562831
          ],
          [
            9.737692,
            47.563638
          ],
          [
            9.737674,
            47.564269
          ],
          [
            9.737637,
            47.564915
          ],
          [
            9.73755,
            47.565496
          ],
          [
            9.737324,
            47.566483
          ],
          [
            9.737157,
            47.566971
          ],
          [
            9.737008,
            47.567451
          ],
          [
            9.736743,
            47.568202
          ],
          [
            9.735777,
            47.570843
          ],
          [
            9.73548,
            47.571781
          ],
          [
            9.735264,
            47.572608
          ],
          [
            9.735034,
            47.57383
          ],
          [
            9.734927,
            47.574714
          ],
          [
            9.734879,
            47.575666
          ],
          [
            9.734888,
            47.576317
          ],
          [
            9.735072,
            47.576843
          ],
          [
            9.735264,
            47.577134
          ],
          [
            9.735433,
            47.5773
          ],
          [
            9.735918,
            47.577654
          ],
          [
            9.736042,
            47.577767
          ],
          [
            9.736126,
            47.577897
          ],
          [
            9.735923,
            47.5778
          ],
          [
            9.73578,
            47.577772
          ],
          [
            9.735633,
            47.577767
          ],
          [
            9.735464,
            47.5778
          ],
          [
            9.735343,
            47.577846
          ],
          [
            9.735214,
            47.577924
          ],
          [
            9.735153,
            47.578001
          ],
          [
            9.735035,
            47.57824
          ],
          [
            9.735081,
            47.578527
          ],
          [
            9.735252,
            47.579463
          ],
          [
            9.735395,
            47.5801
          ],
          [
            9.736072,
            47.58312
          ],
          [
            9.736214,
            47.583999
          ],
          [
            9.736299,
            47.584763
          ],
          [
            9.736352,
            47.585748
          ],
          [
            9.736356,
            47.586586
          ],
          [
            9.736318,
            47.587325
          ],
          [
            9.736243,
            47.588131
          ],
          [
            9.736171,
            47.588595
          ],
          [
            9.736073,
            47.589158
          ],
          [
            9.73585,
            47.590109
          ],
          [
            9.735622,
            47.590887
          ],
          [
            9.735315,
            47.591766
          ],
          [
            9.734929,
            47.592679
          ],
          [
            9.734418,
            47.593803
          ],
          [
            9.733709,
            47.595305
          ],
          [
            9.733133,
            47.596642
          ],
          [
            9.732889,
            47.597334
          ],
          [
            9.732716,
            47.597926
          ],
          [
            9.73261,
            47.598316
          ],
          [
            9.732446,
            47.599165
          ],
          [
            9.732349,
            47.599931
          ],
          [
            9.73229,
            47.600689
          ],
          [
            9.732287,
            47.601497
          ],
          [
            9.732322,
            47.602302
          ],
          [
            9.732385,
            47.602971
          ],
          [
            9.732512,
            47.603857
          ],
          [
            9.732642,
            47.604691
          ],
          [
            9.732952,
            47.606371
          ],
          [
            9.733539,
            47.608896
          ],
          [
            9.734179,
            47.611238
          ],
          [
            9.734903,
            47.613511
          ],
          [
            9.735378,
            47.614851
          ],
          [
            9.736624,
            47.617932
          ],
          [
            9.737611,
            47.620121
          ],
          [
            9.739051,
            47.623232
          ],
          [
            9.739426,
            47.624143
          ],
          [
            9.739692,
            47.624873
          ],
          [
            9.739929,
            47.625614
          ],
          [
            9.740139,
            47.626533
          ],
          [
            9.740192,
            47.626856
          ],
          [
            9.740284,
            47.627441
          ],
          [
            9.740352,
            47.628108
          ],
          [
            9.740444,
            47.63048
          ],
          [
            9.740516,
            47.631557
          ],
          [
            9.740675,
            47.632754
          ],
          [
            9.740709,
            47.632891
          ],
          [
            9.741099,
            47.634373
          ],
          [
            9.741319,
            47.634981
          ],
          [
            9.741583,
            47.635585
          ],
          [
            9.742033,
            47.636495
          ],
          [
            9.742649,
            47.637572
          ],
          [
            9.743536,
            47.638894
          ],
          [
            9.744828,
            47.640539
          ],
          [
            9.745789,
            47.641682
          ],
          [
            9.746828,
            47.642783
          ],
          [
            9.747917,
            47.643825
          ],
          [
            9.748666,
            47.644446
          ],
          [
            9.749439,
            47.645046
          ],
          [
            9.750622,
            47.64591
          ],
          [
            9.751055,
            47.646212
          ],
          [
            9.75238,
            47.647059
          ],
          [
            9.752823,
            47.647336
          ],
          [
            9.753157,
            47.647544
          ],
          [
            9.754326,
            47.648221
          ],
          [
            9.758768,
            47.650621
          ],
          [
            9.761636,
            47.652166
          ],
          [
            9.763783,
            47.653388
          ],
          [
            9.765141,
            47.654198
          ],
          [
            9.766463,
            47.655023
          ],
          [
            9.768584,
            47.656451
          ],
          [
            9.769507,
            47.657125
          ],
          [
            9.770411,
            47.657801
          ],
          [
            9.771696,
            47.658813
          ],
          [
            9.772935,
            47.659845
          ],
          [
            9.773516,
            47.660373
          ],
          [
            9.774331,
            47.661104
          ],
          [
            9.77511,
            47.661852
          ],
          [
            9.776136,
            47.662873
          ],
          [
            9.776886,
            47.663665
          ],
          [
            9.777611,
            47.664464
          ],
          [
            9.778473,
            47.665464
          ],
          [
            9.779301,
            47.666474
          ],
          [
            9.780061,
            47.66747
          ],
          [
            9.780777,
            47.668474
          ],
          [
            9.781413,
            47.669418
          ],
          [
            9.782009,
            47.670368
          ],
          [
            9.782731,
            47.671711
          ],
          [
            9.783041,
            47.672384
          ],
          [
            9.783322,
            47.673067
          ],
          [
            9.783609,
            47.673903
          ],
          [
            9.783861,
            47.674753
          ],
          [
            9.7841,
            47.675805
          ],
          [
            9.784285,
            47.67685
          ],
          [
            9.784531,
            47.678654
          ],
          [
            9.784763,
            47.680278
          ],
          [
            9.785102,
            47.682047
          ],
          [
            9.785456,
            47.68339
          ],
          [
            9.785733,
            47.684192
          ],
          [
            9.786004,
            47.684889
          ],
          [
            9.7865,
            47.685965
          ],
          [
            9.786674,
            47.686294
          ],
          [
            9.7871,
            47.687072
          ],
          [
            9.787588,
            47.687858
          ],
          [
            9.788607,
            47.689278
          ],
          [
            9.791245,
            47.692429
          ],
          [
            9.791942,
            47.693323
          ],
          [
            9.792409,
            47.69403
          ],
          [
            9.792846,
            47.694747
          ],
          [
            9.793379,
            47.695745
          ],
          [
            9.793897,
            47.696786
          ],
          [
            9.795062,
            47.698912
          ],
          [
            9.795874,
            47.700097
          ],
          [
            9.796587,
            47.701017
          ],
          [
            9.797239,
            47.701757
          ],
          [
            9.797935,
            47.70248
          ],
          [
            9.79884,
            47.703331
          ],
          [
            9.799925,
            47.704246
          ],
          [
            9.800887,
            47.704966
          ],
          [
            9.801569,
            47.705435
          ],
          [
            9.801814,
            47.705596
          ],
          [
            9.802682,
            47.706142
          ],
          [
            9.803507,
            47.70662
          ],
          [
            9.804169,
            47.706986
          ],
          [
            9.805012,
            47.707422
          ],
          [
            9.805689,
            47.707745
          ],
          [
            9.806843,
            47.708257
          ],
          [
            9.808009,
            47.708728
          ],
          [
            9.809053,
            47.709105
          ],
          [
            9.810456,
            47.709554
          ],
          [
            9.811743,
            47.709915
          ],
          [
            9.813013,
            47.710227
          ],
          [
            9.814424,
            47.710523
          ],
          [
            9.815271,
            47.71067
          ],
          [
            9.817996,
            47.711051
          ],
          [
            9.820997,
            47.711415
          ],
          [
            9.822089,
            47.711545
          ],
          [
            9.824115,
            47.7118
          ],
          [
            9.825618,
            47.712025
          ],
          [
            9.826425,
            47.712173
          ],
          [
            9.827226,
            47.712344
          ],
          [
            9.827869,
            47.712489
          ],
          [
            9.829653,
            47.712946
          ],
          [
            9.83059,
            47.713235
          ],
          [
            9.831515,
            47.713553
          ],
          [
            9.832551,
            47.713943
          ],
          [
            9.835484,
            47.715123
          ],
          [
            9.835975,
            47.715332
          ],
          [
            9.840548,
            47.717186
          ],
          [
            9.841546,
            47.717566
          ],
          [
            9.842555,
            47.717925
          ],
          [
            9.843896,
            47.718336
          ],
          [
            9.845554,
            47.718741
          ],
          [
            9.846509,
            47.718924
          ],
          [
            9.847433,
            47.719075
          ],
          [
            9.848644,
            47.719219
          ],
          [
            9.849908,
            47.719317
          ],
          [
            9.850768,
            47.719353
          ],
          [
            9.853219,
            47.71939
          ],
          [
            9.854356,
            47.719426
          ],
          [
            9.855403,
            47.719486
          ],
          [
            9.856322,
            47.71957
          ],
          [
            9.857239,
            47.719693
          ],
          [
            9.858441,
            47.719895
          ],
          [
            9.859617,
            47.72014
          ],
          [
            9.860495,
            47.720365
          ],
          [
            9.86136,
            47.720611
          ],
          [
            9.86231,
            47.720895
          ],
          [
            9.863227,
            47.721212
          ],
          [
            9.864323,
            47.721614
          ],
          [
            9.865391,
            47.722044
          ],
          [
            9.866316,
            47.722455
          ],
          [
            9.867223,
            47.722885
          ],
          [
            9.867875,
            47.72322
          ],
          [
            9.869029,
            47.723867
          ],
          [
            9.869704,
            47.72427
          ],
          [
            9.870615,
            47.724859
          ],
          [
            9.871611,
            47.725561
          ],
          [
            9.873268,
            47.726846
          ],
          [
            9.87363,
            47.727146
          ],
          [
            9.874774,
            47.728079
          ],
          [
            9.876452,
            47.72942
          ],
          [
            9.877845,
            47.730469
          ],
          [
            9.879355,
            47.731511
          ],
          [
            9.879946,
            47.731886
          ],
          [
            9.881068,
            47.732597
          ],
          [
            9.882666,
            47.733539
          ],
          [
            9.884612,
            47.734638
          ],
          [
            9.886831,
            47.735884
          ],
          [
            9.888335,
            47.736821
          ],
          [
            9.888807,
            47.737125
          ],
          [
            9.890824,
            47.738522
          ],
          [
            9.89137,
            47.738958
          ],
          [
            9.892248,
            47.739636
          ],
          [
            9.893161,
            47.740413
          ],
          [
            9.893855,
            47.741044
          ],
          [
            9.895282,
            47.742439
          ],
          [
            9.897239,
            47.744451
          ],
          [
            9.898198,
            47.745376
          ],
          [
            9.899255,
            47.746313
          ],
          [
            9.900681,
            47.747467
          ],
          [
            9.902493,
            47.748871
          ],
          [
            9.90377,
            47.749908
          ],
          [
            9.904436,
            47.750472
          ],
          [
            9.90478,
            47.750771
          ],
          [
            9.905898,
            47.75184
          ],
          [
            9.90632,
            47.752257
          ],
          [
            9.907402,
            47.753438
          ],
          [
            9.908504,
            47.754711
          ],
          [
            9.909475,
            47.75586
          ],
          [
            9.910674,
            47.757181
          ],
          [
            9.911849,
            47.758316
          ],
          [
            9.913383,
            47.759585
          ],
          [
            9.91483,
            47.76066
          ],
          [
            9.924389,
            47.767365
          ],
          [
            9.925079,
            47.767838
          ],
          [
            9.928249,
            47.770028
          ],
          [
            9.930313,
            47.771319
          ],
          [
            9.931962,
            47.772287
          ],
          [
            9.933621,
            47.773225
          ],
          [
            9.935137,
            47.774024
          ],
          [
            9.936353,
            47.7746
          ],
          [
            9.937485,
            47.775064
          ],
          [
            9.938638,
            47.775457
          ],
          [
            9.939622,
            47.775742
          ],
          [
            9.940766,
            47.776022
          ],
          [
            9.941381,
            47.776159
          ],
          [
            9.945248,
            47.776995
          ],
          [
            9.947292,
            47.777484
          ],
          [
            9.948586,
            47.777823
          ],
          [
            9.949883,
            47.778207
          ],
          [
            9.951262,
            47.778655
          ],
          [
            9.953096,
            47.779311
          ],
          [
            9.954407,
            47.779846
          ],
          [
            9.955677,
            47.780439
          ],
          [
            9.956703,
            47.780959
          ],
          [
            9.958166,
            47.781806
          ],
          [
            9.95955,
            47.782741
          ],
          [
            9.960847,
            47.783749
          ],
          [
            9.96196,
            47.784766
          ],
          [
            9.962838,
            47.78566
          ],
          [
            9.963339,
            47.786255
          ],
          [
            9.963715,
            47.786725
          ],
          [
            9.964235,
            47.787422
          ],
          [
            9.964957,
            47.788581
          ],
          [
            9.96606,
            47.790585
          ],
          [
            9.966508,
            47.79133
          ],
          [
            9.967158,
            47.792218
          ],
          [
            9.968081,
            47.793208
          ],
          [
            9.968984,
            47.794016
          ],
          [
            9.970242,
            47.79494
          ],
          [
            9.971198,
            47.795514
          ],
          [
            9.971778,
            47.795824
          ],
          [
            9.972895,
            47.796357
          ],
          [
            9.973858,
            47.79675
          ],
          [
            9.976702,
            47.79779
          ],
          [
            9.977451,
            47.798083
          ],
          [
            9.978625,
            47.798579
          ],
          [
            9.979545,
            47.799008
          ],
          [
            9.980531,
            47.79951
          ],
          [
            9.981417,
            47.800012
          ],
          [
            9.98267,
            47.800788
          ],
          [
            9.983984,
            47.801723
          ],
          [
            9.984663,
            47.802275
          ],
          [
            9.985687,
            47.803195
          ],
          [
            9.986403,
            47.803922
          ],
          [
            9.987197,
            47.804809
          ],
          [
            9.988093,
            47.806005
          ],
          [
            9.988882,
            47.807272
          ],
          [
            9.98954,
            47.80859
          ],
          [
            9.989845,
            47.809355
          ],
          [
            9.990222,
            47.81062
          ],
          [
            9.990475,
            47.811907
          ],
          [
            9.990691,
            47.813249
          ],
          [
            9.990926,
            47.814973
          ],
          [
            9.991186,
            47.817144
          ],
          [
            9.991322,
            47.818578
          ],
          [
            9.991465,
            47.82046
          ],
          [
            9.991545,
            47.821569
          ],
          [
            9.991632,
            47.823445
          ],
          [
            9.991682,
            47.825342
          ],
          [
            9.991692,
            47.827262
          ],
          [
            9.991602,
            47.830974
          ],
          [
            9.991518,
            47.832585
          ],
          [
            9.991371,
            47.834642
          ],
          [
            9.991225,
            47.836178
          ],
          [
            9.990729,
            47.841726
          ],
          [
            9.990613,
            47.843631
          ],
          [
            9.990672,
            47.844925
          ],
          [
            9.99075,
            47.845475
          ],
          [
            9.990861,
            47.846022
          ],
          [
            9.991021,
            47.84656
          ],
          [
            9.991226,
            47.847115
          ],
          [
            9.991551,
            47.847789
          ],
          [
            9.991816,
            47.84825
          ],
          [
            9.992176,
            47.848806
          ],
          [
            9.992556,
            47.84933
          ],
          [
            9.993422,
            47.850288
          ],
          [
            9.994496,
            47.851231
          ],
          [
            9.995637,
            47.852041
          ],
          [
            9.99691,
            47.85281
          ],
          [
            9.998819,
            47.853816
          ],
          [
            10.000751,
            47.854808
          ],
          [
            10.002099,
            47.85557
          ],
          [
            10.002915,
            47.856092
          ],
          [
            10.003405,
            47.856449
          ],
          [
            10.004038,
            47.856962
          ],
          [
            10.00476,
            47.857635
          ],
          [
            10.005402,
            47.858297
          ],
          [
            10.006198,
            47.859193
          ],
          [
            10.006991,
            47.86014
          ],
          [
            10.007994,
            47.861245
          ],
          [
            10.008532,
            47.861789
          ],
          [
            10.008724,
            47.86195
          ],
          [
            10.009124,
            47.862305
          ],
          [
            10.009628,
            47.862717
          ],
          [
            10.010323,
            47.863212
          ],
          [
            10.010572,
            47.863378
          ],
          [
            10.011445,
            47.863927
          ],
          [
            10.012306,
            47.864402
          ],
          [
            10.013369,
            47.864922
          ],
          [
            10.013724,
            47.865079
          ],
          [
            10.014742,
            47.865522
          ],
          [
            10.016364,
            47.866203
          ],
          [
            10.017586,
            47.866797
          ],
          [
            10.018689,
            47.867426
          ],
          [
            10.02092,
            47.868871
          ],
          [
            10.022159,
            47.86956
          ],
          [
            10.023085,
            47.870028
          ],
          [
            10.024081,
            47.870426
          ],
          [
            10.026649,
            47.871411
          ],
          [
            10.027171,
            47.871637
          ],
          [
            10.028108,
            47.872055
          ],
          [
            10.029329,
            47.872742
          ],
          [
            10.030965,
            47.873869
          ],
          [
            10.032688,
            47.875233
          ],
          [
            10.034057,
            47.876475
          ],
          [
            10.035005,
            47.877412
          ],
          [
            10.035853,
            47.878302
          ],
          [
            10.036534,
            47.879095
          ],
          [
            10.037309,
            47.880051
          ],
          [
            10.038393,
            47.881493
          ],
          [
            10.040133,
            47.883997
          ],
          [
            10.040225,
            47.884135
          ],
          [
            10.04224,
            47.887078
          ],
          [
            10.04336,
            47.888707
          ],
          [
            10.044536,
            47.89049
          ],
          [
            10.045256,
            47.891478
          ],
          [
            10.046195,
            47.8925
          ],
          [
            10.046807,
            47.893103
          ],
          [
            10.047137,
            47.893392
          ],
          [
            10.047724,
            47.893878
          ],
          [
            10.048429,
            47.894397
          ],
          [
            10.049515,
            47.895109
          ],
          [
            10.050712,
            47.895758
          ],
          [
            10.051516,
            47.896138
          ],
          [
            10.052348,
            47.896492
          ],
          [
            10.05599,
            47.897858
          ],
          [
            10.057342,
            47.898401
          ],
          [
            10.058246,
            47.898827
          ],
          [
            10.059128,
            47.899296
          ],
          [
            10.059886,
            47.899738
          ],
          [
            10.060591,
            47.900183
          ],
          [
            10.061284,
            47.900681
          ],
          [
            10.06194,
            47.901205
          ],
          [
            10.062543,
            47.901731
          ],
          [
            10.063104,
            47.902275
          ],
          [
            10.063626,
            47.902829
          ],
          [
            10.064114,
            47.903422
          ],
          [
            10.064672,
            47.904184
          ],
          [
            10.065148,
            47.90495
          ],
          [
            10.065475,
            47.905586
          ],
          [
            10.065776,
            47.906283
          ],
          [
            10.066159,
            47.907338
          ],
          [
            10.067002,
            47.90993
          ],
          [
            10.067296,
            47.910684
          ],
          [
            10.067619,
            47.911394
          ],
          [
            10.068109,
            47.912298
          ],
          [
            10.068677,
            47.913211
          ],
          [
            10.069086,
            47.913777
          ],
          [
            10.069656,
            47.9145
          ],
          [
            10.070245,
            47.915184
          ],
          [
            10.070977,
            47.915937
          ],
          [
            10.071948,
            47.916827
          ],
          [
            10.072979,
            47.917666
          ],
          [
            10.074159,
            47.91852
          ],
          [
            10.07537,
            47.919338
          ],
          [
            10.078476,
            47.921321
          ],
          [
            10.079317,
            47.921858
          ],
          [
            10.089112,
            47.928097
          ],
          [
            10.09183,
            47.929881
          ],
          [
            10.093084,
            47.930798
          ],
          [
            10.093363,
            47.931007
          ],
          [
            10.09341,
            47.931042
          ],
          [
            10.093992,
            47.931526
          ],
          [
            10.09491,
            47.932361
          ],
          [
            10.095528,
            47.932979
          ],
          [
            10.0965,
            47.934058
          ],
          [
            10.097457,
            47.935378
          ],
          [
            10.09798,
            47.936249
          ],
          [
            10.098482,
            47.937205
          ],
          [
            10.098611,
            47.937485
          ],
          [
            10.099718,
            47.940307
          ],
          [
            10.099843,
            47.940606
          ],
          [
            10.100072,
            47.941152
          ],
          [
            10.100496,
            47.942016
          ],
          [
            10.100989,
            47.942857
          ],
          [
            10.101134,
            47.9431
          ],
          [
            10.103377,
            47.946528
          ],
          [
            10.103873,
            47.94735
          ],
          [
            10.10441,
            47.948397
          ],
          [
            10.104974,
            47.949646
          ],
          [
            10.10553,
            47.951112
          ],
          [
            10.106171,
            47.95308
          ],
          [
            10.106819,
            47.954959
          ],
          [
            10.107515,
            47.956552
          ],
          [
            10.107952,
            47.95742
          ],
          [
            10.108471,
            47.95834
          ],
          [
            10.109123,
            47.959356
          ],
          [
            10.109841,
            47.960388
          ],
          [
            10.11051,
            47.961302
          ],
          [
            10.110676,
            47.961529
          ],
          [
            10.11561,
            47.968216
          ],
          [
            10.116937,
            47.97003
          ],
          [
            10.118369,
            47.971976
          ],
          [
            10.119627,
            47.973675
          ],
          [
            10.119771,
            47.973868
          ],
          [
            10.119943,
            47.974099
          ],
          [
            10.121344,
            47.975977
          ],
          [
            10.122243,
            47.977125
          ],
          [
            10.123459,
            47.9786
          ],
          [
            10.124409,
            47.979689
          ],
          [
            10.125405,
            47.980753
          ],
          [
            10.127354,
            47.982689
          ],
          [
            10.128516,
            47.983753
          ],
          [
            10.130024,
            47.985044
          ],
          [
            10.131193,
            47.98601
          ],
          [
            10.132431,
            47.986958
          ],
          [
            10.133533,
            47.987745
          ],
          [
            10.134328,
            47.988306
          ],
          [
            10.135089,
            47.988829
          ],
          [
            10.136412,
            47.989673
          ],
          [
            10.137475,
            47.990306
          ],
          [
            10.139029,
            47.991177
          ],
          [
            10.140731,
            47.992063
          ],
          [
            10.141705,
            47.992515
          ],
          [
            10.142616,
            47.992894
          ],
          [
            10.143221,
            47.993167
          ],
          [
            10.143404,
            47.99325
          ],
          [
            10.143921,
            47.993448
          ],
          [
            10.144509,
            47.993702
          ],
          [
            10.145104,
            47.993923
          ],
          [
            10.146527,
            47.994379
          ],
          [
            10.147007,
            47.994534
          ],
          [
            10.147747,
            47.994813
          ],
          [
            10.149281,
            47.995462
          ],
          [
            10.149885,
            47.995692
          ],
          [
            10.151238,
            47.99613
          ],
          [
            10.152644,
            47.996515
          ],
          [
            10.15425,
            47.996928
          ],
          [
            10.154708,
            47.997042
          ],
          [
            10.157059,
            47.99756
          ],
          [
            10.159134,
            47.997958
          ],
          [
            10.15947,
            47.998015
          ],
          [
            10.16088,
            47.998235
          ],
          [
            10.162433,
            47.998453
          ],
          [
            10.163557,
            47.998595
          ],
          [
            10.165263,
            47.998767
          ],
          [
            10.16648,
            47.998872
          ],
          [
            10.168596,
            47.999004
          ],
          [
            10.170691,
            47.999078
          ],
          [
            10.172529,
            47.999105
          ],
          [
            10.175302,
            47.999061
          ],
          [
            10.182937,
            47.99886
          ],
          [
            10.187895,
            47.998736
          ],
          [
            10.19136,
            47.99865
          ],
          [
            10.193223,
            47.998606
          ],
          [
            10.193382,
            47.9986
          ],
          [
            10.196439,
            47.998522
          ],
          [
            10.19899,
            47.99846
          ],
          [
            10.200459,
            47.998427
          ],
          [
            10.20137,
            47.998428
          ],
          [
            10.202015,
            47.998441
          ],
          [
            10.204284,
            47.998547
          ],
          [
            10.20619,
            47.998609
          ],
          [
            10.207281,
            47.998599
          ],
          [
            10.208668,
            47.998542
          ],
          [
            10.209782,
            47.998453
          ],
          [
            10.212682,
            47.998179
          ],
          [
            10.213695,
            47.998111
          ],
          [
            10.214946,
            47.998076
          ],
          [
            10.215652,
            47.998084
          ],
          [
            10.217081,
            47.998144
          ],
          [
            10.218059,
            47.99823
          ],
          [
            10.218581,
            47.99829
          ],
          [
            10.219551,
            47.998429
          ],
          [
            10.220449,
            47.998593
          ],
          [
            10.221181,
            47.998751
          ],
          [
            10.221804,
            47.998903
          ],
          [
            10.222344,
            47.999043
          ],
          [
            10.223213,
            47.999299
          ],
          [
            10.224099,
            47.999579
          ],
          [
            10.22475,
            47.999815
          ],
          [
            10.226502,
            48.000481
          ],
          [
            10.230076,
            48.001909
          ],
          [
            10.23255,
            48.002923
          ],
          [
            10.234793,
            48.003839
          ],
          [
            10.239122,
            48.005701
          ],
          [
            10.241097,
            48.00658
          ],
          [
            10.244571,
            48.008161
          ],
          [
            10.244681,
            48.008213
          ],
          [
            10.246022,
            48.008842
          ],
          [
            10.247184,
            48.00942
          ],
          [
            10.248609,
            48.010245
          ],
          [
            10.249317,
            48.010714
          ],
          [
            10.250314,
            48.011453
          ],
          [
            10.251119,
            48.012123
          ],
          [
            10.25178,
            48.012711
          ],
          [
            10.25213,
            48.013026
          ],
          [
            10.252927,
            48.013729
          ],
          [
            10.253699,
            48.014379
          ],
          [
            10.254596,
            48.015097
          ],
          [
            10.255151,
            48.015492
          ],
          [
            10.255776,
            48.015907
          ],
          [
            10.256371,
            48.016271
          ],
          [
            10.257572,
            48.016884
          ],
          [
            10.258731,
            48.017382
          ],
          [
            10.259521,
            48.017672
          ],
          [
            10.260487,
            48.01797
          ],
          [
            10.261536,
            48.018251
          ],
          [
            10.26204,
            48.018372
          ],
          [
            10.263269,
            48.018625
          ],
          [
            10.26451,
            48.018839
          ],
          [
            10.271999,
            48.02002
          ],
          [
            10.274588,
            48.020427
          ],
          [
            10.275798,
            48.020615
          ],
          [
            10.276549,
            48.020746
          ],
          [
            10.276964,
            48.020815
          ],
          [
            10.277726,
            48.02093
          ],
          [
            10.279163,
            48.021177
          ],
          [
            10.28006,
            48.02133
          ],
          [
            10.281216,
            48.021551
          ],
          [
            10.281934,
            48.021697
          ],
          [
            10.282854,
            48.021919
          ],
          [
            10.283733,
            48.022158
          ],
          [
            10.28483,
            48.022496
          ],
          [
            10.287427,
            48.023401
          ],
          [
            10.288066,
            48.023608
          ],
          [
            10.288716,
            48.02379
          ],
          [
            10.289648,
            48.024008
          ],
          [
            10.290333,
            48.024143
          ],
          [
            10.291727,
            48.024342
          ],
          [
            10.29246,
            48.024404
          ],
          [
            10.293172,
            48.024438
          ],
          [
            10.293691,
            48.02445
          ],
          [
            10.294625,
            48.024456
          ],
          [
            10.295583,
            48.024438
          ],
          [
            10.299439,
            48.024325
          ],
          [
            10.301134,
            48.02433
          ],
          [
            10.302462,
            48.024379
          ],
          [
            10.303548,
            48.024448
          ],
          [
            10.304525,
            48.024537
          ],
          [
            10.306292,
            48.024759
          ],
          [
            10.307636,
            48.024978
          ],
          [
            10.313965,
            48.026172
          ],
          [
            10.316035,
            48.026548
          ],
          [
            10.318418,
            48.026957
          ],
          [
            10.320844,
            48.027321
          ],
          [
            10.323329,
            48.02764
          ],
          [
            10.325124,
            48.02786
          ],
          [
            10.325325,
            48.02789
          ],
          [
            10.326103,
            48.027987
          ],
          [
            10.328285,
            48.028272
          ],
          [
            10.330416,
            48.028582
          ],
          [
            10.331625,
            48.028768
          ],
          [
            10.332993,
            48.029001
          ],
          [
            10.33688,
            48.029727
          ],
          [
            10.337419,
            48.029839
          ],
          [
            10.338148,
            48.029994
          ],
          [
            10.338417,
            48.030052
          ],
          [
            10.340002,
            48.030402
          ],
          [
            10.343515,
            48.03126
          ],
          [
            10.347285,
            48.032152
          ],
          [
            10.353198,
            48.033402
          ],
          [
            10.363838,
            48.035573
          ],
          [
            10.366862,
            48.036184
          ],
          [
            10.368382,
            48.036484
          ],
          [
            10.369793,
            48.036738
          ],
          [
            10.370482,
            48.036855
          ],
          [
            10.372007,
            48.037065
          ],
          [
            10.372865,
            48.037175
          ],
          [
            10.373638,
            48.037254
          ],
          [
            10.37572,
            48.037422
          ],
          [
            10.376922,
            48.03748
          ],
          [
            10.378216,
            48.037522
          ],
          [
            10.380104,
            48.037519
          ],
          [
            10.382198,
            48.037483
          ],
          [
            10.384255,
            48.037417
          ],
          [
            10.386341,
            48.037328
          ],
          [
            10.38908,
            48.037206
          ],
          [
            10.394248,
            48.036865
          ],
          [
            10.400047,
            48.036438
          ],
          [
            10.402128,
            48.036217
          ],
          [
            10.403638,
            48.035987
          ],
          [
            10.404527,
            48.035824
          ],
          [
            10.405947,
            48.035527
          ],
          [
            10.408979,
            48.034844
          ],
          [
            10.410356,
            48.034573
          ],
          [
            10.412126,
            48.034307
          ],
          [
            10.412802,
            48.034225
          ],
          [
            10.414033,
            48.034111
          ],
          [
            10.414909,
            48.034044
          ],
          [
            10.4166,
            48.033948
          ],
          [
            10.42105,
            48.033709
          ],
          [
            10.423471,
            48.033577
          ],
          [
            10.430128,
            48.033206
          ],
          [
            10.439334,
            48.032725
          ],
          [
            10.441402,
            48.032612
          ],
          [
            10.444048,
            48.032467
          ],
          [
            10.444877,
            48.032425
          ],
          [
            10.445439,
            48.032396
          ],
          [
            10.446442,
            48.032346
          ],
          [
            10.450225,
            48.032135
          ],
          [
            10.452746,
            48.031966
          ],
          [
            10.453969,
            48.031852
          ],
          [
            10.455382,
            48.031674
          ],
          [
            10.456907,
            48.031435
          ],
          [
            10.45851,
            48.031095
          ],
          [
            10.459946,
            48.030724
          ],
          [
            10.461336,
            48.030315
          ],
          [
            10.462826,
            48.029788
          ],
          [
            10.463728,
            48.029428
          ],
          [
            10.464969,
            48.028901
          ],
          [
            10.468445,
            48.027308
          ],
          [
            10.470104,
            48.026641
          ],
          [
            10.470999,
            48.026332
          ],
          [
            10.471881,
            48.026069
          ],
          [
            10.472812,
            48.025815
          ],
          [
            10.473748,
            48.025598
          ],
          [
            10.475589,
            48.025262
          ],
          [
            10.477687,
            48.025019
          ],
          [
            10.478837,
            48.024954
          ],
          [
            10.480023,
            48.024917
          ],
          [
            10.481375,
            48.024929
          ],
          [
            10.482559,
            48.024983
          ],
          [
            10.483207,
            48.025033
          ],
          [
            10.483772,
            48.0251
          ],
          [
            10.484825,
            48.02523
          ],
          [
            10.48564,
            48.025351
          ],
          [
            10.49107,
            48.026295
          ],
          [
            10.491675,
            48.0264
          ],
          [
            10.508107,
            48.029267
          ],
          [
            10.510848,
            48.029711
          ],
          [
            10.514152,
            48.03018
          ],
          [
            10.51637,
            48.030454
          ],
          [
            10.519342,
            48.030779
          ],
          [
            10.52242,
            48.031035
          ],
          [
            10.529308,
            48.031499
          ],
          [
            10.530781,
            48.03163
          ],
          [
            10.532872,
            48.031888
          ],
          [
            10.535239,
            48.0323
          ],
          [
            10.536172,
            48.032487
          ],
          [
            10.538169,
            48.032977
          ],
          [
            10.539379,
            48.033318
          ],
          [
            10.540499,
            48.033664
          ],
          [
            10.542624,
            48.034431
          ],
          [
            10.54603,
            48.035757
          ],
          [
            10.549573,
            48.037069
          ],
          [
            10.552394,
            48.038015
          ],
          [
            10.555137,
            48.038846
          ],
          [
            10.55777,
            48.039552
          ],
          [
            10.560441,
            48.040218
          ],
          [
            10.562979,
            48.040775
          ],
          [
            10.564293,
            48.041042
          ],
          [
            10.565558,
            48.041273
          ],
          [
            10.567568,
            48.041625
          ],
          [
            10.569686,
            48.041951
          ],
          [
            10.5729,
            48.042362
          ],
          [
            10.574608,
            48.042526
          ],
          [
            10.576371,
            48.042615
          ],
          [
            10.577267,
            48.042632
          ],
          [
            10.578165,
            48.042615
          ],
          [
            10.579485,
            48.042556
          ],
          [
            10.580526,
            48.042489
          ],
          [
            10.582863,
            48.042266
          ],
          [
            10.588373,
            48.041655
          ],
          [
            10.589917,
            48.041501
          ],
          [
            10.590071,
            48.041487
          ],
          [
            10.592865,
            48.041253
          ],
          [
            10.596159,
            48.041054
          ],
          [
            10.597781,
            48.040973
          ],
          [
            10.600303,
            48.040883
          ],
          [
            10.603068,
            48.040823
          ],
          [
            10.60448,
            48.040814
          ],
          [
            10.608182,
            48.04085
          ],
          [
            10.61816,
            48.041065
          ],
          [
            10.620679,
            48.041085
          ],
          [
            10.622945,
            48.041057
          ],
          [
            10.624802,
            48.040996
          ],
          [
            10.627527,
            48.04084
          ],
          [
            10.629809,
            48.040645
          ],
          [
            10.631487,
            48.040481
          ],
          [
            10.632819,
            48.040312
          ],
          [
            10.63405,
            48.040135
          ],
          [
            10.635253,
            48.039933
          ],
          [
            10.637025,
            48.039577
          ],
          [
            10.638634,
            48.039189
          ],
          [
            10.640521,
            48.038683
          ],
          [
            10.640751,
            48.038619
          ],
          [
            10.644198,
            48.037601
          ],
          [
            10.645215,
            48.037298
          ],
          [
            10.648445,
            48.036251
          ],
          [
            10.649778,
            48.035801
          ],
          [
            10.649974,
            48.035735
          ],
          [
            10.652169,
            48.034981
          ],
          [
            10.653802,
            48.034401
          ],
          [
            10.657023,
            48.033224
          ],
          [
            10.660423,
            48.032026
          ],
          [
            10.662342,
            48.031401
          ],
          [
            10.662949,
            48.031217
          ],
          [
            10.664762,
            48.030688
          ],
          [
            10.66634,
            48.030262
          ],
          [
            10.668611,
            48.029707
          ],
          [
            10.671069,
            48.029169
          ],
          [
            10.673956,
            48.028603
          ],
          [
            10.675891,
            48.028239
          ],
          [
            10.681033,
            48.027297
          ],
          [
            10.683906,
            48.026703
          ],
          [
            10.686216,
            48.02619
          ],
          [
            10.686332,
            48.026163
          ],
          [
            10.689603,
            48.025404
          ],
          [
            10.692082,
            48.02478
          ],
          [
            10.693906,
            48.024348
          ],
          [
            10.69522,
            48.024069
          ],
          [
            10.696383,
            48.023854
          ],
          [
            10.69758,
            48.023684
          ],
          [
            10.698594,
            48.023572
          ],
          [
            10.699294,
            48.023513
          ],
          [
            10.700052,
            48.023469
          ],
          [
            10.701028,
            48.023437
          ],
          [
            10.701911,
            48.023442
          ],
          [
            10.703325,
            48.0235
          ],
          [
            10.704287,
            48.023583
          ],
          [
            10.705599,
            48.023744
          ],
          [
            10.706617,
            48.02391
          ],
          [
            10.707469,
            48.024078
          ],
          [
            10.708708,
            48.024364
          ],
          [
            10.709025,
            48.024451
          ],
          [
            10.71015,
            48.024769
          ],
          [
            10.710854,
            48.024965
          ],
          [
            10.71168,
            48.025197
          ],
          [
            10.712053,
            48.025299
          ],
          [
            10.713246,
            48.025585
          ],
          [
            10.715023,
            48.025882
          ],
          [
            10.715954,
            48.025988
          ],
          [
            10.716872,
            48.02606
          ],
          [
            10.718075,
            48.026105
          ],
          [
            10.719384,
            48.0261
          ],
          [
            10.721207,
            48.026064
          ],
          [
            10.722481,
            48.02606
          ],
          [
            10.723685,
            48.026101
          ],
          [
            10.724773,
            48.026182
          ],
          [
            10.725691,
            48.026285
          ],
          [
            10.726363,
            48.026376
          ],
          [
            10.726801,
            48.026451
          ],
          [
            10.727527,
            48.026589
          ],
          [
            10.728437,
            48.026787
          ],
          [
            10.729119,
            48.026961
          ],
          [
            10.730241,
            48.027292
          ],
          [
            10.731297,
            48.027647
          ],
          [
            10.732016,
            48.027927
          ],
          [
            10.732419,
            48.028096
          ],
          [
            10.733624,
            48.028667
          ],
          [
            10.734132,
            48.028934
          ],
          [
            10.735334,
            48.029644
          ],
          [
            10.736232,
            48.030263
          ],
          [
            10.737412,
            48.031102
          ],
          [
            10.73813,
            48.031647
          ],
          [
            10.739257,
            48.032415
          ],
          [
            10.739717,
            48.032705
          ],
          [
            10.740607,
            48.033225
          ],
          [
            10.741939,
            48.033915
          ],
          [
            10.742368,
            48.034117
          ],
          [
            10.743564,
            48.034628
          ],
          [
            10.744404,
            48.034953
          ],
          [
            10.745466,
            48.035317
          ],
          [
            10.74662,
            48.035666
          ],
          [
            10.747554,
            48.035911
          ],
          [
            10.748488,
            48.036129
          ],
          [
            10.749664,
            48.036358
          ],
          [
            10.750401,
            48.036483
          ],
          [
            10.751822,
            48.036677
          ],
          [
            10.752556,
            48.036752
          ],
          [
            10.754009,
            48.03686
          ],
          [
            10.757014,
            48.037036
          ],
          [
            10.758015,
            48.037122
          ],
          [
            10.758923,
            48.037221
          ],
          [
            10.759834,
            48.037349
          ],
          [
            10.760732,
            48.037508
          ],
          [
            10.761651,
            48.037702
          ],
          [
            10.763013,
            48.038038
          ],
          [
            10.765647,
            48.038756
          ],
          [
            10.766962,
            48.039091
          ],
          [
            10.767836,
            48.039296
          ],
          [
            10.768676,
            48.039461
          ],
          [
            10.769582,
            48.039612
          ],
          [
            10.770456,
            48.039722
          ],
          [
            10.771404,
            48.039819
          ],
          [
            10.77237,
            48.039872
          ],
          [
            10.773292,
            48.0399
          ],
          [
            10.774219,
            48.0399
          ],
          [
            10.775184,
            48.039881
          ],
          [
            10.77554,
            48.039873
          ],
          [
            10.778984,
            48.039759
          ],
          [
            10.779988,
            48.039766
          ],
          [
            10.780998,
            48.039799
          ],
          [
            10.782046,
            48.039872
          ],
          [
            10.783058,
            48.039972
          ],
          [
            10.784287,
            48.040143
          ],
          [
            10.7856,
            48.040388
          ],
          [
            10.786547,
            48.040596
          ],
          [
            10.787625,
            48.040873
          ],
          [
            10.788033,
            48.040979
          ],
          [
            10.790285,
            48.041555
          ],
          [
            10.79089,
            48.041695
          ],
          [
            10.791522,
            48.041829
          ],
          [
            10.792576,
            48.042014
          ],
          [
            10.793611,
            48.042143
          ],
          [
            10.79466,
            48.042234
          ],
          [
            10.796277,
            48.042325
          ],
          [
            10.796676,
            48.042348
          ],
          [
            10.798495,
            48.042446
          ],
          [
            10.799478,
            48.042525
          ],
          [
            10.800453,
            48.04263
          ],
          [
            10.80142,
            48.04277
          ],
          [
            10.802371,
            48.042938
          ],
          [
            10.803268,
            48.043132
          ],
          [
            10.80419,
            48.043365
          ],
          [
            10.805163,
            48.04365
          ],
          [
            10.806549,
            48.044122
          ],
          [
            10.807927,
            48.044626
          ],
          [
            10.809353,
            48.045121
          ],
          [
            10.810093,
            48.045344
          ],
          [
            10.810848,
            48.045544
          ],
          [
            10.811578,
            48.045706
          ],
          [
            10.812346,
            48.045843
          ],
          [
            10.81311,
            48.045949
          ],
          [
            10.81387,
            48.04602
          ],
          [
            10.814768,
            48.046068
          ],
          [
            10.815661,
            48.046077
          ],
          [
            10.816722,
            48.046043
          ],
          [
            10.818278,
            48.045933
          ],
          [
            10.822028,
            48.045564
          ],
          [
            10.823916,
            48.045436
          ],
          [
            10.824934,
            48.045417
          ],
          [
            10.82596,
            48.045429
          ],
          [
            10.827001,
            48.045469
          ],
          [
            10.827946,
            48.045539
          ],
          [
            10.829536,
            48.045729
          ],
          [
            10.830465,
            48.045879
          ],
          [
            10.831176,
            48.046012
          ],
          [
            10.831713,
            48.046128
          ],
          [
            10.832733,
            48.046378
          ],
          [
            10.833864,
            48.046695
          ],
          [
            10.834803,
            48.047006
          ],
          [
            10.835637,
            48.047308
          ],
          [
            10.836118,
            48.047493
          ],
          [
            10.837512,
            48.048129
          ],
          [
            10.839096,
            48.048979
          ],
          [
            10.839523,
            48.049242
          ],
          [
            10.840817,
            48.050142
          ],
          [
            10.841147,
            48.050404
          ],
          [
            10.841368,
            48.050589
          ],
          [
            10.842152,
            48.051264
          ],
          [
            10.842899,
            48.052014
          ],
          [
            10.843322,
            48.052492
          ],
          [
            10.843771,
            48.053063
          ],
          [
            10.844396,
            48.053928
          ],
          [
            10.844566,
            48.054188
          ],
          [
            10.844983,
            48.054914
          ],
          [
            10.845962,
            48.056625
          ],
          [
            10.84666,
            48.057818
          ],
          [
            10.847516,
            48.059099
          ],
          [
            10.848284,
            48.060081
          ],
          [
            10.848751,
            48.060594
          ],
          [
            10.848921,
            48.060777
          ],
          [
            10.849743,
            48.061574
          ],
          [
            10.850406,
            48.062099
          ],
          [
            10.851104,
            48.062574
          ],
          [
            10.852163,
            48.063177
          ],
          [
            10.852709,
            48.063446
          ],
          [
            10.853326,
            48.063717
          ],
          [
            10.854003,
            48.063982
          ],
          [
            10.854707,
            48.064229
          ],
          [
            10.856049,
            48.06463
          ],
          [
            10.857201,
            48.06493
          ],
          [
            10.85868,
            48.06526
          ],
          [
            10.860252,
            48.065548
          ],
          [
            10.861256,
            48.065699
          ],
          [
            10.862351,
            48.065832
          ],
          [
            10.863321,
            48.065916
          ],
          [
            10.864957,
            48.065982
          ],
          [
            10.865744,
            48.065989
          ],
          [
            10.866378,
            48.065976
          ],
          [
            10.866952,
            48.065953
          ],
          [
            10.867837,
            48.065893
          ],
          [
            10.868237,
            48.065861
          ],
          [
            10.869167,
            48.065755
          ],
          [
            10.870115,
            48.065621
          ],
          [
            10.871299,
            48.065409
          ],
          [
            10.872493,
            48.065128
          ],
          [
            10.872925,
            48.065025
          ],
          [
            10.874057,
            48.064684
          ],
          [
            10.875303,
            48.064234
          ],
          [
            10.876387,
            48.063821
          ],
          [
            10.877076,
            48.063513
          ],
          [
            10.878374,
            48.062827
          ],
          [
            10.879578,
            48.062153
          ],
          [
            10.881801,
            48.060998
          ],
          [
            10.882696,
            48.060586
          ],
          [
            10.885011,
            48.059626
          ],
          [
            10.886424,
            48.059119
          ],
          [
            10.887938,
            48.05866
          ],
          [
            10.889418,
            48.058253
          ],
          [
            10.890956,
            48.057913
          ],
          [
            10.892533,
            48.057604
          ],
          [
            10.894358,
            48.057333
          ],
          [
            10.895723,
            48.057169
          ],
          [
            10.897809,
            48.05701
          ],
          [
            10.898787,
            48.056963
          ],
          [
            10.900411,
            48.05692
          ],
          [
            10.90167,
            48.056921
          ],
          [
            10.903698,
            48.056982
          ],
          [
            10.905462,
            48.057075
          ],
          [
            10.906308,
            48.057146
          ],
          [
            10.907038,
            48.057221
          ],
          [
            10.907901,
            48.057319
          ],
          [
            10.909274,
            48.057468
          ],
          [
            10.910155,
            48.057554
          ],
          [
            10.911279,
            48.057604
          ],
          [
            10.911822,
            48.057607
          ],
          [
            10.912475,
            48.057593
          ],
          [
            10.913047,
            48.057561
          ],
          [
            10.913621,
            48.057515
          ],
          [
            10.914276,
            48.05744
          ],
          [
            10.914833,
            48.057364
          ],
          [
            10.915764,
            48.05719
          ],
          [
            10.918698,
            48.056489
          ],
          [
            10.919817,
            48.056267
          ],
          [
            10.92089,
            48.056118
          ],
          [
            10.922291,
            48.056031
          ],
          [
            10.923869,
            48.056031
          ],
          [
            10.927591,
            48.056163
          ],
          [
            10.929414,
            48.05616
          ],
          [
            10.932024,
            48.056025
          ],
          [
            10.934213,
            48.05581
          ],
          [
            10.937115,
            48.055432
          ],
          [
            10.937837,
            48.055373
          ],
          [
            10.938625,
            48.055322
          ],
          [
            10.939438,
            48.055315
          ],
          [
            10.940249,
            48.055332
          ],
          [
            10.941762,
            48.055453
          ],
          [
            10.942656,
            48.055582
          ],
          [
            10.943479,
            48.055743
          ],
          [
            10.946627,
            48.056432
          ],
          [
            10.949137,
            48.056908
          ],
          [
            10.952128,
            48.057384
          ],
          [
            10.954804,
            48.057704
          ],
          [
            10.957585,
            48.057925
          ],
          [
            10.964271,
            48.058304
          ],
          [
            10.968721,
            48.058654
          ],
          [
            10.971439,
            48.058827
          ],
          [
            10.973117,
            48.05891
          ],
          [
            10.973332,
            48.058929
          ],
          [
            10.974661,
            48.059075
          ],
          [
            10.975937,
            48.059237
          ],
          [
            10.977891,
            48.059541
          ],
          [
            10.979985,
            48.059955
          ],
          [
            10.980966,
            48.060169
          ],
          [
            10.982941,
            48.060685
          ],
          [
            10.984865,
            48.061259
          ],
          [
            10.988738,
            48.062588
          ],
          [
            10.991609,
            48.063545
          ],
          [
            10.993021,
            48.063974
          ],
          [
            10.994894,
            48.064485
          ],
          [
            10.996434,
            48.06488
          ],
          [
            10.997503,
            48.065112
          ],
          [
            10.999113,
            48.065433
          ],
          [
            11.000375,
            48.065642
          ],
          [
            11.001567,
            48.065797
          ],
          [
            11.002379,
            48.065881
          ],
          [
            11.003307,
            48.065946
          ],
          [
            11.005064,
            48.066016
          ],
          [
            11.006129,
            48.066028
          ],
          [
            11.006804,
            48.066018
          ],
          [
            11.007606,
            48.066001
          ],
          [
            11.008404,
            48.065958
          ],
          [
            11.010473,
            48.065821
          ],
          [
            11.014151,
            48.06557
          ],
          [
            11.015328,
            48.065537
          ],
          [
            11.015954,
            48.065546
          ],
          [
            11.016736,
            48.065583
          ],
          [
            11.017475,
            48.065643
          ],
          [
            11.018201,
            48.065729
          ],
          [
            11.018853,
            48.065825
          ],
          [
            11.019494,
            48.065939
          ],
          [
            11.020229,
            48.066098
          ],
          [
            11.02077,
            48.066234
          ],
          [
            11.02146,
            48.06643
          ],
          [
            11.022232,
            48.066686
          ],
          [
            11.022926,
            48.066942
          ],
          [
            11.023544,
            48.067209
          ],
          [
            11.024196,
            48.067513
          ],
          [
            11.028099,
            48.069501
          ],
          [
            11.028397,
            48.069663
          ],
          [
            11.031801,
            48.071386
          ],
          [
            11.032645,
            48.071798
          ],
          [
            11.03359,
            48.072211
          ],
          [
            11.034324,
            48.072498
          ],
          [
            11.03547,
            48.072894
          ],
          [
            11.036597,
            48.073232
          ],
          [
            11.037719,
            48.07351
          ],
          [
            11.038439,
            48.073665
          ],
          [
            11.039635,
            48.073881
          ],
          [
            11.040079,
            48.073946
          ],
          [
            11.041396,
            48.07411
          ],
          [
            11.042336,
            48.074191
          ],
          [
            11.043339,
            48.074241
          ],
          [
            11.044417,
            48.074255
          ],
          [
            11.045205,
            48.074249
          ],
          [
            11.045899,
            48.074225
          ],
          [
            11.047405,
            48.074118
          ],
          [
            11.048748,
            48.073963
          ],
          [
            11.050182,
            48.073725
          ],
          [
            11.051517,
            48.073443
          ],
          [
            11.052634,
            48.073178
          ],
          [
            11.057748,
            48.07179
          ],
          [
            11.058901,
            48.071516
          ],
          [
            11.059761,
            48.071334
          ],
          [
            11.060439,
            48.071219
          ],
          [
            11.061205,
            48.071118
          ],
          [
            11.062376,
            48.070992
          ],
          [
            11.063061,
            48.070943
          ],
          [
            11.063941,
            48.070905
          ],
          [
            11.065089,
            48.070886
          ],
          [
            11.066159,
            48.070888
          ],
          [
            11.067213,
            48.070912
          ],
          [
            11.06912,
            48.071011
          ],
          [
            11.070404,
            48.071127
          ],
          [
            11.071517,
            48.071264
          ],
          [
            11.072932,
            48.071477
          ],
          [
            11.074112,
            48.071694
          ],
          [
            11.077982,
            48.072454
          ],
          [
            11.080171,
            48.072815
          ],
          [
            11.081369,
            48.07297
          ],
          [
            11.082613,
            48.073101
          ],
          [
            11.08428,
            48.073234
          ],
          [
            11.085942,
            48.073346
          ],
          [
            11.0878,
            48.073492
          ],
          [
            11.088626,
            48.073575
          ],
          [
            11.089658,
            48.073705
          ],
          [
            11.091475,
            48.074002
          ],
          [
            11.092873,
            48.074281
          ],
          [
            11.095334,
            48.074774
          ],
          [
            11.096466,
            48.074957
          ],
          [
            11.097394,
            48.075081
          ],
          [
            11.098376,
            48.07519
          ],
          [
            11.099384,
            48.075278
          ],
          [
            11.100638,
            48.075343
          ],
          [
            11.101337,
            48.075364
          ],
          [
            11.103786,
            48.07541
          ],
          [
            11.105292,
            48.075476
          ],
          [
            11.106277,
            48.075559
          ],
          [
            11.107258,
            48.075677
          ],
          [
            11.108475,
            48.075872
          ],
          [
            11.108763,
            48.075929
          ],
          [
            11.110073,
            48.076222
          ],
          [
            11.11218,
            48.076757
          ],
          [
            11.113695,
            48.077141
          ],
          [
            11.115699,
            48.077511
          ],
          [
            11.11745,
            48.077732
          ],
          [
            11.120063,
            48.078033
          ],
          [
            11.121649,
            48.078172
          ],
          [
            11.123504,
            48.078319
          ],
          [
            11.128248,
            48.078556
          ],
          [
            11.129228,
            48.0786
          ],
          [
            11.131179,
            48.078681
          ],
          [
            11.133082,
            48.078807
          ],
          [
            11.134302,
            48.078919
          ],
          [
            11.13547,
            48.07909
          ],
          [
            11.136408,
            48.079275
          ],
          [
            11.137171,
            48.079457
          ],
          [
            11.137987,
            48.07969
          ],
          [
            11.1387,
            48.079927
          ],
          [
            11.139471,
            48.080222
          ],
          [
            11.139948,
            48.080422
          ],
          [
            11.141273,
            48.081043
          ],
          [
            11.142803,
            48.081829
          ],
          [
            11.144231,
            48.082535
          ],
          [
            11.145445,
            48.083059
          ],
          [
            11.146638,
            48.083498
          ],
          [
            11.147368,
            48.083729
          ],
          [
            11.148646,
            48.084083
          ],
          [
            11.149504,
            48.084277
          ],
          [
            11.15049,
            48.084464
          ],
          [
            11.151462,
            48.084613
          ],
          [
            11.151657,
            48.084639
          ],
          [
            11.151974,
            48.084687
          ],
          [
            11.153073,
            48.084795
          ],
          [
            11.154089,
            48.084857
          ],
          [
            11.155501,
            48.084871
          ],
          [
            11.156031,
            48.08485
          ],
          [
            11.156847,
            48.084788
          ],
          [
            11.157791,
            48.084679
          ],
          [
            11.158353,
            48.08459
          ],
          [
            11.159514,
            48.084351
          ],
          [
            11.160681,
            48.08403
          ],
          [
            11.162762,
            48.083425
          ],
          [
            11.163075,
            48.083347
          ],
          [
            11.164009,
            48.083117
          ],
          [
            11.165017,
            48.082924
          ],
          [
            11.165913,
            48.082797
          ],
          [
            11.167086,
            48.082696
          ],
          [
            11.167344,
            48.082681
          ],
          [
            11.168248,
            48.082654
          ],
          [
            11.168862,
            48.082655
          ],
          [
            11.169465,
            48.082676
          ],
          [
            11.170207,
            48.082719
          ],
          [
            11.171257,
            48.082821
          ],
          [
            11.171832,
            48.082893
          ],
          [
            11.173321,
            48.083118
          ],
          [
            11.177852,
            48.083847
          ],
          [
            11.179137,
            48.084026
          ],
          [
            11.180241,
            48.084159
          ],
          [
            11.181193,
            48.084259
          ],
          [
            11.182991,
            48.084406
          ],
          [
            11.185015,
            48.084504
          ],
          [
            11.186584,
            48.084541
          ],
          [
            11.188175,
            48.084546
          ],
          [
            11.196585,
            48.084467
          ],
          [
            11.197655,
            48.084473
          ],
          [
            11.198872,
            48.084501
          ],
          [
            11.20042,
            48.084584
          ],
          [
            11.201911,
            48.084693
          ],
          [
            11.202694,
            48.084765
          ],
          [
            11.204449,
            48.085003
          ],
          [
            11.206942,
            48.085388
          ],
          [
            11.210145,
            48.085924
          ],
          [
            11.211955,
            48.08619
          ],
          [
            11.213756,
            48.086401
          ],
          [
            11.215353,
            48.086537
          ],
          [
            11.215843,
            48.086565
          ],
          [
            11.216721,
            48.086608
          ],
          [
            11.218143,
            48.086645
          ],
          [
            11.221996,
            48.086667
          ],
          [
            11.223053,
            48.086719
          ],
          [
            11.224111,
            48.086815
          ],
          [
            11.225005,
            48.086937
          ],
          [
            11.225494,
            48.087019
          ],
          [
            11.226153,
            48.087145
          ],
          [
            11.226948,
            48.087325
          ],
          [
            11.228045,
            48.087627
          ],
          [
            11.229148,
            48.087996
          ],
          [
            11.229296,
            48.08805
          ],
          [
            11.230246,
            48.088415
          ],
          [
            11.231115,
            48.088775
          ],
          [
            11.233439,
            48.089764
          ],
          [
            11.236465,
            48.090989
          ],
          [
            11.238037,
            48.091563
          ],
          [
            11.239155,
            48.091913
          ],
          [
            11.240889,
            48.092378
          ],
          [
            11.241444,
            48.092507
          ],
          [
            11.242335,
            48.09269
          ],
          [
            11.243709,
            48.09291
          ],
          [
            11.244969,
            48.093009
          ],
          [
            11.245328,
            48.09302
          ],
          [
            11.246234,
            48.093022
          ],
          [
            11.246935,
            48.092992
          ],
          [
            11.24759,
            48.092932
          ],
          [
            11.24873,
            48.09277
          ],
          [
            11.249804,
            48.092563
          ],
          [
            11.251389,
            48.092206
          ],
          [
            11.252317,
            48.092045
          ],
          [
            11.253118,
            48.091948
          ],
          [
            11.254002,
            48.091889
          ],
          [
            11.25486,
            48.091869
          ],
          [
            11.255715,
            48.09189
          ],
          [
            11.25641,
            48.091925
          ],
          [
            11.258493,
            48.092067
          ],
          [
            11.259574,
            48.092096
          ],
          [
            11.260687,
            48.092072
          ],
          [
            11.263363,
            48.091821
          ],
          [
            11.264269,
            48.091765
          ],
          [
            11.265086,
            48.091775
          ],
          [
            11.265956,
            48.091825
          ],
          [
            11.266828,
            48.091932
          ],
          [
            11.267555,
            48.092064
          ],
          [
            11.268067,
            48.092182
          ],
          [
            11.268939,
            48.092434
          ],
          [
            11.269627,
            48.092666
          ],
          [
            11.271316,
            48.093287
          ],
          [
            11.272125,
            48.093552
          ],
          [
            11.272762,
            48.093726
          ],
          [
            11.273412,
            48.093874
          ],
          [
            11.274745,
            48.094065
          ],
          [
            11.275463,
            48.094108
          ],
          [
            11.276233,
            48.094122
          ],
          [
            11.277106,
            48.094083
          ],
          [
            11.27809,
            48.093972
          ],
          [
            11.27895,
            48.093841
          ],
          [
            11.28079,
            48.093505
          ],
          [
            11.282232,
            48.093271
          ],
          [
            11.283545,
            48.093102
          ],
          [
            11.284839,
            48.092988
          ],
          [
            11.286493,
            48.092908
          ],
          [
            11.287298,
            48.092883
          ],
          [
            11.288677,
            48.092887
          ],
          [
            11.290075,
            48.092945
          ],
          [
            11.292208,
            48.093089
          ],
          [
            11.293701,
            48.093232
          ],
          [
            11.295188,
            48.093416
          ],
          [
            11.297348,
            48.093715
          ],
          [
            11.298988,
            48.094002
          ],
          [
            11.299744,
            48.09415
          ],
          [
            11.30047,
            48.094315
          ],
          [
            11.301753,
            48.094658
          ],
          [
            11.30203,
            48.094731
          ],
          [
            11.302884,
            48.094973
          ],
          [
            11.304735,
            48.095473
          ],
          [
            11.305977,
            48.095768
          ],
          [
            11.307009,
            48.095964
          ],
          [
            11.308374,
            48.096144
          ],
          [
            11.308826,
            48.096185
          ],
          [
            11.309612,
            48.09624
          ],
          [
            11.310775,
            48.096289
          ],
          [
            11.312393,
            48.09631
          ],
          [
            11.31342,
            48.0963
          ],
          [
            11.313871,
            48.0963
          ],
          [
            11.314134,
            48.096298
          ],
          [
            11.314411,
            48.096296
          ],
          [
            11.316299,
            48.096293
          ],
          [
            11.317037,
            48.096301
          ],
          [
            11.318305,
            48.096327
          ],
          [
            11.319232,
            48.096363
          ],
          [
            11.320594,
            48.09645
          ],
          [
            11.321146,
            48.096503
          ],
          [
            11.322407,
            48.096641
          ],
          [
            11.323844,
            48.096848
          ],
          [
            11.325764,
            48.097224
          ],
          [
            11.326179,
            48.097315
          ],
          [
            11.327432,
            48.097626
          ],
          [
            11.328969,
            48.098082
          ],
          [
            11.330251,
            48.098516
          ],
          [
            11.331654,
            48.099072
          ],
          [
            11.332068,
            48.099245
          ],
          [
            11.33342,
            48.099864
          ],
          [
            11.334602,
            48.100491
          ],
          [
            11.335797,
            48.101195
          ],
          [
            11.337086,
            48.102051
          ],
          [
            11.337319,
            48.102223
          ],
          [
            11.338742,
            48.103348
          ],
          [
            11.341208,
            48.105582
          ],
          [
            11.342068,
            48.106341
          ],
          [
            11.342591,
            48.106774
          ],
          [
            11.342824,
            48.106961
          ],
          [
            11.343194,
            48.107257
          ],
          [
            11.34396,
            48.107813
          ],
          [
            11.344527,
            48.108179
          ],
          [
            11.34554,
            48.108759
          ],
          [
            11.346193,
            48.109104
          ],
          [
            11.347179,
            48.109569
          ],
          [
            11.348178,
            48.109991
          ],
          [
            11.349613,
            48.110535
          ],
          [
            11.350743,
            48.110919
          ],
          [
            11.352122,
            48.111345
          ],
          [
            11.352597,
            48.111486
          ],
          [
            11.359434,
            48.113487
          ],
          [
            11.363889,
            48.114816
          ],
          [
            11.368762,
            48.116241
          ],
          [
            11.369908,
            48.116524
          ],
          [
            11.371594,
            48.116821
          ],
          [
            11.3724,
            48.116911
          ],
          [
            11.373434,
            48.116972
          ],
          [
            11.373953,
            48.116981
          ],
          [
            11.375023,
            48.117003
          ],
          [
            11.378558,
            48.117006
          ],
          [
            11.381386,
            48.117026
          ],
          [
            11.383689,
            48.117103
          ],
          [
            11.384006,
            48.117123
          ],
          [
            11.385906,
            48.117293
          ],
          [
            11.387587,
            48.117484
          ],
          [
            11.388601,
            48.117612
          ],
          [
            11.390669,
            48.117961
          ],
          [
            11.391857,
            48.118202
          ],
          [
            11.392818,
            48.118422
          ],
          [
            11.393967,
            48.118731
          ],
          [
            11.39509,
            48.119084
          ],
          [
            11.395839,
            48.119354
          ],
          [
            11.396571,
            48.119643
          ],
          [
            11.397316,
            48.119985
          ],
          [
            11.397889,
            48.120275
          ],
          [
            11.3986,
            48.12068
          ],
          [
            11.39908,
            48.121003
          ],
          [
            11.399505,
            48.121318
          ],
          [
            11.400561,
            48.122217
          ],
          [
            11.401354,
            48.123103
          ],
          [
            11.401634,
            48.123355
          ],
          [
            11.401955,
            48.123696
          ],
          [
            11.40296,
            48.12457
          ],
          [
            11.403264,
            48.124915
          ],
          [
            11.403493,
            48.125259
          ],
          [
            11.403669,
            48.125612
          ],
          [
            11.403811,
            48.126084
          ],
          [
            11.403886,
            48.126541
          ],
          [
            11.403901,
            48.126955
          ],
          [
            11.403821,
            48.127602
          ],
          [
            11.403732,
            48.127949
          ],
          [
            11.403459,
            48.128618
          ],
          [
            11.403304,
            48.128902
          ],
          [
            11.402956,
            48.12939
          ],
          [
            11.40266,
            48.129719
          ],
          [
            11.401936,
            48.130452
          ],
          [
            11.401572,
            48.130862
          ],
          [
            11.40116,
            48.131428
          ],
          [
            11.400923,
            48.131698
          ],
          [
            11.399938,
            48.133361
          ],
          [
            11.398401,
            48.136088
          ],
          [
            11.397879,
            48.137063
          ],
          [
            11.396966,
            48.138738
          ],
          [
            11.396022,
            48.140593
          ],
          [
            11.395044,
            48.142601
          ],
          [
            11.394581,
            48.143737
          ],
          [
            11.394374,
            48.144411
          ],
          [
            11.394289,
            48.144768
          ],
          [
            11.394158,
            48.145526
          ],
          [
            11.394122,
            48.145977
          ],
          [
            11.394103,
            48.146775
          ],
          [
            11.39412,
            48.147139
          ],
          [
            11.394186,
            48.147757
          ],
          [
            11.394303,
            48.148425
          ],
          [
            11.394568,
            48.149344
          ],
          [
            11.394873,
            48.150139
          ],
          [
            11.395468,
            48.151272
          ],
          [
            11.396093,
            48.152181
          ],
          [
            11.396456,
            48.152644
          ],
          [
            11.39695,
            48.153199
          ],
          [
            11.397538,
            48.153802
          ],
          [
            11.398072,
            48.154314
          ],
          [
            11.400752,
            48.156748
          ],
          [
            11.401935,
            48.157751
          ],
          [
            11.405361,
            48.160503
          ],
          [
            11.411443,
            48.165122
          ],
          [
            11.415863,
            48.167898
          ],
          [
            11.418095,
            48.169406
          ],
          [
            11.419643,
            48.170452
          ],
          [
            11.419725,
            48.170516
          ],
          [
            11.421045,
            48.171416
          ],
          [
            11.421684,
            48.171872
          ],
          [
            11.421962,
            48.172067
          ],
          [
            11.423953,
            48.173497
          ],
          [
            11.425297,
            48.174499
          ],
          [
            11.426839,
            48.175697
          ],
          [
            11.427601,
            48.176321
          ],
          [
            11.429065,
            48.177582
          ],
          [
            11.43012,
            48.178556
          ],
          [
            11.431096,
            48.179511
          ],
          [
            11.431341,
            48.17975
          ],
          [
            11.432401,
            48.18089
          ],
          [
            11.432915,
            48.181466
          ],
          [
            11.434226,
            48.18306
          ],
          [
            11.434827,
            48.183845
          ],
          [
            11.43554,
            48.184855
          ],
          [
            11.435891,
            48.185409
          ],
          [
            11.436423,
            48.186332
          ],
          [
            11.436658,
            48.186756
          ],
          [
            11.437139,
            48.187959
          ],
          [
            11.437348,
            48.188593
          ],
          [
            11.437595,
            48.189703
          ],
          [
            11.437692,
            48.190238
          ],
          [
            11.437732,
            48.190719
          ],
          [
            11.437748,
            48.191922
          ],
          [
            11.437675,
            48.192867
          ],
          [
            11.437518,
            48.19384
          ],
          [
            11.436807,
            48.196746
          ],
          [
            11.436717,
            48.197249
          ],
          [
            11.436657,
            48.198109
          ],
          [
            11.436695,
            48.198613
          ],
          [
            11.436853,
            48.199306
          ],
          [
            11.437058,
            48.199863
          ],
          [
            11.437412,
            48.200501
          ],
          [
            11.437864,
            48.201128
          ],
          [
            11.438418,
            48.201708
          ],
          [
            11.438676,
            48.201917
          ],
          [
            11.438994,
            48.202175
          ],
          [
            11.439677,
            48.202625
          ],
          [
            11.440425,
            48.203038
          ],
          [
            11.441088,
            48.203334
          ],
          [
            11.441941,
            48.203651
          ],
          [
            11.442707,
            48.203865
          ],
          [
            11.44363,
            48.204056
          ],
          [
            11.444397,
            48.204165
          ],
          [
            11.444862,
            48.204212
          ],
          [
            11.445531,
            48.204268
          ],
          [
            11.446312,
            48.204301
          ],
          [
            11.447827,
            48.204341
          ],
          [
            11.448575,
            48.204347
          ],
          [
            11.451596,
            48.204431
          ],
          [
            11.453064,
            48.204518
          ],
          [
            11.454038,
            48.204591
          ],
          [
            11.454905,
            48.204701
          ],
          [
            11.455742,
            48.204838
          ],
          [
            11.45711,
            48.205147
          ],
          [
            11.458372,
            48.205587
          ],
          [
            11.459261,
            48.206009
          ],
          [
            11.460313,
            48.206586
          ],
          [
            11.46194,
            48.207651
          ],
          [
            11.462598,
            48.207993
          ],
          [
            11.463857,
            48.208571
          ],
          [
            11.464987,
            48.208995
          ],
          [
            11.46579,
            48.20923
          ],
          [
            11.466308,
            48.209349
          ],
          [
            11.467158,
            48.2095
          ],
          [
            11.467554,
            48.209561
          ],
          [
            11.468022,
            48.209612
          ],
          [
            11.469172,
            48.20969
          ],
          [
            11.476154,
            48.20973
          ],
          [
            11.477536,
            48.209702
          ],
          [
            11.478927,
            48.209607
          ],
          [
            11.480111,
            48.20948
          ],
          [
            11.482187,
            48.209215
          ],
          [
            11.483818,
            48.209079
          ],
          [
            11.485004,
            48.209039
          ],
          [
            11.486378,
            48.209048
          ],
          [
            11.487634,
            48.209118
          ],
          [
            11.48839,
            48.209178
          ],
          [
            11.489011,
            48.20925
          ],
          [
            11.490164,
            48.209413
          ],
          [
            11.491353,
            48.209627
          ],
          [
            11.492555,
            48.209899
          ],
          [
            11.492753,
            48.209951
          ],
          [
            11.493648,
            48.210201
          ],
          [
            11.494345,
            48.210416
          ],
          [
            11.495046,
            48.210652
          ],
          [
            11.495736,
            48.210915
          ],
          [
            11.496746,
            48.211342
          ],
          [
            11.49732,
            48.211607
          ],
          [
            11.49791,
            48.211905
          ],
          [
            11.498607,
            48.212282
          ],
          [
            11.499177,
            48.212625
          ],
          [
            11.501251,
            48.213954
          ],
          [
            11.501997,
            48.214407
          ],
          [
            11.503097,
            48.215054
          ],
          [
            11.504989,
            48.216108
          ],
          [
            11.506672,
            48.216982
          ],
          [
            11.507884,
            48.217577
          ],
          [
            11.509452,
            48.218289
          ],
          [
            11.511068,
            48.219005
          ],
          [
            11.511897,
            48.219351
          ],
          [
            11.513086,
            48.219829
          ],
          [
            11.515212,
            48.220628
          ],
          [
            11.517335,
            48.221357
          ],
          [
            11.518513,
            48.221734
          ],
          [
            11.520082,
            48.222205
          ],
          [
            11.520584,
            48.222343
          ],
          [
            11.523827,
            48.22321
          ],
          [
            11.525169,
            48.223528
          ],
          [
            11.526156,
            48.223755
          ],
          [
            11.528738,
            48.224298
          ],
          [
            11.531296,
            48.224774
          ],
          [
            11.531797,
            48.224775
          ],
          [
            11.532324,
            48.22485
          ],
          [
            11.532725,
            48.224889
          ],
          [
            11.533178,
            48.224919
          ],
          [
            11.533576,
            48.224924
          ],
          [
            11.53407,
            48.224905
          ],
          [
            11.534399,
            48.224875
          ],
          [
            11.534881,
            48.224803
          ],
          [
            11.535551,
            48.224649
          ],
          [
            11.536523,
            48.224384
          ],
          [
            11.536967,
            48.224289
          ],
          [
            11.53735,
            48.224231
          ],
          [
            11.53774,
            48.224199
          ],
          [
            11.538353,
            48.224202
          ],
          [
            11.538883,
            48.224254
          ],
          [
            11.539216,
            48.224314
          ],
          [
            11.53978,
            48.224468
          ],
          [
            11.54021,
            48.224638
          ],
          [
            11.540482,
            48.224765
          ],
          [
            11.540851,
            48.224982
          ],
          [
            11.541,
            48.225075
          ],
          [
            11.54132,
            48.225372
          ],
          [
            11.541559,
            48.225641
          ],
          [
            11.541793,
            48.225975
          ],
          [
            11.542041,
            48.226421
          ],
          [
            11.542399,
            48.227161
          ],
          [
            11.542638,
            48.227752
          ],
          [
            11.542857,
            48.228497
          ],
          [
            11.542926,
            48.228918
          ],
          [
            11.542966,
            48.229337
          ],
          [
            11.542945,
            48.229953
          ],
          [
            11.542874,
            48.230466
          ],
          [
            11.542768,
            48.230892
          ],
          [
            11.542602,
            48.231379
          ],
          [
            11.542328,
            48.231976
          ],
          [
            11.541976,
            48.232565
          ],
          [
            11.541735,
            48.232915
          ],
          [
            11.540876,
            48.234043
          ],
          [
            11.540578,
            48.234419
          ],
          [
            11.539406,
            48.235871
          ],
          [
            11.539237,
            48.23608
          ],
          [
            11.538284,
            48.237273
          ],
          [
            11.537194,
            48.238722
          ],
          [
            11.536614,
            48.239551
          ],
          [
            11.536028,
            48.240485
          ],
          [
            11.535398,
            48.241547
          ],
          [
            11.534867,
            48.24253
          ],
          [
            11.534405,
            48.243506
          ],
          [
            11.534001,
            48.244553
          ],
          [
            11.533581,
            48.24577
          ],
          [
            11.533381,
            48.246478
          ],
          [
            11.533208,
            48.247218
          ],
          [
            11.533022,
            48.248203
          ],
          [
            11.532951,
            48.248698
          ],
          [
            11.532844,
            48.249682
          ],
          [
            11.532809,
            48.250319
          ],
          [
            11.5328,
            48.250558
          ],
          [
            11.53282,
            48.251954
          ],
          [
            11.532824,
            48.252052
          ],
          [
            11.532851,
            48.252429
          ],
          [
            11.532972,
            48.253576
          ],
          [
            11.533115,
            48.254447
          ],
          [
            11.533226,
            48.254998
          ],
          [
            11.533464,
            48.255919
          ],
          [
            11.533771,
            48.256929
          ],
          [
            11.53428,
            48.258305
          ],
          [
            11.535026,
            48.259984
          ],
          [
            11.535604,
            48.261126
          ],
          [
            11.53668,
            48.263091
          ],
          [
            11.5377,
            48.264781
          ],
          [
            11.538257,
            48.265652
          ],
          [
            11.538343,
            48.265786
          ],
          [
            11.538696,
            48.266334
          ],
          [
            11.539801,
            48.267934
          ],
          [
            11.540947,
            48.269507
          ],
          [
            11.542369,
            48.271257
          ],
          [
            11.54387,
            48.272986
          ],
          [
            11.545436,
            48.274666
          ],
          [
            11.547072,
            48.276294
          ],
          [
            11.548875,
            48.277962
          ],
          [
            11.550735,
            48.279591
          ],
          [
            11.552532,
            48.28104
          ],
          [
            11.553502,
            48.281793
          ],
          [
            11.554872,
            48.282818
          ],
          [
            11.555951,
            48.283595
          ],
          [
            11.557622,
            48.284752
          ],
          [
            11.559924,
            48.286249
          ],
          [
            11.561077,
            48.286968
          ],
          [
            11.562393,
            48.287749
          ],
          [
            11.564708,
            48.289063
          ],
          [
            11.566844,
            48.29019
          ],
          [
            11.569227,
            48.291382
          ],
          [
            11.576573,
            48.294931
          ],
          [
            11.578785,
            48.295996
          ],
          [
            11.581587,
            48.297345
          ],
          [
            11.5832,
            48.298124
          ],
          [
            11.585196,
            48.299086
          ],
          [
            11.610994,
            48.311524
          ],
          [
            11.613004,
            48.312499
          ],
          [
            11.613879,
            48.312909
          ],
          [
            11.62045,
            48.316081
          ],
          [
            11.630975,
            48.321153
          ],
          [
            11.633775,
            48.322497
          ],
          [
            11.635584,
            48.323341
          ],
          [
            11.637678,
            48.324259
          ],
          [
            11.637986,
            48.324364
          ],
          [
            11.638847,
            48.324729
          ],
          [
            11.640638,
            48.325444
          ],
          [
            11.642818,
            48.326258
          ],
          [
            11.643878,
            48.326631
          ],
          [
            11.645332,
            48.327129
          ],
          [
            11.647049,
            48.327678
          ],
          [
            11.648458,
            48.328107
          ],
          [
            11.650697,
            48.328744
          ],
          [
            11.65365,
            48.329503
          ],
          [
            11.655382,
            48.329905
          ],
          [
            11.657964,
            48.330452
          ],
          [
            11.660819,
            48.330983
          ],
          [
            11.662187,
            48.331219
          ],
          [
            11.664532,
            48.331569
          ],
          [
            11.666198,
            48.331783
          ],
          [
            11.668257,
            48.332028
          ],
          [
            11.669987,
            48.332206
          ],
          [
            11.671228,
            48.332317
          ],
          [
            11.674175,
            48.332522
          ],
          [
            11.674918,
            48.332558
          ],
          [
            11.67673,
            48.332641
          ],
          [
            11.67946,
            48.332709
          ],
          [
            11.684922,
            48.332748
          ],
          [
            11.68777,
            48.332785
          ],
          [
            11.690854,
            48.332899
          ],
          [
            11.692386,
            48.332999
          ],
          [
            11.694688,
            48.33322
          ],
          [
            11.696145,
            48.333406
          ],
          [
            11.697053,
            48.33355
          ],
          [
            11.698669,
            48.333864
          ],
          [
            11.699534,
            48.334058
          ],
          [
            11.700754,
            48.334365
          ],
          [
            11.701628,
            48.334613
          ],
          [
            11.702387,
            48.334859
          ],
          [
            11.703531,
            48.335252
          ],
          [
            11.70453,
            48.335636
          ],
          [
            11.705132,
            48.33588
          ],
          [
            11.706064,
            48.336309
          ],
          [
            11.70681,
            48.336666
          ],
          [
            11.708211,
            48.337424
          ],
          [
            11.70954,
            48.338246
          ],
          [
            11.710541,
            48.338948
          ],
          [
            11.711659,
            48.339825
          ],
          [
            11.711976,
            48.340104
          ],
          [
            11.712733,
            48.340766
          ],
          [
            11.713855,
            48.341812
          ],
          [
            11.715761,
            48.343531
          ],
          [
            11.7168,
            48.344368
          ],
          [
            11.717087,
            48.344574
          ],
          [
            11.717229,
            48.344671
          ],
          [
            11.718534,
            48.345513
          ],
          [
            11.719805,
            48.346268
          ],
          [
            11.720586,
            48.346686
          ],
          [
            11.721553,
            48.347158
          ],
          [
            11.721917,
            48.347271
          ],
          [
            11.723288,
            48.34783
          ],
          [
            11.724302,
            48.348326
          ],
          [
            11.724914,
            48.348663
          ],
          [
            11.727073,
            48.349914
          ],
          [
            11.727376,
            48.350063
          ],
          [
            11.727784,
            48.350244
          ],
          [
            11.728336,
            48.35043
          ],
          [
            11.728732,
            48.35054
          ],
          [
            11.729104,
            48.350624
          ],
          [
            11.72981,
            48.350749
          ],
          [
            11.730152,
            48.350791
          ],
          [
            11.730756,
            48.350835
          ],
          [
            11.731202,
            48.350846
          ],
          [
            11.731767,
            48.350828
          ],
          [
            11.732319,
            48.350785
          ],
          [
            11.733768,
            48.350644
          ],
          [
            11.734419,
            48.350587
          ],
          [
            11.736105,
            48.350538
          ],
          [
            11.736454,
            48.350544
          ],
          [
            11.736606,
            48.35055
          ],
          [
            11.737597,
            48.350607
          ],
          [
            11.739124,
            48.350729
          ],
          [
            11.740066,
            48.350796
          ],
          [
            11.740528,
            48.350831
          ],
          [
            11.740811,
            48.350857
          ],
          [
            11.743307,
            48.351053
          ],
          [
            11.743862,
            48.351098
          ],
          [
            11.745095,
            48.351189
          ],
          [
            11.747757,
            48.351387
          ],
          [
            11.750817,
            48.351621
          ],
          [
            11.754741,
            48.351946
          ],
          [
            11.756088,
            48.352047
          ],
          [
            11.762002,
            48.352483
          ],
          [
            11.763685,
            48.352574
          ],
          [
            11.765542,
            48.35264
          ],
          [
            11.770185,
            48.352897
          ],
          [
            11.771195,
            48.352912
          ],
          [
            11.771823,
            48.352885
          ],
          [
            11.772584,
            48.352754
          ],
          [
            11.77296,
            48.352653
          ],
          [
            11.77334,
            48.352516
          ],
          [
            11.773731,
            48.35234
          ],
          [
            11.774157,
            48.352086
          ],
          [
            11.774499,
            48.351829
          ],
          [
            11.774805,
            48.351516
          ],
          [
            11.775094,
            48.351113
          ],
          [
            11.775276,
            48.350725
          ],
          [
            11.775569,
            48.34973
          ],
          [
            11.775658,
            48.349429
          ],
          [
            11.775724,
            48.349205
          ],
          [
            11.775845,
            48.348805
          ],
          [
            11.775962,
            48.348555
          ],
          [
            11.776136,
            48.348327
          ],
          [
            11.776367,
            48.348117
          ],
          [
            11.776659,
            48.347926
          ],
          [
            11.777048,
            48.347761
          ],
          [
            11.777443,
            48.34766
          ],
          [
            11.777884,
            48.347608
          ],
          [
            11.778119,
            48.347599
          ],
          [
            11.778406,
            48.347611
          ],
          [
            11.779276,
            48.347675
          ],
          [
            11.780015,
            48.347734
          ],
          [
            11.780888,
            48.347791
          ],
          [
            11.781992,
            48.347841
          ],
          [
            11.782697,
            48.34785
          ],
          [
            11.784126,
            48.347864
          ],
          [
            11.785954,
            48.347948
          ],
          [
            11.786343,
            48.347985
          ],
          [
            11.787415,
            48.348059
          ],
          [
            11.787964,
            48.348158
          ],
          [
            11.788156,
            48.348226
          ],
          [
            11.788315,
            48.348331
          ],
          [
            11.788395,
            48.348432
          ],
          [
            11.788444,
            48.348586
          ],
          [
            11.788428,
            48.348722
          ],
          [
            11.788253,
            48.348998
          ],
          [
            11.788012,
            48.349275
          ],
          [
            11.787906,
            48.349438
          ],
          [
            11.787848,
            48.349678
          ],
          [
            11.787799,
            48.349972
          ],
          [
            11.787742,
            48.350251
          ],
          [
            11.787692,
            48.350508
          ],
          [
            11.787623,
            48.3509
          ],
          [
            11.787555,
            48.351281
          ],
          [
            11.787508,
            48.351548
          ],
          [
            11.787462,
            48.351809
          ],
          [
            11.787451,
            48.351867
          ],
          [
            11.787406,
            48.352124
          ],
          [
            11.787287,
            48.352792
          ],
          [
            11.787267,
            48.352905
          ],
          [
            11.787252,
            48.352987
          ],
          [
            11.787191,
            48.353264
          ],
          [
            11.787178,
            48.353354
          ],
          [
            11.787145,
            48.353566
          ],
          [
            11.787078,
            48.353998
          ],
          [
            11.78706,
            48.354106
          ],
          [
            11.787049,
            48.354173
          ],
          [
            11.787004,
            48.354464
          ],
          [
            11.786974,
            48.354641
          ],
          [
            11.787089,
            48.354715
          ],
          [
            11.787248,
            48.354762
          ],
          [
            11.788868,
            48.354877
          ],
          [
            11.788944,
            48.354905
          ],
          [
            11.788956,
            48.35498
          ],
          [
            11.78893,
            48.355023
          ],
          [
            11.788856,
            48.35504
          ],
          [
            11.788747,
            48.355034
          ]
        ]
      }
    }
  ]
}
