{
  "type": "FeatureCollection",
  "properties": {
    "dayNumber": 15,
    "title": "Monaco & the Alps"
  },
  "features": [
    {
      "type": "Feature",
      "properties": {
        "mode": "drive",
        "fromStopIndex": 0,
        "toStopIndex": 2,
        "fromName": "Brescia",
        "toName": "Courmayeur",
        "waypointNames": [
          "Brescia",
          "Monte Carlo — Monaco",
          "Courmayeur"
        ],
        "distanceMeters": 809453.4,
        "durationSeconds": 30416.300000000003
      },
      "geometry": {
        "type": "LineString",
        "coordinates": [
          [
            10.211824,
            45.541596
          ],
          [
            10.211837,
            45.541629
          ],
          [
            10.211546,
            45.541718
          ],
          [
            10.210952,
            45.541872
          ],
          [
            10.210897,
            45.541761
          ],
          [
            10.210754,
            45.541411
          ],
          [
            10.210612,
            45.540932
          ],
          [
            10.210517,
            45.5406
          ],
          [
            10.210467,
            45.540405
          ],
          [
            10.210283,
            45.539685
          ],
          [
            10.210066,
            45.538855
          ],
          [
            10.209908,
            45.538209
          ],
          [
            10.209764,
            45.537592
          ],
          [
            10.209678,
            45.537266
          ],
          [
            10.209622,
            45.537052
          ],
          [
            10.209638,
            45.536769
          ],
          [
            10.209687,
            45.536633
          ],
          [
            10.209792,
            45.536503
          ],
          [
            10.210521,
            45.535772
          ],
          [
            10.211213,
            45.535154
          ],
          [
            10.211426,
            45.535031
          ],
          [
            10.211514,
            45.535036
          ],
          [
            10.211591,
            45.535026
          ],
          [
            10.211719,
            45.534964
          ],
          [
            10.211776,
            45.534888
          ],
          [
            10.211912,
            45.534795
          ],
          [
            10.21211,
            45.53472
          ],
          [
            10.213696,
            45.534422
          ],
          [
            10.213741,
            45.534412
          ],
          [
            10.214472,
            45.534274
          ],
          [
            10.215694,
            45.534035
          ],
          [
            10.216646,
            45.53385
          ],
          [
            10.217909,
            45.533604
          ],
          [
            10.217753,
            45.533097
          ],
          [
            10.217612,
            45.532706
          ],
          [
            10.217584,
            45.532632
          ],
          [
            10.217141,
            45.531435
          ],
          [
            10.216875,
            45.530772
          ],
          [
            10.216555,
            45.529966
          ],
          [
            10.216364,
            45.529443
          ],
          [
            10.216187,
            45.529006
          ],
          [
            10.215906,
            45.528273
          ],
          [
            10.215806,
            45.528122
          ],
          [
            10.215716,
            45.528088
          ],
          [
            10.215668,
            45.528009
          ],
          [
            10.215679,
            45.527964
          ],
          [
            10.215142,
            45.526686
          ],
          [
            10.214851,
            45.52592
          ],
          [
            10.214722,
            45.525745
          ],
          [
            10.214647,
            45.52571
          ],
          [
            10.214593,
            45.525659
          ],
          [
            10.214569,
            45.525611
          ],
          [
            10.214579,
            45.525512
          ],
          [
            10.214628,
            45.525453
          ],
          [
            10.214704,
            45.52541
          ],
          [
            10.214797,
            45.525389
          ],
          [
            10.214894,
            45.525393
          ],
          [
            10.21499,
            45.525425
          ],
          [
            10.215149,
            45.525392
          ],
          [
            10.215664,
            45.525221
          ],
          [
            10.215805,
            45.525206
          ],
          [
            10.216232,
            45.525122
          ],
          [
            10.21679,
            45.525009
          ],
          [
            10.218202,
            45.524735
          ],
          [
            10.21873,
            45.524636
          ],
          [
            10.218857,
            45.524596
          ],
          [
            10.219029,
            45.524511
          ],
          [
            10.219087,
            45.524438
          ],
          [
            10.219081,
            45.524226
          ],
          [
            10.219013,
            45.524031
          ],
          [
            10.218924,
            45.523794
          ],
          [
            10.21884,
            45.523559
          ],
          [
            10.218812,
            45.523477
          ],
          [
            10.218669,
            45.523138
          ],
          [
            10.218631,
            45.523053
          ],
          [
            10.218421,
            45.522585
          ],
          [
            10.217212,
            45.520317
          ],
          [
            10.217073,
            45.520106
          ],
          [
            10.217009,
            45.520092
          ],
          [
            10.216941,
            45.520043
          ],
          [
            10.216926,
            45.519953
          ],
          [
            10.216936,
            45.519935
          ],
          [
            10.216962,
            45.51991
          ],
          [
            10.216871,
            45.5197
          ],
          [
            10.216453,
            45.518986
          ],
          [
            10.216055,
            45.518412
          ],
          [
            10.215653,
            45.517866
          ],
          [
            10.215366,
            45.5173
          ],
          [
            10.215172,
            45.516671
          ],
          [
            10.215121,
            45.516353
          ],
          [
            10.215095,
            45.516007
          ],
          [
            10.215109,
            45.515676
          ],
          [
            10.215134,
            45.515535
          ],
          [
            10.215221,
            45.514998
          ],
          [
            10.215274,
            45.514847
          ],
          [
            10.215838,
            45.513622
          ],
          [
            10.216006,
            45.513196
          ],
          [
            10.216001,
            45.513002
          ],
          [
            10.215952,
            45.512887
          ],
          [
            10.215848,
            45.512793
          ],
          [
            10.2157,
            45.512706
          ],
          [
            10.215519,
            45.512671
          ],
          [
            10.215426,
            45.51263
          ],
          [
            10.215307,
            45.512538
          ],
          [
            10.215233,
            45.512403
          ],
          [
            10.215225,
            45.512336
          ],
          [
            10.21525,
            45.51223
          ],
          [
            10.215301,
            45.512151
          ],
          [
            10.215371,
            45.512087
          ],
          [
            10.215404,
            45.512065
          ],
          [
            10.215601,
            45.511989
          ],
          [
            10.215728,
            45.511975
          ],
          [
            10.215881,
            45.511987
          ],
          [
            10.216077,
            45.511962
          ],
          [
            10.216198,
            45.511922
          ],
          [
            10.216586,
            45.511724
          ],
          [
            10.216948,
            45.511644
          ],
          [
            10.217222,
            45.511631
          ],
          [
            10.217754,
            45.511642
          ],
          [
            10.218291,
            45.511587
          ],
          [
            10.21844,
            45.511561
          ],
          [
            10.218886,
            45.511542
          ],
          [
            10.219738,
            45.511328
          ],
          [
            10.219851,
            45.511302
          ],
          [
            10.220482,
            45.51116
          ],
          [
            10.222098,
            45.510795
          ],
          [
            10.222827,
            45.510593
          ],
          [
            10.223692,
            45.510391
          ],
          [
            10.224601,
            45.510231
          ],
          [
            10.225045,
            45.510186
          ],
          [
            10.225346,
            45.510165
          ],
          [
            10.226081,
            45.510129
          ],
          [
            10.227058,
            45.510125
          ],
          [
            10.227744,
            45.510109
          ],
          [
            10.22843,
            45.510072
          ],
          [
            10.228708,
            45.510039
          ],
          [
            10.228901,
            45.510002
          ],
          [
            10.229074,
            45.509932
          ],
          [
            10.229273,
            45.509776
          ],
          [
            10.229374,
            45.509578
          ],
          [
            10.22939,
            45.509306
          ],
          [
            10.229339,
            45.508969
          ],
          [
            10.229272,
            45.508864
          ],
          [
            10.229198,
            45.508803
          ],
          [
            10.229072,
            45.508755
          ],
          [
            10.228975,
            45.508682
          ],
          [
            10.228934,
            45.50863
          ],
          [
            10.228898,
            45.508513
          ],
          [
            10.228927,
            45.508396
          ],
          [
            10.22894,
            45.508372
          ],
          [
            10.229026,
            45.508286
          ],
          [
            10.229216,
            45.508205
          ],
          [
            10.229363,
            45.508192
          ],
          [
            10.229508,
            45.508213
          ],
          [
            10.229636,
            45.508265
          ],
          [
            10.229732,
            45.508344
          ],
          [
            10.229941,
            45.508404
          ],
          [
            10.230095,
            45.508413
          ],
          [
            10.230797,
            45.508307
          ],
          [
            10.231744,
            45.508186
          ],
          [
            10.232169,
            45.508161
          ],
          [
            10.233117,
            45.508128
          ],
          [
            10.234125,
            45.508121
          ],
          [
            10.236202,
            45.507981
          ],
          [
            10.237007,
            45.507934
          ],
          [
            10.237421,
            45.507914
          ],
          [
            10.237976,
            45.507889
          ],
          [
            10.238265,
            45.507863
          ],
          [
            10.238582,
            45.507812
          ],
          [
            10.239128,
            45.507678
          ],
          [
            10.239354,
            45.507591
          ],
          [
            10.23954,
            45.507496
          ],
          [
            10.239696,
            45.507402
          ],
          [
            10.239979,
            45.507171
          ],
          [
            10.240136,
            45.506954
          ],
          [
            10.240267,
            45.506717
          ],
          [
            10.240334,
            45.506315
          ],
          [
            10.240292,
            45.506077
          ],
          [
            10.240216,
            45.505812
          ],
          [
            10.240089,
            45.505535
          ],
          [
            10.239893,
            45.50519
          ],
          [
            10.239662,
            45.504862
          ],
          [
            10.239208,
            45.504316
          ],
          [
            10.238915,
            45.50403
          ],
          [
            10.238083,
            45.503349
          ],
          [
            10.236454,
            45.50207
          ],
          [
            10.234672,
            45.50064
          ],
          [
            10.233787,
            45.49997
          ],
          [
            10.232016,
            45.498541
          ],
          [
            10.231334,
            45.497914
          ],
          [
            10.230632,
            45.497208
          ],
          [
            10.230327,
            45.496868
          ],
          [
            10.229268,
            45.495448
          ],
          [
            10.228909,
            45.494884
          ],
          [
            10.228531,
            45.494182
          ],
          [
            10.228168,
            45.493362
          ],
          [
            10.227687,
            45.491963
          ],
          [
            10.22277,
            45.477192
          ],
          [
            10.221236,
            45.472587
          ],
          [
            10.221219,
            45.472536
          ],
          [
            10.220621,
            45.470744
          ],
          [
            10.220581,
            45.470625
          ],
          [
            10.219757,
            45.468145
          ],
          [
            10.219112,
            45.466178
          ],
          [
            10.218459,
            45.464331
          ],
          [
            10.217705,
            45.462546
          ],
          [
            10.212041,
            45.450531
          ],
          [
            10.211447,
            45.449231
          ],
          [
            10.21112,
            45.448547
          ],
          [
            10.209218,
            45.444481
          ],
          [
            10.20888,
            45.443757
          ],
          [
            10.204011,
            45.433415
          ],
          [
            10.203106,
            45.431591
          ],
          [
            10.183524,
            45.392573
          ],
          [
            10.182171,
            45.389931
          ],
          [
            10.173271,
            45.372746
          ],
          [
            10.172526,
            45.371359
          ],
          [
            10.171313,
            45.369015
          ],
          [
            10.169214,
            45.364928
          ],
          [
            10.16767,
            45.361791
          ],
          [
            10.164814,
            45.356043
          ],
          [
            10.16442,
            45.355245
          ],
          [
            10.14389,
            45.313887
          ],
          [
            10.140247,
            45.306511
          ],
          [
            10.139884,
            45.305685
          ],
          [
            10.139606,
            45.304985
          ],
          [
            10.139289,
            45.304081
          ],
          [
            10.13044,
            45.276366
          ],
          [
            10.127837,
            45.268206
          ],
          [
            10.121246,
            45.247568
          ],
          [
            10.120875,
            45.246411
          ],
          [
            10.114688,
            45.226978
          ],
          [
            10.114652,
            45.226866
          ],
          [
            10.113463,
            45.223159
          ],
          [
            10.113243,
            45.222529
          ],
          [
            10.112721,
            45.221261
          ],
          [
            10.112429,
            45.220644
          ],
          [
            10.111848,
            45.219534
          ],
          [
            10.105513,
            45.208408
          ],
          [
            10.105448,
            45.208293
          ],
          [
            10.076262,
            45.156965
          ],
          [
            10.075866,
            45.156207
          ],
          [
            10.075289,
            45.154977
          ],
          [
            10.075042,
            45.154371
          ],
          [
            10.07468,
            45.153381
          ],
          [
            10.074263,
            45.152004
          ],
          [
            10.072435,
            45.145551
          ],
          [
            10.072377,
            45.145345
          ],
          [
            10.072075,
            45.144229
          ],
          [
            10.071531,
            45.142357
          ],
          [
            10.07149,
            45.142215
          ],
          [
            10.070238,
            45.137781
          ],
          [
            10.070039,
            45.137102
          ],
          [
            10.06993,
            45.136706
          ],
          [
            10.069748,
            45.136117
          ],
          [
            10.069373,
            45.135041
          ],
          [
            10.069208,
            45.134644
          ],
          [
            10.069056,
            45.134291
          ],
          [
            10.068683,
            45.133512
          ],
          [
            10.067878,
            45.132012
          ],
          [
            10.063762,
            45.124736
          ],
          [
            10.061217,
            45.120283
          ],
          [
            10.060588,
            45.119217
          ],
          [
            10.060224,
            45.118649
          ],
          [
            10.059748,
            45.117991
          ],
          [
            10.059334,
            45.11746
          ],
          [
            10.058635,
            45.11664
          ],
          [
            10.057866,
            45.11586
          ],
          [
            10.057434,
            45.115451
          ],
          [
            10.056586,
            45.114711
          ],
          [
            10.056204,
            45.114401
          ],
          [
            10.055061,
            45.113564
          ],
          [
            10.054071,
            45.112924
          ],
          [
            10.053347,
            45.112496
          ],
          [
            10.052429,
            45.111989
          ],
          [
            10.051775,
            45.111658
          ],
          [
            10.051194,
            45.111387
          ],
          [
            10.050064,
            45.110897
          ],
          [
            10.049148,
            45.110538
          ],
          [
            10.047706,
            45.110019
          ],
          [
            10.043902,
            45.108715
          ],
          [
            10.042187,
            45.108122
          ],
          [
            10.040572,
            45.107541
          ],
          [
            10.036021,
            45.105979
          ],
          [
            10.035013,
            45.10563
          ],
          [
            10.030542,
            45.104053
          ],
          [
            10.029248,
            45.103425
          ],
          [
            10.020179,
            45.099072
          ],
          [
            10.011519,
            45.094926
          ],
          [
            10.009892,
            45.09415
          ],
          [
            10.003768,
            45.091256
          ],
          [
            10.001589,
            45.090212
          ],
          [
            9.994858,
            45.086985
          ],
          [
            9.992245,
            45.085766
          ],
          [
            9.989837,
            45.084793
          ],
          [
            9.987036,
            45.083723
          ],
          [
            9.986521,
            45.08354
          ],
          [
            9.984016,
            45.082567
          ],
          [
            9.983593,
            45.08241
          ],
          [
            9.980029,
            45.081114
          ],
          [
            9.977106,
            45.079909
          ],
          [
            9.975082,
            45.078913
          ],
          [
            9.97325,
            45.077927
          ],
          [
            9.971596,
            45.076968
          ],
          [
            9.964406,
            45.072159
          ],
          [
            9.959101,
            45.06864
          ],
          [
            9.957507,
            45.067639
          ],
          [
            9.956252,
            45.066906
          ],
          [
            9.954645,
            45.066039
          ],
          [
            9.954036,
            45.065728
          ],
          [
            9.952886,
            45.065166
          ],
          [
            9.951867,
            45.064693
          ],
          [
            9.950465,
            45.064082
          ],
          [
            9.950065,
            45.063921
          ],
          [
            9.948518,
            45.063311
          ],
          [
            9.946763,
            45.062675
          ],
          [
            9.945698,
            45.062329
          ],
          [
            9.94447,
            45.061935
          ],
          [
            9.943348,
            45.06161
          ],
          [
            9.941758,
            45.061187
          ],
          [
            9.940883,
            45.060974
          ],
          [
            9.939592,
            45.060678
          ],
          [
            9.937839,
            45.060334
          ],
          [
            9.936201,
            45.060043
          ],
          [
            9.935469,
            45.059926
          ],
          [
            9.93377,
            45.059685
          ],
          [
            9.931556,
            45.059426
          ],
          [
            9.919096,
            45.058255
          ],
          [
            9.917433,
            45.058128
          ],
          [
            9.915379,
            45.058016
          ],
          [
            9.913093,
            45.05794
          ],
          [
            9.911732,
            45.057925
          ],
          [
            9.910397,
            45.057927
          ],
          [
            9.902849,
            45.058031
          ],
          [
            9.900616,
            45.058023
          ],
          [
            9.899572,
            45.057994
          ],
          [
            9.898618,
            45.057949
          ],
          [
            9.896807,
            45.057838
          ],
          [
            9.895613,
            45.057746
          ],
          [
            9.893749,
            45.057552
          ],
          [
            9.892279,
            45.057362
          ],
          [
            9.891138,
            45.057194
          ],
          [
            9.888627,
            45.056759
          ],
          [
            9.881047,
            45.055209
          ],
          [
            9.880761,
            45.055155
          ],
          [
            9.876163,
            45.054208
          ],
          [
            9.874836,
            45.053938
          ],
          [
            9.867971,
            45.052528
          ],
          [
            9.866443,
            45.05217
          ],
          [
            9.864614,
            45.051702
          ],
          [
            9.863687,
            45.05144
          ],
          [
            9.861159,
            45.050682
          ],
          [
            9.852154,
            45.047929
          ],
          [
            9.850207,
            45.047357
          ],
          [
            9.84899,
            45.04703
          ],
          [
            9.848008,
            45.046796
          ],
          [
            9.847128,
            45.046609
          ],
          [
            9.84605,
            45.046401
          ],
          [
            9.845067,
            45.046247
          ],
          [
            9.843587,
            45.046045
          ],
          [
            9.841983,
            45.045889
          ],
          [
            9.841095,
            45.045827
          ],
          [
            9.839701,
            45.045769
          ],
          [
            9.837863,
            45.045748
          ],
          [
            9.827946,
            45.045874
          ],
          [
            9.826575,
            45.045865
          ],
          [
            9.825355,
            45.045839
          ],
          [
            9.823892,
            45.045766
          ],
          [
            9.822694,
            45.045679
          ],
          [
            9.821147,
            45.045534
          ],
          [
            9.814375,
            45.044758
          ],
          [
            9.813063,
            45.04462
          ],
          [
            9.812071,
            45.04455
          ],
          [
            9.811079,
            45.044526
          ],
          [
            9.810185,
            45.044541
          ],
          [
            9.809072,
            45.04461
          ],
          [
            9.807944,
            45.044748
          ],
          [
            9.807007,
            45.044905
          ],
          [
            9.806343,
            45.045052
          ],
          [
            9.804876,
            45.045429
          ],
          [
            9.802889,
            45.045989
          ],
          [
            9.800884,
            45.046558
          ],
          [
            9.795009,
            45.048194
          ],
          [
            9.793945,
            45.048475
          ],
          [
            9.792825,
            45.048741
          ],
          [
            9.792023,
            45.048913
          ],
          [
            9.790386,
            45.049198
          ],
          [
            9.788806,
            45.049398
          ],
          [
            9.788058,
            45.049469
          ],
          [
            9.78645,
            45.049579
          ],
          [
            9.773316,
            45.050224
          ],
          [
            9.763753,
            45.050679
          ],
          [
            9.76299,
            45.050719
          ],
          [
            9.761666,
            45.050815
          ],
          [
            9.757733,
            45.051183
          ],
          [
            9.751526,
            45.051771
          ],
          [
            9.747947,
            45.052113
          ],
          [
            9.7473,
            45.052173
          ],
          [
            9.746472,
            45.052254
          ],
          [
            9.744732,
            45.052424
          ],
          [
            9.735809,
            45.05329
          ],
          [
            9.733425,
            45.053541
          ],
          [
            9.730413,
            45.053906
          ],
          [
            9.721408,
            45.055157
          ],
          [
            9.720393,
            45.055259
          ],
          [
            9.719909,
            45.05527
          ],
          [
            9.719452,
            45.055271
          ],
          [
            9.718966,
            45.055234
          ],
          [
            9.718485,
            45.055175
          ],
          [
            9.717922,
            45.055077
          ],
          [
            9.717474,
            45.054973
          ],
          [
            9.71704,
            45.054837
          ],
          [
            9.716601,
            45.054677
          ],
          [
            9.716238,
            45.054524
          ],
          [
            9.714245,
            45.053566
          ],
          [
            9.713414,
            45.053214
          ],
          [
            9.713073,
            45.053099
          ],
          [
            9.712411,
            45.052954
          ],
          [
            9.711838,
            45.05287
          ],
          [
            9.71145,
            45.05285
          ],
          [
            9.711035,
            45.052849
          ],
          [
            9.71023,
            45.052905
          ],
          [
            9.709559,
            45.053033
          ],
          [
            9.708964,
            45.053218
          ],
          [
            9.708702,
            45.053326
          ],
          [
            9.708291,
            45.053525
          ],
          [
            9.707931,
            45.053737
          ],
          [
            9.707651,
            45.053939
          ],
          [
            9.707304,
            45.054233
          ],
          [
            9.706899,
            45.054682
          ],
          [
            9.706134,
            45.055814
          ],
          [
            9.705751,
            45.056311
          ],
          [
            9.705454,
            45.056634
          ],
          [
            9.70488,
            45.057132
          ],
          [
            9.704212,
            45.057596
          ],
          [
            9.703363,
            45.058067
          ],
          [
            9.702175,
            45.058686
          ],
          [
            9.70051,
            45.05951
          ],
          [
            9.699889,
            45.059762
          ],
          [
            9.69918,
            45.060021
          ],
          [
            9.698425,
            45.060271
          ],
          [
            9.697108,
            45.060616
          ],
          [
            9.696408,
            45.060756
          ],
          [
            9.695397,
            45.060923
          ],
          [
            9.694324,
            45.061042
          ],
          [
            9.693649,
            45.061088
          ],
          [
            9.69171,
            45.061202
          ],
          [
            9.682315,
            45.061695
          ],
          [
            9.679805,
            45.061789
          ],
          [
            9.679038,
            45.061803
          ],
          [
            9.676755,
            45.061803
          ],
          [
            9.675097,
            45.061768
          ],
          [
            9.672214,
            45.061625
          ],
          [
            9.66664,
            45.061277
          ],
          [
            9.664592,
            45.061192
          ],
          [
            9.662526,
            45.06115
          ],
          [
            9.660696,
            45.061169
          ],
          [
            9.658381,
            45.061235
          ],
          [
            9.653051,
            45.061463
          ],
          [
            9.647232,
            45.061727
          ],
          [
            9.646436,
            45.061762
          ],
          [
            9.645894,
            45.061788
          ],
          [
            9.644044,
            45.061875
          ],
          [
            9.637764,
            45.062165
          ],
          [
            9.629158,
            45.062509
          ],
          [
            9.624964,
            45.062744
          ],
          [
            9.616338,
            45.06312
          ],
          [
            9.59585,
            45.063981
          ],
          [
            9.587902,
            45.064235
          ],
          [
            9.56108,
            45.065023
          ],
          [
            9.54625,
            45.065483
          ],
          [
            9.545539,
            45.065504
          ],
          [
            9.537408,
            45.065757
          ],
          [
            9.532893,
            45.06592
          ],
          [
            9.53014,
            45.06606
          ],
          [
            9.527235,
            45.066365
          ],
          [
            9.483661,
            45.071663
          ],
          [
            9.460564,
            45.074449
          ],
          [
            9.456367,
            45.074936
          ],
          [
            9.45453,
            45.075165
          ],
          [
            9.448794,
            45.075895
          ],
          [
            9.443715,
            45.076522
          ],
          [
            9.439372,
            45.077274
          ],
          [
            9.435467,
            45.078074
          ],
          [
            9.431836,
            45.078759
          ],
          [
            9.429441,
            45.079116
          ],
          [
            9.423828,
            45.07985
          ],
          [
            9.411999,
            45.081354
          ],
          [
            9.411496,
            45.081418
          ],
          [
            9.402237,
            45.08261
          ],
          [
            9.401352,
            45.08275
          ],
          [
            9.399942,
            45.083
          ],
          [
            9.398586,
            45.083288
          ],
          [
            9.397262,
            45.083601
          ],
          [
            9.393706,
            45.084543
          ],
          [
            9.39305,
            45.084702
          ],
          [
            9.391776,
            45.084961
          ],
          [
            9.391161,
            45.085074
          ],
          [
            9.390507,
            45.085173
          ],
          [
            9.389785,
            45.085275
          ],
          [
            9.389084,
            45.085352
          ],
          [
            9.387691,
            45.085473
          ],
          [
            9.386401,
            45.085534
          ],
          [
            9.385124,
            45.085546
          ],
          [
            9.383883,
            45.085515
          ],
          [
            9.362059,
            45.084627
          ],
          [
            9.356571,
            45.08444
          ],
          [
            9.331335,
            45.083644
          ],
          [
            9.328335,
            45.083569
          ],
          [
            9.320759,
            45.083453
          ],
          [
            9.312585,
            45.083326
          ],
          [
            9.311879,
            45.083313
          ],
          [
            9.311436,
            45.083307
          ],
          [
            9.297482,
            45.083101
          ],
          [
            9.295955,
            45.083038
          ],
          [
            9.293698,
            45.082874
          ],
          [
            9.29171,
            45.082642
          ],
          [
            9.290095,
            45.082398
          ],
          [
            9.289363,
            45.082271
          ],
          [
            9.277224,
            45.079851
          ],
          [
            9.273033,
            45.079015
          ],
          [
            9.269415,
            45.078292
          ],
          [
            9.267114,
            45.077764
          ],
          [
            9.250128,
            45.073646
          ],
          [
            9.235702,
            45.070119
          ],
          [
            9.234042,
            45.069671
          ],
          [
            9.232384,
            45.069196
          ],
          [
            9.230825,
            45.068727
          ],
          [
            9.228554,
            45.067951
          ],
          [
            9.228106,
            45.067804
          ],
          [
            9.224644,
            45.066525
          ],
          [
            9.224214,
            45.066365
          ],
          [
            9.209328,
            45.060764
          ],
          [
            9.206083,
            45.059555
          ],
          [
            9.203473,
            45.058638
          ],
          [
            9.199886,
            45.05746
          ],
          [
            9.19602,
            45.05628
          ],
          [
            9.188688,
            45.054095
          ],
          [
            9.165085,
            45.047115
          ],
          [
            9.161248,
            45.045963
          ],
          [
            9.137091,
            45.038792
          ],
          [
            9.131189,
            45.037041
          ],
          [
            9.128679,
            45.036283
          ],
          [
            9.126824,
            45.035745
          ],
          [
            9.124621,
            45.035151
          ],
          [
            9.122649,
            45.034672
          ],
          [
            9.119946,
            45.034104
          ],
          [
            9.119539,
            45.034027
          ],
          [
            9.11372,
            45.032921
          ],
          [
            9.104091,
            45.031148
          ],
          [
            9.096505,
            45.029725
          ],
          [
            9.089619,
            45.028463
          ],
          [
            9.086284,
            45.027904
          ],
          [
            9.079789,
            45.026967
          ],
          [
            9.078821,
            45.026839
          ],
          [
            9.069141,
            45.025426
          ],
          [
            9.066381,
            45.025063
          ],
          [
            9.062857,
            45.024664
          ],
          [
            9.061074,
            45.024488
          ],
          [
            9.053156,
            45.023877
          ],
          [
            9.051572,
            45.023731
          ],
          [
            9.049104,
            45.023437
          ],
          [
            9.04667,
            45.023084
          ],
          [
            9.044888,
            45.022788
          ],
          [
            9.042129,
            45.022246
          ],
          [
            9.038522,
            45.021401
          ],
          [
            9.037488,
            45.021169
          ],
          [
            9.016874,
            45.016336
          ],
          [
            9.011351,
            45.015055
          ],
          [
            9.007772,
            45.014181
          ],
          [
            9.004135,
            45.013158
          ],
          [
            9.001416,
            45.012287
          ],
          [
            8.998875,
            45.011396
          ],
          [
            8.983953,
            45.005876
          ],
          [
            8.98033,
            45.004504
          ],
          [
            8.978635,
            45.003767
          ],
          [
            8.976426,
            45.002732
          ],
          [
            8.975038,
            45.002006
          ],
          [
            8.973214,
            45.000976
          ],
          [
            8.97109,
            44.999651
          ],
          [
            8.968943,
            44.998236
          ],
          [
            8.959627,
            44.992086
          ],
          [
            8.957919,
            44.99086
          ],
          [
            8.955809,
            44.989273
          ],
          [
            8.953748,
            44.987697
          ],
          [
            8.947027,
            44.982434
          ],
          [
            8.939406,
            44.976531
          ],
          [
            8.935324,
            44.973345
          ],
          [
            8.934645,
            44.972834
          ],
          [
            8.919172,
            44.96079
          ],
          [
            8.917146,
            44.95925
          ],
          [
            8.914554,
            44.957306
          ],
          [
            8.910427,
            44.95427
          ],
          [
            8.89418,
            44.942387
          ],
          [
            8.893857,
            44.942149
          ],
          [
            8.886509,
            44.936771
          ],
          [
            8.882422,
            44.933775
          ],
          [
            8.872878,
            44.926777
          ],
          [
            8.871733,
            44.925969
          ],
          [
            8.870409,
            44.925101
          ],
          [
            8.869622,
            44.924622
          ],
          [
            8.868869,
            44.924191
          ],
          [
            8.867883,
            44.923659
          ],
          [
            8.86716,
            44.92329
          ],
          [
            8.866459,
            44.922952
          ],
          [
            8.865331,
            44.922441
          ],
          [
            8.864411,
            44.922046
          ],
          [
            8.863333,
            44.921622
          ],
          [
            8.86213,
            44.921181
          ],
          [
            8.861049,
            44.920821
          ],
          [
            8.860261,
            44.920578
          ],
          [
            8.858557,
            44.920098
          ],
          [
            8.853385,
            44.91882
          ],
          [
            8.84864,
            44.917647
          ],
          [
            8.844811,
            44.916695
          ],
          [
            8.844086,
            44.916514
          ],
          [
            8.843775,
            44.916437
          ],
          [
            8.842396,
            44.9162
          ],
          [
            8.840843,
            44.91588
          ],
          [
            8.84058,
            44.915842
          ],
          [
            8.840176,
            44.915829
          ],
          [
            8.839914,
            44.915844
          ],
          [
            8.839717,
            44.915878
          ],
          [
            8.839219,
            44.916016
          ],
          [
            8.839016,
            44.916107
          ],
          [
            8.838786,
            44.916234
          ],
          [
            8.838609,
            44.916363
          ],
          [
            8.838432,
            44.916538
          ],
          [
            8.838291,
            44.916728
          ],
          [
            8.838147,
            44.917117
          ],
          [
            8.838122,
            44.917262
          ],
          [
            8.838126,
            44.917417
          ],
          [
            8.838168,
            44.917596
          ],
          [
            8.838241,
            44.917762
          ],
          [
            8.838369,
            44.91795
          ],
          [
            8.838534,
            44.918116
          ],
          [
            8.838726,
            44.91826
          ],
          [
            8.839248,
            44.91851
          ],
          [
            8.840353,
            44.918961
          ],
          [
            8.841438,
            44.919428
          ],
          [
            8.841765,
            44.919527
          ],
          [
            8.842154,
            44.919585
          ],
          [
            8.842512,
            44.919591
          ],
          [
            8.842957,
            44.919528
          ],
          [
            8.84338,
            44.919393
          ],
          [
            8.843745,
            44.91919
          ],
          [
            8.844,
            44.918976
          ],
          [
            8.844217,
            44.918627
          ],
          [
            8.844277,
            44.918465
          ],
          [
            8.844305,
            44.918016
          ],
          [
            8.844143,
            44.916212
          ],
          [
            8.84398,
            44.913975
          ],
          [
            8.843986,
            44.913764
          ],
          [
            8.843966,
            44.913546
          ],
          [
            8.844006,
            44.913166
          ],
          [
            8.843942,
            44.912382
          ],
          [
            8.843888,
            44.911717
          ],
          [
            8.843705,
            44.909766
          ],
          [
            8.843467,
            44.907203
          ],
          [
            8.843103,
            44.903182
          ],
          [
            8.842871,
            44.901022
          ],
          [
            8.842496,
            44.898574
          ],
          [
            8.842126,
            44.896358
          ],
          [
            8.841804,
            44.89438
          ],
          [
            8.841474,
            44.892523
          ],
          [
            8.841182,
            44.891303
          ],
          [
            8.840807,
            44.890091
          ],
          [
            8.840375,
            44.888921
          ],
          [
            8.84011,
            44.888297
          ],
          [
            8.839465,
            44.886907
          ],
          [
            8.834775,
            44.876952
          ],
          [
            8.830947,
            44.868136
          ],
          [
            8.830647,
            44.867314
          ],
          [
            8.830337,
            44.866218
          ],
          [
            8.830111,
            44.865037
          ],
          [
            8.830037,
            44.864436
          ],
          [
            8.828958,
            44.844709
          ],
          [
            8.828908,
            44.843718
          ],
          [
            8.828778,
            44.841288
          ],
          [
            8.828672,
            44.840894
          ],
          [
            8.82862,
            44.840585
          ],
          [
            8.828474,
            44.839539
          ],
          [
            8.827871,
            44.835764
          ],
          [
            8.827794,
            44.835484
          ],
          [
            8.82753,
            44.834907
          ],
          [
            8.827201,
            44.834472
          ],
          [
            8.826969,
            44.83422
          ],
          [
            8.826518,
            44.833832
          ],
          [
            8.825976,
            44.833472
          ],
          [
            8.825608,
            44.833268
          ],
          [
            8.824791,
            44.832891
          ],
          [
            8.824133,
            44.832651
          ],
          [
            8.823286,
            44.832367
          ],
          [
            8.820674,
            44.831727
          ],
          [
            8.803659,
            44.827696
          ],
          [
            8.802994,
            44.827536
          ],
          [
            8.796469,
            44.825989
          ],
          [
            8.794823,
            44.825539
          ],
          [
            8.793949,
            44.825281
          ],
          [
            8.791713,
            44.824518
          ],
          [
            8.790773,
            44.824153
          ],
          [
            8.789892,
            44.823797
          ],
          [
            8.788667,
            44.823254
          ],
          [
            8.787846,
            44.822866
          ],
          [
            8.786771,
            44.82233
          ],
          [
            8.785942,
            44.821886
          ],
          [
            8.785069,
            44.821381
          ],
          [
            8.769261,
            44.81175
          ],
          [
            8.767698,
            44.810817
          ],
          [
            8.765946,
            44.809821
          ],
          [
            8.7654,
            44.809513
          ],
          [
            8.753004,
            44.802544
          ],
          [
            8.750458,
            44.801125
          ],
          [
            8.746852,
            44.799086
          ],
          [
            8.742645,
            44.796724
          ],
          [
            8.741941,
            44.796326
          ],
          [
            8.735197,
            44.792563
          ],
          [
            8.731162,
            44.790303
          ],
          [
            8.728515,
            44.788805
          ],
          [
            8.725806,
            44.787299
          ],
          [
            8.725007,
            44.786901
          ],
          [
            8.72427,
            44.78656
          ],
          [
            8.723374,
            44.786181
          ],
          [
            8.722011,
            44.785672
          ],
          [
            8.721517,
            44.785502
          ],
          [
            8.720492,
            44.785187
          ],
          [
            8.700163,
            44.779413
          ],
          [
            8.697394,
            44.778692
          ],
          [
            8.696106,
            44.778394
          ],
          [
            8.693506,
            44.777849
          ],
          [
            8.69115,
            44.777431
          ],
          [
            8.68994,
            44.777241
          ],
          [
            8.688683,
            44.777064
          ],
          [
            8.686843,
            44.776837
          ],
          [
            8.679418,
            44.775987
          ],
          [
            8.678128,
            44.775775
          ],
          [
            8.676815,
            44.775512
          ],
          [
            8.676055,
            44.775333
          ],
          [
            8.675007,
            44.775055
          ],
          [
            8.674005,
            44.774752
          ],
          [
            8.673034,
            44.774427
          ],
          [
            8.671998,
            44.774032
          ],
          [
            8.670661,
            44.773467
          ],
          [
            8.668465,
            44.772511
          ],
          [
            8.661672,
            44.769567
          ],
          [
            8.655949,
            44.767086
          ],
          [
            8.65091,
            44.7649
          ],
          [
            8.647494,
            44.763414
          ],
          [
            8.645993,
            44.762763
          ],
          [
            8.645413,
            44.762476
          ],
          [
            8.644422,
            44.761849
          ],
          [
            8.644007,
            44.761521
          ],
          [
            8.643773,
            44.7613
          ],
          [
            8.643508,
            44.76101
          ],
          [
            8.643225,
            44.760643
          ],
          [
            8.643022,
            44.760277
          ],
          [
            8.642893,
            44.759862
          ],
          [
            8.642826,
            44.759404
          ],
          [
            8.642816,
            44.759181
          ],
          [
            8.642845,
            44.758636
          ],
          [
            8.64296,
            44.758126
          ],
          [
            8.643144,
            44.757629
          ],
          [
            8.643289,
            44.757386
          ],
          [
            8.643642,
            44.756953
          ],
          [
            8.644527,
            44.756209
          ],
          [
            8.644818,
            44.755942
          ],
          [
            8.64508,
            44.755642
          ],
          [
            8.64536,
            44.75525
          ],
          [
            8.64547,
            44.755059
          ],
          [
            8.645687,
            44.754607
          ],
          [
            8.645931,
            44.753954
          ],
          [
            8.64618,
            44.752984
          ],
          [
            8.646406,
            44.751573
          ],
          [
            8.646746,
            44.749957
          ],
          [
            8.647052,
            44.748881
          ],
          [
            8.647316,
            44.748099
          ],
          [
            8.647608,
            44.747292
          ],
          [
            8.647862,
            44.746711
          ],
          [
            8.649381,
            44.743421
          ],
          [
            8.649607,
            44.742982
          ],
          [
            8.649905,
            44.742504
          ],
          [
            8.650258,
            44.741987
          ],
          [
            8.651035,
            44.741039
          ],
          [
            8.65159,
            44.740478
          ],
          [
            8.652085,
            44.740033
          ],
          [
            8.652549,
            44.739655
          ],
          [
            8.653032,
            44.739294
          ],
          [
            8.654011,
            44.738652
          ],
          [
            8.654495,
            44.738379
          ],
          [
            8.656414,
            44.737382
          ],
          [
            8.656975,
            44.737077
          ],
          [
            8.657504,
            44.73677
          ],
          [
            8.657981,
            44.736463
          ],
          [
            8.658521,
            44.736109
          ],
          [
            8.659039,
            44.735734
          ],
          [
            8.659543,
            44.735337
          ],
          [
            8.660044,
            44.734905
          ],
          [
            8.660611,
            44.734372
          ],
          [
            8.661034,
            44.733932
          ],
          [
            8.661359,
            44.733571
          ],
          [
            8.661994,
            44.732781
          ],
          [
            8.6623,
            44.73234
          ],
          [
            8.662886,
            44.7314
          ],
          [
            8.665617,
            44.726663
          ],
          [
            8.666118,
            44.725742
          ],
          [
            8.666415,
            44.725088
          ],
          [
            8.666775,
            44.724116
          ],
          [
            8.667006,
            44.72319
          ],
          [
            8.667112,
            44.722579
          ],
          [
            8.667184,
            44.721777
          ],
          [
            8.667193,
            44.721199
          ],
          [
            8.667172,
            44.720538
          ],
          [
            8.667091,
            44.719803
          ],
          [
            8.666716,
            44.717223
          ],
          [
            8.666635,
            44.716373
          ],
          [
            8.666575,
            44.715071
          ],
          [
            8.666599,
            44.713858
          ],
          [
            8.666691,
            44.712701
          ],
          [
            8.666763,
            44.712121
          ],
          [
            8.667325,
            44.708391
          ],
          [
            8.667403,
            44.707749
          ],
          [
            8.667516,
            44.706311
          ],
          [
            8.667526,
            44.705504
          ],
          [
            8.667469,
            44.704169
          ],
          [
            8.667419,
            44.703596
          ],
          [
            8.667218,
            44.702148
          ],
          [
            8.665419,
            44.691651
          ],
          [
            8.665264,
            44.690946
          ],
          [
            8.665127,
            44.690477
          ],
          [
            8.664945,
            44.68995
          ],
          [
            8.664663,
            44.689264
          ],
          [
            8.664412,
            44.688759
          ],
          [
            8.658778,
            44.678613
          ],
          [
            8.65863,
            44.678311
          ],
          [
            8.658353,
            44.677596
          ],
          [
            8.658238,
            44.677153
          ],
          [
            8.658157,
            44.676723
          ],
          [
            8.658121,
            44.676262
          ],
          [
            8.658132,
            44.675638
          ],
          [
            8.658231,
            44.674928
          ],
          [
            8.658318,
            44.67458
          ],
          [
            8.658474,
            44.674079
          ],
          [
            8.65947,
            44.671282
          ],
          [
            8.659686,
            44.670595
          ],
          [
            8.659835,
            44.669891
          ],
          [
            8.659897,
            44.669429
          ],
          [
            8.659943,
            44.668638
          ],
          [
            8.659939,
            44.668285
          ],
          [
            8.659863,
            44.667519
          ],
          [
            8.659787,
            44.667038
          ],
          [
            8.658944,
            44.662833
          ],
          [
            8.658847,
            44.661958
          ],
          [
            8.658808,
            44.660883
          ],
          [
            8.658952,
            44.659454
          ],
          [
            8.659045,
            44.65869
          ],
          [
            8.659344,
            44.656093
          ],
          [
            8.659426,
            44.655311
          ],
          [
            8.6595,
            44.654833
          ],
          [
            8.659584,
            44.654442
          ],
          [
            8.659713,
            44.653929
          ],
          [
            8.659887,
            44.653393
          ],
          [
            8.660253,
            44.652608
          ],
          [
            8.661055,
            44.651226
          ],
          [
            8.661372,
            44.650567
          ],
          [
            8.661514,
            44.650142
          ],
          [
            8.66158,
            44.649869
          ],
          [
            8.661628,
            44.649597
          ],
          [
            8.661654,
            44.649036
          ],
          [
            8.661626,
            44.64867
          ],
          [
            8.661512,
            44.648054
          ],
          [
            8.660699,
            44.645112
          ],
          [
            8.660499,
            44.644436
          ],
          [
            8.660313,
            44.643628
          ],
          [
            8.66028,
            44.643308
          ],
          [
            8.660273,
            44.642921
          ],
          [
            8.660328,
            44.642404
          ],
          [
            8.660426,
            44.641952
          ],
          [
            8.660829,
            44.640771
          ],
          [
            8.661375,
            44.639264
          ],
          [
            8.662354,
            44.636622
          ],
          [
            8.662759,
            44.63539
          ],
          [
            8.662877,
            44.634799
          ],
          [
            8.662887,
            44.634244
          ],
          [
            8.662823,
            44.633675
          ],
          [
            8.662676,
            44.633152
          ],
          [
            8.662498,
            44.632721
          ],
          [
            8.662388,
            44.632509
          ],
          [
            8.662213,
            44.632221
          ],
          [
            8.661956,
            44.631868
          ],
          [
            8.66101,
            44.63081
          ],
          [
            8.659809,
            44.629513
          ],
          [
            8.659497,
            44.62918
          ],
          [
            8.658952,
            44.628577
          ],
          [
            8.658485,
            44.627986
          ],
          [
            8.658268,
            44.627646
          ],
          [
            8.658055,
            44.627258
          ],
          [
            8.657817,
            44.626648
          ],
          [
            8.65772,
            44.626314
          ],
          [
            8.657642,
            44.62593
          ],
          [
            8.657535,
            44.624941
          ],
          [
            8.657195,
            44.622392
          ],
          [
            8.657054,
            44.621776
          ],
          [
            8.656972,
            44.621543
          ],
          [
            8.655847,
            44.618872
          ],
          [
            8.655748,
            44.618544
          ],
          [
            8.655691,
            44.618185
          ],
          [
            8.655682,
            44.617715
          ],
          [
            8.65571,
            44.617362
          ],
          [
            8.655781,
            44.616975
          ],
          [
            8.656039,
            44.615914
          ],
          [
            8.656352,
            44.614991
          ],
          [
            8.656658,
            44.614376
          ],
          [
            8.656806,
            44.614126
          ],
          [
            8.657126,
            44.613658
          ],
          [
            8.657754,
            44.612943
          ],
          [
            8.658402,
            44.612264
          ],
          [
            8.658588,
            44.612072
          ],
          [
            8.661239,
            44.609432
          ],
          [
            8.661524,
            44.60913
          ],
          [
            8.661864,
            44.608715
          ],
          [
            8.662356,
            44.60802
          ],
          [
            8.662648,
            44.607502
          ],
          [
            8.662779,
            44.607202
          ],
          [
            8.662863,
            44.606935
          ],
          [
            8.66296,
            44.606518
          ],
          [
            8.663025,
            44.606121
          ],
          [
            8.663241,
            44.604771
          ],
          [
            8.663394,
            44.60423
          ],
          [
            8.66351,
            44.603939
          ],
          [
            8.663763,
            44.603461
          ],
          [
            8.66409,
            44.60301
          ],
          [
            8.664315,
            44.60275
          ],
          [
            8.664666,
            44.602417
          ],
          [
            8.665538,
            44.601738
          ],
          [
            8.66597,
            44.601357
          ],
          [
            8.666223,
            44.601078
          ],
          [
            8.666406,
            44.600837
          ],
          [
            8.666599,
            44.600536
          ],
          [
            8.666739,
            44.600262
          ],
          [
            8.666906,
            44.599801
          ],
          [
            8.666967,
            44.599549
          ],
          [
            8.666997,
            44.599307
          ],
          [
            8.667018,
            44.598999
          ],
          [
            8.667072,
            44.596507
          ],
          [
            8.66707,
            44.596008
          ],
          [
            8.666997,
            44.59549
          ],
          [
            8.666928,
            44.595201
          ],
          [
            8.666811,
            44.594885
          ],
          [
            8.666638,
            44.594522
          ],
          [
            8.665269,
            44.592109
          ],
          [
            8.664756,
            44.591106
          ],
          [
            8.664562,
            44.590541
          ],
          [
            8.664475,
            44.590127
          ],
          [
            8.664405,
            44.589595
          ],
          [
            8.664387,
            44.58914
          ],
          [
            8.664433,
            44.588675
          ],
          [
            8.664612,
            44.587907
          ],
          [
            8.664835,
            44.587143
          ],
          [
            8.664929,
            44.586625
          ],
          [
            8.664952,
            44.586099
          ],
          [
            8.664923,
            44.585806
          ],
          [
            8.664866,
            44.585518
          ],
          [
            8.664775,
            44.585201
          ],
          [
            8.664673,
            44.58494
          ],
          [
            8.664407,
            44.584444
          ],
          [
            8.664235,
            44.584195
          ],
          [
            8.663925,
            44.583816
          ],
          [
            8.663733,
            44.583614
          ],
          [
            8.663447,
            44.583352
          ],
          [
            8.661152,
            44.581355
          ],
          [
            8.660665,
            44.580901
          ],
          [
            8.660186,
            44.580394
          ],
          [
            8.659849,
            44.579974
          ],
          [
            8.659596,
            44.579632
          ],
          [
            8.659437,
            44.579353
          ],
          [
            8.659177,
            44.578859
          ],
          [
            8.659005,
            44.578473
          ],
          [
            8.658811,
            44.577712
          ],
          [
            8.658766,
            44.577138
          ],
          [
            8.658791,
            44.576488
          ],
          [
            8.658929,
            44.575611
          ],
          [
            8.659181,
            44.574287
          ],
          [
            8.659451,
            44.573203
          ],
          [
            8.659622,
            44.572616
          ],
          [
            8.659887,
            44.571787
          ],
          [
            8.660937,
            44.568847
          ],
          [
            8.662031,
            44.565882
          ],
          [
            8.66216,
            44.56552
          ],
          [
            8.662304,
            44.565187
          ],
          [
            8.662496,
            44.564842
          ],
          [
            8.662764,
            44.56443
          ],
          [
            8.663049,
            44.564084
          ],
          [
            8.663376,
            44.563743
          ],
          [
            8.66372,
            44.563429
          ],
          [
            8.665151,
            44.562296
          ],
          [
            8.665542,
            44.562003
          ],
          [
            8.666073,
            44.561563
          ],
          [
            8.666367,
            44.56129
          ],
          [
            8.666629,
            44.56102
          ],
          [
            8.666833,
            44.560768
          ],
          [
            8.667012,
            44.560505
          ],
          [
            8.667334,
            44.560008
          ],
          [
            8.667571,
            44.55953
          ],
          [
            8.669,
            44.555919
          ],
          [
            8.669295,
            44.555146
          ],
          [
            8.669671,
            44.554094
          ],
          [
            8.669899,
            44.553317
          ],
          [
            8.670155,
            44.552312
          ],
          [
            8.670824,
            44.549768
          ],
          [
            8.671067,
            44.549024
          ],
          [
            8.671254,
            44.548581
          ],
          [
            8.671433,
            44.548238
          ],
          [
            8.671908,
            44.54753
          ],
          [
            8.672454,
            44.546885
          ],
          [
            8.672775,
            44.54656
          ],
          [
            8.673394,
            44.545998
          ],
          [
            8.673811,
            44.545666
          ],
          [
            8.677846,
            44.542916
          ],
          [
            8.678453,
            44.54256
          ],
          [
            8.678766,
            44.542405
          ],
          [
            8.67931,
            44.542192
          ],
          [
            8.680012,
            44.541988
          ],
          [
            8.680365,
            44.541914
          ],
          [
            8.681061,
            44.541809
          ],
          [
            8.689814,
            44.540993
          ],
          [
            8.690363,
            44.540922
          ],
          [
            8.690822,
            44.540832
          ],
          [
            8.691211,
            44.540722
          ],
          [
            8.691582,
            44.54059
          ],
          [
            8.692052,
            44.540395
          ],
          [
            8.692796,
            44.54
          ],
          [
            8.693555,
            44.539514
          ],
          [
            8.694205,
            44.539059
          ],
          [
            8.694482,
            44.538821
          ],
          [
            8.694764,
            44.538533
          ],
          [
            8.695034,
            44.538209
          ],
          [
            8.695268,
            44.537858
          ],
          [
            8.695434,
            44.537513
          ],
          [
            8.695532,
            44.537226
          ],
          [
            8.695602,
            44.536933
          ],
          [
            8.695775,
            44.535929
          ],
          [
            8.69593,
            44.535439
          ],
          [
            8.696059,
            44.535147
          ],
          [
            8.696675,
            44.53388
          ],
          [
            8.696822,
            44.533494
          ],
          [
            8.696909,
            44.533184
          ],
          [
            8.697164,
            44.531281
          ],
          [
            8.697288,
            44.530802
          ],
          [
            8.697475,
            44.530346
          ],
          [
            8.697785,
            44.52985
          ],
          [
            8.698335,
            44.529057
          ],
          [
            8.698534,
            44.528718
          ],
          [
            8.698713,
            44.528371
          ],
          [
            8.698875,
            44.527969
          ],
          [
            8.698978,
            44.527581
          ],
          [
            8.699038,
            44.527213
          ],
          [
            8.699318,
            44.524845
          ],
          [
            8.699472,
            44.523553
          ],
          [
            8.699569,
            44.522573
          ],
          [
            8.699579,
            44.522025
          ],
          [
            8.699535,
            44.52147
          ],
          [
            8.699409,
            44.520981
          ],
          [
            8.69925,
            44.520552
          ],
          [
            8.698582,
            44.519074
          ],
          [
            8.698457,
            44.518716
          ],
          [
            8.698387,
            44.518347
          ],
          [
            8.69837,
            44.518011
          ],
          [
            8.698378,
            44.517714
          ],
          [
            8.698488,
            44.517133
          ],
          [
            8.698572,
            44.516871
          ],
          [
            8.699811,
            44.513547
          ],
          [
            8.700057,
            44.512956
          ],
          [
            8.700192,
            44.512698
          ],
          [
            8.700343,
            44.512458
          ],
          [
            8.700763,
            44.511915
          ],
          [
            8.702386,
            44.510181
          ],
          [
            8.702624,
            44.509896
          ],
          [
            8.703001,
            44.509383
          ],
          [
            8.703308,
            44.508897
          ],
          [
            8.703486,
            44.508577
          ],
          [
            8.703798,
            44.507902
          ],
          [
            8.70429,
            44.506719
          ],
          [
            8.704415,
            44.506426
          ],
          [
            8.704666,
            44.505841
          ],
          [
            8.705144,
            44.505004
          ],
          [
            8.705361,
            44.504662
          ],
          [
            8.70598,
            44.503682
          ],
          [
            8.70622,
            44.503308
          ],
          [
            8.707651,
            44.501047
          ],
          [
            8.707952,
            44.500668
          ],
          [
            8.708296,
            44.500311
          ],
          [
            8.708789,
            44.499921
          ],
          [
            8.709244,
            44.499631
          ],
          [
            8.709532,
            44.499481
          ],
          [
            8.709868,
            44.499336
          ],
          [
            8.710268,
            44.499179
          ],
          [
            8.710722,
            44.499038
          ],
          [
            8.711175,
            44.498945
          ],
          [
            8.711751,
            44.498861
          ],
          [
            8.712287,
            44.498817
          ],
          [
            8.7129,
            44.498802
          ],
          [
            8.715487,
            44.498848
          ],
          [
            8.717321,
            44.498844
          ],
          [
            8.71843,
            44.498755
          ],
          [
            8.718849,
            44.498688
          ],
          [
            8.719293,
            44.498601
          ],
          [
            8.71974,
            44.498491
          ],
          [
            8.720134,
            44.498369
          ],
          [
            8.720478,
            44.498241
          ],
          [
            8.720777,
            44.498115
          ],
          [
            8.721515,
            44.497765
          ],
          [
            8.722761,
            44.49708
          ],
          [
            8.723586,
            44.49669
          ],
          [
            8.723938,
            44.496548
          ],
          [
            8.724294,
            44.496427
          ],
          [
            8.724981,
            44.496262
          ],
          [
            8.725639,
            44.496133
          ],
          [
            8.726669,
            44.495957
          ],
          [
            8.727071,
            44.495872
          ],
          [
            8.727437,
            44.495774
          ],
          [
            8.727998,
            44.495602
          ],
          [
            8.728329,
            44.495474
          ],
          [
            8.728897,
            44.495205
          ],
          [
            8.729336,
            44.494955
          ],
          [
            8.729701,
            44.494717
          ],
          [
            8.730147,
            44.494356
          ],
          [
            8.73052,
            44.493963
          ],
          [
            8.730967,
            44.493398
          ],
          [
            8.732458,
            44.4914
          ],
          [
            8.732711,
            44.490997
          ],
          [
            8.732873,
            44.490647
          ],
          [
            8.733023,
            44.490208
          ],
          [
            8.733095,
            44.489872
          ],
          [
            8.73314,
            44.489519
          ],
          [
            8.733523,
            44.482874
          ],
          [
            8.733547,
            44.482544
          ],
          [
            8.733658,
            44.481917
          ],
          [
            8.733805,
            44.481487
          ],
          [
            8.733919,
            44.481224
          ],
          [
            8.734166,
            44.480774
          ],
          [
            8.734993,
            44.479492
          ],
          [
            8.735162,
            44.479137
          ],
          [
            8.735286,
            44.478773
          ],
          [
            8.735375,
            44.478211
          ],
          [
            8.73538,
            44.477855
          ],
          [
            8.735336,
            44.477462
          ],
          [
            8.735196,
            44.476781
          ],
          [
            8.735097,
            44.476164
          ],
          [
            8.735103,
            44.475724
          ],
          [
            8.735162,
            44.47534
          ],
          [
            8.735274,
            44.474934
          ],
          [
            8.73543,
            44.474554
          ],
          [
            8.735629,
            44.474217
          ],
          [
            8.735775,
            44.474012
          ],
          [
            8.736147,
            44.473572
          ],
          [
            8.73639,
            44.473347
          ],
          [
            8.738633,
            44.471469
          ],
          [
            8.740749,
            44.469652
          ],
          [
            8.741275,
            44.469186
          ],
          [
            8.741667,
            44.468808
          ],
          [
            8.742148,
            44.468243
          ],
          [
            8.742375,
            44.467936
          ],
          [
            8.742563,
            44.46766
          ],
          [
            8.742815,
            44.467235
          ],
          [
            8.743111,
            44.466618
          ],
          [
            8.743299,
            44.46618
          ],
          [
            8.74353,
            44.465489
          ],
          [
            8.743603,
            44.465112
          ],
          [
            8.743671,
            44.464575
          ],
          [
            8.744244,
            44.458758
          ],
          [
            8.744455,
            44.457043
          ],
          [
            8.744637,
            44.455535
          ],
          [
            8.744644,
            44.455257
          ],
          [
            8.744592,
            44.454704
          ],
          [
            8.744521,
            44.454394
          ],
          [
            8.744439,
            44.454145
          ],
          [
            8.744236,
            44.453739
          ],
          [
            8.743918,
            44.453219
          ],
          [
            8.743689,
            44.452936
          ],
          [
            8.743503,
            44.452733
          ],
          [
            8.743001,
            44.452286
          ],
          [
            8.738845,
            44.449201
          ],
          [
            8.737917,
            44.448544
          ],
          [
            8.737574,
            44.448343
          ],
          [
            8.737176,
            44.448144
          ],
          [
            8.736478,
            44.447847
          ],
          [
            8.73618,
            44.447742
          ],
          [
            8.73583,
            44.447647
          ],
          [
            8.73546,
            44.447573
          ],
          [
            8.735019,
            44.447516
          ],
          [
            8.734572,
            44.447487
          ],
          [
            8.73397,
            44.447474
          ],
          [
            8.733625,
            44.447477
          ],
          [
            8.733205,
            44.447503
          ],
          [
            8.732512,
            44.447594
          ],
          [
            8.732155,
            44.447667
          ],
          [
            8.731439,
            44.447866
          ],
          [
            8.730941,
            44.44805
          ],
          [
            8.730624,
            44.448194
          ],
          [
            8.730334,
            44.448339
          ],
          [
            8.72986,
            44.448624
          ],
          [
            8.729651,
            44.448772
          ],
          [
            8.729226,
            44.44912
          ],
          [
            8.728512,
            44.449777
          ],
          [
            8.727996,
            44.45024
          ],
          [
            8.727689,
            44.450479
          ],
          [
            8.727491,
            44.450615
          ],
          [
            8.72699,
            44.450904
          ],
          [
            8.726406,
            44.451164
          ],
          [
            8.725838,
            44.451357
          ],
          [
            8.725282,
            44.451493
          ],
          [
            8.725028,
            44.451538
          ],
          [
            8.724595,
            44.451613
          ],
          [
            8.723536,
            44.451736
          ],
          [
            8.721599,
            44.451908
          ],
          [
            8.721073,
            44.451933
          ],
          [
            8.720553,
            44.451927
          ],
          [
            8.720072,
            44.4519
          ],
          [
            8.719557,
            44.451826
          ],
          [
            8.719067,
            44.451729
          ],
          [
            8.718635,
            44.451606
          ],
          [
            8.717775,
            44.451255
          ],
          [
            8.717293,
            44.451001
          ],
          [
            8.716822,
            44.450718
          ],
          [
            8.716475,
            44.450457
          ],
          [
            8.71614,
            44.450143
          ],
          [
            8.715836,
            44.449783
          ],
          [
            8.715635,
            44.449491
          ],
          [
            8.7153,
            44.44891
          ],
          [
            8.715183,
            44.448646
          ],
          [
            8.714997,
            44.448108
          ],
          [
            8.714909,
            44.447557
          ],
          [
            8.714912,
            44.447051
          ],
          [
            8.714949,
            44.446761
          ],
          [
            8.715023,
            44.446442
          ],
          [
            8.715191,
            44.445962
          ],
          [
            8.715366,
            44.445606
          ],
          [
            8.715639,
            44.445169
          ],
          [
            8.716012,
            44.444721
          ],
          [
            8.716239,
            44.444492
          ],
          [
            8.716769,
            44.444057
          ],
          [
            8.717005,
            44.44389
          ],
          [
            8.717528,
            44.443593
          ],
          [
            8.717754,
            44.443485
          ],
          [
            8.718273,
            44.443264
          ],
          [
            8.718821,
            44.443081
          ],
          [
            8.719497,
            44.442912
          ],
          [
            8.720104,
            44.442788
          ],
          [
            8.720783,
            44.442698
          ],
          [
            8.721438,
            44.442668
          ],
          [
            8.722007,
            44.442693
          ],
          [
            8.72265,
            44.442774
          ],
          [
            8.723897,
            44.442985
          ],
          [
            8.724644,
            44.443092
          ],
          [
            8.725139,
            44.443129
          ],
          [
            8.725529,
            44.443132
          ],
          [
            8.726025,
            44.443104
          ],
          [
            8.727246,
            44.44299
          ],
          [
            8.727502,
            44.442966
          ],
          [
            8.729818,
            44.442735
          ],
          [
            8.730808,
            44.442615
          ],
          [
            8.731389,
            44.442501
          ],
          [
            8.731893,
            44.442364
          ],
          [
            8.732123,
            44.442288
          ],
          [
            8.732582,
            44.442096
          ],
          [
            8.732971,
            44.441916
          ],
          [
            8.733575,
            44.441592
          ],
          [
            8.733947,
            44.441372
          ],
          [
            8.734248,
            44.441169
          ],
          [
            8.73446,
            44.441001
          ],
          [
            8.734822,
            44.440665
          ],
          [
            8.735425,
            44.439995
          ],
          [
            8.73703,
            44.438132
          ],
          [
            8.737186,
            44.43792
          ],
          [
            8.737359,
            44.437641
          ],
          [
            8.737589,
            44.437105
          ],
          [
            8.737827,
            44.436005
          ],
          [
            8.738017,
            44.435491
          ],
          [
            8.738208,
            44.435187
          ],
          [
            8.738467,
            44.434878
          ],
          [
            8.738838,
            44.434525
          ],
          [
            8.739138,
            44.434296
          ],
          [
            8.73951,
            44.433981
          ],
          [
            8.74034,
            44.433341
          ],
          [
            8.740698,
            44.432975
          ],
          [
            8.740963,
            44.432535
          ],
          [
            8.741056,
            44.43233
          ],
          [
            8.741118,
            44.432087
          ],
          [
            8.741136,
            44.43191
          ],
          [
            8.741114,
            44.43149
          ],
          [
            8.740993,
            44.430975
          ],
          [
            8.740497,
            44.429313
          ],
          [
            8.740353,
            44.428922
          ],
          [
            8.740211,
            44.428623
          ],
          [
            8.740052,
            44.428311
          ],
          [
            8.739879,
            44.428041
          ],
          [
            8.739606,
            44.427677
          ],
          [
            8.739226,
            44.427321
          ],
          [
            8.738702,
            44.426951
          ],
          [
            8.738178,
            44.426637
          ],
          [
            8.737575,
            44.426326
          ],
          [
            8.737365,
            44.426233
          ],
          [
            8.736893,
            44.426072
          ],
          [
            8.736599,
            44.425981
          ],
          [
            8.736046,
            44.425843
          ],
          [
            8.735167,
            44.425629
          ],
          [
            8.734869,
            44.425529
          ],
          [
            8.734522,
            44.425384
          ],
          [
            8.734202,
            44.425211
          ],
          [
            8.729108,
            44.42196
          ],
          [
            8.728489,
            44.421569
          ],
          [
            8.726741,
            44.420614
          ],
          [
            8.726364,
            44.420424
          ],
          [
            8.726001,
            44.420278
          ],
          [
            8.725644,
            44.420147
          ],
          [
            8.725133,
            44.419983
          ],
          [
            8.724778,
            44.419892
          ],
          [
            8.724331,
            44.419808
          ],
          [
            8.723887,
            44.419746
          ],
          [
            8.723374,
            44.419698
          ],
          [
            8.722746,
            44.419657
          ],
          [
            8.722068,
            44.419658
          ],
          [
            8.721451,
            44.41972
          ],
          [
            8.720617,
            44.419853
          ],
          [
            8.719227,
            44.420223
          ],
          [
            8.718718,
            44.420331
          ],
          [
            8.717813,
            44.420456
          ],
          [
            8.717055,
            44.420473
          ],
          [
            8.716498,
            44.420439
          ],
          [
            8.716238,
            44.420417
          ],
          [
            8.715782,
            44.420343
          ],
          [
            8.715476,
            44.420273
          ],
          [
            8.714905,
            44.420121
          ],
          [
            8.71452,
            44.419993
          ],
          [
            8.713995,
            44.419784
          ],
          [
            8.713769,
            44.41967
          ],
          [
            8.712126,
            44.418766
          ],
          [
            8.711,
            44.418193
          ],
          [
            8.709594,
            44.417565
          ],
          [
            8.708787,
            44.417201
          ],
          [
            8.708012,
            44.416864
          ],
          [
            8.707424,
            44.416634
          ],
          [
            8.706788,
            44.416434
          ],
          [
            8.706393,
            44.416327
          ],
          [
            8.705901,
            44.41622
          ],
          [
            8.705405,
            44.416135
          ],
          [
            8.703031,
            44.415898
          ],
          [
            8.702733,
            44.415864
          ],
          [
            8.702363,
            44.415799
          ],
          [
            8.70194,
            44.415697
          ],
          [
            8.701548,
            44.415578
          ],
          [
            8.701195,
            44.41544
          ],
          [
            8.700836,
            44.415275
          ],
          [
            8.700278,
            44.414926
          ],
          [
            8.700081,
            44.41477
          ],
          [
            8.699743,
            44.414437
          ],
          [
            8.699111,
            44.413717
          ],
          [
            8.698621,
            44.413166
          ],
          [
            8.69829,
            44.412854
          ],
          [
            8.697822,
            44.412497
          ],
          [
            8.697452,
            44.412271
          ],
          [
            8.696929,
            44.412005
          ],
          [
            8.69644,
            44.411797
          ],
          [
            8.695982,
            44.411639
          ],
          [
            8.695238,
            44.411429
          ],
          [
            8.693522,
            44.411008
          ],
          [
            8.691381,
            44.410525
          ],
          [
            8.68918,
            44.410048
          ],
          [
            8.687681,
            44.409721
          ],
          [
            8.685158,
            44.409186
          ],
          [
            8.682687,
            44.408669
          ],
          [
            8.681855,
            44.408487
          ],
          [
            8.681059,
            44.408308
          ],
          [
            8.680531,
            44.408182
          ],
          [
            8.679905,
            44.407972
          ],
          [
            8.67957,
            44.407835
          ],
          [
            8.678504,
            44.407323
          ],
          [
            8.677141,
            44.406643
          ],
          [
            8.673983,
            44.4051
          ],
          [
            8.672692,
            44.404563
          ],
          [
            8.671542,
            44.404139
          ],
          [
            8.670831,
            44.403866
          ],
          [
            8.670315,
            44.403647
          ],
          [
            8.669271,
            44.403131
          ],
          [
            8.66888,
            44.402909
          ],
          [
            8.667928,
            44.402246
          ],
          [
            8.667912,
            44.402229
          ],
          [
            8.667022,
            44.401557
          ],
          [
            8.666233,
            44.40099
          ],
          [
            8.665864,
            44.400751
          ],
          [
            8.665739,
            44.400694
          ],
          [
            8.665557,
            44.400571
          ],
          [
            8.664648,
            44.399982
          ],
          [
            8.663549,
            44.399311
          ],
          [
            8.663141,
            44.399095
          ],
          [
            8.662687,
            44.398885
          ],
          [
            8.661958,
            44.39862
          ],
          [
            8.658633,
            44.397396
          ],
          [
            8.653268,
            44.395506
          ],
          [
            8.65138,
            44.394761
          ],
          [
            8.650483,
            44.394474
          ],
          [
            8.6499,
            44.394313
          ],
          [
            8.64943,
            44.394188
          ],
          [
            8.648903,
            44.394104
          ],
          [
            8.648177,
            44.394037
          ],
          [
            8.647473,
            44.394015
          ],
          [
            8.645649,
            44.393989
          ],
          [
            8.643433,
            44.393949
          ],
          [
            8.6427,
            44.393903
          ],
          [
            8.642439,
            44.393874
          ],
          [
            8.641251,
            44.393661
          ],
          [
            8.640605,
            44.393495
          ],
          [
            8.639601,
            44.393294
          ],
          [
            8.637784,
            44.392885
          ],
          [
            8.636514,
            44.392593
          ],
          [
            8.635269,
            44.392164
          ],
          [
            8.633685,
            44.391359
          ],
          [
            8.632708,
            44.390802
          ],
          [
            8.626249,
            44.387114
          ],
          [
            8.624945,
            44.386373
          ],
          [
            8.624413,
            44.386053
          ],
          [
            8.623829,
            44.385626
          ],
          [
            8.623305,
            44.385186
          ],
          [
            8.622911,
            44.384803
          ],
          [
            8.62261,
            44.384378
          ],
          [
            8.622318,
            44.383901
          ],
          [
            8.621772,
            44.38277
          ],
          [
            8.621683,
            44.382488
          ],
          [
            8.621511,
            44.381776
          ],
          [
            8.621483,
            44.381501
          ],
          [
            8.621485,
            44.381261
          ],
          [
            8.621629,
            44.37943
          ],
          [
            8.62188,
            44.376371
          ],
          [
            8.621871,
            44.375928
          ],
          [
            8.621779,
            44.375427
          ],
          [
            8.621693,
            44.375206
          ],
          [
            8.62142,
            44.374702
          ],
          [
            8.621199,
            44.374398
          ],
          [
            8.620987,
            44.374154
          ],
          [
            8.620653,
            44.373835
          ],
          [
            8.619362,
            44.372862
          ],
          [
            8.619111,
            44.372699
          ],
          [
            8.618706,
            44.372466
          ],
          [
            8.618306,
            44.372285
          ],
          [
            8.618018,
            44.372175
          ],
          [
            8.616337,
            44.371645
          ],
          [
            8.615633,
            44.371366
          ],
          [
            8.615326,
            44.371216
          ],
          [
            8.614994,
            44.371028
          ],
          [
            8.61432,
            44.370604
          ],
          [
            8.613633,
            44.370177
          ],
          [
            8.613086,
            44.369907
          ],
          [
            8.612582,
            44.369721
          ],
          [
            8.612059,
            44.369581
          ],
          [
            8.611766,
            44.369518
          ],
          [
            8.611203,
            44.36944
          ],
          [
            8.608731,
            44.369226
          ],
          [
            8.608131,
            44.369161
          ],
          [
            8.607285,
            44.369031
          ],
          [
            8.60643,
            44.368846
          ],
          [
            8.605584,
            44.368589
          ],
          [
            8.605233,
            44.368461
          ],
          [
            8.60463,
            44.368214
          ],
          [
            8.603571,
            44.367729
          ],
          [
            8.602488,
            44.367251
          ],
          [
            8.601636,
            44.366931
          ],
          [
            8.601106,
            44.366776
          ],
          [
            8.597259,
            44.365878
          ],
          [
            8.59432,
            44.365241
          ],
          [
            8.591668,
            44.364647
          ],
          [
            8.590614,
            44.364448
          ],
          [
            8.589546,
            44.364307
          ],
          [
            8.58844,
            44.364243
          ],
          [
            8.587594,
            44.36425
          ],
          [
            8.586972,
            44.364292
          ],
          [
            8.585505,
            44.36448
          ],
          [
            8.584036,
            44.36477
          ],
          [
            8.583638,
            44.364877
          ],
          [
            8.582227,
            44.365354
          ],
          [
            8.58034,
            44.366092
          ],
          [
            8.578615,
            44.366786
          ],
          [
            8.577861,
            44.367093
          ],
          [
            8.577098,
            44.367345
          ],
          [
            8.576556,
            44.367502
          ],
          [
            8.575935,
            44.367651
          ],
          [
            8.575352,
            44.367727
          ],
          [
            8.57481,
            44.367769
          ],
          [
            8.574267,
            44.367781
          ],
          [
            8.573898,
            44.367772
          ],
          [
            8.573604,
            44.367745
          ],
          [
            8.572916,
            44.367636
          ],
          [
            8.572216,
            44.367462
          ],
          [
            8.571517,
            44.367217
          ],
          [
            8.570791,
            44.366886
          ],
          [
            8.570254,
            44.366603
          ],
          [
            8.569919,
            44.366389
          ],
          [
            8.569553,
            44.366106
          ],
          [
            8.569276,
            44.365827
          ],
          [
            8.56905,
            44.365555
          ],
          [
            8.565663,
            44.360582
          ],
          [
            8.564791,
            44.359416
          ],
          [
            8.564334,
            44.35883
          ],
          [
            8.563897,
            44.358264
          ],
          [
            8.563381,
            44.357624
          ],
          [
            8.562234,
            44.356155
          ],
          [
            8.560936,
            44.354481
          ],
          [
            8.560072,
            44.353371
          ],
          [
            8.559049,
            44.352049
          ],
          [
            8.5586,
            44.351536
          ],
          [
            8.558351,
            44.351288
          ],
          [
            8.557705,
            44.35063
          ],
          [
            8.557345,
            44.350322
          ],
          [
            8.557034,
            44.350098
          ],
          [
            8.556886,
            44.350012
          ],
          [
            8.556556,
            44.349864
          ],
          [
            8.556332,
            44.349798
          ],
          [
            8.554741,
            44.349425
          ],
          [
            8.554398,
            44.349353
          ],
          [
            8.553647,
            44.349234
          ],
          [
            8.552648,
            44.349148
          ],
          [
            8.550897,
            44.34906
          ],
          [
            8.54913,
            44.348972
          ],
          [
            8.545522,
            44.348752
          ],
          [
            8.545261,
            44.348726
          ],
          [
            8.544979,
            44.348676
          ],
          [
            8.544309,
            44.348498
          ],
          [
            8.544037,
            44.3484
          ],
          [
            8.543672,
            44.348254
          ],
          [
            8.543117,
            44.347969
          ],
          [
            8.542667,
            44.347678
          ],
          [
            8.542445,
            44.3475
          ],
          [
            8.541963,
            44.347067
          ],
          [
            8.541652,
            44.346734
          ],
          [
            8.541023,
            44.346069
          ],
          [
            8.540299,
            44.345263
          ],
          [
            8.539226,
            44.344084
          ],
          [
            8.538214,
            44.342969
          ],
          [
            8.537313,
            44.341912
          ],
          [
            8.536984,
            44.3416
          ],
          [
            8.536126,
            44.340934
          ],
          [
            8.535432,
            44.340457
          ],
          [
            8.534737,
            44.340025
          ],
          [
            8.53411,
            44.339669
          ],
          [
            8.533207,
            44.339219
          ],
          [
            8.532425,
            44.338894
          ],
          [
            8.531889,
            44.338688
          ],
          [
            8.530747,
            44.338316
          ],
          [
            8.52993,
            44.338112
          ],
          [
            8.52907,
            44.337944
          ],
          [
            8.52649,
            44.337556
          ],
          [
            8.523902,
            44.337192
          ],
          [
            8.52292,
            44.337064
          ],
          [
            8.52141,
            44.336826
          ],
          [
            8.519296,
            44.336444
          ],
          [
            8.516925,
            44.335961
          ],
          [
            8.515627,
            44.335678
          ],
          [
            8.514336,
            44.335437
          ],
          [
            8.51235,
            44.335071
          ],
          [
            8.51162,
            44.334964
          ],
          [
            8.511264,
            44.334926
          ],
          [
            8.510424,
            44.334869
          ],
          [
            8.509957,
            44.334863
          ],
          [
            8.508006,
            44.334944
          ],
          [
            8.506819,
            44.335006
          ],
          [
            8.505778,
            44.335059
          ],
          [
            8.504646,
            44.335085
          ],
          [
            8.504178,
            44.335061
          ],
          [
            8.503801,
            44.335021
          ],
          [
            8.503479,
            44.334967
          ],
          [
            8.502911,
            44.334833
          ],
          [
            8.50234,
            44.334643
          ],
          [
            8.501987,
            44.334492
          ],
          [
            8.501601,
            44.334291
          ],
          [
            8.501108,
            44.333974
          ],
          [
            8.500827,
            44.333764
          ],
          [
            8.500585,
            44.333542
          ],
          [
            8.500472,
            44.333422
          ],
          [
            8.5003,
            44.333175
          ],
          [
            8.499651,
            44.332075
          ],
          [
            8.499359,
            44.331632
          ],
          [
            8.499206,
            44.331432
          ],
          [
            8.498689,
            44.330799
          ],
          [
            8.498175,
            44.330286
          ],
          [
            8.497743,
            44.329923
          ],
          [
            8.492622,
            44.325852
          ],
          [
            8.492514,
            44.325766
          ],
          [
            8.491126,
            44.324668
          ],
          [
            8.49073,
            44.324384
          ],
          [
            8.49044,
            44.324193
          ],
          [
            8.489794,
            44.323823
          ],
          [
            8.489051,
            44.323518
          ],
          [
            8.488468,
            44.323337
          ],
          [
            8.48795,
            44.323209
          ],
          [
            8.486338,
            44.322857
          ],
          [
            8.485483,
            44.322627
          ],
          [
            8.484768,
            44.322403
          ],
          [
            8.484022,
            44.32212
          ],
          [
            8.483259,
            44.321769
          ],
          [
            8.482979,
            44.321616
          ],
          [
            8.482487,
            44.321297
          ],
          [
            8.480855,
            44.32006
          ],
          [
            8.480374,
            44.319726
          ],
          [
            8.480078,
            44.319545
          ],
          [
            8.479558,
            44.319295
          ],
          [
            8.478935,
            44.319084
          ],
          [
            8.478472,
            44.318973
          ],
          [
            8.478021,
            44.318888
          ],
          [
            8.477566,
            44.318835
          ],
          [
            8.476926,
            44.318791
          ],
          [
            8.474706,
            44.318653
          ],
          [
            8.473914,
            44.318593
          ],
          [
            8.473273,
            44.31849
          ],
          [
            8.47298,
            44.318417
          ],
          [
            8.472483,
            44.318257
          ],
          [
            8.472001,
            44.318063
          ],
          [
            8.47147,
            44.317783
          ],
          [
            8.471208,
            44.31761
          ],
          [
            8.470723,
            44.317224
          ],
          [
            8.470536,
            44.317038
          ],
          [
            8.470368,
            44.316838
          ],
          [
            8.470123,
            44.316461
          ],
          [
            8.469918,
            44.316066
          ],
          [
            8.469724,
            44.315712
          ],
          [
            8.468577,
            44.313703
          ],
          [
            8.467495,
            44.311794
          ],
          [
            8.466875,
            44.310714
          ],
          [
            8.466801,
            44.310588
          ],
          [
            8.466429,
            44.309955
          ],
          [
            8.466077,
            44.309407
          ],
          [
            8.465687,
            44.308875
          ],
          [
            8.465202,
            44.308333
          ],
          [
            8.464652,
            44.307801
          ],
          [
            8.464309,
            44.307511
          ],
          [
            8.463606,
            44.306982
          ],
          [
            8.462857,
            44.306502
          ],
          [
            8.462424,
            44.306259
          ],
          [
            8.461613,
            44.30585
          ],
          [
            8.46117,
            44.30566
          ],
          [
            8.460443,
            44.305382
          ],
          [
            8.459614,
            44.305113
          ],
          [
            8.458989,
            44.304951
          ],
          [
            8.458688,
            44.304872
          ],
          [
            8.457977,
            44.304727
          ],
          [
            8.457262,
            44.304615
          ],
          [
            8.454309,
            44.304291
          ],
          [
            8.452926,
            44.304135
          ],
          [
            8.452202,
            44.304017
          ],
          [
            8.451799,
            44.303929
          ],
          [
            8.45133,
            44.303804
          ],
          [
            8.450604,
            44.303553
          ],
          [
            8.450053,
            44.303333
          ],
          [
            8.449291,
            44.302955
          ],
          [
            8.448749,
            44.302615
          ],
          [
            8.448316,
            44.302305
          ],
          [
            8.447839,
            44.301863
          ],
          [
            8.447702,
            44.301733
          ],
          [
            8.447346,
            44.301349
          ],
          [
            8.447017,
            44.300912
          ],
          [
            8.446626,
            44.300181
          ],
          [
            8.446483,
            44.299835
          ],
          [
            8.446355,
            44.299423
          ],
          [
            8.446263,
            44.299007
          ],
          [
            8.44621,
            44.29849
          ],
          [
            8.446228,
            44.297611
          ],
          [
            8.446261,
            44.296583
          ],
          [
            8.446287,
            44.29533
          ],
          [
            8.446326,
            44.293836
          ],
          [
            8.446301,
            44.29318
          ],
          [
            8.446295,
            44.292891
          ],
          [
            8.44619,
            44.292415
          ],
          [
            8.446049,
            44.292024
          ],
          [
            8.445905,
            44.29171
          ],
          [
            8.445692,
            44.291371
          ],
          [
            8.445425,
            44.291033
          ],
          [
            8.445137,
            44.290723
          ],
          [
            8.444908,
            44.290515
          ],
          [
            8.444536,
            44.29022
          ],
          [
            8.443985,
            44.289871
          ],
          [
            8.443463,
            44.289609
          ],
          [
            8.442567,
            44.289242
          ],
          [
            8.438795,
            44.287721
          ],
          [
            8.437527,
            44.287191
          ],
          [
            8.436762,
            44.286811
          ],
          [
            8.436082,
            44.286412
          ],
          [
            8.435495,
            44.28601
          ],
          [
            8.434363,
            44.28513
          ],
          [
            8.433989,
            44.284836
          ],
          [
            8.433085,
            44.284125
          ],
          [
            8.43228,
            44.2835
          ],
          [
            8.430871,
            44.28237
          ],
          [
            8.430488,
            44.282016
          ],
          [
            8.43031,
            44.281822
          ],
          [
            8.430073,
            44.281527
          ],
          [
            8.429822,
            44.28112
          ],
          [
            8.429629,
            44.280712
          ],
          [
            8.429455,
            44.280276
          ],
          [
            8.42888,
            44.278721
          ],
          [
            8.428713,
            44.278366
          ],
          [
            8.42851,
            44.277998
          ],
          [
            8.428318,
            44.277705
          ],
          [
            8.428067,
            44.277386
          ],
          [
            8.427797,
            44.277084
          ],
          [
            8.427501,
            44.276806
          ],
          [
            8.427047,
            44.27644
          ],
          [
            8.425928,
            44.275672
          ],
          [
            8.421867,
            44.272954
          ],
          [
            8.421375,
            44.272601
          ],
          [
            8.420935,
            44.272243
          ],
          [
            8.420011,
            44.271385
          ],
          [
            8.418085,
            44.269306
          ],
          [
            8.416242,
            44.267265
          ],
          [
            8.415368,
            44.266382
          ],
          [
            8.414684,
            44.26584
          ],
          [
            8.413857,
            44.265313
          ],
          [
            8.41327,
            44.264985
          ],
          [
            8.412006,
            44.264365
          ],
          [
            8.410208,
            44.263479
          ],
          [
            8.409955,
            44.263341
          ],
          [
            8.40939,
            44.262984
          ],
          [
            8.408832,
            44.262544
          ],
          [
            8.40861,
            44.262347
          ],
          [
            8.408343,
            44.262066
          ],
          [
            8.407949,
            44.261618
          ],
          [
            8.407666,
            44.261218
          ],
          [
            8.407374,
            44.260736
          ],
          [
            8.407148,
            44.260253
          ],
          [
            8.406978,
            44.25972
          ],
          [
            8.406918,
            44.259426
          ],
          [
            8.406846,
            44.258713
          ],
          [
            8.406851,
            44.257919
          ],
          [
            8.406874,
            44.255043
          ],
          [
            8.40686,
            44.253337
          ],
          [
            8.406823,
            44.253014
          ],
          [
            8.406692,
            44.252386
          ],
          [
            8.406507,
            44.251806
          ],
          [
            8.406421,
            44.251594
          ],
          [
            8.406182,
            44.251117
          ],
          [
            8.405927,
            44.250673
          ],
          [
            8.40558,
            44.250126
          ],
          [
            8.404658,
            44.248752
          ],
          [
            8.40145,
            44.244262
          ],
          [
            8.400233,
            44.24259
          ],
          [
            8.399667,
            44.241752
          ],
          [
            8.3994,
            44.241299
          ],
          [
            8.399204,
            44.240855
          ],
          [
            8.398975,
            44.240219
          ],
          [
            8.398779,
            44.239372
          ],
          [
            8.398709,
            44.238823
          ],
          [
            8.398717,
            44.238223
          ],
          [
            8.398815,
            44.237339
          ],
          [
            8.398954,
            44.236553
          ],
          [
            8.399089,
            44.235985
          ],
          [
            8.399488,
            44.234515
          ],
          [
            8.39957,
            44.234108
          ],
          [
            8.399614,
            44.233709
          ],
          [
            8.399622,
            44.233459
          ],
          [
            8.399572,
            44.232916
          ],
          [
            8.399407,
            44.232289
          ],
          [
            8.399295,
            44.231987
          ],
          [
            8.399118,
            44.231616
          ],
          [
            8.398939,
            44.231301
          ],
          [
            8.398729,
            44.231007
          ],
          [
            8.39828,
            44.230485
          ],
          [
            8.397961,
            44.230193
          ],
          [
            8.397527,
            44.229841
          ],
          [
            8.397235,
            44.229639
          ],
          [
            8.396963,
            44.229475
          ],
          [
            8.396315,
            44.229138
          ],
          [
            8.395636,
            44.228862
          ],
          [
            8.394932,
            44.22864
          ],
          [
            8.394599,
            44.228561
          ],
          [
            8.394148,
            44.228465
          ],
          [
            8.392868,
            44.228245
          ],
          [
            8.388976,
            44.227608
          ],
          [
            8.38819,
            44.227451
          ],
          [
            8.38757,
            44.227297
          ],
          [
            8.385279,
            44.226583
          ],
          [
            8.384477,
            44.226404
          ],
          [
            8.384045,
            44.226338
          ],
          [
            8.383188,
            44.226265
          ],
          [
            8.382232,
            44.226256
          ],
          [
            8.38021,
            44.226281
          ],
          [
            8.378695,
            44.22631
          ],
          [
            8.378172,
            44.22634
          ],
          [
            8.377281,
            44.226439
          ],
          [
            8.376383,
            44.226602
          ],
          [
            8.375483,
            44.226814
          ],
          [
            8.374789,
            44.226999
          ],
          [
            8.372006,
            44.227738
          ],
          [
            8.370949,
            44.227996
          ],
          [
            8.370452,
            44.2281
          ],
          [
            8.370033,
            44.228169
          ],
          [
            8.369533,
            44.228229
          ],
          [
            8.369126,
            44.228265
          ],
          [
            8.368748,
            44.228281
          ],
          [
            8.368371,
            44.22828
          ],
          [
            8.367517,
            44.228224
          ],
          [
            8.367073,
            44.228175
          ],
          [
            8.366495,
            44.228086
          ],
          [
            8.366025,
            44.227997
          ],
          [
            8.36535,
            44.227854
          ],
          [
            8.364471,
            44.22762
          ],
          [
            8.363484,
            44.2273
          ],
          [
            8.362982,
            44.227118
          ],
          [
            8.360849,
            44.226311
          ],
          [
            8.358249,
            44.225339
          ],
          [
            8.357139,
            44.225016
          ],
          [
            8.356125,
            44.224813
          ],
          [
            8.355706,
            44.22475
          ],
          [
            8.354803,
            44.224662
          ],
          [
            8.354098,
            44.224627
          ],
          [
            8.353387,
            44.224629
          ],
          [
            8.352696,
            44.224663
          ],
          [
            8.352087,
            44.224722
          ],
          [
            8.351437,
            44.224809
          ],
          [
            8.347817,
            44.225421
          ],
          [
            8.347465,
            44.225472
          ],
          [
            8.346732,
            44.225547
          ],
          [
            8.345552,
            44.225588
          ],
          [
            8.34468,
            44.225577
          ],
          [
            8.344079,
            44.225553
          ],
          [
            8.342591,
            44.225402
          ],
          [
            8.341613,
            44.225224
          ],
          [
            8.334964,
            44.223572
          ],
          [
            8.333918,
            44.223294
          ],
          [
            8.330433,
            44.222403
          ],
          [
            8.329868,
            44.222241
          ],
          [
            8.329274,
            44.222029
          ],
          [
            8.32883,
            44.221853
          ],
          [
            8.328382,
            44.22164
          ],
          [
            8.327979,
            44.221428
          ],
          [
            8.327577,
            44.221187
          ],
          [
            8.327185,
            44.220917
          ],
          [
            8.326926,
            44.220723
          ],
          [
            8.326494,
            44.220347
          ],
          [
            8.326216,
            44.220076
          ],
          [
            8.326014,
            44.219847
          ],
          [
            8.325676,
            44.219396
          ],
          [
            8.323347,
            44.215961
          ],
          [
            8.32199,
            44.21392
          ],
          [
            8.321457,
            44.213124
          ],
          [
            8.321168,
            44.212725
          ],
          [
            8.320642,
            44.212093
          ],
          [
            8.32009,
            44.21152
          ],
          [
            8.319261,
            44.210768
          ],
          [
            8.319008,
            44.21056
          ],
          [
            8.318512,
            44.210175
          ],
          [
            8.317179,
            44.209221
          ],
          [
            8.314762,
            44.207561
          ],
          [
            8.314142,
            44.207109
          ],
          [
            8.308094,
            44.203195
          ],
          [
            8.307222,
            44.202497
          ],
          [
            8.306628,
            44.201985
          ],
          [
            8.306297,
            44.201627
          ],
          [
            8.30573,
            44.200906
          ],
          [
            8.305385,
            44.200332
          ],
          [
            8.305084,
            44.199651
          ],
          [
            8.304888,
            44.198644
          ],
          [
            8.304884,
            44.198119
          ],
          [
            8.304909,
            44.197674
          ],
          [
            8.304995,
            44.197133
          ],
          [
            8.306051,
            44.19233
          ],
          [
            8.306151,
            44.191643
          ],
          [
            8.306188,
            44.191113
          ],
          [
            8.306144,
            44.190225
          ],
          [
            8.306045,
            44.189573
          ],
          [
            8.305979,
            44.18928
          ],
          [
            8.305804,
            44.188716
          ],
          [
            8.305673,
            44.188392
          ],
          [
            8.305443,
            44.187852
          ],
          [
            8.305142,
            44.187276
          ],
          [
            8.304809,
            44.186723
          ],
          [
            8.304582,
            44.186388
          ],
          [
            8.304188,
            44.185846
          ],
          [
            8.303886,
            44.185483
          ],
          [
            8.303582,
            44.185151
          ],
          [
            8.303189,
            44.184769
          ],
          [
            8.30275,
            44.184381
          ],
          [
            8.300783,
            44.182739
          ],
          [
            8.300061,
            44.182083
          ],
          [
            8.296543,
            44.17852
          ],
          [
            8.296239,
            44.178183
          ],
          [
            8.295794,
            44.177583
          ],
          [
            8.294781,
            44.176048
          ],
          [
            8.294084,
            44.175037
          ],
          [
            8.293676,
            44.174524
          ],
          [
            8.293063,
            44.173875
          ],
          [
            8.292514,
            44.173412
          ],
          [
            8.291755,
            44.172887
          ],
          [
            8.29065,
            44.172267
          ],
          [
            8.290169,
            44.172052
          ],
          [
            8.289558,
            44.17181
          ],
          [
            8.288932,
            44.171593
          ],
          [
            8.288232,
            44.17141
          ],
          [
            8.284931,
            44.170679
          ],
          [
            8.283482,
            44.17035
          ],
          [
            8.28219,
            44.170037
          ],
          [
            8.28117,
            44.169704
          ],
          [
            8.280617,
            44.169474
          ],
          [
            8.280087,
            44.169228
          ],
          [
            8.279672,
            44.169005
          ],
          [
            8.279207,
            44.168722
          ],
          [
            8.278399,
            44.168114
          ],
          [
            8.277974,
            44.167759
          ],
          [
            8.277656,
            44.167457
          ],
          [
            8.277332,
            44.167104
          ],
          [
            8.277174,
            44.166915
          ],
          [
            8.276806,
            44.166408
          ],
          [
            8.276362,
            44.165669
          ],
          [
            8.27579,
            44.164489
          ],
          [
            8.275082,
            44.162999
          ],
          [
            8.273976,
            44.160731
          ],
          [
            8.273781,
            44.160358
          ],
          [
            8.27355,
            44.159989
          ],
          [
            8.27299,
            44.159192
          ],
          [
            8.272402,
            44.158504
          ],
          [
            8.271999,
            44.158093
          ],
          [
            8.27164,
            44.157759
          ],
          [
            8.271249,
            44.157429
          ],
          [
            8.270154,
            44.156602
          ],
          [
            8.269642,
            44.15627
          ],
          [
            8.269021,
            44.155911
          ],
          [
            8.268332,
            44.155554
          ],
          [
            8.267663,
            44.155235
          ],
          [
            8.266816,
            44.154835
          ],
          [
            8.264925,
            44.15396
          ],
          [
            8.263996,
            44.153532
          ],
          [
            8.26209,
            44.152645
          ],
          [
            8.260545,
            44.151887
          ],
          [
            8.258161,
            44.150661
          ],
          [
            8.254554,
            44.148554
          ],
          [
            8.251713,
            44.146774
          ],
          [
            8.250792,
            44.146142
          ],
          [
            8.250191,
            44.145708
          ],
          [
            8.249197,
            44.144949
          ],
          [
            8.248397,
            44.144286
          ],
          [
            8.24783,
            44.143768
          ],
          [
            8.246303,
            44.142238
          ],
          [
            8.244844,
            44.140532
          ],
          [
            8.243579,
            44.139086
          ],
          [
            8.242764,
            44.138225
          ],
          [
            8.241595,
            44.136959
          ],
          [
            8.239473,
            44.1347
          ],
          [
            8.2389,
            44.134127
          ],
          [
            8.238537,
            44.133793
          ],
          [
            8.238051,
            44.133402
          ],
          [
            8.237363,
            44.132922
          ],
          [
            8.236498,
            44.132428
          ],
          [
            8.236227,
            44.132283
          ],
          [
            8.235551,
            44.131963
          ],
          [
            8.235106,
            44.131778
          ],
          [
            8.232569,
            44.130826
          ],
          [
            8.231564,
            44.130435
          ],
          [
            8.230921,
            44.130147
          ],
          [
            8.23057,
            44.12997
          ],
          [
            8.229575,
            44.129407
          ],
          [
            8.228854,
            44.128939
          ],
          [
            8.228153,
            44.128391
          ],
          [
            8.227834,
            44.128101
          ],
          [
            8.2273,
            44.127538
          ],
          [
            8.227052,
            44.127266
          ],
          [
            8.226609,
            44.126721
          ],
          [
            8.226256,
            44.126234
          ],
          [
            8.225891,
            44.125628
          ],
          [
            8.225725,
            44.125302
          ],
          [
            8.225355,
            44.124406
          ],
          [
            8.225048,
            44.123236
          ],
          [
            8.224945,
            44.122506
          ],
          [
            8.224931,
            44.121898
          ],
          [
            8.224965,
            44.121295
          ],
          [
            8.225045,
            44.120698
          ],
          [
            8.225089,
            44.120458
          ],
          [
            8.225216,
            44.11998
          ],
          [
            8.225464,
            44.119303
          ],
          [
            8.22571,
            44.118751
          ],
          [
            8.225902,
            44.118384
          ],
          [
            8.226208,
            44.117899
          ],
          [
            8.22807,
            44.115287
          ],
          [
            8.230148,
            44.112314
          ],
          [
            8.23062,
            44.111627
          ],
          [
            8.230849,
            44.111241
          ],
          [
            8.231111,
            44.110753
          ],
          [
            8.231331,
            44.11023
          ],
          [
            8.231488,
            44.109742
          ],
          [
            8.23158,
            44.10935
          ],
          [
            8.231638,
            44.108701
          ],
          [
            8.231604,
            44.107901
          ],
          [
            8.231538,
            44.107391
          ],
          [
            8.231417,
            44.106793
          ],
          [
            8.231205,
            44.106132
          ],
          [
            8.230868,
            44.105345
          ],
          [
            8.230394,
            44.104527
          ],
          [
            8.230142,
            44.104144
          ],
          [
            8.229528,
            44.10341
          ],
          [
            8.229181,
            44.103036
          ],
          [
            8.228677,
            44.10261
          ],
          [
            8.228092,
            44.102177
          ],
          [
            8.227436,
            44.101762
          ],
          [
            8.226829,
            44.101426
          ],
          [
            8.226246,
            44.101149
          ],
          [
            8.225725,
            44.100927
          ],
          [
            8.224198,
            44.10035
          ],
          [
            8.223568,
            44.100082
          ],
          [
            8.223017,
            44.099847
          ],
          [
            8.222541,
            44.099619
          ],
          [
            8.221586,
            44.099124
          ],
          [
            8.220454,
            44.09843
          ],
          [
            8.219737,
            44.097925
          ],
          [
            8.217493,
            44.09632
          ],
          [
            8.211947,
            44.092353
          ],
          [
            8.211126,
            44.091765
          ],
          [
            8.208038,
            44.089559
          ],
          [
            8.204801,
            44.087242
          ],
          [
            8.202175,
            44.085389
          ],
          [
            8.192077,
            44.078508
          ],
          [
            8.189224,
            44.076547
          ],
          [
            8.187436,
            44.075271
          ],
          [
            8.179733,
            44.069611
          ],
          [
            8.175221,
            44.066306
          ],
          [
            8.174971,
            44.066119
          ],
          [
            8.17467,
            44.065878
          ],
          [
            8.174313,
            44.065595
          ],
          [
            8.173655,
            44.065027
          ],
          [
            8.173001,
            44.064425
          ],
          [
            8.172592,
            44.064
          ],
          [
            8.171992,
            44.063321
          ],
          [
            8.171452,
            44.06266
          ],
          [
            8.169608,
            44.060375
          ],
          [
            8.169077,
            44.059725
          ],
          [
            8.168651,
            44.059223
          ],
          [
            8.168145,
            44.058678
          ],
          [
            8.167203,
            44.057779
          ],
          [
            8.166669,
            44.057292
          ],
          [
            8.165627,
            44.056472
          ],
          [
            8.164671,
            44.055811
          ],
          [
            8.16402,
            44.055403
          ],
          [
            8.163064,
            44.054861
          ],
          [
            8.162679,
            44.054662
          ],
          [
            8.161461,
            44.054082
          ],
          [
            8.160562,
            44.053707
          ],
          [
            8.160153,
            44.053545
          ],
          [
            8.157128,
            44.052438
          ],
          [
            8.1566,
            44.05223
          ],
          [
            8.155179,
            44.051627
          ],
          [
            8.154566,
            44.051342
          ],
          [
            8.15392,
            44.051032
          ],
          [
            8.152978,
            44.050549
          ],
          [
            8.15192,
            44.049961
          ],
          [
            8.150985,
            44.0494
          ],
          [
            8.150068,
            44.048805
          ],
          [
            8.14937,
            44.048328
          ],
          [
            8.14687,
            44.046616
          ],
          [
            8.144296,
            44.04485
          ],
          [
            8.143483,
            44.044353
          ],
          [
            8.14303,
            44.044101
          ],
          [
            8.14243,
            44.043796
          ],
          [
            8.136971,
            44.041238
          ],
          [
            8.136385,
            44.040949
          ],
          [
            8.135694,
            44.040539
          ],
          [
            8.135449,
            44.040365
          ],
          [
            8.135176,
            44.040157
          ],
          [
            8.134721,
            44.039749
          ],
          [
            8.134473,
            44.039493
          ],
          [
            8.134259,
            44.039227
          ],
          [
            8.13408,
            44.038999
          ],
          [
            8.13391,
            44.038738
          ],
          [
            8.133618,
            44.038174
          ],
          [
            8.133396,
            44.037525
          ],
          [
            8.133326,
            44.037216
          ],
          [
            8.133259,
            44.036588
          ],
          [
            8.133284,
            44.03608
          ],
          [
            8.133325,
            44.035758
          ],
          [
            8.133651,
            44.034007
          ],
          [
            8.133691,
            44.033693
          ],
          [
            8.133728,
            44.0331
          ],
          [
            8.133733,
            44.032724
          ],
          [
            8.133695,
            44.032348
          ],
          [
            8.133625,
            44.031951
          ],
          [
            8.133497,
            44.031557
          ],
          [
            8.133333,
            44.031081
          ],
          [
            8.133098,
            44.030609
          ],
          [
            8.131594,
            44.027735
          ],
          [
            8.131228,
            44.026876
          ],
          [
            8.131108,
            44.026527
          ],
          [
            8.130992,
            44.026081
          ],
          [
            8.130924,
            44.025682
          ],
          [
            8.130874,
            44.025198
          ],
          [
            8.130864,
            44.024266
          ],
          [
            8.130949,
            44.023586
          ],
          [
            8.131232,
            44.022226
          ],
          [
            8.131433,
            44.021289
          ],
          [
            8.131505,
            44.020897
          ],
          [
            8.131603,
            44.019995
          ],
          [
            8.131683,
            44.018493
          ],
          [
            8.131684,
            44.018188
          ],
          [
            8.131077,
            44.003783
          ],
          [
            8.131069,
            44.002887
          ],
          [
            8.131093,
            44.002483
          ],
          [
            8.131163,
            44.001921
          ],
          [
            8.131299,
            44.001301
          ],
          [
            8.131495,
            44.000738
          ],
          [
            8.131651,
            44.000343
          ],
          [
            8.131887,
            43.999835
          ],
          [
            8.13215,
            43.999352
          ],
          [
            8.132447,
            43.998935
          ],
          [
            8.132831,
            43.998474
          ],
          [
            8.133858,
            43.997384
          ],
          [
            8.13479,
            43.996493
          ],
          [
            8.135114,
            43.996153
          ],
          [
            8.135345,
            43.995881
          ],
          [
            8.135574,
            43.995597
          ],
          [
            8.135987,
            43.994997
          ],
          [
            8.136361,
            43.994333
          ],
          [
            8.136517,
            43.993985
          ],
          [
            8.136772,
            43.993278
          ],
          [
            8.136874,
            43.992916
          ],
          [
            8.136942,
            43.992557
          ],
          [
            8.136994,
            43.992189
          ],
          [
            8.137031,
            43.991447
          ],
          [
            8.137019,
            43.991089
          ],
          [
            8.136941,
            43.990344
          ],
          [
            8.136679,
            43.988371
          ],
          [
            8.13631,
            43.985531
          ],
          [
            8.136276,
            43.98499
          ],
          [
            8.136285,
            43.984717
          ],
          [
            8.136329,
            43.984346
          ],
          [
            8.13639,
            43.984036
          ],
          [
            8.136496,
            43.983644
          ],
          [
            8.136671,
            43.983212
          ],
          [
            8.136901,
            43.982771
          ],
          [
            8.137179,
            43.982375
          ],
          [
            8.137964,
            43.9814
          ],
          [
            8.138218,
            43.981087
          ],
          [
            8.138631,
            43.980574
          ],
          [
            8.138795,
            43.980343
          ],
          [
            8.139148,
            43.979775
          ],
          [
            8.139448,
            43.97924
          ],
          [
            8.139676,
            43.978787
          ],
          [
            8.140256,
            43.97737
          ],
          [
            8.141034,
            43.975321
          ],
          [
            8.141414,
            43.974528
          ],
          [
            8.141731,
            43.973966
          ],
          [
            8.142573,
            43.972721
          ],
          [
            8.142755,
            43.972461
          ],
          [
            8.143193,
            43.971818
          ],
          [
            8.143397,
            43.971467
          ],
          [
            8.143577,
            43.971098
          ],
          [
            8.143804,
            43.97046
          ],
          [
            8.143911,
            43.970003
          ],
          [
            8.143976,
            43.969537
          ],
          [
            8.143988,
            43.969265
          ],
          [
            8.143971,
            43.968791
          ],
          [
            8.143891,
            43.968262
          ],
          [
            8.143769,
            43.967805
          ],
          [
            8.143607,
            43.967365
          ],
          [
            8.143409,
            43.966956
          ],
          [
            8.143131,
            43.966496
          ],
          [
            8.142903,
            43.966171
          ],
          [
            8.142543,
            43.965743
          ],
          [
            8.142339,
            43.965536
          ],
          [
            8.142087,
            43.965302
          ],
          [
            8.141523,
            43.964851
          ],
          [
            8.141246,
            43.964656
          ],
          [
            8.139177,
            43.963324
          ],
          [
            8.137454,
            43.962239
          ],
          [
            8.136776,
            43.961786
          ],
          [
            8.136476,
            43.961555
          ],
          [
            8.136068,
            43.961185
          ],
          [
            8.135665,
            43.960743
          ],
          [
            8.13549,
            43.960515
          ],
          [
            8.135254,
            43.960173
          ],
          [
            8.13502,
            43.959766
          ],
          [
            8.134922,
            43.959557
          ],
          [
            8.13473,
            43.959033
          ],
          [
            8.134632,
            43.958591
          ],
          [
            8.134576,
            43.958038
          ],
          [
            8.134577,
            43.957719
          ],
          [
            8.134642,
            43.956885
          ],
          [
            8.134762,
            43.955894
          ],
          [
            8.134777,
            43.95532
          ],
          [
            8.134728,
            43.954712
          ],
          [
            8.13458,
            43.954045
          ],
          [
            8.134414,
            43.9536
          ],
          [
            8.134155,
            43.953063
          ],
          [
            8.133997,
            43.952794
          ],
          [
            8.133672,
            43.952328
          ],
          [
            8.133487,
            43.952104
          ],
          [
            8.133078,
            43.951666
          ],
          [
            8.132706,
            43.951328
          ],
          [
            8.132336,
            43.951041
          ],
          [
            8.131951,
            43.950779
          ],
          [
            8.130803,
            43.950155
          ],
          [
            8.130136,
            43.949825
          ],
          [
            8.129261,
            43.949448
          ],
          [
            8.126258,
            43.948354
          ],
          [
            8.114188,
            43.943837
          ],
          [
            8.113397,
            43.943527
          ],
          [
            8.112818,
            43.943268
          ],
          [
            8.112352,
            43.943028
          ],
          [
            8.111519,
            43.942528
          ],
          [
            8.110919,
            43.942103
          ],
          [
            8.110515,
            43.941777
          ],
          [
            8.110105,
            43.941405
          ],
          [
            8.109519,
            43.94079
          ],
          [
            8.109162,
            43.94034
          ],
          [
            8.10889,
            43.939938
          ],
          [
            8.108649,
            43.93954
          ],
          [
            8.108017,
            43.938456
          ],
          [
            8.107274,
            43.937194
          ],
          [
            8.107011,
            43.936821
          ],
          [
            8.106636,
            43.936363
          ],
          [
            8.106334,
            43.936041
          ],
          [
            8.105632,
            43.935387
          ],
          [
            8.1023,
            43.932642
          ],
          [
            8.101322,
            43.93183
          ],
          [
            8.100204,
            43.930929
          ],
          [
            8.099671,
            43.930462
          ],
          [
            8.098866,
            43.929672
          ],
          [
            8.098332,
            43.929112
          ],
          [
            8.09755,
            43.928277
          ],
          [
            8.095677,
            43.926265
          ],
          [
            8.095151,
            43.925703
          ],
          [
            8.094559,
            43.925107
          ],
          [
            8.094292,
            43.924861
          ],
          [
            8.093861,
            43.924504
          ],
          [
            8.093268,
            43.924093
          ],
          [
            8.092604,
            43.92375
          ],
          [
            8.091874,
            43.923447
          ],
          [
            8.091486,
            43.923315
          ],
          [
            8.091027,
            43.923184
          ],
          [
            8.090696,
            43.923109
          ],
          [
            8.090202,
            43.923011
          ],
          [
            8.089746,
            43.922945
          ],
          [
            8.089345,
            43.922906
          ],
          [
            8.088906,
            43.922877
          ],
          [
            8.087575,
            43.922831
          ],
          [
            8.086193,
            43.922799
          ],
          [
            8.084973,
            43.9228
          ],
          [
            8.083976,
            43.922765
          ],
          [
            8.078972,
            43.9226
          ],
          [
            8.077181,
            43.922538
          ],
          [
            8.076213,
            43.922479
          ],
          [
            8.075397,
            43.922366
          ],
          [
            8.074564,
            43.922183
          ],
          [
            8.074149,
            43.922062
          ],
          [
            8.073724,
            43.921914
          ],
          [
            8.073177,
            43.921686
          ],
          [
            8.072821,
            43.921514
          ],
          [
            8.072537,
            43.921352
          ],
          [
            8.0721,
            43.921075
          ],
          [
            8.071571,
            43.920677
          ],
          [
            8.070994,
            43.920184
          ],
          [
            8.070521,
            43.919668
          ],
          [
            8.070269,
            43.919327
          ],
          [
            8.069978,
            43.918747
          ],
          [
            8.069852,
            43.918349
          ],
          [
            8.069663,
            43.917572
          ],
          [
            8.069447,
            43.916616
          ],
          [
            8.068881,
            43.914164
          ],
          [
            8.068527,
            43.912604
          ],
          [
            8.068213,
            43.911177
          ],
          [
            8.06813,
            43.910875
          ],
          [
            8.067974,
            43.910454
          ],
          [
            8.067557,
            43.909577
          ],
          [
            8.067285,
            43.909138
          ],
          [
            8.066997,
            43.908722
          ],
          [
            8.066659,
            43.908275
          ],
          [
            8.066328,
            43.907903
          ],
          [
            8.065658,
            43.907231
          ],
          [
            8.065375,
            43.906985
          ],
          [
            8.064821,
            43.906554
          ],
          [
            8.064453,
            43.906298
          ],
          [
            8.063757,
            43.905869
          ],
          [
            8.060658,
            43.904184
          ],
          [
            8.053729,
            43.900436
          ],
          [
            8.053049,
            43.900108
          ],
          [
            8.052552,
            43.899872
          ],
          [
            8.052031,
            43.899658
          ],
          [
            8.051363,
            43.899448
          ],
          [
            8.050723,
            43.89929
          ],
          [
            8.050195,
            43.899189
          ],
          [
            8.049585,
            43.899137
          ],
          [
            8.048863,
            43.899126
          ],
          [
            8.048424,
            43.89915
          ],
          [
            8.047788,
            43.899233
          ],
          [
            8.047277,
            43.899341
          ],
          [
            8.04684,
            43.899456
          ],
          [
            8.045958,
            43.899761
          ],
          [
            8.044955,
            43.900271
          ],
          [
            8.044466,
            43.900576
          ],
          [
            8.044173,
            43.900807
          ],
          [
            8.043635,
            43.901304
          ],
          [
            8.043296,
            43.901668
          ],
          [
            8.042534,
            43.902483
          ],
          [
            8.041608,
            43.903498
          ],
          [
            8.04139,
            43.903719
          ],
          [
            8.040784,
            43.904334
          ],
          [
            8.040034,
            43.905005
          ],
          [
            8.039544,
            43.905383
          ],
          [
            8.039103,
            43.905677
          ],
          [
            8.038465,
            43.906034
          ],
          [
            8.038111,
            43.906203
          ],
          [
            8.037729,
            43.906358
          ],
          [
            8.03739,
            43.906487
          ],
          [
            8.037084,
            43.906581
          ],
          [
            8.036435,
            43.906748
          ],
          [
            8.036063,
            43.906823
          ],
          [
            8.035192,
            43.906953
          ],
          [
            8.034718,
            43.906998
          ],
          [
            8.034198,
            43.907019
          ],
          [
            8.033613,
            43.907005
          ],
          [
            8.033062,
            43.906952
          ],
          [
            8.032633,
            43.90689
          ],
          [
            8.031883,
            43.906746
          ],
          [
            8.031518,
            43.906654
          ],
          [
            8.030822,
            43.906431
          ],
          [
            8.030093,
            43.906133
          ],
          [
            8.029488,
            43.905815
          ],
          [
            8.02914,
            43.905607
          ],
          [
            8.028528,
            43.905155
          ],
          [
            8.028204,
            43.904869
          ],
          [
            8.027921,
            43.904581
          ],
          [
            8.027484,
            43.904072
          ],
          [
            8.027237,
            43.903713
          ],
          [
            8.027043,
            43.903388
          ],
          [
            8.026767,
            43.902719
          ],
          [
            8.026678,
            43.902373
          ],
          [
            8.02661,
            43.901767
          ],
          [
            8.026599,
            43.90142
          ],
          [
            8.026614,
            43.901091
          ],
          [
            8.026726,
            43.900408
          ],
          [
            8.026993,
            43.899487
          ],
          [
            8.027654,
            43.897357
          ],
          [
            8.027883,
            43.896497
          ],
          [
            8.028019,
            43.895884
          ],
          [
            8.028075,
            43.895602
          ],
          [
            8.028161,
            43.895154
          ],
          [
            8.028219,
            43.894685
          ],
          [
            8.02823,
            43.894312
          ],
          [
            8.0282,
            43.89378
          ],
          [
            8.028142,
            43.893474
          ],
          [
            8.028039,
            43.89312
          ],
          [
            8.027898,
            43.892767
          ],
          [
            8.027761,
            43.892488
          ],
          [
            8.027465,
            43.892056
          ],
          [
            8.027299,
            43.891857
          ],
          [
            8.026956,
            43.891502
          ],
          [
            8.026639,
            43.891225
          ],
          [
            8.026355,
            43.89103
          ],
          [
            8.025724,
            43.890646
          ],
          [
            8.025376,
            43.890472
          ],
          [
            8.024995,
            43.890311
          ],
          [
            8.024394,
            43.890111
          ],
          [
            8.02354,
            43.889902
          ],
          [
            8.020109,
            43.889244
          ],
          [
            8.017865,
            43.888865
          ],
          [
            8.01678,
            43.88863
          ],
          [
            8.015725,
            43.888355
          ],
          [
            8.015129,
            43.888178
          ],
          [
            8.01438,
            43.887938
          ],
          [
            8.013575,
            43.887659
          ],
          [
            8.012979,
            43.887438
          ],
          [
            8.012263,
            43.887138
          ],
          [
            8.011836,
            43.886954
          ],
          [
            8.010982,
            43.886549
          ],
          [
            8.010168,
            43.886118
          ],
          [
            8.009208,
            43.885566
          ],
          [
            8.006485,
            43.883899
          ],
          [
            8.004811,
            43.882795
          ],
          [
            8.003038,
            43.881691
          ],
          [
            7.999045,
            43.879273
          ],
          [
            7.997709,
            43.878411
          ],
          [
            7.997041,
            43.87792
          ],
          [
            7.996586,
            43.877536
          ],
          [
            7.996329,
            43.877288
          ],
          [
            7.996153,
            43.877129
          ],
          [
            7.995641,
            43.876584
          ],
          [
            7.993943,
            43.874572
          ],
          [
            7.992071,
            43.872315
          ],
          [
            7.991554,
            43.871714
          ],
          [
            7.991286,
            43.871424
          ],
          [
            7.9907,
            43.870857
          ],
          [
            7.990221,
            43.870449
          ],
          [
            7.989643,
            43.870006
          ],
          [
            7.988835,
            43.869475
          ],
          [
            7.98849,
            43.869279
          ],
          [
            7.987558,
            43.86882
          ],
          [
            7.986911,
            43.86856
          ],
          [
            7.984224,
            43.867575
          ],
          [
            7.981791,
            43.866713
          ],
          [
            7.977061,
            43.864995
          ],
          [
            7.976173,
            43.864637
          ],
          [
            7.975033,
            43.864197
          ],
          [
            7.974563,
            43.864047
          ],
          [
            7.973547,
            43.863772
          ],
          [
            7.973008,
            43.863655
          ],
          [
            7.972556,
            43.863579
          ],
          [
            7.971448,
            43.863429
          ],
          [
            7.970493,
            43.863366
          ],
          [
            7.969998,
            43.86335
          ],
          [
            7.964813,
            43.863286
          ],
          [
            7.961699,
            43.863247
          ],
          [
            7.959996,
            43.863177
          ],
          [
            7.958542,
            43.863084
          ],
          [
            7.957484,
            43.863003
          ],
          [
            7.957036,
            43.862947
          ],
          [
            7.956632,
            43.862888
          ],
          [
            7.955848,
            43.862747
          ],
          [
            7.954971,
            43.862538
          ],
          [
            7.954498,
            43.862406
          ],
          [
            7.953735,
            43.86215
          ],
          [
            7.952913,
            43.861826
          ],
          [
            7.952476,
            43.861625
          ],
          [
            7.952161,
            43.861472
          ],
          [
            7.951365,
            43.86104
          ],
          [
            7.950445,
            43.860436
          ],
          [
            7.949752,
            43.859887
          ],
          [
            7.949041,
            43.859199
          ],
          [
            7.948644,
            43.858763
          ],
          [
            7.948419,
            43.858486
          ],
          [
            7.946584,
            43.855966
          ],
          [
            7.945649,
            43.854625
          ],
          [
            7.945154,
            43.854065
          ],
          [
            7.944754,
            43.85371
          ],
          [
            7.944357,
            43.853399
          ],
          [
            7.943913,
            43.853106
          ],
          [
            7.943415,
            43.852819
          ],
          [
            7.943126,
            43.852669
          ],
          [
            7.942378,
            43.852346
          ],
          [
            7.942077,
            43.852239
          ],
          [
            7.93918,
            43.851318
          ],
          [
            7.935798,
            43.850263
          ],
          [
            7.934817,
            43.850033
          ],
          [
            7.934025,
            43.849897
          ],
          [
            7.93282,
            43.84971
          ],
          [
            7.932197,
            43.849631
          ],
          [
            7.931663,
            43.849577
          ],
          [
            7.930652,
            43.84952
          ],
          [
            7.929608,
            43.849497
          ],
          [
            7.928946,
            43.849506
          ],
          [
            7.922473,
            43.849709
          ],
          [
            7.921507,
            43.849754
          ],
          [
            7.920608,
            43.849818
          ],
          [
            7.919294,
            43.849964
          ],
          [
            7.918757,
            43.85004
          ],
          [
            7.916654,
            43.850377
          ],
          [
            7.913513,
            43.850885
          ],
          [
            7.911782,
            43.851162
          ],
          [
            7.908427,
            43.8517
          ],
          [
            7.907057,
            43.851929
          ],
          [
            7.906245,
            43.852094
          ],
          [
            7.905699,
            43.852223
          ],
          [
            7.904552,
            43.852536
          ],
          [
            7.903239,
            43.852966
          ],
          [
            7.902361,
            43.853293
          ],
          [
            7.898935,
            43.854679
          ],
          [
            7.896902,
            43.855485
          ],
          [
            7.895963,
            43.855817
          ],
          [
            7.894906,
            43.856138
          ],
          [
            7.893392,
            43.856517
          ],
          [
            7.885395,
            43.858349
          ],
          [
            7.881952,
            43.859109
          ],
          [
            7.880531,
            43.859419
          ],
          [
            7.879456,
            43.859602
          ],
          [
            7.878938,
            43.859671
          ],
          [
            7.877944,
            43.859788
          ],
          [
            7.875505,
            43.859989
          ],
          [
            7.87192,
            43.860276
          ],
          [
            7.870554,
            43.860393
          ],
          [
            7.870193,
            43.860442
          ],
          [
            7.869811,
            43.860517
          ],
          [
            7.86937,
            43.860634
          ],
          [
            7.868894,
            43.860783
          ],
          [
            7.868094,
            43.861091
          ],
          [
            7.867473,
            43.861362
          ],
          [
            7.867073,
            43.861563
          ],
          [
            7.866665,
            43.861789
          ],
          [
            7.866318,
            43.862003
          ],
          [
            7.865843,
            43.862331
          ],
          [
            7.865583,
            43.862531
          ],
          [
            7.865353,
            43.862726
          ],
          [
            7.865036,
            43.86303
          ],
          [
            7.864503,
            43.863618
          ],
          [
            7.864086,
            43.864176
          ],
          [
            7.862786,
            43.866114
          ],
          [
            7.861606,
            43.867899
          ],
          [
            7.861236,
            43.868415
          ],
          [
            7.860897,
            43.868806
          ],
          [
            7.860374,
            43.869273
          ],
          [
            7.860152,
            43.869435
          ],
          [
            7.859599,
            43.869768
          ],
          [
            7.859056,
            43.87002
          ],
          [
            7.85873,
            43.870144
          ],
          [
            7.858035,
            43.870346
          ],
          [
            7.857683,
            43.870421
          ],
          [
            7.857005,
            43.870516
          ],
          [
            7.856572,
            43.870545
          ],
          [
            7.856162,
            43.870548
          ],
          [
            7.855456,
            43.870507
          ],
          [
            7.854787,
            43.870403
          ],
          [
            7.854479,
            43.870331
          ],
          [
            7.853952,
            43.870181
          ],
          [
            7.853494,
            43.870016
          ],
          [
            7.853237,
            43.869903
          ],
          [
            7.852792,
            43.869675
          ],
          [
            7.852527,
            43.869514
          ],
          [
            7.852018,
            43.869138
          ],
          [
            7.851576,
            43.868726
          ],
          [
            7.850514,
            43.867602
          ],
          [
            7.849281,
            43.866293
          ],
          [
            7.848762,
            43.865706
          ],
          [
            7.848388,
            43.865241
          ],
          [
            7.8473,
            43.863785
          ],
          [
            7.846579,
            43.862844
          ],
          [
            7.846039,
            43.862198
          ],
          [
            7.844977,
            43.860958
          ],
          [
            7.844381,
            43.860342
          ],
          [
            7.84411,
            43.860037
          ],
          [
            7.842742,
            43.858417
          ],
          [
            7.842405,
            43.858011
          ],
          [
            7.841816,
            43.857221
          ],
          [
            7.841041,
            43.85629
          ],
          [
            7.840534,
            43.855665
          ],
          [
            7.840301,
            43.855353
          ],
          [
            7.840103,
            43.855017
          ],
          [
            7.839928,
            43.854663
          ],
          [
            7.839792,
            43.854316
          ],
          [
            7.83965,
            43.853877
          ],
          [
            7.839584,
            43.853555
          ],
          [
            7.839219,
            43.851078
          ],
          [
            7.839096,
            43.850559
          ],
          [
            7.839045,
            43.850346
          ],
          [
            7.838866,
            43.849805
          ],
          [
            7.838587,
            43.849177
          ],
          [
            7.838289,
            43.84867
          ],
          [
            7.837868,
            43.84809
          ],
          [
            7.837664,
            43.847849
          ],
          [
            7.837334,
            43.847503
          ],
          [
            7.836557,
            43.846807
          ],
          [
            7.836051,
            43.846453
          ],
          [
            7.83566,
            43.846212
          ],
          [
            7.8345,
            43.845632
          ],
          [
            7.833777,
            43.845347
          ],
          [
            7.833165,
            43.845144
          ],
          [
            7.832453,
            43.844966
          ],
          [
            7.831816,
            43.844843
          ],
          [
            7.831316,
            43.844763
          ],
          [
            7.830797,
            43.8447
          ],
          [
            7.83012,
            43.844652
          ],
          [
            7.829454,
            43.844626
          ],
          [
            7.828803,
            43.844621
          ],
          [
            7.82306,
            43.844676
          ],
          [
            7.822012,
            43.844652
          ],
          [
            7.821009,
            43.844567
          ],
          [
            7.820513,
            43.844502
          ],
          [
            7.819529,
            43.844327
          ],
          [
            7.818574,
            43.84409
          ],
          [
            7.817611,
            43.843783
          ],
          [
            7.816761,
            43.843446
          ],
          [
            7.816014,
            43.843097
          ],
          [
            7.815579,
            43.842859
          ],
          [
            7.814741,
            43.842345
          ],
          [
            7.814354,
            43.842065
          ],
          [
            7.81363,
            43.841477
          ],
          [
            7.812257,
            43.840258
          ],
          [
            7.811286,
            43.839445
          ],
          [
            7.810174,
            43.838568
          ],
          [
            7.809268,
            43.838018
          ],
          [
            7.808088,
            43.837489
          ],
          [
            7.807126,
            43.837134
          ],
          [
            7.805956,
            43.83681
          ],
          [
            7.803602,
            43.836198
          ],
          [
            7.798912,
            43.834973
          ],
          [
            7.797063,
            43.83443
          ],
          [
            7.792831,
            43.833321
          ],
          [
            7.791221,
            43.832909
          ],
          [
            7.790798,
            43.832809
          ],
          [
            7.790047,
            43.832663
          ],
          [
            7.789491,
            43.832581
          ],
          [
            7.788644,
            43.832489
          ],
          [
            7.788186,
            43.832458
          ],
          [
            7.787543,
            43.832437
          ],
          [
            7.786802,
            43.832446
          ],
          [
            7.785964,
            43.8325
          ],
          [
            7.785201,
            43.832585
          ],
          [
            7.781972,
            43.833087
          ],
          [
            7.779985,
            43.833397
          ],
          [
            7.775054,
            43.834146
          ],
          [
            7.772117,
            43.834596
          ],
          [
            7.76975,
            43.834963
          ],
          [
            7.768125,
            43.835224
          ],
          [
            7.767278,
            43.835387
          ],
          [
            7.766517,
            43.835558
          ],
          [
            7.764954,
            43.83596
          ],
          [
            7.764129,
            43.836207
          ],
          [
            7.762719,
            43.836677
          ],
          [
            7.761613,
            43.837097
          ],
          [
            7.760712,
            43.837464
          ],
          [
            7.75611,
            43.839413
          ],
          [
            7.755461,
            43.839668
          ],
          [
            7.754828,
            43.839872
          ],
          [
            7.754034,
            43.840061
          ],
          [
            7.753605,
            43.840135
          ],
          [
            7.753194,
            43.84019
          ],
          [
            7.752777,
            43.840221
          ],
          [
            7.752101,
            43.840229
          ],
          [
            7.751612,
            43.840209
          ],
          [
            7.751056,
            43.840152
          ],
          [
            7.750596,
            43.84009
          ],
          [
            7.750115,
            43.839992
          ],
          [
            7.749633,
            43.83986
          ],
          [
            7.749071,
            43.839671
          ],
          [
            7.748443,
            43.839425
          ],
          [
            7.747985,
            43.839201
          ],
          [
            7.747683,
            43.839026
          ],
          [
            7.747074,
            43.838604
          ],
          [
            7.746783,
            43.838357
          ],
          [
            7.746468,
            43.838052
          ],
          [
            7.746032,
            43.837577
          ],
          [
            7.74581,
            43.837311
          ],
          [
            7.745631,
            43.837064
          ],
          [
            7.745464,
            43.836787
          ],
          [
            7.745297,
            43.836472
          ],
          [
            7.745173,
            43.83616
          ],
          [
            7.74508,
            43.83587
          ],
          [
            7.745002,
            43.835527
          ],
          [
            7.744954,
            43.835153
          ],
          [
            7.744942,
            43.834799
          ],
          [
            7.744965,
            43.834483
          ],
          [
            7.745049,
            43.833931
          ],
          [
            7.745168,
            43.833284
          ],
          [
            7.745262,
            43.832461
          ],
          [
            7.745356,
            43.831857
          ],
          [
            7.745617,
            43.830161
          ],
          [
            7.745654,
            43.829716
          ],
          [
            7.745652,
            43.829395
          ],
          [
            7.74562,
            43.829031
          ],
          [
            7.745532,
            43.828569
          ],
          [
            7.745327,
            43.827893
          ],
          [
            7.745181,
            43.82753
          ],
          [
            7.745012,
            43.827188
          ],
          [
            7.744812,
            43.826851
          ],
          [
            7.744359,
            43.82626
          ],
          [
            7.744071,
            43.82595
          ],
          [
            7.743555,
            43.825489
          ],
          [
            7.743174,
            43.825199
          ],
          [
            7.742746,
            43.824911
          ],
          [
            7.74238,
            43.8247
          ],
          [
            7.741673,
            43.824345
          ],
          [
            7.741209,
            43.824149
          ],
          [
            7.74024,
            43.823818
          ],
          [
            7.73864,
            43.823314
          ],
          [
            7.736708,
            43.822765
          ],
          [
            7.735073,
            43.822231
          ],
          [
            7.73448,
            43.822002
          ],
          [
            7.734025,
            43.82178
          ],
          [
            7.733691,
            43.821574
          ],
          [
            7.733309,
            43.821287
          ],
          [
            7.73299,
            43.821001
          ],
          [
            7.73253,
            43.820505
          ],
          [
            7.732381,
            43.820315
          ],
          [
            7.732221,
            43.820049
          ],
          [
            7.73206,
            43.819704
          ],
          [
            7.731841,
            43.819091
          ],
          [
            7.731689,
            43.818503
          ],
          [
            7.731523,
            43.817827
          ],
          [
            7.731352,
            43.817227
          ],
          [
            7.731075,
            43.816539
          ],
          [
            7.730859,
            43.816158
          ],
          [
            7.730672,
            43.815899
          ],
          [
            7.730484,
            43.815681
          ],
          [
            7.730189,
            43.815382
          ],
          [
            7.729952,
            43.815188
          ],
          [
            7.729689,
            43.815002
          ],
          [
            7.729364,
            43.8148
          ],
          [
            7.728907,
            43.814561
          ],
          [
            7.728386,
            43.814354
          ],
          [
            7.727982,
            43.814224
          ],
          [
            7.727322,
            43.814051
          ],
          [
            7.721645,
            43.812889
          ],
          [
            7.720679,
            43.812681
          ],
          [
            7.719238,
            43.8123
          ],
          [
            7.718089,
            43.811939
          ],
          [
            7.716866,
            43.811507
          ],
          [
            7.714152,
            43.810545
          ],
          [
            7.712364,
            43.809968
          ],
          [
            7.709233,
            43.80885
          ],
          [
            7.707804,
            43.808334
          ],
          [
            7.706916,
            43.807963
          ],
          [
            7.706396,
            43.80771
          ],
          [
            7.706166,
            43.807596
          ],
          [
            7.704755,
            43.806848
          ],
          [
            7.701462,
            43.805085
          ],
          [
            7.700654,
            43.804666
          ],
          [
            7.698884,
            43.803857
          ],
          [
            7.697318,
            43.803154
          ],
          [
            7.695908,
            43.802446
          ],
          [
            7.695345,
            43.802122
          ],
          [
            7.694843,
            43.801826
          ],
          [
            7.694091,
            43.801333
          ],
          [
            7.693235,
            43.800697
          ],
          [
            7.69265,
            43.800206
          ],
          [
            7.692032,
            43.799627
          ],
          [
            7.691455,
            43.79902
          ],
          [
            7.691122,
            43.798643
          ],
          [
            7.690454,
            43.797772
          ],
          [
            7.690296,
            43.797538
          ],
          [
            7.689611,
            43.796406
          ],
          [
            7.689135,
            43.795674
          ],
          [
            7.688718,
            43.79514
          ],
          [
            7.688549,
            43.794951
          ],
          [
            7.688288,
            43.794706
          ],
          [
            7.687545,
            43.794161
          ],
          [
            7.687173,
            43.793937
          ],
          [
            7.686823,
            43.793762
          ],
          [
            7.685988,
            43.793446
          ],
          [
            7.685468,
            43.793299
          ],
          [
            7.684943,
            43.793192
          ],
          [
            7.68438,
            43.793123
          ],
          [
            7.683887,
            43.793096
          ],
          [
            7.683311,
            43.793084
          ],
          [
            7.682571,
            43.793113
          ],
          [
            7.68225,
            43.793146
          ],
          [
            7.681724,
            43.793238
          ],
          [
            7.681421,
            43.793308
          ],
          [
            7.681041,
            43.793415
          ],
          [
            7.680563,
            43.793578
          ],
          [
            7.680157,
            43.793748
          ],
          [
            7.679544,
            43.794049
          ],
          [
            7.678481,
            43.794634
          ],
          [
            7.675191,
            43.796429
          ],
          [
            7.674685,
            43.796701
          ],
          [
            7.671148,
            43.798622
          ],
          [
            7.670431,
            43.798964
          ],
          [
            7.670136,
            43.799086
          ],
          [
            7.669609,
            43.799268
          ],
          [
            7.669287,
            43.799368
          ],
          [
            7.669001,
            43.799448
          ],
          [
            7.668387,
            43.799585
          ],
          [
            7.667741,
            43.799701
          ],
          [
            7.666624,
            43.799846
          ],
          [
            7.66398,
            43.800168
          ],
          [
            7.658591,
            43.800833
          ],
          [
            7.657836,
            43.80094
          ],
          [
            7.655926,
            43.801169
          ],
          [
            7.654525,
            43.801299
          ],
          [
            7.653814,
            43.801331
          ],
          [
            7.652981,
            43.801338
          ],
          [
            7.652167,
            43.801323
          ],
          [
            7.650978,
            43.801248
          ],
          [
            7.650296,
            43.801177
          ],
          [
            7.649752,
            43.801104
          ],
          [
            7.649226,
            43.801024
          ],
          [
            7.645516,
            43.800369
          ],
          [
            7.644594,
            43.800212
          ],
          [
            7.644002,
            43.80014
          ],
          [
            7.643562,
            43.800102
          ],
          [
            7.643017,
            43.800078
          ],
          [
            7.642313,
            43.800075
          ],
          [
            7.641416,
            43.800109
          ],
          [
            7.640369,
            43.800191
          ],
          [
            7.639392,
            43.800303
          ],
          [
            7.635292,
            43.800824
          ],
          [
            7.625404,
            43.802027
          ],
          [
            7.62436,
            43.802166
          ],
          [
            7.622405,
            43.80246
          ],
          [
            7.61605,
            43.803256
          ],
          [
            7.614186,
            43.80345
          ],
          [
            7.612732,
            43.803532
          ],
          [
            7.611482,
            43.803552
          ],
          [
            7.610323,
            43.803531
          ],
          [
            7.608651,
            43.803468
          ],
          [
            7.607361,
            43.803349
          ],
          [
            7.606093,
            43.803181
          ],
          [
            7.604748,
            43.80293
          ],
          [
            7.603303,
            43.802619
          ],
          [
            7.601866,
            43.802292
          ],
          [
            7.600428,
            43.801959
          ],
          [
            7.599882,
            43.801819
          ],
          [
            7.599451,
            43.801696
          ],
          [
            7.597154,
            43.801144
          ],
          [
            7.596174,
            43.800909
          ],
          [
            7.595149,
            43.800638
          ],
          [
            7.594706,
            43.800544
          ],
          [
            7.593838,
            43.800396
          ],
          [
            7.593509,
            43.800316
          ],
          [
            7.592898,
            43.800173
          ],
          [
            7.592019,
            43.79993
          ],
          [
            7.590628,
            43.799599
          ],
          [
            7.585008,
            43.798188
          ],
          [
            7.580553,
            43.797131
          ],
          [
            7.578383,
            43.796673
          ],
          [
            7.577257,
            43.796558
          ],
          [
            7.576474,
            43.796524
          ],
          [
            7.575449,
            43.796554
          ],
          [
            7.574638,
            43.796633
          ],
          [
            7.573876,
            43.796755
          ],
          [
            7.573252,
            43.796884
          ],
          [
            7.572693,
            43.797023
          ],
          [
            7.571665,
            43.797358
          ],
          [
            7.5712,
            43.797539
          ],
          [
            7.570488,
            43.797863
          ],
          [
            7.570096,
            43.79806
          ],
          [
            7.569443,
            43.798392
          ],
          [
            7.56857,
            43.798786
          ],
          [
            7.568005,
            43.798987
          ],
          [
            7.567573,
            43.799105
          ],
          [
            7.567096,
            43.799197
          ],
          [
            7.56676,
            43.799247
          ],
          [
            7.56626,
            43.799303
          ],
          [
            7.565763,
            43.799327
          ],
          [
            7.565177,
            43.799323
          ],
          [
            7.564672,
            43.799289
          ],
          [
            7.563899,
            43.799179
          ],
          [
            7.563148,
            43.798995
          ],
          [
            7.562727,
            43.798861
          ],
          [
            7.562435,
            43.798753
          ],
          [
            7.561939,
            43.798536
          ],
          [
            7.561582,
            43.798341
          ],
          [
            7.561161,
            43.798081
          ],
          [
            7.560873,
            43.797876
          ],
          [
            7.560546,
            43.797603
          ],
          [
            7.560273,
            43.797341
          ],
          [
            7.560005,
            43.797038
          ],
          [
            7.559744,
            43.796702
          ],
          [
            7.559227,
            43.795977
          ],
          [
            7.558056,
            43.794307
          ],
          [
            7.557748,
            43.793842
          ],
          [
            7.557359,
            43.793179
          ],
          [
            7.557124,
            43.792707
          ],
          [
            7.55693,
            43.792184
          ],
          [
            7.556657,
            43.790819
          ],
          [
            7.556548,
            43.790183
          ],
          [
            7.556465,
            43.789833
          ],
          [
            7.556332,
            43.789435
          ],
          [
            7.556228,
            43.789208
          ],
          [
            7.556014,
            43.78886
          ],
          [
            7.55577,
            43.788557
          ],
          [
            7.555354,
            43.788163
          ],
          [
            7.555024,
            43.787936
          ],
          [
            7.554612,
            43.7877
          ],
          [
            7.55412,
            43.787474
          ],
          [
            7.553704,
            43.787335
          ],
          [
            7.553096,
            43.78719
          ],
          [
            7.552387,
            43.787117
          ],
          [
            7.552006,
            43.787098
          ],
          [
            7.551661,
            43.787104
          ],
          [
            7.550956,
            43.78718
          ],
          [
            7.550634,
            43.787247
          ],
          [
            7.550305,
            43.787341
          ],
          [
            7.549859,
            43.787506
          ],
          [
            7.549536,
            43.787646
          ],
          [
            7.548874,
            43.787949
          ],
          [
            7.54742,
            43.788676
          ],
          [
            7.546566,
            43.789032
          ],
          [
            7.545535,
            43.789382
          ],
          [
            7.544863,
            43.789573
          ],
          [
            7.544153,
            43.78974
          ],
          [
            7.543625,
            43.789843
          ],
          [
            7.54317,
            43.789929
          ],
          [
            7.54263,
            43.790001
          ],
          [
            7.541816,
            43.790086
          ],
          [
            7.541006,
            43.79012
          ],
          [
            7.540055,
            43.790111
          ],
          [
            7.538983,
            43.790033
          ],
          [
            7.538131,
            43.789933
          ],
          [
            7.534385,
            43.789336
          ],
          [
            7.532137,
            43.789005
          ],
          [
            7.531614,
            43.78894
          ],
          [
            7.530973,
            43.788898
          ],
          [
            7.530502,
            43.788885
          ],
          [
            7.53003,
            43.788894
          ],
          [
            7.529569,
            43.788926
          ],
          [
            7.528756,
            43.789003
          ],
          [
            7.527519,
            43.789147
          ],
          [
            7.526545,
            43.789309
          ],
          [
            7.525336,
            43.789581
          ],
          [
            7.524116,
            43.78992
          ],
          [
            7.522762,
            43.790245
          ],
          [
            7.522163,
            43.790341
          ],
          [
            7.521474,
            43.790402
          ],
          [
            7.521013,
            43.79043
          ],
          [
            7.520623,
            43.790434
          ],
          [
            7.520135,
            43.790424
          ],
          [
            7.519678,
            43.790391
          ],
          [
            7.518016,
            43.790271
          ],
          [
            7.517417,
            43.790257
          ],
          [
            7.51655,
            43.790307
          ],
          [
            7.51626,
            43.790347
          ],
          [
            7.515785,
            43.790449
          ],
          [
            7.515108,
            43.790669
          ],
          [
            7.514535,
            43.790906
          ],
          [
            7.513604,
            43.791394
          ],
          [
            7.512234,
            43.792209
          ],
          [
            7.511795,
            43.792432
          ],
          [
            7.511186,
            43.792701
          ],
          [
            7.51057,
            43.79292
          ],
          [
            7.509767,
            43.793138
          ],
          [
            7.509006,
            43.793279
          ],
          [
            7.50821,
            43.793387
          ],
          [
            7.506939,
            43.793504
          ],
          [
            7.505268,
            43.793613
          ],
          [
            7.502402,
            43.793709
          ],
          [
            7.50156,
            43.793722
          ],
          [
            7.50049,
            43.793761
          ],
          [
            7.500107,
            43.793786
          ],
          [
            7.498998,
            43.793898
          ],
          [
            7.498614,
            43.793952
          ],
          [
            7.497593,
            43.794159
          ],
          [
            7.497034,
            43.794317
          ],
          [
            7.495823,
            43.794713
          ],
          [
            7.49436,
            43.795282
          ],
          [
            7.493557,
            43.795651
          ],
          [
            7.492988,
            43.795891
          ],
          [
            7.492517,
            43.79607
          ],
          [
            7.491765,
            43.796334
          ],
          [
            7.491072,
            43.796542
          ],
          [
            7.490253,
            43.796744
          ],
          [
            7.489607,
            43.796875
          ],
          [
            7.48876,
            43.797015
          ],
          [
            7.487675,
            43.797151
          ],
          [
            7.48685,
            43.797219
          ],
          [
            7.486171,
            43.797255
          ],
          [
            7.484885,
            43.797278
          ],
          [
            7.483526,
            43.797234
          ],
          [
            7.482676,
            43.797174
          ],
          [
            7.481887,
            43.797098
          ],
          [
            7.481607,
            43.797063
          ],
          [
            7.480761,
            43.796936
          ],
          [
            7.479322,
            43.79667
          ],
          [
            7.478673,
            43.796507
          ],
          [
            7.478088,
            43.796323
          ],
          [
            7.477529,
            43.796093
          ],
          [
            7.477056,
            43.795841
          ],
          [
            7.476611,
            43.795524
          ],
          [
            7.476264,
            43.795202
          ],
          [
            7.476007,
            43.794886
          ],
          [
            7.475776,
            43.794501
          ],
          [
            7.475183,
            43.793212
          ],
          [
            7.474923,
            43.792724
          ],
          [
            7.474664,
            43.79234
          ],
          [
            7.47441,
            43.792012
          ],
          [
            7.473964,
            43.791519
          ],
          [
            7.473782,
            43.791339
          ],
          [
            7.473192,
            43.790803
          ],
          [
            7.472772,
            43.79047
          ],
          [
            7.472108,
            43.789997
          ],
          [
            7.471255,
            43.789447
          ],
          [
            7.469947,
            43.788678
          ],
          [
            7.469068,
            43.788197
          ],
          [
            7.468027,
            43.78765
          ],
          [
            7.466619,
            43.78695
          ],
          [
            7.4662,
            43.786748
          ],
          [
            7.465186,
            43.786276
          ],
          [
            7.463979,
            43.785764
          ],
          [
            7.46354,
            43.7856
          ],
          [
            7.462995,
            43.785421
          ],
          [
            7.462465,
            43.785282
          ],
          [
            7.461916,
            43.785179
          ],
          [
            7.461591,
            43.785135
          ],
          [
            7.461265,
            43.7851
          ],
          [
            7.460524,
            43.785049
          ],
          [
            7.458398,
            43.784981
          ],
          [
            7.457758,
            43.784943
          ],
          [
            7.457321,
            43.784902
          ],
          [
            7.456764,
            43.784826
          ],
          [
            7.456275,
            43.78474
          ],
          [
            7.455691,
            43.784615
          ],
          [
            7.455163,
            43.784475
          ],
          [
            7.454215,
            43.784166
          ],
          [
            7.453517,
            43.78389
          ],
          [
            7.452945,
            43.783635
          ],
          [
            7.452162,
            43.783251
          ],
          [
            7.451417,
            43.782853
          ],
          [
            7.450914,
            43.782547
          ],
          [
            7.450573,
            43.782314
          ],
          [
            7.450087,
            43.78192
          ],
          [
            7.449672,
            43.78152
          ],
          [
            7.449348,
            43.781138
          ],
          [
            7.449079,
            43.780725
          ],
          [
            7.448866,
            43.780291
          ],
          [
            7.448728,
            43.779908
          ],
          [
            7.448635,
            43.779511
          ],
          [
            7.448584,
            43.779003
          ],
          [
            7.448582,
            43.778781
          ],
          [
            7.448614,
            43.778389
          ],
          [
            7.448749,
            43.777669
          ],
          [
            7.448883,
            43.777062
          ],
          [
            7.44933,
            43.775627
          ],
          [
            7.449586,
            43.774512
          ],
          [
            7.449689,
            43.77393
          ],
          [
            7.449813,
            43.772635
          ],
          [
            7.449811,
            43.771759
          ],
          [
            7.449788,
            43.771491
          ],
          [
            7.449695,
            43.771052
          ],
          [
            7.449308,
            43.769713
          ],
          [
            7.449238,
            43.769264
          ],
          [
            7.449226,
            43.769022
          ],
          [
            7.449228,
            43.76878
          ],
          [
            7.449274,
            43.768324
          ],
          [
            7.449569,
            43.766829
          ],
          [
            7.449632,
            43.766355
          ],
          [
            7.449631,
            43.765778
          ],
          [
            7.449594,
            43.765522
          ],
          [
            7.449529,
            43.765252
          ],
          [
            7.449428,
            43.764962
          ],
          [
            7.449351,
            43.764799
          ],
          [
            7.449095,
            43.764369
          ],
          [
            7.44889,
            43.764104
          ],
          [
            7.448067,
            43.763159
          ],
          [
            7.447793,
            43.762763
          ],
          [
            7.44739,
            43.762114
          ],
          [
            7.447109,
            43.761729
          ],
          [
            7.446599,
            43.761318
          ],
          [
            7.445971,
            43.760921
          ],
          [
            7.445542,
            43.760681
          ],
          [
            7.445431,
            43.760596
          ],
          [
            7.445319,
            43.76043
          ],
          [
            7.445301,
            43.760055
          ],
          [
            7.445269,
            43.759913
          ],
          [
            7.445217,
            43.759832
          ],
          [
            7.445038,
            43.759662
          ],
          [
            7.444687,
            43.759447
          ],
          [
            7.44456,
            43.75935
          ],
          [
            7.444048,
            43.758777
          ],
          [
            7.443954,
            43.758605
          ],
          [
            7.443924,
            43.75849
          ],
          [
            7.4439,
            43.757885
          ],
          [
            7.443901,
            43.757792
          ],
          [
            7.443935,
            43.757712
          ],
          [
            7.444045,
            43.757596
          ],
          [
            7.444113,
            43.757559
          ],
          [
            7.44415,
            43.757493
          ],
          [
            7.444173,
            43.757343
          ],
          [
            7.444158,
            43.757268
          ],
          [
            7.444094,
            43.757181
          ],
          [
            7.444019,
            43.75715
          ],
          [
            7.443855,
            43.757046
          ],
          [
            7.443829,
            43.757015
          ],
          [
            7.443824,
            43.756953
          ],
          [
            7.443854,
            43.756912
          ],
          [
            7.44378,
            43.756821
          ],
          [
            7.443739,
            43.756801
          ],
          [
            7.443493,
            43.756764
          ],
          [
            7.442563,
            43.756703
          ],
          [
            7.442399,
            43.756681
          ],
          [
            7.441641,
            43.756496
          ],
          [
            7.441446,
            43.756437
          ],
          [
            7.441246,
            43.756348
          ],
          [
            7.440961,
            43.756222
          ],
          [
            7.440819,
            43.756188
          ],
          [
            7.44065,
            43.756172
          ],
          [
            7.440151,
            43.756162
          ],
          [
            7.439913,
            43.756138
          ],
          [
            7.439711,
            43.756064
          ],
          [
            7.439397,
            43.755827
          ],
          [
            7.439281,
            43.755763
          ],
          [
            7.439123,
            43.75572
          ],
          [
            7.438958,
            43.755702
          ],
          [
            7.438812,
            43.755713
          ],
          [
            7.438628,
            43.75576
          ],
          [
            7.438285,
            43.755909
          ],
          [
            7.438155,
            43.755986
          ],
          [
            7.437969,
            43.756171
          ],
          [
            7.437928,
            43.756262
          ],
          [
            7.43792,
            43.756357
          ],
          [
            7.43799,
            43.756703
          ],
          [
            7.437967,
            43.756862
          ],
          [
            7.4379,
            43.756982
          ],
          [
            7.437747,
            43.757136
          ],
          [
            7.437574,
            43.757229
          ],
          [
            7.437372,
            43.757294
          ],
          [
            7.437101,
            43.757328
          ],
          [
            7.436725,
            43.757332
          ],
          [
            7.435963,
            43.757297
          ],
          [
            7.435651,
            43.757246
          ],
          [
            7.435515,
            43.757208
          ],
          [
            7.435267,
            43.757123
          ],
          [
            7.435073,
            43.757018
          ],
          [
            7.434517,
            43.756622
          ],
          [
            7.433288,
            43.755635
          ],
          [
            7.43295,
            43.755392
          ],
          [
            7.43285,
            43.755342
          ],
          [
            7.4326,
            43.755265
          ],
          [
            7.432329,
            43.755248
          ],
          [
            7.432112,
            43.755279
          ],
          [
            7.43184,
            43.755355
          ],
          [
            7.431574,
            43.755401
          ],
          [
            7.431371,
            43.755394
          ],
          [
            7.431187,
            43.755343
          ],
          [
            7.43097,
            43.755216
          ],
          [
            7.430878,
            43.755122
          ],
          [
            7.430807,
            43.754999
          ],
          [
            7.430749,
            43.754687
          ],
          [
            7.43075,
            43.754498
          ],
          [
            7.430845,
            43.754164
          ],
          [
            7.430879,
            43.753971
          ],
          [
            7.430852,
            43.753627
          ],
          [
            7.430771,
            43.753261
          ],
          [
            7.430731,
            43.753094
          ],
          [
            7.430636,
            43.752941
          ],
          [
            7.430434,
            43.752795
          ],
          [
            7.429487,
            43.752364
          ],
          [
            7.429142,
            43.752237
          ],
          [
            7.428843,
            43.752149
          ],
          [
            7.428548,
            43.752091
          ],
          [
            7.428256,
            43.752053
          ],
          [
            7.427962,
            43.752033
          ],
          [
            7.427318,
            43.752056
          ],
          [
            7.427011,
            43.752099
          ],
          [
            7.426774,
            43.752167
          ],
          [
            7.426669,
            43.752226
          ],
          [
            7.426627,
            43.752278
          ],
          [
            7.426527,
            43.752335
          ],
          [
            7.426396,
            43.75234
          ],
          [
            7.426138,
            43.752311
          ],
          [
            7.425879,
            43.752286
          ],
          [
            7.425671,
            43.752226
          ],
          [
            7.425588,
            43.752177
          ],
          [
            7.425551,
            43.752132
          ],
          [
            7.42544,
            43.751994
          ],
          [
            7.425391,
            43.751861
          ],
          [
            7.425394,
            43.751757
          ],
          [
            7.425431,
            43.751652
          ],
          [
            7.42575,
            43.751262
          ],
          [
            7.426476,
            43.750434
          ],
          [
            7.426548,
            43.750264
          ],
          [
            7.426557,
            43.750154
          ],
          [
            7.426522,
            43.749994
          ],
          [
            7.426015,
            43.749023
          ],
          [
            7.425856,
            43.748874
          ],
          [
            7.425618,
            43.748763
          ],
          [
            7.424991,
            43.748511
          ],
          [
            7.424759,
            43.74839
          ],
          [
            7.424485,
            43.748207
          ],
          [
            7.424239,
            43.747993
          ],
          [
            7.424175,
            43.74786
          ],
          [
            7.424167,
            43.747766
          ],
          [
            7.424204,
            43.747632
          ],
          [
            7.424245,
            43.747555
          ],
          [
            7.424365,
            43.747444
          ],
          [
            7.424578,
            43.747354
          ],
          [
            7.425261,
            43.747149
          ],
          [
            7.425677,
            43.747002
          ],
          [
            7.425846,
            43.746924
          ],
          [
            7.425929,
            43.746865
          ],
          [
            7.426071,
            43.746715
          ],
          [
            7.426138,
            43.7466
          ],
          [
            7.426182,
            43.746433
          ],
          [
            7.426188,
            43.746345
          ],
          [
            7.426161,
            43.746221
          ],
          [
            7.426115,
            43.746119
          ],
          [
            7.426039,
            43.746024
          ],
          [
            7.425944,
            43.745943
          ],
          [
            7.425495,
            43.745678
          ],
          [
            7.425371,
            43.745599
          ],
          [
            7.425451,
            43.745555
          ],
          [
            7.425496,
            43.745556
          ],
          [
            7.425645,
            43.745591
          ],
          [
            7.425675,
            43.745634
          ],
          [
            7.425907,
            43.745805
          ],
          [
            7.426203,
            43.745985
          ],
          [
            7.426298,
            43.746089
          ],
          [
            7.426349,
            43.746207
          ],
          [
            7.426363,
            43.746323
          ],
          [
            7.42635,
            43.746441
          ],
          [
            7.426364,
            43.746466
          ],
          [
            7.426414,
            43.746487
          ],
          [
            7.426492,
            43.746455
          ],
          [
            7.426528,
            43.746272
          ],
          [
            7.426499,
            43.746167
          ],
          [
            7.426426,
            43.74602
          ],
          [
            7.426256,
            43.745778
          ],
          [
            7.425923,
            43.745437
          ],
          [
            7.425737,
            43.745293
          ],
          [
            7.425256,
            43.744984
          ],
          [
            7.424669,
            43.7448
          ],
          [
            7.424643,
            43.744735
          ],
          [
            7.424666,
            43.744701
          ],
          [
            7.424762,
            43.744697
          ],
          [
            7.425274,
            43.744894
          ],
          [
            7.425979,
            43.745105
          ],
          [
            7.426741,
            43.745458
          ],
          [
            7.426907,
            43.745577
          ],
          [
            7.426993,
            43.745678
          ],
          [
            7.427051,
            43.745803
          ],
          [
            7.427056,
            43.745963
          ],
          [
            7.427102,
            43.746003
          ],
          [
            7.427152,
            43.746007
          ],
          [
            7.427189,
            43.745985
          ],
          [
            7.427213,
            43.745919
          ],
          [
            7.427175,
            43.745827
          ],
          [
            7.427069,
            43.745665
          ],
          [
            7.427061,
            43.745618
          ],
          [
            7.427117,
            43.745573
          ],
          [
            7.427169,
            43.745564
          ],
          [
            7.427247,
            43.745589
          ],
          [
            7.427284,
            43.74563
          ],
          [
            7.427325,
            43.745729
          ],
          [
            7.427307,
            43.74592
          ],
          [
            7.427168,
            43.746552
          ],
          [
            7.427022,
            43.746679
          ],
          [
            7.42704,
            43.746749
          ],
          [
            7.427099,
            43.746789
          ],
          [
            7.427173,
            43.746769
          ],
          [
            7.427221,
            43.746716
          ],
          [
            7.427501,
            43.746219
          ],
          [
            7.427611,
            43.745946
          ],
          [
            7.42763,
            43.745849
          ],
          [
            7.427532,
            43.745539
          ],
          [
            7.427494,
            43.745346
          ],
          [
            7.427212,
            43.744847
          ],
          [
            7.426979,
            43.744523
          ],
          [
            7.42689,
            43.744455
          ],
          [
            7.426787,
            43.744336
          ],
          [
            7.425516,
            43.743215
          ],
          [
            7.424538,
            43.742379
          ],
          [
            7.424343,
            43.742232
          ],
          [
            7.424324,
            43.742192
          ],
          [
            7.424336,
            43.742133
          ],
          [
            7.424528,
            43.741887
          ],
          [
            7.425087,
            43.741536
          ],
          [
            7.424884,
            43.741333
          ],
          [
            7.424644,
            43.741044
          ],
          [
            7.424634,
            43.74097
          ],
          [
            7.424674,
            43.740933
          ],
          [
            7.424886,
            43.740832
          ],
          [
            7.424485,
            43.740381
          ],
          [
            7.424295,
            43.740188
          ],
          [
            7.424305,
            43.740137
          ],
          [
            7.424379,
            43.740122
          ],
          [
            7.424431,
            43.740152
          ],
          [
            7.424847,
            43.740611
          ],
          [
            7.424933,
            43.740669
          ],
          [
            7.425014,
            43.740682
          ],
          [
            7.425122,
            43.740676
          ],
          [
            7.425197,
            43.740657
          ],
          [
            7.4256,
            43.740445
          ],
          [
            7.425508,
            43.740302
          ],
          [
            7.426033,
            43.740018
          ],
          [
            7.426343,
            43.739845
          ],
          [
            7.426757,
            43.739623
          ],
          [
            7.427065,
            43.739471
          ],
          [
            7.427175,
            43.739488
          ],
          [
            7.427211,
            43.739591
          ],
          [
            7.427297,
            43.739712
          ],
          [
            7.427243,
            43.739741
          ],
          [
            7.426179,
            43.740316
          ],
          [
            7.425673,
            43.740566
          ],
          [
            7.425854,
            43.740846
          ],
          [
            7.425985,
            43.740985
          ],
          [
            7.426155,
            43.74113
          ],
          [
            7.426668,
            43.741481
          ],
          [
            7.426744,
            43.741571
          ],
          [
            7.426819,
            43.741564
          ],
          [
            7.426873,
            43.741602
          ],
          [
            7.426867,
            43.741652
          ],
          [
            7.426791,
            43.741684
          ],
          [
            7.426735,
            43.741669
          ],
          [
            7.426707,
            43.741633
          ],
          [
            7.426584,
            43.741628
          ],
          [
            7.426072,
            43.741672
          ],
          [
            7.425903,
            43.741674
          ],
          [
            7.42575,
            43.741649
          ],
          [
            7.425612,
            43.741593
          ],
          [
            7.425498,
            43.741511
          ],
          [
            7.425387,
            43.74139
          ],
          [
            7.425266,
            43.741256
          ],
          [
            7.425206,
            43.741286
          ],
          [
            7.425182,
            43.74131
          ],
          [
            7.425195,
            43.741365
          ],
          [
            7.425284,
            43.741437
          ],
          [
            7.425485,
            43.741623
          ],
          [
            7.425732,
            43.741786
          ],
          [
            7.425923,
            43.741945
          ],
          [
            7.426082,
            43.742209
          ],
          [
            7.426142,
            43.742271
          ],
          [
            7.425856,
            43.742451
          ],
          [
            7.425517,
            43.742692
          ],
          [
            7.425556,
            43.742759
          ],
          [
            7.426583,
            43.743587
          ],
          [
            7.427047,
            43.743903
          ],
          [
            7.427168,
            43.74397
          ],
          [
            7.427306,
            43.74404
          ],
          [
            7.427393,
            43.744149
          ],
          [
            7.427499,
            43.744388
          ],
          [
            7.427614,
            43.744586
          ],
          [
            7.427617,
            43.744631
          ],
          [
            7.427597,
            43.744654
          ],
          [
            7.427552,
            43.744664
          ],
          [
            7.427372,
            43.744657
          ],
          [
            7.427246,
            43.744636
          ],
          [
            7.42717,
            43.744602
          ],
          [
            7.427077,
            43.744499
          ],
          [
            7.426979,
            43.744523
          ],
          [
            7.427212,
            43.744847
          ],
          [
            7.427494,
            43.745346
          ],
          [
            7.427532,
            43.745539
          ],
          [
            7.42763,
            43.745849
          ],
          [
            7.427611,
            43.745946
          ],
          [
            7.427501,
            43.746219
          ],
          [
            7.427221,
            43.746716
          ],
          [
            7.427173,
            43.746769
          ],
          [
            7.427099,
            43.746789
          ],
          [
            7.427089,
            43.746852
          ],
          [
            7.427012,
            43.746882
          ],
          [
            7.426935,
            43.746854
          ],
          [
            7.42692,
            43.746797
          ],
          [
            7.426973,
            43.746752
          ],
          [
            7.427022,
            43.746679
          ],
          [
            7.427168,
            43.746552
          ],
          [
            7.427307,
            43.74592
          ],
          [
            7.427325,
            43.745729
          ],
          [
            7.427284,
            43.74563
          ],
          [
            7.427247,
            43.745589
          ],
          [
            7.427169,
            43.745564
          ],
          [
            7.427117,
            43.745573
          ],
          [
            7.427061,
            43.745618
          ],
          [
            7.427069,
            43.745665
          ],
          [
            7.427175,
            43.745827
          ],
          [
            7.427213,
            43.745919
          ],
          [
            7.427189,
            43.745985
          ],
          [
            7.427152,
            43.746007
          ],
          [
            7.427102,
            43.746003
          ],
          [
            7.427056,
            43.745963
          ],
          [
            7.427051,
            43.745803
          ],
          [
            7.426993,
            43.745678
          ],
          [
            7.426907,
            43.745577
          ],
          [
            7.426741,
            43.745458
          ],
          [
            7.425979,
            43.745105
          ],
          [
            7.425274,
            43.744894
          ],
          [
            7.424762,
            43.744697
          ],
          [
            7.424666,
            43.744701
          ],
          [
            7.424643,
            43.744735
          ],
          [
            7.424669,
            43.7448
          ],
          [
            7.425256,
            43.744984
          ],
          [
            7.425737,
            43.745293
          ],
          [
            7.425923,
            43.745437
          ],
          [
            7.426256,
            43.745778
          ],
          [
            7.426426,
            43.74602
          ],
          [
            7.426499,
            43.746167
          ],
          [
            7.426528,
            43.746272
          ],
          [
            7.426492,
            43.746455
          ],
          [
            7.426414,
            43.746487
          ],
          [
            7.426364,
            43.746466
          ],
          [
            7.42635,
            43.746441
          ],
          [
            7.426363,
            43.746323
          ],
          [
            7.426349,
            43.746207
          ],
          [
            7.426298,
            43.746089
          ],
          [
            7.426203,
            43.745985
          ],
          [
            7.425907,
            43.745805
          ],
          [
            7.425675,
            43.745634
          ],
          [
            7.425616,
            43.74562
          ],
          [
            7.425555,
            43.74563
          ],
          [
            7.425495,
            43.745678
          ],
          [
            7.425944,
            43.745943
          ],
          [
            7.426039,
            43.746024
          ],
          [
            7.426115,
            43.746119
          ],
          [
            7.426161,
            43.746221
          ],
          [
            7.426188,
            43.746345
          ],
          [
            7.426182,
            43.746433
          ],
          [
            7.426138,
            43.7466
          ],
          [
            7.426071,
            43.746715
          ],
          [
            7.425929,
            43.746865
          ],
          [
            7.425846,
            43.746924
          ],
          [
            7.425677,
            43.747002
          ],
          [
            7.425261,
            43.747149
          ],
          [
            7.424578,
            43.747354
          ],
          [
            7.424365,
            43.747444
          ],
          [
            7.424245,
            43.747555
          ],
          [
            7.424204,
            43.747632
          ],
          [
            7.424167,
            43.747766
          ],
          [
            7.424175,
            43.74786
          ],
          [
            7.424239,
            43.747993
          ],
          [
            7.424485,
            43.748207
          ],
          [
            7.424759,
            43.74839
          ],
          [
            7.424991,
            43.748511
          ],
          [
            7.425618,
            43.748763
          ],
          [
            7.425856,
            43.748874
          ],
          [
            7.426015,
            43.749023
          ],
          [
            7.426522,
            43.749994
          ],
          [
            7.426557,
            43.750154
          ],
          [
            7.426548,
            43.750264
          ],
          [
            7.426476,
            43.750434
          ],
          [
            7.42575,
            43.751262
          ],
          [
            7.425431,
            43.751652
          ],
          [
            7.425394,
            43.751757
          ],
          [
            7.425391,
            43.751861
          ],
          [
            7.42544,
            43.751994
          ],
          [
            7.425551,
            43.752132
          ],
          [
            7.425615,
            43.752155
          ],
          [
            7.425855,
            43.752239
          ],
          [
            7.425963,
            43.752274
          ],
          [
            7.426036,
            43.75228
          ],
          [
            7.426181,
            43.752266
          ],
          [
            7.426306,
            43.75223
          ],
          [
            7.426402,
            43.752215
          ],
          [
            7.426474,
            43.752269
          ],
          [
            7.426506,
            43.752276
          ],
          [
            7.426669,
            43.752226
          ],
          [
            7.426774,
            43.752167
          ],
          [
            7.427011,
            43.752099
          ],
          [
            7.427318,
            43.752056
          ],
          [
            7.427962,
            43.752033
          ],
          [
            7.428256,
            43.752053
          ],
          [
            7.428548,
            43.752091
          ],
          [
            7.428843,
            43.752149
          ],
          [
            7.429142,
            43.752237
          ],
          [
            7.429487,
            43.752364
          ],
          [
            7.430434,
            43.752795
          ],
          [
            7.430636,
            43.752941
          ],
          [
            7.430731,
            43.753094
          ],
          [
            7.430771,
            43.753261
          ],
          [
            7.430852,
            43.753627
          ],
          [
            7.430879,
            43.753971
          ],
          [
            7.430845,
            43.754164
          ],
          [
            7.43075,
            43.754498
          ],
          [
            7.430749,
            43.754687
          ],
          [
            7.430807,
            43.754999
          ],
          [
            7.430878,
            43.755122
          ],
          [
            7.43097,
            43.755216
          ],
          [
            7.431187,
            43.755343
          ],
          [
            7.431371,
            43.755394
          ],
          [
            7.431574,
            43.755401
          ],
          [
            7.43184,
            43.755355
          ],
          [
            7.432112,
            43.755279
          ],
          [
            7.432329,
            43.755248
          ],
          [
            7.4326,
            43.755265
          ],
          [
            7.43285,
            43.755342
          ],
          [
            7.43295,
            43.755392
          ],
          [
            7.433288,
            43.755635
          ],
          [
            7.434517,
            43.756622
          ],
          [
            7.435073,
            43.757018
          ],
          [
            7.435267,
            43.757123
          ],
          [
            7.435515,
            43.757208
          ],
          [
            7.435651,
            43.757246
          ],
          [
            7.435963,
            43.757297
          ],
          [
            7.436725,
            43.757332
          ],
          [
            7.437101,
            43.757328
          ],
          [
            7.437372,
            43.757294
          ],
          [
            7.437574,
            43.757229
          ],
          [
            7.437747,
            43.757136
          ],
          [
            7.4379,
            43.756982
          ],
          [
            7.437967,
            43.756862
          ],
          [
            7.43799,
            43.756703
          ],
          [
            7.43792,
            43.756357
          ],
          [
            7.437928,
            43.756262
          ],
          [
            7.437969,
            43.756171
          ],
          [
            7.438155,
            43.755986
          ],
          [
            7.438285,
            43.755909
          ],
          [
            7.438628,
            43.75576
          ],
          [
            7.438812,
            43.755713
          ],
          [
            7.438958,
            43.755702
          ],
          [
            7.439123,
            43.75572
          ],
          [
            7.439281,
            43.755763
          ],
          [
            7.439397,
            43.755827
          ],
          [
            7.439711,
            43.756064
          ],
          [
            7.439913,
            43.756138
          ],
          [
            7.440151,
            43.756162
          ],
          [
            7.44065,
            43.756172
          ],
          [
            7.440819,
            43.756188
          ],
          [
            7.440961,
            43.756222
          ],
          [
            7.441246,
            43.756348
          ],
          [
            7.441446,
            43.756437
          ],
          [
            7.441641,
            43.756496
          ],
          [
            7.442399,
            43.756681
          ],
          [
            7.442563,
            43.756703
          ],
          [
            7.443493,
            43.756764
          ],
          [
            7.443583,
            43.756752
          ],
          [
            7.443752,
            43.756772
          ],
          [
            7.443827,
            43.756793
          ],
          [
            7.443974,
            43.756881
          ],
          [
            7.443997,
            43.756883
          ],
          [
            7.444037,
            43.756893
          ],
          [
            7.444192,
            43.756988
          ],
          [
            7.444274,
            43.757057
          ],
          [
            7.444271,
            43.75713
          ],
          [
            7.444314,
            43.757363
          ],
          [
            7.444278,
            43.757483
          ],
          [
            7.444166,
            43.757591
          ],
          [
            7.444063,
            43.757661
          ],
          [
            7.443974,
            43.757749
          ],
          [
            7.4439,
            43.757885
          ],
          [
            7.443924,
            43.75849
          ],
          [
            7.443954,
            43.758605
          ],
          [
            7.444048,
            43.758777
          ],
          [
            7.44456,
            43.75935
          ],
          [
            7.444687,
            43.759447
          ],
          [
            7.445038,
            43.759662
          ],
          [
            7.445174,
            43.759725
          ],
          [
            7.445296,
            43.759836
          ],
          [
            7.445449,
            43.760118
          ],
          [
            7.445564,
            43.760247
          ],
          [
            7.446361,
            43.760829
          ],
          [
            7.446653,
            43.761061
          ],
          [
            7.446842,
            43.761232
          ],
          [
            7.447073,
            43.761529
          ],
          [
            7.447301,
            43.761808
          ],
          [
            7.448169,
            43.76313
          ],
          [
            7.448973,
            43.764044
          ],
          [
            7.44927,
            43.76444
          ],
          [
            7.449497,
            43.764849
          ],
          [
            7.44965,
            43.765268
          ],
          [
            7.449738,
            43.765737
          ],
          [
            7.449755,
            43.765997
          ],
          [
            7.449744,
            43.766373
          ],
          [
            7.449658,
            43.766987
          ],
          [
            7.449372,
            43.768456
          ],
          [
            7.449339,
            43.768955
          ],
          [
            7.449352,
            43.769304
          ],
          [
            7.449436,
            43.769771
          ],
          [
            7.449484,
            43.769933
          ],
          [
            7.449978,
            43.771116
          ],
          [
            7.450075,
            43.771481
          ],
          [
            7.450117,
            43.771786
          ],
          [
            7.450113,
            43.77282
          ],
          [
            7.450089,
            43.773308
          ],
          [
            7.450012,
            43.773974
          ],
          [
            7.449916,
            43.774562
          ],
          [
            7.449672,
            43.775665
          ],
          [
            7.44925,
            43.777014
          ],
          [
            7.448996,
            43.778027
          ],
          [
            7.44888,
            43.778675
          ],
          [
            7.448849,
            43.779084
          ],
          [
            7.448856,
            43.779446
          ],
          [
            7.448922,
            43.779851
          ],
          [
            7.449042,
            43.780245
          ],
          [
            7.449273,
            43.780751
          ],
          [
            7.449561,
            43.78119
          ],
          [
            7.449889,
            43.781576
          ],
          [
            7.450176,
            43.781855
          ],
          [
            7.450668,
            43.782247
          ],
          [
            7.450951,
            43.782448
          ],
          [
            7.451445,
            43.782758
          ],
          [
            7.452233,
            43.783184
          ],
          [
            7.452983,
            43.78355
          ],
          [
            7.453919,
            43.783959
          ],
          [
            7.454502,
            43.784175
          ],
          [
            7.455124,
            43.784373
          ],
          [
            7.455744,
            43.784538
          ],
          [
            7.456322,
            43.784663
          ],
          [
            7.457194,
            43.7848
          ],
          [
            7.457758,
            43.78486
          ],
          [
            7.458293,
            43.784893
          ],
          [
            7.46067,
            43.784936
          ],
          [
            7.461744,
            43.785001
          ],
          [
            7.462146,
            43.785051
          ],
          [
            7.46272,
            43.785154
          ],
          [
            7.463122,
            43.785246
          ],
          [
            7.463707,
            43.785409
          ],
          [
            7.464266,
            43.7856
          ],
          [
            7.464934,
            43.785864
          ],
          [
            7.466138,
            43.786441
          ],
          [
            7.466606,
            43.786688
          ],
          [
            7.467363,
            43.78709
          ],
          [
            7.469169,
            43.788091
          ],
          [
            7.4703,
            43.78875
          ],
          [
            7.471356,
            43.789393
          ],
          [
            7.472227,
            43.789939
          ],
          [
            7.473298,
            43.79064
          ],
          [
            7.473684,
            43.790922
          ],
          [
            7.474022,
            43.791202
          ],
          [
            7.474218,
            43.791381
          ],
          [
            7.474493,
            43.791636
          ],
          [
            7.474762,
            43.791925
          ],
          [
            7.47517,
            43.792571
          ],
          [
            7.475335,
            43.792893
          ],
          [
            7.475463,
            43.793196
          ],
          [
            7.475733,
            43.794063
          ],
          [
            7.47586,
            43.7944
          ],
          [
            7.476039,
            43.794732
          ],
          [
            7.476266,
            43.795046
          ],
          [
            7.476453,
            43.795249
          ],
          [
            7.476658,
            43.795435
          ],
          [
            7.477044,
            43.79572
          ],
          [
            7.477306,
            43.795876
          ],
          [
            7.477569,
            43.796009
          ],
          [
            7.478094,
            43.796227
          ],
          [
            7.478705,
            43.796427
          ],
          [
            7.479417,
            43.796602
          ],
          [
            7.48068,
            43.796838
          ],
          [
            7.481624,
            43.796981
          ],
          [
            7.481831,
            43.797008
          ],
          [
            7.483046,
            43.797126
          ],
          [
            7.483665,
            43.797166
          ],
          [
            7.484285,
            43.797187
          ],
          [
            7.484995,
            43.797196
          ],
          [
            7.486205,
            43.79717
          ],
          [
            7.486861,
            43.797135
          ],
          [
            7.487721,
            43.797063
          ],
          [
            7.48869,
            43.796938
          ],
          [
            7.489648,
            43.79677
          ],
          [
            7.490546,
            43.796557
          ],
          [
            7.491279,
            43.79634
          ],
          [
            7.492101,
            43.796034
          ],
          [
            7.492561,
            43.79584
          ],
          [
            7.493484,
            43.795423
          ],
          [
            7.494194,
            43.79508
          ],
          [
            7.495746,
            43.794455
          ],
          [
            7.496675,
            43.794154
          ],
          [
            7.497506,
            43.793937
          ],
          [
            7.498428,
            43.793755
          ],
          [
            7.499187,
            43.793648
          ],
          [
            7.500085,
            43.793569
          ],
          [
            7.500612,
            43.793548
          ],
          [
            7.502458,
            43.793554
          ],
          [
            7.504286,
            43.793558
          ],
          [
            7.505265,
            43.793522
          ],
          [
            7.506942,
            43.793421
          ],
          [
            7.508353,
            43.793286
          ],
          [
            7.509134,
            43.79317
          ],
          [
            7.50953,
            43.793098
          ],
          [
            7.510017,
            43.792987
          ],
          [
            7.510722,
            43.792778
          ],
          [
            7.511108,
            43.792639
          ],
          [
            7.51173,
            43.792367
          ],
          [
            7.512481,
            43.791964
          ],
          [
            7.513526,
            43.791345
          ],
          [
            7.514259,
            43.790945
          ],
          [
            7.514788,
            43.790697
          ],
          [
            7.515342,
            43.79049
          ],
          [
            7.515769,
            43.790362
          ],
          [
            7.516152,
            43.790266
          ],
          [
            7.516552,
            43.790202
          ],
          [
            7.516878,
            43.79017
          ],
          [
            7.517208,
            43.790157
          ],
          [
            7.518011,
            43.790161
          ],
          [
            7.519695,
            43.790291
          ],
          [
            7.520141,
            43.790322
          ],
          [
            7.520598,
            43.790332
          ],
          [
            7.521465,
            43.790306
          ],
          [
            7.522137,
            43.790233
          ],
          [
            7.522744,
            43.790137
          ],
          [
            7.522977,
            43.790086
          ],
          [
            7.525274,
            43.789489
          ],
          [
            7.526662,
            43.789166
          ],
          [
            7.528797,
            43.788746
          ],
          [
            7.529553,
            43.788638
          ],
          [
            7.529813,
            43.788616
          ],
          [
            7.530472,
            43.78859
          ],
          [
            7.530742,
            43.788592
          ],
          [
            7.531506,
            43.788645
          ],
          [
            7.532134,
            43.788726
          ],
          [
            7.534343,
            43.789054
          ],
          [
            7.535954,
            43.789308
          ],
          [
            7.538132,
            43.789618
          ],
          [
            7.539294,
            43.789746
          ],
          [
            7.539769,
            43.789778
          ],
          [
            7.540266,
            43.789793
          ],
          [
            7.541369,
            43.789794
          ],
          [
            7.542431,
            43.78972
          ],
          [
            7.543341,
            43.789609
          ],
          [
            7.543822,
            43.78952
          ],
          [
            7.544571,
            43.789354
          ],
          [
            7.545274,
            43.789168
          ],
          [
            7.545763,
            43.789017
          ],
          [
            7.546578,
            43.788728
          ],
          [
            7.549274,
            43.787553
          ],
          [
            7.550012,
            43.787282
          ],
          [
            7.55041,
            43.787165
          ],
          [
            7.550763,
            43.787082
          ],
          [
            7.551118,
            43.787023
          ],
          [
            7.551478,
            43.786985
          ],
          [
            7.551809,
            43.786967
          ],
          [
            7.552206,
            43.786967
          ],
          [
            7.552781,
            43.787015
          ],
          [
            7.553122,
            43.787066
          ],
          [
            7.553793,
            43.787234
          ],
          [
            7.554335,
            43.787429
          ],
          [
            7.554778,
            43.787649
          ],
          [
            7.555043,
            43.787802
          ],
          [
            7.555482,
            43.788116
          ],
          [
            7.555891,
            43.788512
          ],
          [
            7.556177,
            43.788872
          ],
          [
            7.556372,
            43.789201
          ],
          [
            7.556554,
            43.789633
          ],
          [
            7.556657,
            43.789979
          ],
          [
            7.556861,
            43.79083
          ],
          [
            7.557093,
            43.791757
          ],
          [
            7.557248,
            43.792232
          ],
          [
            7.557442,
            43.79274
          ],
          [
            7.557658,
            43.793231
          ],
          [
            7.557916,
            43.79374
          ],
          [
            7.558398,
            43.794562
          ],
          [
            7.55866,
            43.794968
          ],
          [
            7.559344,
            43.795939
          ],
          [
            7.559943,
            43.796767
          ],
          [
            7.560251,
            43.797131
          ],
          [
            7.560486,
            43.797374
          ],
          [
            7.561033,
            43.797827
          ],
          [
            7.561618,
            43.798194
          ],
          [
            7.56194,
            43.798363
          ],
          [
            7.562225,
            43.798495
          ],
          [
            7.562589,
            43.79864
          ],
          [
            7.563055,
            43.798789
          ],
          [
            7.563856,
            43.798972
          ],
          [
            7.564233,
            43.799031
          ],
          [
            7.564761,
            43.79908
          ],
          [
            7.56517,
            43.7991
          ],
          [
            7.565605,
            43.799093
          ],
          [
            7.566425,
            43.799022
          ],
          [
            7.567081,
            43.798926
          ],
          [
            7.567416,
            43.798849
          ],
          [
            7.56778,
            43.798741
          ],
          [
            7.568241,
            43.798574
          ],
          [
            7.569905,
            43.797849
          ],
          [
            7.571452,
            43.797188
          ],
          [
            7.571892,
            43.797013
          ],
          [
            7.572335,
            43.796871
          ],
          [
            7.572671,
            43.796756
          ],
          [
            7.573105,
            43.796647
          ],
          [
            7.57381,
            43.796496
          ],
          [
            7.574654,
            43.796364
          ],
          [
            7.575562,
            43.796263
          ],
          [
            7.576772,
            43.796226
          ],
          [
            7.577511,
            43.796271
          ],
          [
            7.578544,
            43.7964
          ],
          [
            7.579284,
            43.796514
          ],
          [
            7.580125,
            43.796712
          ],
          [
            7.59078,
            43.799357
          ],
          [
            7.592155,
            43.799688
          ],
          [
            7.592394,
            43.799738
          ],
          [
            7.593109,
            43.79984
          ],
          [
            7.593687,
            43.79997
          ],
          [
            7.594264,
            43.800023
          ],
          [
            7.594594,
            43.800107
          ],
          [
            7.59509,
            43.800458
          ],
          [
            7.595255,
            43.800526
          ],
          [
            7.595459,
            43.800592
          ],
          [
            7.596739,
            43.800912
          ],
          [
            7.599503,
            43.801584
          ],
          [
            7.599952,
            43.801681
          ],
          [
            7.604838,
            43.802694
          ],
          [
            7.606251,
            43.802945
          ],
          [
            7.607384,
            43.803106
          ],
          [
            7.608631,
            43.803231
          ],
          [
            7.610819,
            43.803336
          ],
          [
            7.612724,
            43.803343
          ],
          [
            7.614998,
            43.803196
          ],
          [
            7.615995,
            43.803102
          ],
          [
            7.62237,
            43.80226
          ],
          [
            7.623113,
            43.802175
          ],
          [
            7.624252,
            43.80208
          ],
          [
            7.632941,
            43.801029
          ],
          [
            7.634002,
            43.800877
          ],
          [
            7.635134,
            43.800679
          ],
          [
            7.637466,
            43.800266
          ],
          [
            7.639519,
            43.799926
          ],
          [
            7.640103,
            43.799864
          ],
          [
            7.640688,
            43.799826
          ],
          [
            7.641366,
            43.799797
          ],
          [
            7.642144,
            43.799798
          ],
          [
            7.642957,
            43.799837
          ],
          [
            7.643732,
            43.799915
          ],
          [
            7.64549,
            43.80017
          ],
          [
            7.649283,
            43.800828
          ],
          [
            7.649918,
            43.800924
          ],
          [
            7.650469,
            43.800994
          ],
          [
            7.651114,
            43.801055
          ],
          [
            7.652188,
            43.801124
          ],
          [
            7.652939,
            43.801145
          ],
          [
            7.654048,
            43.801118
          ],
          [
            7.654918,
            43.801061
          ],
          [
            7.657816,
            43.800826
          ],
          [
            7.65852,
            43.800758
          ],
          [
            7.660746,
            43.800489
          ],
          [
            7.666567,
            43.799773
          ],
          [
            7.667868,
            43.799601
          ],
          [
            7.668518,
            43.799479
          ],
          [
            7.668961,
            43.799377
          ],
          [
            7.669637,
            43.799169
          ],
          [
            7.66988,
            43.799087
          ],
          [
            7.67061,
            43.798792
          ],
          [
            7.671042,
            43.798585
          ],
          [
            7.671962,
            43.798088
          ],
          [
            7.6746,
            43.796632
          ],
          [
            7.675102,
            43.796348
          ],
          [
            7.67839,
            43.794547
          ],
          [
            7.679834,
            43.793759
          ],
          [
            7.680407,
            43.793489
          ],
          [
            7.680735,
            43.793356
          ],
          [
            7.681161,
            43.793211
          ],
          [
            7.681551,
            43.793101
          ],
          [
            7.681959,
            43.793007
          ],
          [
            7.682699,
            43.792898
          ],
          [
            7.683176,
            43.792865
          ],
          [
            7.68363,
            43.792858
          ],
          [
            7.684161,
            43.792875
          ],
          [
            7.684588,
            43.792911
          ],
          [
            7.685041,
            43.792983
          ],
          [
            7.685482,
            43.793079
          ],
          [
            7.685828,
            43.793173
          ],
          [
            7.686224,
            43.793306
          ],
          [
            7.687019,
            43.793637
          ],
          [
            7.687323,
            43.79379
          ],
          [
            7.687562,
            43.793927
          ],
          [
            7.688016,
            43.794246
          ],
          [
            7.688202,
            43.794389
          ],
          [
            7.688492,
            43.794651
          ],
          [
            7.688663,
            43.794824
          ],
          [
            7.688815,
            43.79501
          ],
          [
            7.68926,
            43.795629
          ],
          [
            7.689717,
            43.796375
          ],
          [
            7.689796,
            43.79651
          ],
          [
            7.690578,
            43.797763
          ],
          [
            7.691268,
            43.798653
          ],
          [
            7.691801,
            43.799256
          ],
          [
            7.692383,
            43.79983
          ],
          [
            7.6931,
            43.800459
          ],
          [
            7.694059,
            43.801193
          ],
          [
            7.694442,
            43.801462
          ],
          [
            7.694926,
            43.801772
          ],
          [
            7.695736,
            43.802243
          ],
          [
            7.696744,
            43.802767
          ],
          [
            7.698942,
            43.803763
          ],
          [
            7.700153,
            43.804308
          ],
          [
            7.700748,
            43.804602
          ],
          [
            7.701543,
            43.805023
          ],
          [
            7.704796,
            43.806767
          ],
          [
            7.705744,
            43.807266
          ],
          [
            7.706145,
            43.807459
          ],
          [
            7.706445,
            43.807594
          ],
          [
            7.707352,
            43.807951
          ],
          [
            7.709288,
            43.808644
          ],
          [
            7.712316,
            43.809731
          ],
          [
            7.713238,
            43.810072
          ],
          [
            7.714235,
            43.810473
          ],
          [
            7.716922,
            43.811432
          ],
          [
            7.718124,
            43.811859
          ],
          [
            7.719298,
            43.81223
          ],
          [
            7.720307,
            43.812509
          ],
          [
            7.721166,
            43.812709
          ],
          [
            7.722191,
            43.812917
          ],
          [
            7.727245,
            43.813943
          ],
          [
            7.727909,
            43.8141
          ],
          [
            7.728241,
            43.814192
          ],
          [
            7.728754,
            43.814372
          ],
          [
            7.728971,
            43.814467
          ],
          [
            7.729458,
            43.814717
          ],
          [
            7.729777,
            43.814909
          ],
          [
            7.730099,
            43.81514
          ],
          [
            7.730344,
            43.815342
          ],
          [
            7.730592,
            43.815598
          ],
          [
            7.730805,
            43.815851
          ],
          [
            7.731128,
            43.816347
          ],
          [
            7.731321,
            43.816753
          ],
          [
            7.731471,
            43.817217
          ],
          [
            7.731832,
            43.818608
          ],
          [
            7.732005,
            43.819155
          ],
          [
            7.732198,
            43.819614
          ],
          [
            7.732408,
            43.819981
          ],
          [
            7.732615,
            43.820261
          ],
          [
            7.732833,
            43.820508
          ],
          [
            7.733274,
            43.820938
          ],
          [
            7.733526,
            43.821156
          ],
          [
            7.733853,
            43.8214
          ],
          [
            7.734213,
            43.821612
          ],
          [
            7.734699,
            43.821849
          ],
          [
            7.735215,
            43.822054
          ],
          [
            7.736954,
            43.822623
          ],
          [
            7.738598,
            43.823207
          ],
          [
            7.740302,
            43.82375
          ],
          [
            7.741007,
            43.823982
          ],
          [
            7.741508,
            43.824178
          ],
          [
            7.741914,
            43.824358
          ],
          [
            7.742229,
            43.82451
          ],
          [
            7.742585,
            43.824711
          ],
          [
            7.743267,
            43.825151
          ],
          [
            7.743641,
            43.825439
          ],
          [
            7.74426,
            43.825979
          ],
          [
            7.744546,
            43.826258
          ],
          [
            7.745013,
            43.826812
          ],
          [
            7.745363,
            43.827357
          ],
          [
            7.745501,
            43.827615
          ],
          [
            7.745615,
            43.827859
          ],
          [
            7.745787,
            43.828345
          ],
          [
            7.745941,
            43.829049
          ],
          [
            7.745998,
            43.829581
          ],
          [
            7.74598,
            43.829883
          ],
          [
            7.745919,
            43.830314
          ],
          [
            7.745633,
            43.83185
          ],
          [
            7.745544,
            43.83228
          ],
          [
            7.74528,
            43.833297
          ],
          [
            7.745163,
            43.833933
          ],
          [
            7.745066,
            43.834779
          ],
          [
            7.745071,
            43.835089
          ],
          [
            7.74511,
            43.835447
          ],
          [
            7.745187,
            43.835816
          ],
          [
            7.745282,
            43.836114
          ],
          [
            7.745428,
            43.836463
          ],
          [
            7.745593,
            43.836781
          ],
          [
            7.745828,
            43.837147
          ],
          [
            7.74609,
            43.837477
          ],
          [
            7.74633,
            43.837739
          ],
          [
            7.746584,
            43.837989
          ],
          [
            7.746892,
            43.83826
          ],
          [
            7.747541,
            43.838708
          ],
          [
            7.747838,
            43.838885
          ],
          [
            7.748182,
            43.839065
          ],
          [
            7.748763,
            43.839331
          ],
          [
            7.749203,
            43.839504
          ],
          [
            7.749687,
            43.83966
          ],
          [
            7.750257,
            43.839802
          ],
          [
            7.750701,
            43.839888
          ],
          [
            7.75107,
            43.839943
          ],
          [
            7.751486,
            43.83998
          ],
          [
            7.75239,
            43.840011
          ],
          [
            7.753012,
            43.839989
          ],
          [
            7.753304,
            43.839965
          ],
          [
            7.754066,
            43.839862
          ],
          [
            7.754766,
            43.839711
          ],
          [
            7.755334,
            43.839556
          ],
          [
            7.756037,
            43.839305
          ],
          [
            7.760631,
            43.837365
          ],
          [
            7.762198,
            43.836703
          ],
          [
            7.76274,
            43.836488
          ],
          [
            7.763784,
            43.836108
          ],
          [
            7.764869,
            43.835769
          ],
          [
            7.76626,
            43.835394
          ],
          [
            7.767116,
            43.835206
          ],
          [
            7.768019,
            43.83503
          ],
          [
            7.769698,
            43.834764
          ],
          [
            7.772129,
            43.834394
          ],
          [
            7.775146,
            43.833933
          ],
          [
            7.780083,
            43.833173
          ],
          [
            7.78243,
            43.832813
          ],
          [
            7.785101,
            43.832408
          ],
          [
            7.785917,
            43.832321
          ],
          [
            7.786747,
            43.832271
          ],
          [
            7.787562,
            43.832259
          ],
          [
            7.788499,
            43.832298
          ],
          [
            7.789489,
            43.832424
          ],
          [
            7.790078,
            43.832535
          ],
          [
            7.792867,
            43.833245
          ],
          [
            7.797108,
            43.834353
          ],
          [
            7.798942,
            43.834764
          ],
          [
            7.803531,
            43.835965
          ],
          [
            7.80605,
            43.836623
          ],
          [
            7.807215,
            43.836933
          ],
          [
            7.808235,
            43.837264
          ],
          [
            7.809418,
            43.8378
          ],
          [
            7.810426,
            43.838454
          ],
          [
            7.811422,
            43.839271
          ],
          [
            7.812891,
            43.840685
          ],
          [
            7.813711,
            43.841419
          ],
          [
            7.814446,
            43.842016
          ],
          [
            7.814837,
            43.842296
          ],
          [
            7.815646,
            43.842789
          ],
          [
            7.81608,
            43.843027
          ],
          [
            7.816814,
            43.843375
          ],
          [
            7.817726,
            43.843737
          ],
          [
            7.818615,
            43.844016
          ],
          [
            7.819566,
            43.844253
          ],
          [
            7.820042,
            43.844346
          ],
          [
            7.82103,
            43.84449
          ],
          [
            7.822025,
            43.844572
          ],
          [
            7.823151,
            43.844598
          ],
          [
            7.828642,
            43.844536
          ],
          [
            7.829635,
            43.844537
          ],
          [
            7.830557,
            43.844579
          ],
          [
            7.831032,
            43.844623
          ],
          [
            7.831854,
            43.844737
          ],
          [
            7.832534,
            43.844876
          ],
          [
            7.833231,
            43.845044
          ],
          [
            7.833857,
            43.845241
          ],
          [
            7.834505,
            43.845487
          ],
          [
            7.835053,
            43.845744
          ],
          [
            7.835799,
            43.846137
          ],
          [
            7.83626,
            43.846433
          ],
          [
            7.836674,
            43.846734
          ],
          [
            7.837054,
            43.847065
          ],
          [
            7.83745,
            43.847443
          ],
          [
            7.837871,
            43.84789
          ],
          [
            7.838383,
            43.848561
          ],
          [
            7.838723,
            43.849145
          ],
          [
            7.839018,
            43.849795
          ],
          [
            7.839127,
            43.850116
          ],
          [
            7.839237,
            43.850542
          ],
          [
            7.839336,
            43.851079
          ],
          [
            7.839575,
            43.8528
          ],
          [
            7.839695,
            43.853515
          ],
          [
            7.83977,
            43.853886
          ],
          [
            7.839898,
            43.854299
          ],
          [
            7.840032,
            43.854635
          ],
          [
            7.840206,
            43.854984
          ],
          [
            7.840405,
            43.855321
          ],
          [
            7.840628,
            43.855637
          ],
          [
            7.84114,
            43.856252
          ],
          [
            7.841876,
            43.857124
          ],
          [
            7.84303,
            43.858367
          ],
          [
            7.844352,
            43.859936
          ],
          [
            7.845102,
            43.860912
          ],
          [
            7.846137,
            43.862162
          ],
          [
            7.846629,
            43.862744
          ],
          [
            7.847625,
            43.863803
          ],
          [
            7.848462,
            43.864699
          ],
          [
            7.849719,
            43.866147
          ],
          [
            7.850551,
            43.867226
          ],
          [
            7.850747,
            43.867505
          ],
          [
            7.851514,
            43.868496
          ],
          [
            7.851687,
            43.868688
          ],
          [
            7.852106,
            43.869088
          ],
          [
            7.852371,
            43.869295
          ],
          [
            7.852872,
            43.869613
          ],
          [
            7.853104,
            43.869742
          ],
          [
            7.853548,
            43.869944
          ],
          [
            7.853998,
            43.870106
          ],
          [
            7.854315,
            43.870203
          ],
          [
            7.85492,
            43.870345
          ],
          [
            7.855269,
            43.870401
          ],
          [
            7.855585,
            43.870438
          ],
          [
            7.856236,
            43.870469
          ],
          [
            7.856659,
            43.870459
          ],
          [
            7.857339,
            43.870394
          ],
          [
            7.85772,
            43.87033
          ],
          [
            7.858093,
            43.870247
          ],
          [
            7.85847,
            43.870141
          ],
          [
            7.858787,
            43.870033
          ],
          [
            7.859141,
            43.869889
          ],
          [
            7.859432,
            43.869751
          ],
          [
            7.859714,
            43.869599
          ],
          [
            7.860207,
            43.869278
          ],
          [
            7.860606,
            43.86895
          ],
          [
            7.860806,
            43.868754
          ],
          [
            7.861296,
            43.868164
          ],
          [
            7.862223,
            43.866775
          ],
          [
            7.863316,
            43.865141
          ],
          [
            7.863699,
            43.864567
          ],
          [
            7.863986,
            43.864141
          ],
          [
            7.864512,
            43.863398
          ],
          [
            7.864893,
            43.862971
          ],
          [
            7.865438,
            43.86245
          ],
          [
            7.865691,
            43.86224
          ],
          [
            7.866134,
            43.861922
          ],
          [
            7.866584,
            43.861628
          ],
          [
            7.866949,
            43.861417
          ],
          [
            7.867347,
            43.861208
          ],
          [
            7.86797,
            43.860931
          ],
          [
            7.868804,
            43.860605
          ],
          [
            7.869343,
            43.860429
          ],
          [
            7.869808,
            43.86031
          ],
          [
            7.870182,
            43.860236
          ],
          [
            7.871064,
            43.860126
          ],
          [
            7.872293,
            43.860049
          ],
          [
            7.875654,
            43.859858
          ],
          [
            7.875782,
            43.85985
          ],
          [
            7.877231,
            43.859767
          ],
          [
            7.878349,
            43.85967
          ],
          [
            7.879196,
            43.85956
          ],
          [
            7.880135,
            43.859414
          ],
          [
            7.881153,
            43.859203
          ],
          [
            7.881914,
            43.859019
          ],
          [
            7.88556,
            43.858129
          ],
          [
            7.893329,
            43.856326
          ],
          [
            7.894253,
            43.856104
          ],
          [
            7.894815,
            43.855953
          ],
          [
            7.895817,
            43.855645
          ],
          [
            7.897176,
            43.855155
          ],
          [
            7.898877,
            43.854475
          ],
          [
            7.902181,
            43.853161
          ],
          [
            7.903131,
            43.852807
          ],
          [
            7.903722,
            43.852609
          ],
          [
            7.904593,
            43.852354
          ],
          [
            7.905641,
            43.852091
          ],
          [
            7.906955,
            43.851828
          ],
          [
            7.908396,
            43.851596
          ],
          [
            7.908841,
            43.851522
          ],
          [
            7.911134,
            43.851158
          ],
          [
            7.91175,
            43.851058
          ],
          [
            7.913473,
            43.850778
          ],
          [
            7.916617,
            43.850277
          ],
          [
            7.918411,
            43.849986
          ],
          [
            7.918739,
            43.849944
          ],
          [
            7.919276,
            43.849871
          ],
          [
            7.920239,
            43.849764
          ],
          [
            7.921505,
            43.849668
          ],
          [
            7.930683,
            43.849367
          ],
          [
            7.931751,
            43.849353
          ],
          [
            7.932098,
            43.849368
          ],
          [
            7.932897,
            43.849433
          ],
          [
            7.933638,
            43.849555
          ],
          [
            7.934275,
            43.8497
          ],
          [
            7.934907,
            43.849883
          ],
          [
            7.939223,
            43.851245
          ],
          [
            7.942331,
            43.85223
          ],
          [
            7.943004,
            43.85247
          ],
          [
            7.94358,
            43.852719
          ],
          [
            7.944119,
            43.853012
          ],
          [
            7.944606,
            43.853328
          ],
          [
            7.944988,
            43.853613
          ],
          [
            7.945327,
            43.853897
          ],
          [
            7.945626,
            43.854175
          ],
          [
            7.945864,
            43.854437
          ],
          [
            7.946309,
            43.855056
          ],
          [
            7.946748,
            43.855763
          ],
          [
            7.948047,
            43.85778
          ],
          [
            7.948512,
            43.858441
          ],
          [
            7.949038,
            43.859058
          ],
          [
            7.94943,
            43.859458
          ],
          [
            7.94985,
            43.85984
          ],
          [
            7.950322,
            43.860226
          ],
          [
            7.950806,
            43.860571
          ],
          [
            7.951139,
            43.860791
          ],
          [
            7.951814,
            43.861185
          ],
          [
            7.952216,
            43.861402
          ],
          [
            7.952637,
            43.861604
          ],
          [
            7.953491,
            43.861963
          ],
          [
            7.953921,
            43.86212
          ],
          [
            7.954852,
            43.862417
          ],
          [
            7.955283,
            43.86253
          ],
          [
            7.956131,
            43.86272
          ],
          [
            7.956589,
            43.862804
          ],
          [
            7.957484,
            43.862922
          ],
          [
            7.958545,
            43.862999
          ],
          [
            7.959525,
            43.863021
          ],
          [
            7.960051,
            43.863006
          ],
          [
            7.961784,
            43.862989
          ],
          [
            7.964902,
            43.863058
          ],
          [
            7.970576,
            43.863287
          ],
          [
            7.971474,
            43.863353
          ],
          [
            7.972364,
            43.863465
          ],
          [
            7.973383,
            43.863651
          ],
          [
            7.97456,
            43.863953
          ],
          [
            7.976286,
            43.864478
          ],
          [
            7.978081,
            43.865074
          ],
          [
            7.981973,
            43.866495
          ],
          [
            7.984337,
            43.867354
          ],
          [
            7.98697,
            43.868352
          ],
          [
            7.987769,
            43.868696
          ],
          [
            7.988276,
            43.868947
          ],
          [
            7.988631,
            43.869145
          ],
          [
            7.989316,
            43.869567
          ],
          [
            7.98997,
            43.870007
          ],
          [
            7.99052,
            43.870455
          ],
          [
            7.990876,
            43.870772
          ],
          [
            7.991402,
            43.871358
          ],
          [
            7.992173,
            43.872275
          ],
          [
            7.995059,
            43.875737
          ],
          [
            7.995766,
            43.876563
          ],
          [
            7.996036,
            43.876868
          ],
          [
            7.996506,
            43.877322
          ],
          [
            7.996789,
            43.877586
          ],
          [
            7.997206,
            43.877935
          ],
          [
            7.997781,
            43.878354
          ],
          [
            7.998637,
            43.878922
          ],
          [
            8.001655,
            43.880764
          ],
          [
            8.003113,
            43.88163
          ],
          [
            8.005426,
            43.883063
          ],
          [
            8.006545,
            43.883695
          ],
          [
            8.009249,
            43.885332
          ],
          [
            8.009997,
            43.885767
          ],
          [
            8.010887,
            43.886248
          ],
          [
            8.011285,
            43.886446
          ],
          [
            8.012471,
            43.886981
          ],
          [
            8.013195,
            43.887278
          ],
          [
            8.013728,
            43.887478
          ],
          [
            8.014573,
            43.887789
          ],
          [
            8.015288,
            43.888026
          ],
          [
            8.015878,
            43.888207
          ],
          [
            8.016858,
            43.888465
          ],
          [
            8.017875,
            43.888705
          ],
          [
            8.018759,
            43.888893
          ],
          [
            8.020124,
            43.889158
          ],
          [
            8.023504,
            43.889807
          ],
          [
            8.024518,
            43.890051
          ],
          [
            8.025054,
            43.890226
          ],
          [
            8.025464,
            43.890391
          ],
          [
            8.025807,
            43.89055
          ],
          [
            8.026135,
            43.890726
          ],
          [
            8.026759,
            43.89114
          ],
          [
            8.027114,
            43.891438
          ],
          [
            8.027376,
            43.891692
          ],
          [
            8.027577,
            43.89191
          ],
          [
            8.027961,
            43.892422
          ],
          [
            8.028103,
            43.892675
          ],
          [
            8.028237,
            43.892975
          ],
          [
            8.028418,
            43.893472
          ],
          [
            8.028513,
            43.893964
          ],
          [
            8.028533,
            43.894256
          ],
          [
            8.028532,
            43.894479
          ],
          [
            8.028491,
            43.894916
          ],
          [
            8.028417,
            43.895269
          ],
          [
            8.028308,
            43.89563
          ],
          [
            8.028222,
            43.895914
          ],
          [
            8.027112,
            43.899504
          ],
          [
            8.026894,
            43.90029
          ],
          [
            8.026791,
            43.900949
          ],
          [
            8.026793,
            43.901702
          ],
          [
            8.026852,
            43.902106
          ],
          [
            8.026932,
            43.902447
          ],
          [
            8.027085,
            43.902874
          ],
          [
            8.027254,
            43.903228
          ],
          [
            8.027452,
            43.903559
          ],
          [
            8.027824,
            43.904064
          ],
          [
            8.028055,
            43.904345
          ],
          [
            8.028684,
            43.904943
          ],
          [
            8.029311,
            43.905379
          ],
          [
            8.029613,
            43.905558
          ],
          [
            8.030146,
            43.905835
          ],
          [
            8.030445,
            43.905973
          ],
          [
            8.031051,
            43.906211
          ],
          [
            8.031488,
            43.906354
          ],
          [
            8.031853,
            43.906452
          ],
          [
            8.032469,
            43.906588
          ],
          [
            8.032926,
            43.906665
          ],
          [
            8.033491,
            43.906728
          ],
          [
            8.034107,
            43.906765
          ],
          [
            8.034554,
            43.906766
          ],
          [
            8.035101,
            43.906726
          ],
          [
            8.035569,
            43.906674
          ],
          [
            8.036247,
            43.906562
          ],
          [
            8.036993,
            43.906386
          ],
          [
            8.037641,
            43.90618
          ],
          [
            8.038379,
            43.90588
          ],
          [
            8.038804,
            43.905668
          ],
          [
            8.039183,
            43.905445
          ],
          [
            8.039685,
            43.905114
          ],
          [
            8.04012,
            43.904772
          ],
          [
            8.040663,
            43.904282
          ],
          [
            8.041305,
            43.903664
          ],
          [
            8.042453,
            43.902428
          ],
          [
            8.043649,
            43.901047
          ],
          [
            8.043855,
            43.900835
          ],
          [
            8.044198,
            43.900528
          ],
          [
            8.044476,
            43.900325
          ],
          [
            8.044826,
            43.9001
          ],
          [
            8.04532,
            43.89982
          ],
          [
            8.045767,
            43.899601
          ],
          [
            8.046256,
            43.899399
          ],
          [
            8.046747,
            43.899238
          ],
          [
            8.047753,
            43.899002
          ],
          [
            8.048374,
            43.898918
          ],
          [
            8.049042,
            43.898884
          ],
          [
            8.049472,
            43.898893
          ],
          [
            8.050144,
            43.898948
          ],
          [
            8.050886,
            43.899057
          ],
          [
            8.0516,
            43.899227
          ],
          [
            8.052429,
            43.899523
          ],
          [
            8.053046,
            43.8998
          ],
          [
            8.053619,
            43.900081
          ],
          [
            8.054264,
            43.900431
          ],
          [
            8.060879,
            43.904054
          ],
          [
            8.063272,
            43.905344
          ],
          [
            8.064216,
            43.905874
          ],
          [
            8.064936,
            43.906353
          ],
          [
            8.065262,
            43.906594
          ],
          [
            8.065662,
            43.90692
          ],
          [
            8.066092,
            43.907308
          ],
          [
            8.066664,
            43.907893
          ],
          [
            8.066937,
            43.908213
          ],
          [
            8.067281,
            43.908665
          ],
          [
            8.067558,
            43.909084
          ],
          [
            8.067819,
            43.909502
          ],
          [
            8.068195,
            43.910272
          ],
          [
            8.068355,
            43.910655
          ],
          [
            8.068508,
            43.911187
          ],
          [
            8.068777,
            43.912458
          ],
          [
            8.069097,
            43.913854
          ],
          [
            8.069664,
            43.91633
          ],
          [
            8.069893,
            43.91741
          ],
          [
            8.070089,
            43.918189
          ],
          [
            8.070208,
            43.918524
          ],
          [
            8.07035,
            43.918839
          ],
          [
            8.070621,
            43.919275
          ],
          [
            8.070853,
            43.919576
          ],
          [
            8.071405,
            43.920155
          ],
          [
            8.071752,
            43.920474
          ],
          [
            8.072144,
            43.920788
          ],
          [
            8.072421,
            43.920985
          ],
          [
            8.072755,
            43.921184
          ],
          [
            8.07337,
            43.921502
          ],
          [
            8.073867,
            43.921708
          ],
          [
            8.074303,
            43.921863
          ],
          [
            8.074672,
            43.921973
          ],
          [
            8.075379,
            43.922136
          ],
          [
            8.07604,
            43.922242
          ],
          [
            8.076423,
            43.922282
          ],
          [
            8.077277,
            43.922338
          ],
          [
            8.079004,
            43.922402
          ],
          [
            8.084072,
            43.922574
          ],
          [
            8.086224,
            43.922708
          ],
          [
            8.087583,
            43.92275
          ],
          [
            8.089028,
            43.922805
          ],
          [
            8.089471,
            43.922839
          ],
          [
            8.090257,
            43.922938
          ],
          [
            8.090956,
            43.923082
          ],
          [
            8.091599,
            43.92326
          ],
          [
            8.091968,
            43.923393
          ],
          [
            8.092653,
            43.923678
          ],
          [
            8.092963,
            43.923822
          ],
          [
            8.09331,
            43.92401
          ],
          [
            8.093796,
            43.924341
          ],
          [
            8.094372,
            43.924797
          ],
          [
            8.094691,
            43.925095
          ],
          [
            8.095253,
            43.925671
          ],
          [
            8.096659,
            43.927169
          ],
          [
            8.098431,
            43.929078
          ],
          [
            8.098977,
            43.929645
          ],
          [
            8.099576,
            43.93024
          ],
          [
            8.100017,
            43.930642
          ],
          [
            8.101411,
            43.931788
          ],
          [
            8.102402,
            43.932602
          ],
          [
            8.105709,
            43.935331
          ],
          [
            8.106182,
            43.935751
          ],
          [
            8.106733,
            43.936316
          ],
          [
            8.1071,
            43.93676
          ],
          [
            8.107356,
            43.937129
          ],
          [
            8.108119,
            43.938428
          ],
          [
            8.108753,
            43.939509
          ],
          [
            8.109005,
            43.939901
          ],
          [
            8.109278,
            43.940273
          ],
          [
            8.109749,
            43.940827
          ],
          [
            8.110279,
            43.941346
          ],
          [
            8.110797,
            43.941782
          ],
          [
            8.111154,
            43.942056
          ],
          [
            8.111584,
            43.942349
          ],
          [
            8.112332,
            43.942786
          ],
          [
            8.11286,
            43.943053
          ],
          [
            8.11352,
            43.94335
          ],
          [
            8.114415,
            43.943684
          ],
          [
            8.12944,
            43.949215
          ],
          [
            8.130258,
            43.949546
          ],
          [
            8.131195,
            43.949988
          ],
          [
            8.131716,
            43.950293
          ],
          [
            8.132224,
            43.95063
          ],
          [
            8.132668,
            43.950987
          ],
          [
            8.133175,
            43.951453
          ],
          [
            8.133479,
            43.951785
          ],
          [
            8.13372,
            43.952083
          ],
          [
            8.133932,
            43.952382
          ],
          [
            8.134168,
            43.952752
          ],
          [
            8.134322,
            43.953032
          ],
          [
            8.134553,
            43.953559
          ],
          [
            8.134693,
            43.953982
          ],
          [
            8.134865,
            43.954821
          ],
          [
            8.134894,
            43.955329
          ],
          [
            8.134876,
            43.955889
          ],
          [
            8.134697,
            43.957567
          ],
          [
            8.134691,
            43.95808
          ],
          [
            8.134733,
            43.958517
          ],
          [
            8.134835,
            43.958979
          ],
          [
            8.134986,
            43.959413
          ],
          [
            8.135192,
            43.959852
          ],
          [
            8.135575,
            43.960464
          ],
          [
            8.135765,
            43.960708
          ],
          [
            8.13616,
            43.961144
          ],
          [
            8.136573,
            43.961512
          ],
          [
            8.137288,
            43.962017
          ],
          [
            8.14076,
            43.964224
          ],
          [
            8.141687,
            43.964853
          ],
          [
            8.142083,
            43.965176
          ],
          [
            8.142418,
            43.965477
          ],
          [
            8.142829,
            43.965913
          ],
          [
            8.142986,
            43.966105
          ],
          [
            8.143344,
            43.966637
          ],
          [
            8.143497,
            43.9669
          ],
          [
            8.143767,
            43.967471
          ],
          [
            8.143956,
            43.968068
          ],
          [
            8.144067,
            43.968649
          ],
          [
            8.144102,
            43.969077
          ],
          [
            8.144099,
            43.969354
          ],
          [
            8.144049,
            43.969872
          ],
          [
            8.143963,
            43.970318
          ],
          [
            8.143738,
            43.97101
          ],
          [
            8.143506,
            43.971491
          ],
          [
            8.143087,
            43.972176
          ],
          [
            8.142848,
            43.972526
          ],
          [
            8.142683,
            43.972758
          ],
          [
            8.14211,
            43.973576
          ],
          [
            8.141849,
            43.973996
          ],
          [
            8.141666,
            43.974309
          ],
          [
            8.141264,
            43.975083
          ],
          [
            8.141009,
            43.975699
          ],
          [
            8.140849,
            43.976151
          ],
          [
            8.140738,
            43.976504
          ],
          [
            8.140507,
            43.977446
          ],
          [
            8.140379,
            43.978016
          ],
          [
            8.140273,
            43.97832
          ],
          [
            8.140156,
            43.978579
          ],
          [
            8.139862,
            43.979118
          ],
          [
            8.139566,
            43.979601
          ],
          [
            8.139395,
            43.979838
          ],
          [
            8.138861,
            43.98052
          ],
          [
            8.138315,
            43.981129
          ],
          [
            8.138059,
            43.981438
          ],
          [
            8.137279,
            43.982413
          ],
          [
            8.136997,
            43.982805
          ],
          [
            8.136767,
            43.983245
          ],
          [
            8.136615,
            43.98363
          ],
          [
            8.136544,
            43.983869
          ],
          [
            8.136436,
            43.984377
          ],
          [
            8.136398,
            43.98471
          ],
          [
            8.136394,
            43.98499
          ],
          [
            8.136467,
            43.985842
          ],
          [
            8.136807,
            43.98839
          ],
          [
            8.137056,
            43.990345
          ],
          [
            8.13713,
            43.991077
          ],
          [
            8.137143,
            43.991447
          ],
          [
            8.137105,
            43.992195
          ],
          [
            8.13705,
            43.99256
          ],
          [
            8.136883,
            43.993289
          ],
          [
            8.136632,
            43.994007
          ],
          [
            8.136468,
            43.994363
          ],
          [
            8.136099,
            43.995026
          ],
          [
            8.135685,
            43.995627
          ],
          [
            8.134121,
            43.997599
          ],
          [
            8.132694,
            43.999293
          ],
          [
            8.132338,
            43.999743
          ],
          [
            8.132151,
            44.000016
          ],
          [
            8.131984,
            44.000311
          ],
          [
            8.131685,
            44.000995
          ],
          [
            8.131592,
            44.00124
          ],
          [
            8.131442,
            44.001789
          ],
          [
            8.131361,
            44.002315
          ],
          [
            8.131332,
            44.002888
          ],
          [
            8.131364,
            44.003906
          ],
          [
            8.131918,
            44.01817
          ],
          [
            8.131907,
            44.018495
          ],
          [
            8.131771,
            44.020001
          ],
          [
            8.131594,
            44.021139
          ],
          [
            8.131263,
            44.022583
          ],
          [
            8.131,
            44.023966
          ],
          [
            8.130967,
            44.024654
          ],
          [
            8.130985,
            44.02519
          ],
          [
            8.131037,
            44.02567
          ],
          [
            8.131104,
            44.026062
          ],
          [
            8.131215,
            44.026488
          ],
          [
            8.131479,
            44.027221
          ],
          [
            8.13169,
            44.027699
          ],
          [
            8.133208,
            44.030581
          ],
          [
            8.133436,
            44.031059
          ],
          [
            8.133616,
            44.031546
          ],
          [
            8.133731,
            44.031951
          ],
          [
            8.133806,
            44.03236
          ],
          [
            8.13384,
            44.032707
          ],
          [
            8.133839,
            44.033097
          ],
          [
            8.133809,
            44.033691
          ],
          [
            8.133701,
            44.034397
          ],
          [
            8.133432,
            44.035742
          ],
          [
            8.133388,
            44.036072
          ],
          [
            8.133371,
            44.036586
          ],
          [
            8.133432,
            44.037198
          ],
          [
            8.133502,
            44.037514
          ],
          [
            8.133616,
            44.037874
          ],
          [
            8.133734,
            44.038164
          ],
          [
            8.133995,
            44.03867
          ],
          [
            8.13436,
            44.039186
          ],
          [
            8.134818,
            44.039699
          ],
          [
            8.135073,
            44.039941
          ],
          [
            8.135576,
            44.040337
          ],
          [
            8.135831,
            44.040516
          ],
          [
            8.136421,
            44.04086
          ],
          [
            8.137144,
            44.041221
          ],
          [
            8.143121,
            44.04403
          ],
          [
            8.143608,
            44.044274
          ],
          [
            8.144414,
            44.044738
          ],
          [
            8.147059,
            44.046534
          ],
          [
            8.149797,
            44.048408
          ],
          [
            8.150749,
            44.049055
          ],
          [
            8.152028,
            44.049848
          ],
          [
            8.153624,
            44.050728
          ],
          [
            8.154675,
            44.051247
          ],
          [
            8.156694,
            44.05217
          ],
          [
            8.157194,
            44.052372
          ],
          [
            8.160631,
            44.053642
          ],
          [
            8.161927,
            44.054197
          ],
          [
            8.162768,
            44.05461
          ],
          [
            8.164105,
            44.055349
          ],
          [
            8.164935,
            44.055873
          ],
          [
            8.166012,
            44.056627
          ],
          [
            8.166767,
            44.05722
          ],
          [
            8.167338,
            44.05773
          ],
          [
            8.168274,
            44.058632
          ],
          [
            8.168549,
            44.05892
          ],
          [
            8.169202,
            44.059671
          ],
          [
            8.16974,
            44.060326
          ],
          [
            8.170316,
            44.061086
          ],
          [
            8.171555,
            44.062633
          ],
          [
            8.172081,
            44.063278
          ],
          [
            8.172769,
            44.064042
          ],
          [
            8.173066,
            44.064346
          ],
          [
            8.173739,
            44.064977
          ],
          [
            8.17427,
            44.065444
          ],
          [
            8.17476,
            44.065844
          ],
          [
            8.175307,
            44.066263
          ],
          [
            8.176001,
            44.066766
          ],
          [
            8.178569,
            44.068634
          ],
          [
            8.185309,
            44.073593
          ],
          [
            8.188679,
            44.076047
          ],
          [
            8.190148,
            44.077078
          ],
          [
            8.198223,
            44.082579
          ],
          [
            8.199787,
            44.08366
          ],
          [
            8.20178,
            44.085004
          ],
          [
            8.204378,
            44.086818
          ],
          [
            8.208294,
            44.089623
          ],
          [
            8.211204,
            44.091709
          ],
          [
            8.212025,
            44.092297
          ],
          [
            8.217575,
            44.096267
          ],
          [
            8.219814,
            44.097867
          ],
          [
            8.220175,
            44.098125
          ],
          [
            8.220986,
            44.098658
          ],
          [
            8.22209,
            44.099292
          ],
          [
            8.222623,
            44.099559
          ],
          [
            8.223624,
            44.100013
          ],
          [
            8.224061,
            44.100201
          ],
          [
            8.225235,
            44.100651
          ],
          [
            8.226516,
            44.101144
          ],
          [
            8.22702,
            44.101366
          ],
          [
            8.227545,
            44.101629
          ],
          [
            8.227833,
            44.101783
          ],
          [
            8.228485,
            44.10218
          ],
          [
            8.229004,
            44.102546
          ],
          [
            8.229444,
            44.102901
          ],
          [
            8.230012,
            44.10349
          ],
          [
            8.230726,
            44.104384
          ],
          [
            8.231175,
            44.105157
          ],
          [
            8.231541,
            44.105992
          ],
          [
            8.231695,
            44.106398
          ],
          [
            8.231805,
            44.106803
          ],
          [
            8.231929,
            44.107435
          ],
          [
            8.231987,
            44.108019
          ],
          [
            8.231999,
            44.108725
          ],
          [
            8.2319,
            44.109319
          ],
          [
            8.231828,
            44.109537
          ],
          [
            8.231631,
            44.110038
          ],
          [
            8.231384,
            44.110593
          ],
          [
            8.231121,
            44.111053
          ],
          [
            8.23089,
            44.111411
          ],
          [
            8.230237,
            44.112347
          ],
          [
            8.227827,
            44.115813
          ],
          [
            8.226318,
            44.117907
          ],
          [
            8.226003,
            44.118418
          ],
          [
            8.22558,
            44.119306
          ],
          [
            8.225355,
            44.119928
          ],
          [
            8.225176,
            44.120627
          ],
          [
            8.225097,
            44.121147
          ],
          [
            8.225057,
            44.12159
          ],
          [
            8.225047,
            44.12203
          ],
          [
            8.225066,
            44.122528
          ],
          [
            8.225122,
            44.122993
          ],
          [
            8.225172,
            44.123234
          ],
          [
            8.225303,
            44.123769
          ],
          [
            8.225416,
            44.124139
          ],
          [
            8.225528,
            44.124455
          ],
          [
            8.225793,
            44.125084
          ],
          [
            8.226094,
            44.125639
          ],
          [
            8.22649,
            44.126241
          ],
          [
            8.226917,
            44.126797
          ],
          [
            8.227501,
            44.127436
          ],
          [
            8.227847,
            44.127794
          ],
          [
            8.228278,
            44.128178
          ],
          [
            8.228602,
            44.128435
          ],
          [
            8.228958,
            44.128687
          ],
          [
            8.229789,
            44.129213
          ],
          [
            8.230076,
            44.129387
          ],
          [
            8.230626,
            44.129679
          ],
          [
            8.231137,
            44.129919
          ],
          [
            8.231948,
            44.130257
          ],
          [
            8.23274,
            44.13056
          ],
          [
            8.233897,
            44.131017
          ],
          [
            8.235267,
            44.131596
          ],
          [
            8.236415,
            44.132187
          ],
          [
            8.236678,
            44.13234
          ],
          [
            8.237379,
            44.132759
          ],
          [
            8.238107,
            44.133247
          ],
          [
            8.238798,
            44.133769
          ],
          [
            8.239202,
            44.134098
          ],
          [
            8.239746,
            44.134574
          ],
          [
            8.241776,
            44.1368
          ],
          [
            8.242909,
            44.138138
          ],
          [
            8.244861,
            44.140403
          ],
          [
            8.246425,
            44.14217
          ],
          [
            8.247947,
            44.143703
          ],
          [
            8.248472,
            44.144193
          ],
          [
            8.249303,
            44.144905
          ],
          [
            8.250292,
            44.14567
          ],
          [
            8.25093,
            44.146126
          ],
          [
            8.251797,
            44.14671
          ],
          [
            8.25269,
            44.147276
          ],
          [
            8.254646,
            44.148473
          ],
          [
            8.258295,
            44.150596
          ],
          [
            8.259407,
            44.151195
          ],
          [
            8.261038,
            44.152035
          ],
          [
            8.262493,
            44.152731
          ],
          [
            8.264985,
            44.153892
          ],
          [
            8.267738,
            44.15517
          ],
          [
            8.2684,
            44.155493
          ],
          [
            8.269109,
            44.155863
          ],
          [
            8.269716,
            44.156215
          ],
          [
            8.270299,
            44.156586
          ],
          [
            8.271336,
            44.157381
          ],
          [
            8.27168,
            44.157662
          ],
          [
            8.272134,
            44.158084
          ],
          [
            8.272725,
            44.1587
          ],
          [
            8.273242,
            44.15936
          ],
          [
            8.273667,
            44.15997
          ],
          [
            8.274075,
            44.160688
          ],
          [
            8.275189,
            44.162971
          ],
          [
            8.275892,
            44.164444
          ],
          [
            8.276459,
            44.165581
          ],
          [
            8.276729,
            44.166002
          ],
          [
            8.27712,
            44.166518
          ],
          [
            8.277419,
            44.166868
          ],
          [
            8.277678,
            44.167146
          ],
          [
            8.278085,
            44.167537
          ],
          [
            8.278671,
            44.168029
          ],
          [
            8.279369,
            44.168489
          ],
          [
            8.279726,
            44.168701
          ],
          [
            8.280167,
            44.168936
          ],
          [
            8.280559,
            44.169131
          ],
          [
            8.281093,
            44.169369
          ],
          [
            8.281889,
            44.169653
          ],
          [
            8.282774,
            44.169906
          ],
          [
            8.287738,
            44.171014
          ],
          [
            8.288479,
            44.171213
          ],
          [
            8.289176,
            44.171421
          ],
          [
            8.289725,
            44.171616
          ],
          [
            8.290528,
            44.171952
          ],
          [
            8.291236,
            44.172318
          ],
          [
            8.29202,
            44.172821
          ],
          [
            8.292728,
            44.17334
          ],
          [
            8.293123,
            44.173704
          ],
          [
            8.293679,
            44.174308
          ],
          [
            8.29423,
            44.175058
          ],
          [
            8.294879,
            44.176025
          ],
          [
            8.295192,
            44.176506
          ],
          [
            8.295549,
            44.176987
          ],
          [
            8.295919,
            44.177446
          ],
          [
            8.296153,
            44.177701
          ],
          [
            8.302826,
            44.184261
          ],
          [
            8.303498,
            44.184924
          ],
          [
            8.303977,
            44.185441
          ],
          [
            8.304481,
            44.186065
          ],
          [
            8.304955,
            44.186741
          ],
          [
            8.305414,
            44.187527
          ],
          [
            8.305706,
            44.188158
          ],
          [
            8.305996,
            44.18893
          ],
          [
            8.30614,
            44.189473
          ],
          [
            8.306277,
            44.190293
          ],
          [
            8.306302,
            44.190663
          ],
          [
            8.306302,
            44.191108
          ],
          [
            8.30627,
            44.191627
          ],
          [
            8.306164,
            44.192342
          ],
          [
            8.305332,
            44.196121
          ],
          [
            8.305213,
            44.19684
          ],
          [
            8.305163,
            44.19752
          ],
          [
            8.30517,
            44.198131
          ],
          [
            8.305242,
            44.198905
          ],
          [
            8.305558,
            44.199754
          ],
          [
            8.305796,
            44.20019
          ],
          [
            8.306233,
            44.200932
          ],
          [
            8.30673,
            44.201498
          ],
          [
            8.307381,
            44.202098
          ],
          [
            8.308282,
            44.202822
          ],
          [
            8.308882,
            44.203239
          ],
          [
            8.312043,
            44.205357
          ],
          [
            8.31254,
            44.205714
          ],
          [
            8.313167,
            44.206129
          ],
          [
            8.314588,
            44.207112
          ],
          [
            8.315823,
            44.207985
          ],
          [
            8.317182,
            44.208894
          ],
          [
            8.318146,
            44.209621
          ],
          [
            8.318747,
            44.210041
          ],
          [
            8.3193,
            44.210507
          ],
          [
            8.320045,
            44.211195
          ],
          [
            8.320521,
            44.211708
          ],
          [
            8.321244,
            44.212624
          ],
          [
            8.322176,
            44.214007
          ],
          [
            8.323457,
            44.215923
          ],
          [
            8.325599,
            44.219109
          ],
          [
            8.32579,
            44.219382
          ],
          [
            8.326132,
            44.219802
          ],
          [
            8.326322,
            44.220016
          ],
          [
            8.326557,
            44.220238
          ],
          [
            8.327215,
            44.220766
          ],
          [
            8.327587,
            44.221019
          ],
          [
            8.327953,
            44.221239
          ],
          [
            8.328501,
            44.221532
          ],
          [
            8.32938,
            44.221897
          ],
          [
            8.329916,
            44.222077
          ],
          [
            8.330526,
            44.222247
          ],
          [
            8.332452,
            44.222696
          ],
          [
            8.333745,
            44.223002
          ],
          [
            8.341731,
            44.225028
          ],
          [
            8.34265,
            44.225227
          ],
          [
            8.343469,
            44.225335
          ],
          [
            8.344301,
            44.225396
          ],
          [
            8.345048,
            44.225421
          ],
          [
            8.346756,
            44.225381
          ],
          [
            8.347609,
            44.225323
          ],
          [
            8.348356,
            44.225237
          ],
          [
            8.351864,
            44.224659
          ],
          [
            8.352278,
            44.224601
          ],
          [
            8.35339,
            44.224505
          ],
          [
            8.353761,
            44.22449
          ],
          [
            8.354577,
            44.224493
          ],
          [
            8.355271,
            44.224531
          ],
          [
            8.355748,
            44.224578
          ],
          [
            8.356657,
            44.224713
          ],
          [
            8.357441,
            44.224874
          ],
          [
            8.357876,
            44.224984
          ],
          [
            8.361828,
            44.226266
          ],
          [
            8.362905,
            44.226626
          ],
          [
            8.364546,
            44.227204
          ],
          [
            8.365542,
            44.227531
          ],
          [
            8.366146,
            44.227708
          ],
          [
            8.366755,
            44.227858
          ],
          [
            8.367329,
            44.22796
          ],
          [
            8.367908,
            44.228035
          ],
          [
            8.368759,
            44.228089
          ],
          [
            8.369258,
            44.228093
          ],
          [
            8.369843,
            44.228059
          ],
          [
            8.370361,
            44.22799
          ],
          [
            8.370922,
            44.227891
          ],
          [
            8.371249,
            44.227833
          ],
          [
            8.371881,
            44.227686
          ],
          [
            8.37501,
            44.226854
          ],
          [
            8.376165,
            44.226563
          ],
          [
            8.377074,
            44.226387
          ],
          [
            8.377533,
            44.226324
          ],
          [
            8.378512,
            44.226238
          ],
          [
            8.379057,
            44.226216
          ],
          [
            8.380201,
            44.226202
          ],
          [
            8.382244,
            44.226175
          ],
          [
            8.383097,
            44.226171
          ],
          [
            8.384033,
            44.22621
          ],
          [
            8.384812,
            44.22631
          ],
          [
            8.385224,
            44.226389
          ],
          [
            8.385575,
            44.226475
          ],
          [
            8.386381,
            44.226718
          ],
          [
            8.387854,
            44.227194
          ],
          [
            8.388458,
            44.227366
          ],
          [
            8.388842,
            44.227466
          ],
          [
            8.389519,
            44.227613
          ],
          [
            8.392585,
            44.228116
          ],
          [
            8.393739,
            44.228312
          ],
          [
            8.394654,
            44.228493
          ],
          [
            8.395056,
            44.228587
          ],
          [
            8.395863,
            44.22886
          ],
          [
            8.396291,
            44.229035
          ],
          [
            8.396948,
            44.229367
          ],
          [
            8.397509,
            44.229721
          ],
          [
            8.398033,
            44.230115
          ],
          [
            8.398353,
            44.230404
          ],
          [
            8.398818,
            44.230945
          ],
          [
            8.399026,
            44.231238
          ],
          [
            8.399223,
            44.231578
          ],
          [
            8.399387,
            44.23192
          ],
          [
            8.399543,
            44.232326
          ],
          [
            8.399629,
            44.23263
          ],
          [
            8.399693,
            44.232948
          ],
          [
            8.399729,
            44.233248
          ],
          [
            8.399732,
            44.233682
          ],
          [
            8.399695,
            44.234032
          ],
          [
            8.39956,
            44.234702
          ],
          [
            8.399182,
            44.236329
          ],
          [
            8.399125,
            44.236656
          ],
          [
            8.399078,
            44.237214
          ],
          [
            8.398969,
            44.238643
          ],
          [
            8.399001,
            44.239146
          ],
          [
            8.399182,
            44.240023
          ],
          [
            8.399393,
            44.240665
          ],
          [
            8.39967,
            44.241258
          ],
          [
            8.400225,
            44.242167
          ],
          [
            8.405404,
            44.249408
          ],
          [
            8.406172,
            44.250584
          ],
          [
            8.406432,
            44.251041
          ],
          [
            8.406639,
            44.251521
          ],
          [
            8.406758,
            44.25187
          ],
          [
            8.406887,
            44.252412
          ],
          [
            8.406941,
            44.252741
          ],
          [
            8.406993,
            44.253363
          ],
          [
            8.406985,
            44.255044
          ],
          [
            8.406963,
            44.25792
          ],
          [
            8.406961,
            44.258711
          ],
          [
            8.407002,
            44.259201
          ],
          [
            8.40705,
            44.259503
          ],
          [
            8.407104,
            44.259757
          ],
          [
            8.407196,
            44.260053
          ],
          [
            8.407481,
            44.260713
          ],
          [
            8.407621,
            44.260975
          ],
          [
            8.408052,
            44.261579
          ],
          [
            8.408391,
            44.261973
          ],
          [
            8.408703,
            44.262296
          ],
          [
            8.408932,
            44.262499
          ],
          [
            8.409477,
            44.262927
          ],
          [
            8.410263,
            44.26341
          ],
          [
            8.412066,
            44.264301
          ],
          [
            8.412724,
            44.26461
          ],
          [
            8.413366,
            44.264939
          ],
          [
            8.413988,
            44.26528
          ],
          [
            8.414617,
            44.265685
          ],
          [
            8.415469,
            44.266338
          ],
          [
            8.416491,
            44.267389
          ],
          [
            8.417503,
            44.268524
          ],
          [
            8.419647,
            44.270863
          ],
          [
            8.420102,
            44.271336
          ],
          [
            8.420787,
            44.271987
          ],
          [
            8.42144,
            44.272527
          ],
          [
            8.4218,
            44.272794
          ],
          [
            8.423078,
            44.273663
          ],
          [
            8.426725,
            44.276092
          ],
          [
            8.427173,
            44.27641
          ],
          [
            8.427481,
            44.276657
          ],
          [
            8.427831,
            44.27698
          ],
          [
            8.42816,
            44.277342
          ],
          [
            8.428428,
            44.277688
          ],
          [
            8.428614,
            44.277968
          ],
          [
            8.42882,
            44.278342
          ],
          [
            8.428992,
            44.278708
          ],
          [
            8.429558,
            44.280234
          ],
          [
            8.429726,
            44.280675
          ],
          [
            8.429926,
            44.281099
          ],
          [
            8.43022,
            44.281554
          ],
          [
            8.430457,
            44.281838
          ],
          [
            8.430765,
            44.282144
          ],
          [
            8.431524,
            44.282777
          ],
          [
            8.432372,
            44.283448
          ],
          [
            8.433166,
            44.284072
          ],
          [
            8.434446,
            44.285078
          ],
          [
            8.434928,
            44.285458
          ],
          [
            8.435977,
            44.286232
          ],
          [
            8.436508,
            44.286565
          ],
          [
            8.437052,
            44.286866
          ],
          [
            8.43777,
            44.2872
          ],
          [
            8.438855,
            44.287648
          ],
          [
            8.441672,
            44.288795
          ],
          [
            8.442624,
            44.289166
          ],
          [
            8.443479,
            44.28952
          ],
          [
            8.443952,
            44.289746
          ],
          [
            8.444614,
            44.290166
          ],
          [
            8.444992,
            44.290465
          ],
          [
            8.445231,
            44.29068
          ],
          [
            8.445526,
            44.290997
          ],
          [
            8.445791,
            44.291337
          ],
          [
            8.446006,
            44.291683
          ],
          [
            8.446243,
            44.292216
          ],
          [
            8.446365,
            44.292596
          ],
          [
            8.446406,
            44.292793
          ],
          [
            8.446459,
            44.293243
          ],
          [
            8.446466,
            44.293478
          ],
          [
            8.446422,
            44.294517
          ],
          [
            8.446416,
            44.295329
          ],
          [
            8.446381,
            44.296583
          ],
          [
            8.446378,
            44.297617
          ],
          [
            8.446349,
            44.298501
          ],
          [
            8.446395,
            44.298997
          ],
          [
            8.446447,
            44.299327
          ],
          [
            8.446529,
            44.299605
          ],
          [
            8.446675,
            44.30001
          ],
          [
            8.446786,
            44.300254
          ],
          [
            8.447142,
            44.30087
          ],
          [
            8.447301,
            44.301093
          ],
          [
            8.447814,
            44.301683
          ],
          [
            8.447896,
            44.301761
          ],
          [
            8.448301,
            44.30216
          ],
          [
            8.448483,
            44.302315
          ],
          [
            8.449248,
            44.302831
          ],
          [
            8.449774,
            44.303114
          ],
          [
            8.450388,
            44.303388
          ],
          [
            8.45071,
            44.30351
          ],
          [
            8.451042,
            44.303629
          ],
          [
            8.4517,
            44.303817
          ],
          [
            8.452552,
            44.303991
          ],
          [
            8.453266,
            44.304094
          ],
          [
            8.457212,
            44.304526
          ],
          [
            8.45795,
            44.304641
          ],
          [
            8.45901,
            44.304869
          ],
          [
            8.459678,
            44.305047
          ],
          [
            8.460105,
            44.305178
          ],
          [
            8.4612,
            44.305574
          ],
          [
            8.461946,
            44.305908
          ],
          [
            8.462375,
            44.306128
          ],
          [
            8.462808,
            44.30636
          ],
          [
            8.463446,
            44.306759
          ],
          [
            8.46384,
            44.307033
          ],
          [
            8.46449,
            44.307531
          ],
          [
            8.46475,
            44.307749
          ],
          [
            8.465168,
            44.308146
          ],
          [
            8.465716,
            44.308737
          ],
          [
            8.466202,
            44.309377
          ],
          [
            8.466552,
            44.309926
          ],
          [
            8.466912,
            44.310553
          ],
          [
            8.466986,
            44.310682
          ],
          [
            8.467598,
            44.311765
          ],
          [
            8.468701,
            44.313668
          ],
          [
            8.469853,
            44.315681
          ],
          [
            8.470025,
            44.316037
          ],
          [
            8.470345,
            44.316616
          ],
          [
            8.470623,
            44.316964
          ],
          [
            8.470807,
            44.317158
          ],
          [
            8.471015,
            44.317342
          ],
          [
            8.47151,
            44.317696
          ],
          [
            8.471799,
            44.317862
          ],
          [
            8.472151,
            44.318037
          ],
          [
            8.472524,
            44.318182
          ],
          [
            8.473023,
            44.318338
          ],
          [
            8.473783,
            44.318482
          ],
          [
            8.474713,
            44.31857
          ],
          [
            8.476937,
            44.318706
          ],
          [
            8.47759,
            44.31875
          ],
          [
            8.478046,
            44.318797
          ],
          [
            8.478517,
            44.318879
          ],
          [
            8.478972,
            44.319
          ],
          [
            8.479291,
            44.319105
          ],
          [
            8.479906,
            44.319361
          ],
          [
            8.480175,
            44.319499
          ],
          [
            8.480451,
            44.319666
          ],
          [
            8.480939,
            44.319999
          ],
          [
            8.481824,
            44.320677
          ],
          [
            8.48235,
            44.321037
          ],
          [
            8.482946,
            44.321386
          ],
          [
            8.48355,
            44.321695
          ],
          [
            8.484116,
            44.321955
          ],
          [
            8.484912,
            44.322254
          ],
          [
            8.486498,
            44.32271
          ],
          [
            8.489254,
            44.323474
          ],
          [
            8.489778,
            44.323663
          ],
          [
            8.490091,
            44.323798
          ],
          [
            8.490597,
            44.324056
          ],
          [
            8.49086,
            44.32422
          ],
          [
            8.491312,
            44.324539
          ],
          [
            8.492763,
            44.325698
          ],
          [
            8.492875,
            44.325789
          ],
          [
            8.497901,
            44.329769
          ],
          [
            8.498374,
            44.330171
          ],
          [
            8.498901,
            44.330702
          ],
          [
            8.499242,
            44.331094
          ],
          [
            8.499432,
            44.331344
          ],
          [
            8.499885,
            44.332033
          ],
          [
            8.500483,
            44.33309
          ],
          [
            8.500623,
            44.333287
          ],
          [
            8.500896,
            44.333578
          ],
          [
            8.501195,
            44.333837
          ],
          [
            8.501524,
            44.334079
          ],
          [
            8.501914,
            44.334314
          ],
          [
            8.502326,
            44.334518
          ],
          [
            8.502915,
            44.334734
          ],
          [
            8.503241,
            44.334824
          ],
          [
            8.503817,
            44.334939
          ],
          [
            8.504186,
            44.334985
          ],
          [
            8.504678,
            44.335012
          ],
          [
            8.505803,
            44.334984
          ],
          [
            8.507467,
            44.334894
          ],
          [
            8.508065,
            44.334862
          ],
          [
            8.509746,
            44.334787
          ],
          [
            8.510466,
            44.334789
          ],
          [
            8.51087,
            44.334808
          ],
          [
            8.511314,
            44.334848
          ],
          [
            8.51189,
            44.334918
          ],
          [
            8.513377,
            44.335165
          ],
          [
            8.51712,
            44.335802
          ],
          [
            8.52114,
            44.336472
          ],
          [
            8.521753,
            44.336516
          ],
          [
            8.52211,
            44.336509
          ],
          [
            8.522857,
            44.336435
          ],
          [
            8.523152,
            44.336393
          ],
          [
            8.523456,
            44.33633
          ],
          [
            8.523971,
            44.336198
          ],
          [
            8.524226,
            44.336116
          ],
          [
            8.525161,
            44.335757
          ],
          [
            8.526658,
            44.335159
          ],
          [
            8.527233,
            44.335001
          ],
          [
            8.527831,
            44.334914
          ],
          [
            8.528156,
            44.334891
          ],
          [
            8.528418,
            44.334893
          ],
          [
            8.529002,
            44.334948
          ],
          [
            8.529424,
            44.335012
          ],
          [
            8.530195,
            44.335157
          ],
          [
            8.531273,
            44.33541
          ],
          [
            8.531755,
            44.335583
          ],
          [
            8.531984,
            44.335687
          ],
          [
            8.532362,
            44.335893
          ],
          [
            8.532616,
            44.336081
          ],
          [
            8.532956,
            44.336376
          ],
          [
            8.533202,
            44.33663
          ],
          [
            8.533866,
            44.337395
          ],
          [
            8.534821,
            44.33841
          ],
          [
            8.535035,
            44.338637
          ],
          [
            8.536089,
            44.33976
          ],
          [
            8.536422,
            44.340115
          ],
          [
            8.537815,
            44.341609
          ],
          [
            8.538216,
            44.342041
          ],
          [
            8.539489,
            44.343404
          ],
          [
            8.540857,
            44.344869
          ],
          [
            8.541126,
            44.345171
          ],
          [
            8.541743,
            44.345832
          ],
          [
            8.542598,
            44.346709
          ],
          [
            8.542912,
            44.347007
          ],
          [
            8.543294,
            44.347272
          ],
          [
            8.543513,
            44.347392
          ],
          [
            8.543888,
            44.347549
          ],
          [
            8.544126,
            44.347628
          ],
          [
            8.544533,
            44.347723
          ],
          [
            8.544792,
            44.347761
          ],
          [
            8.545073,
            44.34778
          ],
          [
            8.545829,
            44.347787
          ],
          [
            8.547142,
            44.347798
          ],
          [
            8.55017,
            44.347837
          ],
          [
            8.552394,
            44.347856
          ],
          [
            8.552817,
            44.347859
          ],
          [
            8.554814,
            44.347888
          ],
          [
            8.555315,
            44.347953
          ],
          [
            8.555429,
            44.347975
          ],
          [
            8.555835,
            44.348078
          ],
          [
            8.556464,
            44.34831
          ],
          [
            8.556653,
            44.348404
          ],
          [
            8.557044,
            44.348638
          ],
          [
            8.557288,
            44.348831
          ],
          [
            8.557438,
            44.348976
          ],
          [
            8.557635,
            44.349218
          ],
          [
            8.557901,
            44.349623
          ],
          [
            8.558585,
            44.350747
          ],
          [
            8.559725,
            44.352608
          ],
          [
            8.560101,
            44.353172
          ],
          [
            8.560461,
            44.353644
          ],
          [
            8.561098,
            44.354426
          ],
          [
            8.562747,
            44.356451
          ],
          [
            8.563583,
            44.357488
          ],
          [
            8.563955,
            44.357946
          ],
          [
            8.564555,
            44.358684
          ],
          [
            8.564859,
            44.359051
          ],
          [
            8.565049,
            44.359235
          ],
          [
            8.56572,
            44.35976
          ],
          [
            8.566334,
            44.360127
          ],
          [
            8.57082,
            44.362502
          ],
          [
            8.572225,
            44.363234
          ],
          [
            8.573016,
            44.36361
          ],
          [
            8.573264,
            44.363708
          ],
          [
            8.573716,
            44.363857
          ],
          [
            8.574163,
            44.363957
          ],
          [
            8.574638,
            44.363994
          ],
          [
            8.574855,
            44.363988
          ],
          [
            8.57701,
            44.363743
          ],
          [
            8.578235,
            44.363609
          ],
          [
            8.580764,
            44.363332
          ],
          [
            8.581086,
            44.363312
          ],
          [
            8.581378,
            44.363301
          ],
          [
            8.581987,
            44.363327
          ],
          [
            8.582293,
            44.363369
          ],
          [
            8.583537,
            44.363623
          ],
          [
            8.583749,
            44.363651
          ],
          [
            8.584234,
            44.363668
          ],
          [
            8.584469,
            44.363648
          ],
          [
            8.584903,
            44.363578
          ],
          [
            8.585099,
            44.363524
          ],
          [
            8.586149,
            44.363117
          ],
          [
            8.586676,
            44.362931
          ],
          [
            8.587159,
            44.362815
          ],
          [
            8.587794,
            44.362722
          ],
          [
            8.590618,
            44.362345
          ],
          [
            8.591045,
            44.36231
          ],
          [
            8.591276,
            44.362308
          ],
          [
            8.591863,
            44.362343
          ],
          [
            8.592419,
            44.362445
          ],
          [
            8.592911,
            44.362592
          ],
          [
            8.593376,
            44.362785
          ],
          [
            8.595003,
            44.363724
          ],
          [
            8.598833,
            44.365937
          ],
          [
            8.599324,
            44.366159
          ],
          [
            8.599577,
            44.366258
          ],
          [
            8.600239,
            44.366467
          ],
          [
            8.600754,
            44.366588
          ],
          [
            8.601343,
            44.366737
          ],
          [
            8.602227,
            44.367026
          ],
          [
            8.602766,
            44.367242
          ],
          [
            8.604611,
            44.368077
          ],
          [
            8.605552,
            44.368454
          ],
          [
            8.606068,
            44.368622
          ],
          [
            8.606799,
            44.368807
          ],
          [
            8.607343,
            44.368926
          ],
          [
            8.60806,
            44.369037
          ],
          [
            8.608997,
            44.369124
          ],
          [
            8.611432,
            44.369338
          ],
          [
            8.611948,
            44.369418
          ],
          [
            8.612646,
            44.369597
          ],
          [
            8.613377,
            44.369887
          ],
          [
            8.613897,
            44.370175
          ],
          [
            8.614745,
            44.370714
          ],
          [
            8.61533,
            44.371053
          ],
          [
            8.615731,
            44.37123
          ],
          [
            8.618076,
            44.371978
          ],
          [
            8.618642,
            44.372239
          ],
          [
            8.618885,
            44.372374
          ],
          [
            8.619366,
            44.372691
          ],
          [
            8.622112,
            44.374747
          ],
          [
            8.622922,
            44.375321
          ],
          [
            8.624095,
            44.376212
          ],
          [
            8.624406,
            44.376396
          ],
          [
            8.624539,
            44.376478
          ],
          [
            8.624774,
            44.376591
          ],
          [
            8.626566,
            44.377322
          ],
          [
            8.627264,
            44.377622
          ],
          [
            8.627419,
            44.377714
          ],
          [
            8.627798,
            44.377988
          ],
          [
            8.628089,
            44.378372
          ],
          [
            8.62882,
            44.379464
          ],
          [
            8.629323,
            44.380151
          ],
          [
            8.630427,
            44.381082
          ],
          [
            8.63157,
            44.382043
          ],
          [
            8.632108,
            44.382476
          ],
          [
            8.632872,
            44.383106
          ],
          [
            8.633321,
            44.383488
          ],
          [
            8.633847,
            44.384087
          ],
          [
            8.635526,
            44.386797
          ],
          [
            8.636353,
            44.388192
          ],
          [
            8.636703,
            44.388741
          ],
          [
            8.63692,
            44.389035
          ],
          [
            8.637073,
            44.389204
          ],
          [
            8.637675,
            44.389764
          ],
          [
            8.63911,
            44.390687
          ],
          [
            8.639364,
            44.390844
          ],
          [
            8.64029,
            44.3914
          ],
          [
            8.64147,
            44.392125
          ],
          [
            8.641736,
            44.392253
          ],
          [
            8.641998,
            44.392347
          ],
          [
            8.642247,
            44.392404
          ],
          [
            8.642515,
            44.392431
          ],
          [
            8.642877,
            44.392428
          ],
          [
            8.643093,
            44.392406
          ],
          [
            8.643337,
            44.392356
          ],
          [
            8.644304,
            44.392066
          ],
          [
            8.645212,
            44.391822
          ],
          [
            8.64587,
            44.391656
          ],
          [
            8.646214,
            44.391584
          ],
          [
            8.646633,
            44.391521
          ],
          [
            8.646885,
            44.391505
          ],
          [
            8.647437,
            44.391521
          ],
          [
            8.648029,
            44.391582
          ],
          [
            8.649985,
            44.39185
          ],
          [
            8.650895,
            44.391973
          ],
          [
            8.651786,
            44.392091
          ],
          [
            8.652956,
            44.392211
          ],
          [
            8.653545,
            44.392314
          ],
          [
            8.654166,
            44.392464
          ],
          [
            8.654428,
            44.392542
          ],
          [
            8.654918,
            44.392734
          ],
          [
            8.655511,
            44.393022
          ],
          [
            8.655854,
            44.393235
          ],
          [
            8.656365,
            44.393617
          ],
          [
            8.657659,
            44.394471
          ],
          [
            8.659568,
            44.395946
          ],
          [
            8.662009,
            44.397715
          ],
          [
            8.662917,
            44.398397
          ],
          [
            8.664737,
            44.399708
          ],
          [
            8.665217,
            44.400063
          ],
          [
            8.665862,
            44.400543
          ],
          [
            8.666036,
            44.400668
          ],
          [
            8.668031,
            44.402124
          ],
          [
            8.668053,
            44.402138
          ],
          [
            8.669033,
            44.402829
          ],
          [
            8.669554,
            44.403131
          ],
          [
            8.670406,
            44.403544
          ],
          [
            8.671625,
            44.40403
          ],
          [
            8.672885,
            44.404509
          ],
          [
            8.674103,
            44.405016
          ],
          [
            8.674943,
            44.405411
          ],
          [
            8.67724,
            44.406544
          ],
          [
            8.678717,
            44.407134
          ],
          [
            8.680186,
            44.407717
          ],
          [
            8.680467,
            44.407831
          ],
          [
            8.681033,
            44.408052
          ],
          [
            8.681596,
            44.408271
          ],
          [
            8.68192,
            44.40837
          ],
          [
            8.682964,
            44.408597
          ],
          [
            8.685237,
            44.409081
          ],
          [
            8.687721,
            44.409613
          ],
          [
            8.689255,
            44.409939
          ],
          [
            8.689583,
            44.410012
          ],
          [
            8.690088,
            44.410126
          ],
          [
            8.691452,
            44.410392
          ],
          [
            8.693572,
            44.410881
          ],
          [
            8.693846,
            44.410947
          ],
          [
            8.696015,
            44.411504
          ],
          [
            8.697237,
            44.411807
          ],
          [
            8.697593,
            44.411902
          ],
          [
            8.699728,
            44.412447
          ],
          [
            8.701109,
            44.412812
          ],
          [
            8.701258,
            44.412865
          ],
          [
            8.70147,
            44.412973
          ],
          [
            8.701743,
            44.413167
          ],
          [
            8.70187,
            44.413285
          ],
          [
            8.701964,
            44.413413
          ],
          [
            8.70205,
            44.413535
          ],
          [
            8.702684,
            44.41467
          ],
          [
            8.702881,
            44.415004
          ],
          [
            8.703029,
            44.415209
          ],
          [
            8.703272,
            44.415412
          ],
          [
            8.703608,
            44.415605
          ],
          [
            8.703942,
            44.415724
          ],
          [
            8.706033,
            44.416121
          ],
          [
            8.707033,
            44.416322
          ],
          [
            8.707455,
            44.416442
          ],
          [
            8.707829,
            44.416587
          ],
          [
            8.708611,
            44.416935
          ],
          [
            8.709673,
            44.417407
          ],
          [
            8.711382,
            44.418169
          ],
          [
            8.71222,
            44.418611
          ],
          [
            8.713973,
            44.41958
          ],
          [
            8.714157,
            44.419659
          ],
          [
            8.714552,
            44.419767
          ],
          [
            8.714921,
            44.419807
          ],
          [
            8.715312,
            44.4198
          ],
          [
            8.715511,
            44.419768
          ],
          [
            8.715745,
            44.41971
          ],
          [
            8.715926,
            44.419646
          ],
          [
            8.716246,
            44.419492
          ],
          [
            8.716496,
            44.41931
          ],
          [
            8.716663,
            44.419136
          ],
          [
            8.716821,
            44.418929
          ],
          [
            8.717047,
            44.418543
          ],
          [
            8.717295,
            44.418173
          ],
          [
            8.717489,
            44.417967
          ],
          [
            8.717861,
            44.417735
          ],
          [
            8.718005,
            44.417662
          ],
          [
            8.718307,
            44.417563
          ],
          [
            8.718477,
            44.417524
          ],
          [
            8.718824,
            44.417483
          ],
          [
            8.719049,
            44.417488
          ],
          [
            8.720557,
            44.417618
          ],
          [
            8.721412,
            44.417693
          ],
          [
            8.722729,
            44.417802
          ],
          [
            8.723141,
            44.417859
          ],
          [
            8.723483,
            44.417949
          ],
          [
            8.723656,
            44.41801
          ],
          [
            8.72381,
            44.418081
          ],
          [
            8.724239,
            44.418339
          ],
          [
            8.725739,
            44.419356
          ],
          [
            8.726113,
            44.419631
          ],
          [
            8.726429,
            44.419895
          ],
          [
            8.72679,
            44.420189
          ],
          [
            8.727573,
            44.420838
          ],
          [
            8.72784,
            44.421013
          ],
          [
            8.730206,
            44.422228
          ],
          [
            8.730761,
            44.422482
          ],
          [
            8.731561,
            44.422812
          ],
          [
            8.736319,
            44.424764
          ],
          [
            8.737634,
            44.425291
          ],
          [
            8.73832,
            44.425583
          ],
          [
            8.739323,
            44.426048
          ],
          [
            8.739973,
            44.42641
          ],
          [
            8.740387,
            44.426688
          ],
          [
            8.740802,
            44.427032
          ],
          [
            8.740958,
            44.427197
          ],
          [
            8.741391,
            44.427759
          ],
          [
            8.741483,
            44.427844
          ],
          [
            8.741708,
            44.428
          ],
          [
            8.742798,
            44.428626
          ],
          [
            8.743093,
            44.428889
          ],
          [
            8.743265,
            44.429096
          ],
          [
            8.743387,
            44.429312
          ],
          [
            8.743452,
            44.429498
          ],
          [
            8.743494,
            44.429666
          ],
          [
            8.743499,
            44.429849
          ],
          [
            8.743449,
            44.430097
          ],
          [
            8.743361,
            44.43031
          ],
          [
            8.743252,
            44.430523
          ],
          [
            8.743135,
            44.430688
          ],
          [
            8.74301,
            44.430811
          ],
          [
            8.742721,
            44.431018
          ],
          [
            8.742003,
            44.431413
          ],
          [
            8.741684,
            44.431612
          ],
          [
            8.74149,
            44.431748
          ],
          [
            8.741169,
            44.432018
          ],
          [
            8.740824,
            44.432416
          ],
          [
            8.74072,
            44.432569
          ],
          [
            8.740122,
            44.433683
          ],
          [
            8.739858,
            44.433997
          ],
          [
            8.739647,
            44.434209
          ],
          [
            8.739461,
            44.434366
          ],
          [
            8.738714,
            44.434918
          ],
          [
            8.738571,
            44.435042
          ],
          [
            8.738303,
            44.435323
          ],
          [
            8.738134,
            44.435575
          ],
          [
            8.738016,
            44.435813
          ],
          [
            8.737961,
            44.43597
          ],
          [
            8.737849,
            44.436628
          ],
          [
            8.73776,
            44.437065
          ],
          [
            8.737672,
            44.437324
          ],
          [
            8.737573,
            44.437564
          ],
          [
            8.737377,
            44.437921
          ],
          [
            8.73699,
            44.438429
          ],
          [
            8.735593,
            44.440062
          ],
          [
            8.734993,
            44.440738
          ],
          [
            8.734684,
            44.441075
          ],
          [
            8.734411,
            44.441331
          ],
          [
            8.733857,
            44.441751
          ],
          [
            8.733527,
            44.44196
          ],
          [
            8.733144,
            44.442166
          ],
          [
            8.732673,
            44.442374
          ],
          [
            8.732137,
            44.442586
          ],
          [
            8.731816,
            44.442684
          ],
          [
            8.731439,
            44.442782
          ],
          [
            8.73082,
            44.442899
          ],
          [
            8.730057,
            44.442995
          ],
          [
            8.727571,
            44.443246
          ],
          [
            8.726144,
            44.443378
          ],
          [
            8.725627,
            44.443415
          ],
          [
            8.725211,
            44.443413
          ],
          [
            8.724752,
            44.443375
          ],
          [
            8.724266,
            44.443315
          ],
          [
            8.722749,
            44.443043
          ],
          [
            8.722299,
            44.442982
          ],
          [
            8.721824,
            44.442951
          ],
          [
            8.721314,
            44.442943
          ],
          [
            8.720787,
            44.442964
          ],
          [
            8.720228,
            44.443013
          ],
          [
            8.719684,
            44.443109
          ],
          [
            8.719178,
            44.44323
          ],
          [
            8.718689,
            44.443381
          ],
          [
            8.718304,
            44.443529
          ],
          [
            8.717953,
            44.44369
          ],
          [
            8.717565,
            44.443892
          ],
          [
            8.716945,
            44.444292
          ],
          [
            8.716432,
            44.444727
          ],
          [
            8.716211,
            44.444961
          ],
          [
            8.716004,
            44.445218
          ],
          [
            8.715697,
            44.445688
          ],
          [
            8.715551,
            44.445987
          ],
          [
            8.715382,
            44.446456
          ],
          [
            8.715275,
            44.44698
          ],
          [
            8.715263,
            44.447234
          ],
          [
            8.715286,
            44.447734
          ],
          [
            8.715337,
            44.447997
          ],
          [
            8.715475,
            44.448456
          ],
          [
            8.715656,
            44.448851
          ],
          [
            8.71595,
            44.449392
          ],
          [
            8.716162,
            44.4497
          ],
          [
            8.716481,
            44.450088
          ],
          [
            8.716809,
            44.450391
          ],
          [
            8.717208,
            44.450666
          ],
          [
            8.717636,
            44.450933
          ],
          [
            8.718083,
            44.451159
          ],
          [
            8.718556,
            44.45135
          ],
          [
            8.719024,
            44.451493
          ],
          [
            8.719615,
            44.451611
          ],
          [
            8.720238,
            44.451683
          ],
          [
            8.720899,
            44.451708
          ],
          [
            8.721497,
            44.451686
          ],
          [
            8.723432,
            44.451499
          ],
          [
            8.724508,
            44.451372
          ],
          [
            8.724901,
            44.451309
          ],
          [
            8.725615,
            44.451168
          ],
          [
            8.726283,
            44.450966
          ],
          [
            8.726943,
            44.450692
          ],
          [
            8.727218,
            44.450549
          ],
          [
            8.727918,
            44.450089
          ],
          [
            8.72841,
            44.449665
          ],
          [
            8.729409,
            44.448738
          ],
          [
            8.729925,
            44.448324
          ],
          [
            8.730197,
            44.448136
          ],
          [
            8.73047,
            44.447973
          ],
          [
            8.730998,
            44.44771
          ],
          [
            8.731647,
            44.447471
          ],
          [
            8.731973,
            44.447377
          ],
          [
            8.732544,
            44.44725
          ],
          [
            8.73289,
            44.447195
          ],
          [
            8.733243,
            44.447157
          ],
          [
            8.733611,
            44.447137
          ],
          [
            8.73415,
            44.447132
          ],
          [
            8.734534,
            44.447141
          ],
          [
            8.735004,
            44.447173
          ],
          [
            8.735409,
            44.44723
          ],
          [
            8.735704,
            44.447301
          ],
          [
            8.736085,
            44.447417
          ],
          [
            8.736513,
            44.447586
          ],
          [
            8.737297,
            44.447946
          ],
          [
            8.73769,
            44.448181
          ],
          [
            8.73897,
            44.449116
          ],
          [
            8.74325,
            44.452303
          ],
          [
            8.743474,
            44.452491
          ],
          [
            8.743832,
            44.452856
          ],
          [
            8.744082,
            44.45316
          ],
          [
            8.744395,
            44.453667
          ],
          [
            8.744615,
            44.454126
          ],
          [
            8.744677,
            44.454335
          ],
          [
            8.744791,
            44.454851
          ],
          [
            8.744825,
            44.455197
          ],
          [
            8.744814,
            44.45586
          ],
          [
            8.744629,
            44.45868
          ],
          [
            8.744061,
            44.464601
          ],
          [
            8.743963,
            44.465201
          ],
          [
            8.743887,
            44.465562
          ],
          [
            8.743786,
            44.465901
          ],
          [
            8.743651,
            44.466257
          ],
          [
            8.7431,
            44.467377
          ],
          [
            8.742781,
            44.467902
          ],
          [
            8.742253,
            44.468585
          ],
          [
            8.741917,
            44.46895
          ],
          [
            8.741643,
            44.469211
          ],
          [
            8.740964,
            44.469792
          ],
          [
            8.738819,
            44.471509
          ],
          [
            8.73759,
            44.472528
          ],
          [
            8.736284,
            44.473649
          ],
          [
            8.736009,
            44.473961
          ],
          [
            8.735859,
            44.474156
          ],
          [
            8.735725,
            44.474369
          ],
          [
            8.735574,
            44.474641
          ],
          [
            8.735477,
            44.474872
          ],
          [
            8.735358,
            44.47524
          ],
          [
            8.735295,
            44.475581
          ],
          [
            8.735265,
            44.476009
          ],
          [
            8.735279,
            44.476218
          ],
          [
            8.735374,
            44.476772
          ],
          [
            8.735508,
            44.477471
          ],
          [
            8.735554,
            44.477842
          ],
          [
            8.735559,
            44.478195
          ],
          [
            8.735458,
            44.478803
          ],
          [
            8.735267,
            44.479335
          ],
          [
            8.734974,
            44.479847
          ],
          [
            8.734523,
            44.480517
          ],
          [
            8.734291,
            44.480901
          ],
          [
            8.734101,
            44.481311
          ],
          [
            8.733925,
            44.481865
          ],
          [
            8.733842,
            44.482358
          ],
          [
            8.73381,
            44.482747
          ],
          [
            8.733535,
            44.489482
          ],
          [
            8.733483,
            44.489863
          ],
          [
            8.733399,
            44.490211
          ],
          [
            8.733337,
            44.490391
          ],
          [
            8.733245,
            44.490568
          ],
          [
            8.733103,
            44.490811
          ],
          [
            8.732834,
            44.491184
          ],
          [
            8.730758,
            44.493936
          ],
          [
            8.730349,
            44.49445
          ],
          [
            8.729971,
            44.494827
          ],
          [
            8.729484,
            44.495187
          ],
          [
            8.729276,
            44.495311
          ],
          [
            8.728677,
            44.495629
          ],
          [
            8.728019,
            44.495899
          ],
          [
            8.727657,
            44.496009
          ],
          [
            8.727282,
            44.496097
          ],
          [
            8.726651,
            44.496218
          ],
          [
            8.725764,
            44.496369
          ],
          [
            8.725101,
            44.496503
          ],
          [
            8.724733,
            44.49659
          ],
          [
            8.724404,
            44.496688
          ],
          [
            8.723799,
            44.496911
          ],
          [
            8.723081,
            44.497244
          ],
          [
            8.722134,
            44.497763
          ],
          [
            8.72127,
            44.498206
          ],
          [
            8.72087,
            44.498382
          ],
          [
            8.720516,
            44.498518
          ],
          [
            8.719955,
            44.498709
          ],
          [
            8.719603,
            44.498803
          ],
          [
            8.719183,
            44.498893
          ],
          [
            8.718713,
            44.498972
          ],
          [
            8.718318,
            44.499026
          ],
          [
            8.717722,
            44.499073
          ],
          [
            8.717213,
            44.499098
          ],
          [
            8.715793,
            44.499103
          ],
          [
            8.712541,
            44.499047
          ],
          [
            8.711932,
            44.499073
          ],
          [
            8.71131,
            44.499145
          ],
          [
            8.71085,
            44.499251
          ],
          [
            8.710341,
            44.499417
          ],
          [
            8.70992,
            44.499595
          ],
          [
            8.709178,
            44.499985
          ],
          [
            8.708725,
            44.50028
          ],
          [
            8.708479,
            44.500474
          ],
          [
            8.708073,
            44.500856
          ],
          [
            8.707697,
            44.501315
          ],
          [
            8.707526,
            44.501559
          ],
          [
            8.706816,
            44.502693
          ],
          [
            8.706384,
            44.503356
          ],
          [
            8.706166,
            44.5037
          ],
          [
            8.705575,
            44.504632
          ],
          [
            8.705354,
            44.504979
          ],
          [
            8.704896,
            44.50576
          ],
          [
            8.704568,
            44.506482
          ],
          [
            8.70446,
            44.506754
          ],
          [
            8.703967,
            44.507931
          ],
          [
            8.703768,
            44.508358
          ],
          [
            8.703428,
            44.509017
          ],
          [
            8.703124,
            44.509495
          ],
          [
            8.702528,
            44.510257
          ],
          [
            8.700834,
            44.51208
          ],
          [
            8.700521,
            44.512491
          ],
          [
            8.700254,
            44.512953
          ],
          [
            8.700031,
            44.513477
          ],
          [
            8.698879,
            44.516529
          ],
          [
            8.698746,
            44.516888
          ],
          [
            8.698594,
            44.517428
          ],
          [
            8.69855,
            44.517703
          ],
          [
            8.698548,
            44.518239
          ],
          [
            8.698582,
            44.518517
          ],
          [
            8.698745,
            44.519038
          ],
          [
            8.698905,
            44.519413
          ],
          [
            8.699615,
            44.520889
          ],
          [
            8.699707,
            44.521123
          ],
          [
            8.699807,
            44.521413
          ],
          [
            8.699872,
            44.52168
          ],
          [
            8.699915,
            44.522028
          ],
          [
            8.699919,
            44.522222
          ],
          [
            8.699904,
            44.522681
          ],
          [
            8.699827,
            44.523568
          ],
          [
            8.699676,
            44.524869
          ],
          [
            8.699354,
            44.527498
          ],
          [
            8.699277,
            44.527863
          ],
          [
            8.699175,
            44.528177
          ],
          [
            8.699068,
            44.528436
          ],
          [
            8.69884,
            44.528867
          ],
          [
            8.698684,
            44.529135
          ],
          [
            8.69835,
            44.529634
          ],
          [
            8.697801,
            44.530393
          ],
          [
            8.69757,
            44.530827
          ],
          [
            8.697386,
            44.531301
          ],
          [
            8.697298,
            44.531673
          ],
          [
            8.697108,
            44.533066
          ],
          [
            8.697005,
            44.533464
          ],
          [
            8.696833,
            44.533924
          ],
          [
            8.696091,
            44.535468
          ],
          [
            8.69593,
            44.535949
          ],
          [
            8.695716,
            44.537201
          ],
          [
            8.695607,
            44.53752
          ],
          [
            8.695353,
            44.538027
          ],
          [
            8.695161,
            44.538305
          ],
          [
            8.694908,
            44.538615
          ],
          [
            8.69461,
            44.538903
          ],
          [
            8.694411,
            44.539093
          ],
          [
            8.693879,
            44.539488
          ],
          [
            8.692419,
            44.540422
          ],
          [
            8.692144,
            44.540582
          ],
          [
            8.691467,
            44.540898
          ],
          [
            8.69109,
            44.541028
          ],
          [
            8.690634,
            44.54113
          ],
          [
            8.690162,
            44.541207
          ],
          [
            8.689516,
            44.54129
          ],
          [
            8.68123,
            44.542051
          ],
          [
            8.680761,
            44.542101
          ],
          [
            8.679997,
            44.542236
          ],
          [
            8.679259,
            44.542444
          ],
          [
            8.67891,
            44.542571
          ],
          [
            8.67848,
            44.542758
          ],
          [
            8.67789,
            44.543092
          ],
          [
            8.674842,
            44.545143
          ],
          [
            8.674541,
            44.545365
          ],
          [
            8.673883,
            44.545875
          ],
          [
            8.673474,
            44.546243
          ],
          [
            8.672874,
            44.54687
          ],
          [
            8.67263,
            44.547164
          ],
          [
            8.672554,
            44.547259
          ],
          [
            8.672047,
            44.547945
          ],
          [
            8.671825,
            44.548299
          ],
          [
            8.671439,
            44.549089
          ],
          [
            8.671283,
            44.549492
          ],
          [
            8.671148,
            44.549926
          ],
          [
            8.670557,
            44.552262
          ],
          [
            8.670283,
            44.553173
          ],
          [
            8.6696,
            44.55489
          ],
          [
            8.669479,
            44.555185
          ],
          [
            8.669181,
            44.555951
          ],
          [
            8.668065,
            44.558792
          ],
          [
            8.667644,
            44.559861
          ],
          [
            8.667423,
            44.560372
          ],
          [
            8.667303,
            44.560596
          ],
          [
            8.667149,
            44.560854
          ],
          [
            8.666862,
            44.561252
          ],
          [
            8.666641,
            44.561488
          ],
          [
            8.666145,
            44.561923
          ],
          [
            8.665608,
            44.562332
          ],
          [
            8.663936,
            44.563674
          ],
          [
            8.663619,
            44.563967
          ],
          [
            8.663335,
            44.564293
          ],
          [
            8.663036,
            44.564667
          ],
          [
            8.662755,
            44.565105
          ],
          [
            8.662487,
            44.565689
          ],
          [
            8.662337,
            44.566087
          ],
          [
            8.661335,
            44.56879
          ],
          [
            8.660001,
            44.572591
          ],
          [
            8.659636,
            44.573887
          ],
          [
            8.659334,
            44.575343
          ],
          [
            8.659285,
            44.575635
          ],
          [
            8.659154,
            44.576524
          ],
          [
            8.659141,
            44.576808
          ],
          [
            8.659153,
            44.577096
          ],
          [
            8.659216,
            44.577762
          ],
          [
            8.659342,
            44.578286
          ],
          [
            8.659435,
            44.578517
          ],
          [
            8.659877,
            44.579399
          ],
          [
            8.660066,
            44.579737
          ],
          [
            8.660351,
            44.580096
          ],
          [
            8.660644,
            44.580431
          ],
          [
            8.66101,
            44.580811
          ],
          [
            8.661522,
            44.581295
          ],
          [
            8.663725,
            44.583192
          ],
          [
            8.664202,
            44.583661
          ],
          [
            8.664428,
            44.583926
          ],
          [
            8.664599,
            44.584168
          ],
          [
            8.664856,
            44.584618
          ],
          [
            8.665074,
            44.585179
          ],
          [
            8.665152,
            44.585533
          ],
          [
            8.665189,
            44.585865
          ],
          [
            8.665184,
            44.586365
          ],
          [
            8.665141,
            44.586686
          ],
          [
            8.665059,
            44.587046
          ],
          [
            8.664777,
            44.587966
          ],
          [
            8.664645,
            44.588522
          ],
          [
            8.664596,
            44.58896
          ],
          [
            8.664585,
            44.589484
          ],
          [
            8.664625,
            44.589885
          ],
          [
            8.664736,
            44.590478
          ],
          [
            8.66487,
            44.590904
          ],
          [
            8.665056,
            44.591353
          ],
          [
            8.666775,
            44.594423
          ],
          [
            8.667042,
            44.595012
          ],
          [
            8.667168,
            44.595416
          ],
          [
            8.667233,
            44.595884
          ],
          [
            8.667247,
            44.596505
          ],
          [
            8.66718,
            44.59926
          ],
          [
            8.667099,
            44.599766
          ],
          [
            8.666937,
            44.600238
          ],
          [
            8.666852,
            44.600428
          ],
          [
            8.66663,
            44.600811
          ],
          [
            8.666348,
            44.601176
          ],
          [
            8.666158,
            44.601384
          ],
          [
            8.665906,
            44.601619
          ],
          [
            8.665051,
            44.602288
          ],
          [
            8.664684,
            44.602603
          ],
          [
            8.664469,
            44.602812
          ],
          [
            8.66426,
            44.60305
          ],
          [
            8.663922,
            44.603514
          ],
          [
            8.663779,
            44.603768
          ],
          [
            8.66364,
            44.604076
          ],
          [
            8.663466,
            44.604564
          ],
          [
            8.66338,
            44.604993
          ],
          [
            8.663211,
            44.606165
          ],
          [
            8.663082,
            44.606966
          ],
          [
            8.662976,
            44.607395
          ],
          [
            8.662816,
            44.607837
          ],
          [
            8.662669,
            44.608127
          ],
          [
            8.662281,
            44.608777
          ],
          [
            8.662064,
            44.609075
          ],
          [
            8.661793,
            44.609374
          ],
          [
            8.658828,
            44.612191
          ],
          [
            8.658351,
            44.612633
          ],
          [
            8.657711,
            44.613256
          ],
          [
            8.657503,
            44.613483
          ],
          [
            8.657151,
            44.613937
          ],
          [
            8.656838,
            44.614423
          ],
          [
            8.656585,
            44.614907
          ],
          [
            8.656426,
            44.615286
          ],
          [
            8.656252,
            44.615778
          ],
          [
            8.655935,
            44.617107
          ],
          [
            8.655895,
            44.617399
          ],
          [
            8.655881,
            44.618108
          ],
          [
            8.655918,
            44.618411
          ],
          [
            8.655967,
            44.618608
          ],
          [
            8.656047,
            44.618846
          ],
          [
            8.656238,
            44.619292
          ],
          [
            8.65721,
            44.621322
          ],
          [
            8.65746,
            44.622012
          ],
          [
            8.657646,
            44.622867
          ],
          [
            8.657893,
            44.624925
          ],
          [
            8.658013,
            44.626058
          ],
          [
            8.658139,
            44.62663
          ],
          [
            8.658234,
            44.62693
          ],
          [
            8.658347,
            44.627211
          ],
          [
            8.658645,
            44.627805
          ],
          [
            8.65882,
            44.628091
          ],
          [
            8.659151,
            44.628549
          ],
          [
            8.659634,
            44.629088
          ],
          [
            8.659981,
            44.62946
          ],
          [
            8.661792,
            44.631415
          ],
          [
            8.662151,
            44.631847
          ],
          [
            8.662381,
            44.632173
          ],
          [
            8.662558,
            44.632467
          ],
          [
            8.66283,
            44.633073
          ],
          [
            8.662931,
            44.633365
          ],
          [
            8.662997,
            44.633664
          ],
          [
            8.663067,
            44.634217
          ],
          [
            8.663049,
            44.634808
          ],
          [
            8.66295,
            44.635411
          ],
          [
            8.662703,
            44.63626
          ],
          [
            8.66236,
            44.637254
          ],
          [
            8.661558,
            44.639306
          ],
          [
            8.661037,
            44.640719
          ],
          [
            8.660681,
            44.6417
          ],
          [
            8.660575,
            44.642062
          ],
          [
            8.660483,
            44.642533
          ],
          [
            8.660455,
            44.642904
          ],
          [
            8.660459,
            44.643237
          ],
          [
            8.660496,
            44.643599
          ],
          [
            8.660578,
            44.644029
          ],
          [
            8.66169,
            44.648025
          ],
          [
            8.661813,
            44.648639
          ],
          [
            8.661835,
            44.649025
          ],
          [
            8.661822,
            44.649497
          ],
          [
            8.66176,
            44.6499
          ],
          [
            8.661694,
            44.650173
          ],
          [
            8.661554,
            44.650595
          ],
          [
            8.661239,
            44.651244
          ],
          [
            8.660569,
            44.652404
          ],
          [
            8.660198,
            44.653125
          ],
          [
            8.66003,
            44.653538
          ],
          [
            8.659891,
            44.653947
          ],
          [
            8.659761,
            44.654464
          ],
          [
            8.659643,
            44.655121
          ],
          [
            8.659543,
            44.655906
          ],
          [
            8.659215,
            44.658843
          ],
          [
            8.65913,
            44.65946
          ],
          [
            8.659012,
            44.660669
          ],
          [
            8.658999,
            44.661403
          ],
          [
            8.659025,
            44.66204
          ],
          [
            8.659126,
            44.662855
          ],
          [
            8.660045,
            44.667469
          ],
          [
            8.66009,
            44.667915
          ],
          [
            8.660125,
            44.668641
          ],
          [
            8.660083,
            44.669438
          ],
          [
            8.660014,
            44.669907
          ],
          [
            8.659948,
            44.670262
          ],
          [
            8.659759,
            44.670974
          ],
          [
            8.658737,
            44.673844
          ],
          [
            8.658492,
            44.674597
          ],
          [
            8.658407,
            44.674946
          ],
          [
            8.658304,
            44.675648
          ],
          [
            8.658292,
            44.676279
          ],
          [
            8.658332,
            44.6767
          ],
          [
            8.658406,
            44.677113
          ],
          [
            8.658508,
            44.677496
          ],
          [
            8.658637,
            44.677883
          ],
          [
            8.658933,
            44.678545
          ],
          [
            8.660752,
            44.681827
          ],
          [
            8.664576,
            44.688706
          ],
          [
            8.664837,
            44.689244
          ],
          [
            8.665124,
            44.689952
          ],
          [
            8.665302,
            44.690458
          ],
          [
            8.665439,
            44.690926
          ],
          [
            8.665604,
            44.691666
          ],
          [
            8.665839,
            44.692987
          ],
          [
            8.666755,
            44.698482
          ],
          [
            8.667384,
            44.70211
          ],
          [
            8.6676,
            44.703585
          ],
          [
            8.667646,
            44.70412
          ],
          [
            8.667706,
            44.705497
          ],
          [
            8.667697,
            44.706333
          ],
          [
            8.667663,
            44.70696
          ],
          [
            8.667588,
            44.707757
          ],
          [
            8.667501,
            44.708398
          ],
          [
            8.666957,
            44.712033
          ],
          [
            8.666871,
            44.712708
          ],
          [
            8.666814,
            44.713269
          ],
          [
            8.666753,
            44.714491
          ],
          [
            8.666753,
            44.715066
          ],
          [
            8.666811,
            44.716352
          ],
          [
            8.666902,
            44.717211
          ],
          [
            8.667278,
            44.719842
          ],
          [
            8.667353,
            44.720527
          ],
          [
            8.667386,
            44.721168
          ],
          [
            8.667368,
            44.721789
          ],
          [
            8.667345,
            44.722178
          ],
          [
            8.667286,
            44.722616
          ],
          [
            8.667182,
            44.72323
          ],
          [
            8.66709,
            44.723621
          ],
          [
            8.666935,
            44.724171
          ],
          [
            8.666776,
            44.724641
          ],
          [
            8.666595,
            44.725118
          ],
          [
            8.666291,
            44.725782
          ],
          [
            8.665774,
            44.726732
          ],
          [
            8.662756,
            44.731946
          ],
          [
            8.66248,
            44.732372
          ],
          [
            8.661867,
            44.733215
          ],
          [
            8.661533,
            44.73362
          ],
          [
            8.661164,
            44.734028
          ],
          [
            8.660759,
            44.734441
          ],
          [
            8.660199,
            44.734969
          ],
          [
            8.659686,
            44.735407
          ],
          [
            8.659178,
            44.735811
          ],
          [
            8.658634,
            44.736205
          ],
          [
            8.658064,
            44.736582
          ],
          [
            8.657618,
            44.736873
          ],
          [
            8.657108,
            44.737169
          ],
          [
            8.656573,
            44.737461
          ],
          [
            8.655542,
            44.737981
          ],
          [
            8.654628,
            44.738467
          ],
          [
            8.654131,
            44.738748
          ],
          [
            8.653584,
            44.739094
          ],
          [
            8.652679,
            44.739742
          ],
          [
            8.65221,
            44.740122
          ],
          [
            8.651727,
            44.740561
          ],
          [
            8.651215,
            44.741078
          ],
          [
            8.650801,
            44.74156
          ],
          [
            8.650386,
            44.742091
          ],
          [
            8.650075,
            44.742541
          ],
          [
            8.649775,
            44.743029
          ],
          [
            8.649559,
            44.743448
          ],
          [
            8.647958,
            44.746896
          ],
          [
            8.647482,
            44.748125
          ],
          [
            8.647095,
            44.749345
          ],
          [
            8.646927,
            44.749958
          ],
          [
            8.646713,
            44.750908
          ],
          [
            8.645869,
            44.756009
          ],
          [
            8.64581,
            44.756349
          ],
          [
            8.645711,
            44.756719
          ],
          [
            8.645482,
            44.757372
          ],
          [
            8.645332,
            44.757692
          ],
          [
            8.644898,
            44.758481
          ],
          [
            8.644487,
            44.759041
          ],
          [
            8.644077,
            44.759538
          ],
          [
            8.643782,
            44.759835
          ],
          [
            8.643496,
            44.760094
          ],
          [
            8.642956,
            44.760564
          ],
          [
            8.642688,
            44.760766
          ],
          [
            8.639327,
            44.762995
          ],
          [
            8.638316,
            44.763648
          ],
          [
            8.637234,
            44.764376
          ],
          [
            8.63663,
            44.76481
          ],
          [
            8.63549,
            44.765676
          ],
          [
            8.634669,
            44.766355
          ],
          [
            8.633686,
            44.76723
          ],
          [
            8.632478,
            44.768422
          ],
          [
            8.631838,
            44.769111
          ],
          [
            8.631269,
            44.769775
          ],
          [
            8.630596,
            44.770601
          ],
          [
            8.606674,
            44.800062
          ],
          [
            8.606489,
            44.800287
          ],
          [
            8.599165,
            44.809297
          ],
          [
            8.59769,
            44.811124
          ],
          [
            8.597251,
            44.811701
          ],
          [
            8.596944,
            44.812118
          ],
          [
            8.596469,
            44.812848
          ],
          [
            8.596023,
            44.813658
          ],
          [
            8.595732,
            44.814228
          ],
          [
            8.595234,
            44.81539
          ],
          [
            8.59487,
            44.816494
          ],
          [
            8.594616,
            44.817639
          ],
          [
            8.594521,
            44.818192
          ],
          [
            8.594128,
            44.822157
          ],
          [
            8.593803,
            44.825742
          ],
          [
            8.593818,
            44.82725
          ],
          [
            8.594032,
            44.829376
          ],
          [
            8.594478,
            44.831165
          ],
          [
            8.594856,
            44.832372
          ],
          [
            8.596393,
            44.836925
          ],
          [
            8.596712,
            44.83833
          ],
          [
            8.596783,
            44.839747
          ],
          [
            8.59679,
            44.840514
          ],
          [
            8.596726,
            44.84106
          ],
          [
            8.596477,
            44.842431
          ],
          [
            8.596005,
            44.843893
          ],
          [
            8.595758,
            44.844474
          ],
          [
            8.595351,
            44.845322
          ],
          [
            8.594639,
            44.846449
          ],
          [
            8.593305,
            44.848294
          ],
          [
            8.591658,
            44.850317
          ],
          [
            8.59126,
            44.850798
          ],
          [
            8.58972,
            44.852691
          ],
          [
            8.588249,
            44.854578
          ],
          [
            8.587987,
            44.854891
          ],
          [
            8.586241,
            44.856968
          ],
          [
            8.584147,
            44.859603
          ],
          [
            8.582861,
            44.861135
          ],
          [
            8.576483,
            44.868979
          ],
          [
            8.575132,
            44.870648
          ],
          [
            8.57294,
            44.873319
          ],
          [
            8.572033,
            44.874393
          ],
          [
            8.571329,
            44.875585
          ],
          [
            8.570523,
            44.877142
          ],
          [
            8.570111,
            44.878172
          ],
          [
            8.569804,
            44.879177
          ],
          [
            8.569648,
            44.87985
          ],
          [
            8.56954,
            44.880536
          ],
          [
            8.569367,
            44.882409
          ],
          [
            8.569225,
            44.885047
          ],
          [
            8.569174,
            44.887077
          ],
          [
            8.568848,
            44.893397
          ],
          [
            8.568837,
            44.894022
          ],
          [
            8.568765,
            44.895202
          ],
          [
            8.568721,
            44.895611
          ],
          [
            8.568684,
            44.896281
          ],
          [
            8.568643,
            44.897313
          ],
          [
            8.568622,
            44.897756
          ],
          [
            8.568563,
            44.899109
          ],
          [
            8.568606,
            44.899817
          ],
          [
            8.568978,
            44.901486
          ],
          [
            8.569233,
            44.902269
          ],
          [
            8.56996,
            44.903886
          ],
          [
            8.570549,
            44.904813
          ],
          [
            8.571207,
            44.905704
          ],
          [
            8.573695,
            44.908713
          ],
          [
            8.574417,
            44.909718
          ],
          [
            8.575319,
            44.911134
          ],
          [
            8.576119,
            44.912736
          ],
          [
            8.576481,
            44.913544
          ],
          [
            8.576879,
            44.914613
          ],
          [
            8.57721,
            44.915671
          ],
          [
            8.577471,
            44.916851
          ],
          [
            8.577605,
            44.917726
          ],
          [
            8.577697,
            44.918586
          ],
          [
            8.577739,
            44.919434
          ],
          [
            8.577749,
            44.920345
          ],
          [
            8.577691,
            44.921348
          ],
          [
            8.577598,
            44.922296
          ],
          [
            8.577493,
            44.923086
          ],
          [
            8.577047,
            44.924891
          ],
          [
            8.57636,
            44.926769
          ],
          [
            8.574798,
            44.930002
          ],
          [
            8.573657,
            44.932307
          ],
          [
            8.573448,
            44.93273
          ],
          [
            8.572033,
            44.935604
          ],
          [
            8.571876,
            44.935919
          ],
          [
            8.571677,
            44.93632
          ],
          [
            8.569811,
            44.939943
          ],
          [
            8.567435,
            44.943709
          ],
          [
            8.565439,
            44.946673
          ],
          [
            8.564378,
            44.948392
          ],
          [
            8.563398,
            44.94982
          ],
          [
            8.563049,
            44.950406
          ],
          [
            8.556801,
            44.959871
          ],
          [
            8.553264,
            44.965229
          ],
          [
            8.552453,
            44.966663
          ],
          [
            8.551756,
            44.968136
          ],
          [
            8.551046,
            44.96993
          ],
          [
            8.550464,
            44.971836
          ],
          [
            8.550126,
            44.972811
          ],
          [
            8.549709,
            44.97377
          ],
          [
            8.549144,
            44.974728
          ],
          [
            8.548606,
            44.975436
          ],
          [
            8.54797,
            44.976103
          ],
          [
            8.547284,
            44.97669
          ],
          [
            8.545453,
            44.978081
          ],
          [
            8.541762,
            44.980766
          ],
          [
            8.54004,
            44.982111
          ],
          [
            8.539577,
            44.982546
          ],
          [
            8.539463,
            44.982654
          ],
          [
            8.538778,
            44.983383
          ],
          [
            8.538304,
            44.984057
          ],
          [
            8.53796,
            44.984677
          ],
          [
            8.537583,
            44.985446
          ],
          [
            8.537313,
            44.986285
          ],
          [
            8.537194,
            44.986822
          ],
          [
            8.53711,
            44.987373
          ],
          [
            8.537053,
            44.987926
          ],
          [
            8.537071,
            44.988516
          ],
          [
            8.537164,
            44.989326
          ],
          [
            8.537376,
            44.990157
          ],
          [
            8.537494,
            44.990499
          ],
          [
            8.537777,
            44.991149
          ],
          [
            8.537998,
            44.991571
          ],
          [
            8.538213,
            44.991934
          ],
          [
            8.539312,
            44.993675
          ],
          [
            8.540054,
            44.994918
          ],
          [
            8.540346,
            44.995473
          ],
          [
            8.540553,
            44.996038
          ],
          [
            8.540694,
            44.996578
          ],
          [
            8.540833,
            44.997603
          ],
          [
            8.54088,
            44.998127
          ],
          [
            8.540863,
            44.998622
          ],
          [
            8.540819,
            44.998958
          ],
          [
            8.540717,
            44.999344
          ],
          [
            8.540415,
            45.000037
          ],
          [
            8.540136,
            45.000534
          ],
          [
            8.539733,
            45.001101
          ],
          [
            8.539437,
            45.00144
          ],
          [
            8.539209,
            45.001683
          ],
          [
            8.538611,
            45.002233
          ],
          [
            8.537308,
            45.003269
          ],
          [
            8.536839,
            45.003687
          ],
          [
            8.536489,
            45.004041
          ],
          [
            8.536121,
            45.00447
          ],
          [
            8.535823,
            45.004884
          ],
          [
            8.535572,
            45.005293
          ],
          [
            8.535369,
            45.005673
          ],
          [
            8.535186,
            45.006097
          ],
          [
            8.535033,
            45.006567
          ],
          [
            8.534934,
            45.007018
          ],
          [
            8.534858,
            45.007497
          ],
          [
            8.534841,
            45.008144
          ],
          [
            8.534903,
            45.009848
          ],
          [
            8.535072,
            45.013453
          ],
          [
            8.535205,
            45.014826
          ],
          [
            8.535403,
            45.016076
          ],
          [
            8.535754,
            45.017683
          ],
          [
            8.535961,
            45.018479
          ],
          [
            8.536241,
            45.019408
          ],
          [
            8.537713,
            45.024066
          ],
          [
            8.53788,
            45.024638
          ],
          [
            8.537976,
            45.025028
          ],
          [
            8.538116,
            45.025755
          ],
          [
            8.538171,
            45.026518
          ],
          [
            8.538154,
            45.027084
          ],
          [
            8.538128,
            45.027417
          ],
          [
            8.537987,
            45.028157
          ],
          [
            8.537758,
            45.028898
          ],
          [
            8.53752,
            45.029472
          ],
          [
            8.53732,
            45.029853
          ],
          [
            8.536959,
            45.030464
          ],
          [
            8.536284,
            45.031385
          ],
          [
            8.531732,
            45.037006
          ],
          [
            8.531027,
            45.037869
          ],
          [
            8.529346,
            45.039931
          ],
          [
            8.52916,
            45.040162
          ],
          [
            8.519581,
            45.051954
          ],
          [
            8.519368,
            45.052225
          ],
          [
            8.518811,
            45.052897
          ],
          [
            8.517826,
            45.054178
          ],
          [
            8.517401,
            45.054787
          ],
          [
            8.516856,
            45.05562
          ],
          [
            8.516403,
            45.056378
          ],
          [
            8.515783,
            45.057547
          ],
          [
            8.515459,
            45.05823
          ],
          [
            8.515164,
            45.058913
          ],
          [
            8.514612,
            45.060413
          ],
          [
            8.511191,
            45.071405
          ],
          [
            8.509302,
            45.077473
          ],
          [
            8.508895,
            45.078747
          ],
          [
            8.508683,
            45.079323
          ],
          [
            8.508158,
            45.080575
          ],
          [
            8.507683,
            45.081558
          ],
          [
            8.507343,
            45.082187
          ],
          [
            8.506974,
            45.082825
          ],
          [
            8.506398,
            45.083745
          ],
          [
            8.506166,
            45.084089
          ],
          [
            8.501163,
            45.0911
          ],
          [
            8.493538,
            45.101669
          ],
          [
            8.492101,
            45.103767
          ],
          [
            8.491073,
            45.105707
          ],
          [
            8.490978,
            45.105924
          ],
          [
            8.490667,
            45.10669
          ],
          [
            8.490191,
            45.108146
          ],
          [
            8.490146,
            45.108308
          ],
          [
            8.489958,
            45.109075
          ],
          [
            8.489701,
            45.110616
          ],
          [
            8.489611,
            45.111271
          ],
          [
            8.489349,
            45.113075
          ],
          [
            8.489316,
            45.113304
          ],
          [
            8.488455,
            45.119185
          ],
          [
            8.488439,
            45.119337
          ],
          [
            8.48821,
            45.120964
          ],
          [
            8.488135,
            45.121455
          ],
          [
            8.48805,
            45.12196
          ],
          [
            8.487992,
            45.122392
          ],
          [
            8.487936,
            45.122754
          ],
          [
            8.487306,
            45.127155
          ],
          [
            8.485135,
            45.142093
          ],
          [
            8.48466,
            45.145499
          ],
          [
            8.483889,
            45.150623
          ],
          [
            8.483816,
            45.151648
          ],
          [
            8.483801,
            45.152288
          ],
          [
            8.483824,
            45.152917
          ],
          [
            8.483896,
            45.153851
          ],
          [
            8.484047,
            45.154836
          ],
          [
            8.484289,
            45.155843
          ],
          [
            8.484518,
            45.156556
          ],
          [
            8.484777,
            45.157273
          ],
          [
            8.485122,
            45.158075
          ],
          [
            8.487019,
            45.161699
          ],
          [
            8.487222,
            45.162102
          ],
          [
            8.489083,
            45.165649
          ],
          [
            8.489278,
            45.166027
          ],
          [
            8.489444,
            45.166314
          ],
          [
            8.490897,
            45.169128
          ],
          [
            8.492055,
            45.171317
          ],
          [
            8.493099,
            45.1733
          ],
          [
            8.493406,
            45.173864
          ],
          [
            8.494054,
            45.175057
          ],
          [
            8.494352,
            45.175719
          ],
          [
            8.496507,
            45.179939
          ],
          [
            8.496941,
            45.181207
          ],
          [
            8.497151,
            45.182134
          ],
          [
            8.497255,
            45.182986
          ],
          [
            8.497278,
            45.183502
          ],
          [
            8.497267,
            45.184199
          ],
          [
            8.497212,
            45.184855
          ],
          [
            8.497109,
            45.185575
          ],
          [
            8.496927,
            45.186361
          ],
          [
            8.496718,
            45.187034
          ],
          [
            8.496408,
            45.18781
          ],
          [
            8.49615,
            45.188352
          ],
          [
            8.488843,
            45.202352
          ],
          [
            8.480766,
            45.217887
          ],
          [
            8.479978,
            45.219415
          ],
          [
            8.479797,
            45.219767
          ],
          [
            8.471539,
            45.235651
          ],
          [
            8.469876,
            45.238835
          ],
          [
            8.469605,
            45.239544
          ],
          [
            8.469315,
            45.240184
          ],
          [
            8.469162,
            45.240649
          ],
          [
            8.469124,
            45.240747
          ],
          [
            8.469074,
            45.241052
          ],
          [
            8.46907,
            45.241514
          ],
          [
            8.469093,
            45.241718
          ],
          [
            8.469145,
            45.241929
          ],
          [
            8.46944,
            45.24273
          ],
          [
            8.469524,
            45.243046
          ],
          [
            8.469546,
            45.243254
          ],
          [
            8.469539,
            45.243464
          ],
          [
            8.469507,
            45.243666
          ],
          [
            8.469445,
            45.243873
          ],
          [
            8.4693,
            45.244164
          ],
          [
            8.469098,
            45.244439
          ],
          [
            8.468935,
            45.244614
          ],
          [
            8.468639,
            45.244853
          ],
          [
            8.468306,
            45.245063
          ],
          [
            8.468002,
            45.245222
          ],
          [
            8.467755,
            45.245333
          ],
          [
            8.467217,
            45.245535
          ],
          [
            8.466636,
            45.245698
          ],
          [
            8.464697,
            45.246174
          ],
          [
            8.463761,
            45.24644
          ],
          [
            8.46273,
            45.246759
          ],
          [
            8.461547,
            45.247177
          ],
          [
            8.459446,
            45.248046
          ],
          [
            8.452829,
            45.250725
          ],
          [
            8.443718,
            45.254449
          ],
          [
            8.441869,
            45.255239
          ],
          [
            8.44043,
            45.255937
          ],
          [
            8.439641,
            45.25635
          ],
          [
            8.438386,
            45.257059
          ],
          [
            8.437085,
            45.257853
          ],
          [
            8.43646,
            45.258261
          ],
          [
            8.435251,
            45.259101
          ],
          [
            8.429129,
            45.263461
          ],
          [
            8.4287,
            45.263758
          ],
          [
            8.395231,
            45.287389
          ],
          [
            8.394413,
            45.287952
          ],
          [
            8.393437,
            45.288576
          ],
          [
            8.392744,
            45.288986
          ],
          [
            8.391812,
            45.289502
          ],
          [
            8.390654,
            45.290095
          ],
          [
            8.389913,
            45.290446
          ],
          [
            8.388378,
            45.291106
          ],
          [
            8.384121,
            45.292712
          ],
          [
            8.378648,
            45.294758
          ],
          [
            8.377408,
            45.295183
          ],
          [
            8.376807,
            45.295371
          ],
          [
            8.375101,
            45.295855
          ],
          [
            8.373871,
            45.296154
          ],
          [
            8.372546,
            45.296431
          ],
          [
            8.370902,
            45.296718
          ],
          [
            8.369655,
            45.29689
          ],
          [
            8.310002,
            45.30464
          ],
          [
            8.306797,
            45.305061
          ],
          [
            8.30494,
            45.305337
          ],
          [
            8.302012,
            45.305864
          ],
          [
            8.300186,
            45.306242
          ],
          [
            8.298218,
            45.306704
          ],
          [
            8.2962,
            45.307231
          ],
          [
            8.294577,
            45.307688
          ],
          [
            8.293791,
            45.307924
          ],
          [
            8.29212,
            45.308455
          ],
          [
            8.27362,
            45.314639
          ],
          [
            8.268541,
            45.316338
          ],
          [
            8.239803,
            45.325931
          ],
          [
            8.237626,
            45.326709
          ],
          [
            8.235319,
            45.327619
          ],
          [
            8.233251,
            45.328513
          ],
          [
            8.231709,
            45.329231
          ],
          [
            8.22979,
            45.330186
          ],
          [
            8.228418,
            45.33092
          ],
          [
            8.225868,
            45.332375
          ],
          [
            8.21589,
            45.338156
          ],
          [
            8.215411,
            45.338432
          ],
          [
            8.207833,
            45.342822
          ],
          [
            8.206402,
            45.343588
          ],
          [
            8.205477,
            45.34404
          ],
          [
            8.204429,
            45.344524
          ],
          [
            8.203563,
            45.344893
          ],
          [
            8.202823,
            45.345191
          ],
          [
            8.201722,
            45.345606
          ],
          [
            8.200485,
            45.346039
          ],
          [
            8.199225,
            45.346435
          ],
          [
            8.178899,
            45.352379
          ],
          [
            8.174331,
            45.353748
          ],
          [
            8.173412,
            45.354045
          ],
          [
            8.173046,
            45.354168
          ],
          [
            8.171825,
            45.354604
          ],
          [
            8.170937,
            45.35494
          ],
          [
            8.169296,
            45.355602
          ],
          [
            8.168024,
            45.356143
          ],
          [
            8.164806,
            45.357621
          ],
          [
            8.157398,
            45.361118
          ],
          [
            8.156785,
            45.361401
          ],
          [
            8.148179,
            45.365431
          ],
          [
            8.147772,
            45.365639
          ],
          [
            8.147146,
            45.365927
          ],
          [
            8.145083,
            45.366866
          ],
          [
            8.144447,
            45.36714
          ],
          [
            8.143729,
            45.367421
          ],
          [
            8.142682,
            45.367797
          ],
          [
            8.141755,
            45.36809
          ],
          [
            8.141229,
            45.368248
          ],
          [
            8.140302,
            45.3685
          ],
          [
            8.139721,
            45.368643
          ],
          [
            8.139063,
            45.368791
          ],
          [
            8.138109,
            45.368981
          ],
          [
            8.136964,
            45.369249
          ],
          [
            8.136416,
            45.369401
          ],
          [
            8.135881,
            45.369598
          ],
          [
            8.135375,
            45.369832
          ],
          [
            8.135012,
            45.370037
          ],
          [
            8.134637,
            45.370275
          ],
          [
            8.133493,
            45.371078
          ],
          [
            8.132825,
            45.371512
          ],
          [
            8.132453,
            45.371711
          ],
          [
            8.131754,
            45.372023
          ],
          [
            8.131129,
            45.372223
          ],
          [
            8.130464,
            45.372375
          ],
          [
            8.129813,
            45.372473
          ],
          [
            8.128888,
            45.372562
          ],
          [
            8.128318,
            45.372615
          ],
          [
            8.127729,
            45.372668
          ],
          [
            8.127293,
            45.372694
          ],
          [
            8.127027,
            45.372683
          ],
          [
            8.122471,
            45.372369
          ],
          [
            8.120878,
            45.372251
          ],
          [
            8.120511,
            45.372212
          ],
          [
            8.119904,
            45.372128
          ],
          [
            8.11914,
            45.371985
          ],
          [
            8.118781,
            45.371918
          ],
          [
            8.118194,
            45.371833
          ],
          [
            8.117282,
            45.371747
          ],
          [
            8.116668,
            45.371719
          ],
          [
            8.115742,
            45.371729
          ],
          [
            8.115084,
            45.371777
          ],
          [
            8.114276,
            45.371864
          ],
          [
            8.114089,
            45.371884
          ],
          [
            8.104096,
            45.373026
          ],
          [
            8.102881,
            45.373194
          ],
          [
            8.101768,
            45.373391
          ],
          [
            8.052995,
            45.383967
          ],
          [
            8.052066,
            45.384193
          ],
          [
            8.051246,
            45.384427
          ],
          [
            8.050812,
            45.384567
          ],
          [
            8.050382,
            45.384713
          ],
          [
            8.049396,
            45.385094
          ],
          [
            8.048277,
            45.385586
          ],
          [
            8.042056,
            45.388459
          ],
          [
            8.040394,
            45.389229
          ],
          [
            8.038405,
            45.390142
          ],
          [
            8.037749,
            45.390085
          ],
          [
            8.037608,
            45.390088
          ],
          [
            8.037531,
            45.390105
          ],
          [
            8.03208,
            45.392654
          ],
          [
            8.032022,
            45.392718
          ],
          [
            8.031883,
            45.393154
          ],
          [
            8.026804,
            45.395496
          ],
          [
            8.02549,
            45.396131
          ],
          [
            8.024918,
            45.39644
          ],
          [
            8.024313,
            45.396823
          ],
          [
            8.023575,
            45.397364
          ],
          [
            8.023049,
            45.397821
          ],
          [
            8.022612,
            45.39824
          ],
          [
            8.022336,
            45.398539
          ],
          [
            8.021798,
            45.399232
          ],
          [
            8.021542,
            45.399609
          ],
          [
            8.01894,
            45.40373
          ],
          [
            8.018457,
            45.404395
          ],
          [
            8.018161,
            45.404741
          ],
          [
            8.017539,
            45.405386
          ],
          [
            8.016868,
            45.405956
          ],
          [
            8.016556,
            45.406207
          ],
          [
            8.016209,
            45.406458
          ],
          [
            8.016031,
            45.406577
          ],
          [
            8.015832,
            45.406701
          ],
          [
            8.015273,
            45.407026
          ],
          [
            8.014563,
            45.407392
          ],
          [
            8.013328,
            45.407933
          ],
          [
            8.010515,
            45.409117
          ],
          [
            8.00475,
            45.411535
          ],
          [
            8.001205,
            45.413003
          ],
          [
            8.00057,
            45.413252
          ],
          [
            7.999884,
            45.413507
          ],
          [
            7.998528,
            45.413944
          ],
          [
            7.997353,
            45.414283
          ],
          [
            7.996247,
            45.414561
          ],
          [
            7.995747,
            45.414676
          ],
          [
            7.994741,
            45.414877
          ],
          [
            7.993843,
            45.415032
          ],
          [
            7.992932,
            45.415167
          ],
          [
            7.986641,
            45.415884
          ],
          [
            7.976541,
            45.417005
          ],
          [
            7.976149,
            45.417048
          ],
          [
            7.962566,
            45.418571
          ],
          [
            7.961406,
            45.418702
          ],
          [
            7.952617,
            45.419689
          ],
          [
            7.951235,
            45.419833
          ],
          [
            7.950565,
            45.419889
          ],
          [
            7.949938,
            45.41993
          ],
          [
            7.94884,
            45.419975
          ],
          [
            7.947379,
            45.419988
          ],
          [
            7.94259,
            45.419973
          ],
          [
            7.906723,
            45.419854
          ],
          [
            7.904055,
            45.419848
          ],
          [
            7.901934,
            45.419841
          ],
          [
            7.901324,
            45.419843
          ],
          [
            7.900156,
            45.419882
          ],
          [
            7.8988,
            45.419976
          ],
          [
            7.893884,
            45.420502
          ],
          [
            7.893648,
            45.420527
          ],
          [
            7.888738,
            45.421063
          ],
          [
            7.888094,
            45.421131
          ],
          [
            7.882977,
            45.421684
          ],
          [
            7.882745,
            45.42171
          ],
          [
            7.866893,
            45.423431
          ],
          [
            7.864825,
            45.423656
          ],
          [
            7.86342,
            45.423817
          ],
          [
            7.863233,
            45.423837
          ],
          [
            7.859025,
            45.424293
          ],
          [
            7.858703,
            45.42433
          ],
          [
            7.857797,
            45.424449
          ],
          [
            7.855782,
            45.42483
          ],
          [
            7.854847,
            45.424957
          ],
          [
            7.851139,
            45.425361
          ],
          [
            7.85003,
            45.425505
          ],
          [
            7.849396,
            45.425582
          ],
          [
            7.848998,
            45.425647
          ],
          [
            7.848685,
            45.425725
          ],
          [
            7.848418,
            45.425817
          ],
          [
            7.848165,
            45.42593
          ],
          [
            7.847929,
            45.426054
          ],
          [
            7.847737,
            45.426182
          ],
          [
            7.847529,
            45.426343
          ],
          [
            7.84734,
            45.426525
          ],
          [
            7.847187,
            45.426702
          ],
          [
            7.847086,
            45.426865
          ],
          [
            7.846974,
            45.427104
          ],
          [
            7.846902,
            45.427316
          ],
          [
            7.846741,
            45.428027
          ],
          [
            7.84671,
            45.42876
          ],
          [
            7.846629,
            45.430557
          ],
          [
            7.846526,
            45.432603
          ],
          [
            7.84653,
            45.43307
          ],
          [
            7.846615,
            45.434125
          ],
          [
            7.846655,
            45.43439
          ],
          [
            7.846781,
            45.435017
          ],
          [
            7.846961,
            45.435676
          ],
          [
            7.849763,
            45.444612
          ],
          [
            7.850531,
            45.447054
          ],
          [
            7.8522,
            45.452485
          ],
          [
            7.853601,
            45.456963
          ],
          [
            7.853715,
            45.457434
          ],
          [
            7.853767,
            45.457821
          ],
          [
            7.853793,
            45.458269
          ],
          [
            7.853772,
            45.458763
          ],
          [
            7.853696,
            45.459219
          ],
          [
            7.853626,
            45.45949
          ],
          [
            7.853453,
            45.46
          ],
          [
            7.853215,
            45.460499
          ],
          [
            7.852928,
            45.460967
          ],
          [
            7.852554,
            45.461458
          ],
          [
            7.851848,
            45.462244
          ],
          [
            7.851678,
            45.462438
          ],
          [
            7.850864,
            45.46334
          ],
          [
            7.850785,
            45.46343
          ],
          [
            7.850424,
            45.463842
          ],
          [
            7.850368,
            45.463905
          ],
          [
            7.849988,
            45.464328
          ],
          [
            7.849889,
            45.464433
          ],
          [
            7.849232,
            45.465163
          ],
          [
            7.849157,
            45.465244
          ],
          [
            7.848415,
            45.46607
          ],
          [
            7.848335,
            45.46616
          ],
          [
            7.847546,
            45.467044
          ],
          [
            7.847478,
            45.467114
          ],
          [
            7.846638,
            45.46805
          ],
          [
            7.846555,
            45.468148
          ],
          [
            7.845907,
            45.468868
          ],
          [
            7.845832,
            45.468954
          ],
          [
            7.844675,
            45.470232
          ],
          [
            7.844602,
            45.470313
          ],
          [
            7.843709,
            45.471297
          ],
          [
            7.843653,
            45.471359
          ],
          [
            7.842835,
            45.472294
          ],
          [
            7.842754,
            45.472376
          ],
          [
            7.835963,
            45.47997
          ],
          [
            7.835926,
            45.480011
          ],
          [
            7.833779,
            45.48244
          ],
          [
            7.833259,
            45.483113
          ],
          [
            7.833206,
            45.483186
          ],
          [
            7.832829,
            45.483724
          ],
          [
            7.832493,
            45.484249
          ],
          [
            7.832149,
            45.484839
          ],
          [
            7.831613,
            45.485894
          ],
          [
            7.831192,
            45.486921
          ],
          [
            7.830869,
            45.487924
          ],
          [
            7.830737,
            45.488445
          ],
          [
            7.830532,
            45.489499
          ],
          [
            7.830464,
            45.490031
          ],
          [
            7.830415,
            45.490592
          ],
          [
            7.830396,
            45.491177
          ],
          [
            7.830401,
            45.491796
          ],
          [
            7.830431,
            45.492325
          ],
          [
            7.830661,
            45.494218
          ],
          [
            7.830703,
            45.494544
          ],
          [
            7.831352,
            45.499566
          ],
          [
            7.831363,
            45.49965
          ],
          [
            7.832207,
            45.506245
          ],
          [
            7.832349,
            45.507179
          ],
          [
            7.83251,
            45.507905
          ],
          [
            7.834789,
            45.516963
          ],
          [
            7.834921,
            45.51765
          ],
          [
            7.834959,
            45.518016
          ],
          [
            7.83498,
            45.518813
          ],
          [
            7.83458,
            45.522647
          ],
          [
            7.834572,
            45.52272
          ],
          [
            7.834447,
            45.523893
          ],
          [
            7.834438,
            45.523975
          ],
          [
            7.834237,
            45.525807
          ],
          [
            7.834168,
            45.526225
          ],
          [
            7.834062,
            45.526692
          ],
          [
            7.833932,
            45.527116
          ],
          [
            7.83377,
            45.527554
          ],
          [
            7.833604,
            45.527928
          ],
          [
            7.833315,
            45.52847
          ],
          [
            7.832975,
            45.529072
          ],
          [
            7.830803,
            45.532867
          ],
          [
            7.83041,
            45.533608
          ],
          [
            7.830166,
            45.53417
          ],
          [
            7.829928,
            45.53489
          ],
          [
            7.829517,
            45.536693
          ],
          [
            7.829464,
            45.536947
          ],
          [
            7.829287,
            45.537677
          ],
          [
            7.829129,
            45.538136
          ],
          [
            7.828997,
            45.538448
          ],
          [
            7.828815,
            45.538811
          ],
          [
            7.828598,
            45.539183
          ],
          [
            7.828355,
            45.539546
          ],
          [
            7.82796,
            45.540039
          ],
          [
            7.82536,
            45.54292
          ],
          [
            7.825159,
            45.543162
          ],
          [
            7.824847,
            45.543626
          ],
          [
            7.824714,
            45.543876
          ],
          [
            7.824497,
            45.544462
          ],
          [
            7.824431,
            45.544743
          ],
          [
            7.824261,
            45.546109
          ],
          [
            7.82418,
            45.546425
          ],
          [
            7.82408,
            45.546699
          ],
          [
            7.823924,
            45.547039
          ],
          [
            7.819409,
            45.554492
          ],
          [
            7.819325,
            45.554636
          ],
          [
            7.818422,
            45.556127
          ],
          [
            7.818094,
            45.556669
          ],
          [
            7.817825,
            45.557088
          ],
          [
            7.817464,
            45.557559
          ],
          [
            7.816996,
            45.558061
          ],
          [
            7.816719,
            45.558316
          ],
          [
            7.816393,
            45.558584
          ],
          [
            7.814452,
            45.559994
          ],
          [
            7.813444,
            45.560723
          ],
          [
            7.811905,
            45.561843
          ],
          [
            7.811201,
            45.562446
          ],
          [
            7.810592,
            45.563091
          ],
          [
            7.810316,
            45.563415
          ],
          [
            7.809147,
            45.564967
          ],
          [
            7.808677,
            45.565587
          ],
          [
            7.808404,
            45.565947
          ],
          [
            7.805489,
            45.569787
          ],
          [
            7.804728,
            45.570799
          ],
          [
            7.804448,
            45.571199
          ],
          [
            7.80419,
            45.571635
          ],
          [
            7.803883,
            45.572261
          ],
          [
            7.800613,
            45.58003
          ],
          [
            7.800095,
            45.581297
          ],
          [
            7.799592,
            45.582524
          ],
          [
            7.798404,
            45.585337
          ],
          [
            7.797986,
            45.586211
          ],
          [
            7.79751,
            45.586838
          ],
          [
            7.797059,
            45.587378
          ],
          [
            7.796388,
            45.587997
          ],
          [
            7.795765,
            45.588479
          ],
          [
            7.795179,
            45.588858
          ],
          [
            7.793711,
            45.589679
          ],
          [
            7.791483,
            45.590941
          ],
          [
            7.790448,
            45.591548
          ],
          [
            7.789291,
            45.592315
          ],
          [
            7.788596,
            45.592833
          ],
          [
            7.787052,
            45.594019
          ],
          [
            7.784443,
            45.595931
          ],
          [
            7.783599,
            45.596494
          ],
          [
            7.782979,
            45.596875
          ],
          [
            7.782349,
            45.597235
          ],
          [
            7.781677,
            45.597591
          ],
          [
            7.780368,
            45.598222
          ],
          [
            7.779055,
            45.598773
          ],
          [
            7.777806,
            45.599226
          ],
          [
            7.776802,
            45.599543
          ],
          [
            7.775727,
            45.599843
          ],
          [
            7.774483,
            45.600144
          ],
          [
            7.773449,
            45.600353
          ],
          [
            7.772571,
            45.600502
          ],
          [
            7.771661,
            45.600634
          ],
          [
            7.770599,
            45.60075
          ],
          [
            7.769624,
            45.600833
          ],
          [
            7.768793,
            45.600879
          ],
          [
            7.76787,
            45.600907
          ],
          [
            7.766465,
            45.600905
          ],
          [
            7.76508,
            45.600849
          ],
          [
            7.763801,
            45.600748
          ],
          [
            7.762829,
            45.600651
          ],
          [
            7.762418,
            45.600611
          ],
          [
            7.761507,
            45.600542
          ],
          [
            7.760565,
            45.60051
          ],
          [
            7.759556,
            45.60052
          ],
          [
            7.758316,
            45.600589
          ],
          [
            7.757791,
            45.600641
          ],
          [
            7.75638,
            45.600831
          ],
          [
            7.755702,
            45.600969
          ],
          [
            7.754945,
            45.601148
          ],
          [
            7.754028,
            45.601405
          ],
          [
            7.752262,
            45.601966
          ],
          [
            7.750288,
            45.602553
          ],
          [
            7.749028,
            45.602867
          ],
          [
            7.748505,
            45.602982
          ],
          [
            7.745856,
            45.603504
          ],
          [
            7.744993,
            45.603725
          ],
          [
            7.744282,
            45.603958
          ],
          [
            7.743955,
            45.604076
          ],
          [
            7.74345,
            45.604299
          ],
          [
            7.742703,
            45.604666
          ],
          [
            7.742359,
            45.604851
          ],
          [
            7.741731,
            45.605262
          ],
          [
            7.74123,
            45.605635
          ],
          [
            7.74069,
            45.606089
          ],
          [
            7.74029,
            45.606455
          ],
          [
            7.73992,
            45.606858
          ],
          [
            7.73959,
            45.607355
          ],
          [
            7.739275,
            45.60801
          ],
          [
            7.738956,
            45.608912
          ],
          [
            7.738871,
            45.609246
          ],
          [
            7.73881,
            45.609609
          ],
          [
            7.738771,
            45.610113
          ],
          [
            7.738778,
            45.610545
          ],
          [
            7.738876,
            45.611532
          ],
          [
            7.73892,
            45.612328
          ],
          [
            7.738879,
            45.612909
          ],
          [
            7.738819,
            45.613313
          ],
          [
            7.73871,
            45.61378
          ],
          [
            7.738555,
            45.614245
          ],
          [
            7.738399,
            45.614633
          ],
          [
            7.738131,
            45.615153
          ],
          [
            7.737717,
            45.615809
          ],
          [
            7.728116,
            45.630241
          ],
          [
            7.725649,
            45.633955
          ],
          [
            7.724936,
            45.635019
          ],
          [
            7.724415,
            45.63575
          ],
          [
            7.723747,
            45.636623
          ],
          [
            7.72344,
            45.637006
          ],
          [
            7.722838,
            45.637701
          ],
          [
            7.722093,
            45.638518
          ],
          [
            7.721654,
            45.638962
          ],
          [
            7.721421,
            45.63919
          ],
          [
            7.720197,
            45.640319
          ],
          [
            7.719029,
            45.641293
          ],
          [
            7.718445,
            45.641749
          ],
          [
            7.717984,
            45.642101
          ],
          [
            7.716798,
            45.642921
          ],
          [
            7.715364,
            45.643845
          ],
          [
            7.714492,
            45.644391
          ],
          [
            7.71122,
            45.646439
          ],
          [
            7.710439,
            45.646928
          ],
          [
            7.698358,
            45.654474
          ],
          [
            7.697409,
            45.655125
          ],
          [
            7.696861,
            45.655541
          ],
          [
            7.696256,
            45.656045
          ],
          [
            7.695586,
            45.656659
          ],
          [
            7.694768,
            45.657515
          ],
          [
            7.693872,
            45.65855
          ],
          [
            7.693381,
            45.659073
          ],
          [
            7.693105,
            45.659348
          ],
          [
            7.692482,
            45.659914
          ],
          [
            7.69185,
            45.660437
          ],
          [
            7.691137,
            45.660973
          ],
          [
            7.688209,
            45.663006
          ],
          [
            7.6874,
            45.663587
          ],
          [
            7.68658,
            45.664269
          ],
          [
            7.686178,
            45.664652
          ],
          [
            7.68578,
            45.665067
          ],
          [
            7.685565,
            45.665308
          ],
          [
            7.685273,
            45.665665
          ],
          [
            7.68475,
            45.666398
          ],
          [
            7.684473,
            45.666855
          ],
          [
            7.684162,
            45.667447
          ],
          [
            7.683917,
            45.668016
          ],
          [
            7.682771,
            45.671254
          ],
          [
            7.682494,
            45.672038
          ],
          [
            7.682105,
            45.673069
          ],
          [
            7.681988,
            45.673318
          ],
          [
            7.681737,
            45.673767
          ],
          [
            7.681466,
            45.67417
          ],
          [
            7.681075,
            45.674654
          ],
          [
            7.680679,
            45.675063
          ],
          [
            7.680353,
            45.675358
          ],
          [
            7.67997,
            45.675668
          ],
          [
            7.679547,
            45.675972
          ],
          [
            7.678862,
            45.67639
          ],
          [
            7.678313,
            45.676678
          ],
          [
            7.676592,
            45.677422
          ],
          [
            7.67596,
            45.677719
          ],
          [
            7.675297,
            45.678089
          ],
          [
            7.674963,
            45.678309
          ],
          [
            7.674509,
            45.678644
          ],
          [
            7.674017,
            45.679058
          ],
          [
            7.673622,
            45.679444
          ],
          [
            7.673267,
            45.679845
          ],
          [
            7.668812,
            45.685519
          ],
          [
            7.668477,
            45.686001
          ],
          [
            7.668242,
            45.6864
          ],
          [
            7.668003,
            45.686911
          ],
          [
            7.667843,
            45.687362
          ],
          [
            7.667734,
            45.687782
          ],
          [
            7.667644,
            45.688419
          ],
          [
            7.66763,
            45.688862
          ],
          [
            7.667656,
            45.689284
          ],
          [
            7.667727,
            45.68971
          ],
          [
            7.667831,
            45.690134
          ],
          [
            7.66845,
            45.692079
          ],
          [
            7.66869,
            45.693063
          ],
          [
            7.668797,
            45.693805
          ],
          [
            7.668838,
            45.69445
          ],
          [
            7.668825,
            45.695292
          ],
          [
            7.668747,
            45.696023
          ],
          [
            7.668628,
            45.696652
          ],
          [
            7.668467,
            45.697268
          ],
          [
            7.668169,
            45.69824
          ],
          [
            7.667997,
            45.699005
          ],
          [
            7.667939,
            45.699349
          ],
          [
            7.667865,
            45.700036
          ],
          [
            7.667837,
            45.700761
          ],
          [
            7.667858,
            45.701448
          ],
          [
            7.667936,
            45.702125
          ],
          [
            7.668029,
            45.702646
          ],
          [
            7.668812,
            45.706208
          ],
          [
            7.66926,
            45.708444
          ],
          [
            7.66954,
            45.710027
          ],
          [
            7.669783,
            45.71144
          ],
          [
            7.669972,
            45.712607
          ],
          [
            7.670445,
            45.715926
          ],
          [
            7.670519,
            45.716763
          ],
          [
            7.670535,
            45.717195
          ],
          [
            7.670495,
            45.71812
          ],
          [
            7.670419,
            45.718736
          ],
          [
            7.670347,
            45.719123
          ],
          [
            7.670262,
            45.719548
          ],
          [
            7.67005,
            45.720353
          ],
          [
            7.669814,
            45.72121
          ],
          [
            7.668686,
            45.725199
          ],
          [
            7.666243,
            45.728826
          ],
          [
            7.662587,
            45.731916
          ],
          [
            7.660662,
            45.733253
          ],
          [
            7.657136,
            45.735697
          ],
          [
            7.654719,
            45.737325
          ],
          [
            7.65338,
            45.738205
          ],
          [
            7.65298,
            45.738449
          ],
          [
            7.652308,
            45.738819
          ],
          [
            7.651955,
            45.738982
          ],
          [
            7.651109,
            45.739327
          ],
          [
            7.650405,
            45.739555
          ],
          [
            7.649361,
            45.739818
          ],
          [
            7.648606,
            45.739955
          ],
          [
            7.647837,
            45.740055
          ],
          [
            7.646906,
            45.74015
          ],
          [
            7.645223,
            45.740316
          ],
          [
            7.644286,
            45.740436
          ],
          [
            7.643643,
            45.740553
          ],
          [
            7.642967,
            45.740702
          ],
          [
            7.642141,
            45.740933
          ],
          [
            7.641639,
            45.741093
          ],
          [
            7.641179,
            45.741265
          ],
          [
            7.640338,
            45.741624
          ],
          [
            7.639539,
            45.742035
          ],
          [
            7.636138,
            45.744038
          ],
          [
            7.635121,
            45.744633
          ],
          [
            7.63391,
            45.745336
          ],
          [
            7.633444,
            45.745594
          ],
          [
            7.632885,
            45.745876
          ],
          [
            7.632038,
            45.746254
          ],
          [
            7.631079,
            45.746633
          ],
          [
            7.630668,
            45.746781
          ],
          [
            7.629875,
            45.747029
          ],
          [
            7.62881,
            45.74731
          ],
          [
            7.627765,
            45.747522
          ],
          [
            7.627305,
            45.747595
          ],
          [
            7.626719,
            45.747666
          ],
          [
            7.625675,
            45.747772
          ],
          [
            7.625047,
            45.747823
          ],
          [
            7.624211,
            45.747862
          ],
          [
            7.623314,
            45.747872
          ],
          [
            7.622125,
            45.747835
          ],
          [
            7.621142,
            45.747756
          ],
          [
            7.620679,
            45.747705
          ],
          [
            7.619484,
            45.74753
          ],
          [
            7.61837,
            45.747308
          ],
          [
            7.616926,
            45.746925
          ],
          [
            7.61667,
            45.746847
          ],
          [
            7.61625,
            45.74671
          ],
          [
            7.615101,
            45.746286
          ],
          [
            7.614393,
            45.745981
          ],
          [
            7.613457,
            45.74553
          ],
          [
            7.612203,
            45.744884
          ],
          [
            7.610935,
            45.744289
          ],
          [
            7.610046,
            45.743909
          ],
          [
            7.60916,
            45.743571
          ],
          [
            7.608249,
            45.74328
          ],
          [
            7.606472,
            45.742848
          ],
          [
            7.605225,
            45.742618
          ],
          [
            7.604536,
            45.742511
          ],
          [
            7.603529,
            45.742388
          ],
          [
            7.602238,
            45.742257
          ],
          [
            7.598151,
            45.741913
          ],
          [
            7.59784,
            45.741888
          ],
          [
            7.595267,
            45.741671
          ],
          [
            7.594208,
            45.741623
          ],
          [
            7.593491,
            45.741619
          ],
          [
            7.593094,
            45.74163
          ],
          [
            7.592268,
            45.741684
          ],
          [
            7.591104,
            45.741827
          ],
          [
            7.590419,
            45.741943
          ],
          [
            7.588908,
            45.74223
          ],
          [
            7.581102,
            45.74372
          ],
          [
            7.580357,
            45.743851
          ],
          [
            7.578743,
            45.744098
          ],
          [
            7.577059,
            45.744303
          ],
          [
            7.576189,
            45.744385
          ],
          [
            7.574655,
            45.744499
          ],
          [
            7.573246,
            45.744567
          ],
          [
            7.571589,
            45.744596
          ],
          [
            7.570234,
            45.744586
          ],
          [
            7.568582,
            45.744529
          ],
          [
            7.566609,
            45.74439
          ],
          [
            7.565218,
            45.744249
          ],
          [
            7.563568,
            45.744037
          ],
          [
            7.562765,
            45.743913
          ],
          [
            7.558112,
            45.743107
          ],
          [
            7.556007,
            45.74276
          ],
          [
            7.554646,
            45.74255
          ],
          [
            7.552814,
            45.742301
          ],
          [
            7.551729,
            45.742159
          ],
          [
            7.54943,
            45.7419
          ],
          [
            7.548308,
            45.741785
          ],
          [
            7.546081,
            45.741594
          ],
          [
            7.544583,
            45.74148
          ],
          [
            7.542997,
            45.741385
          ],
          [
            7.540573,
            45.741273
          ],
          [
            7.539071,
            45.741227
          ],
          [
            7.538619,
            45.741218
          ],
          [
            7.537536,
            45.741194
          ],
          [
            7.537309,
            45.741191
          ],
          [
            7.534591,
            45.741186
          ],
          [
            7.533014,
            45.741208
          ],
          [
            7.530833,
            45.741267
          ],
          [
            7.5287,
            45.741361
          ],
          [
            7.527465,
            45.74143
          ],
          [
            7.525051,
            45.741594
          ],
          [
            7.524235,
            45.741663
          ],
          [
            7.518741,
            45.742186
          ],
          [
            7.518336,
            45.742227
          ],
          [
            7.515133,
            45.742553
          ],
          [
            7.513637,
            45.742705
          ],
          [
            7.512269,
            45.742818
          ],
          [
            7.510085,
            45.742972
          ],
          [
            7.507405,
            45.74313
          ],
          [
            7.504764,
            45.743243
          ],
          [
            7.502221,
            45.743307
          ],
          [
            7.501902,
            45.743312
          ],
          [
            7.499032,
            45.743351
          ],
          [
            7.495346,
            45.743347
          ],
          [
            7.493065,
            45.743301
          ],
          [
            7.49001,
            45.743194
          ],
          [
            7.488295,
            45.743115
          ],
          [
            7.486454,
            45.743005
          ],
          [
            7.484497,
            45.742836
          ],
          [
            7.48305,
            45.742654
          ],
          [
            7.48243,
            45.742565
          ],
          [
            7.480704,
            45.742278
          ],
          [
            7.479282,
            45.742005
          ],
          [
            7.478642,
            45.741861
          ],
          [
            7.47752,
            45.741561
          ],
          [
            7.477373,
            45.741516
          ],
          [
            7.476227,
            45.741146
          ],
          [
            7.475609,
            45.740915
          ],
          [
            7.474668,
            45.740516
          ],
          [
            7.474029,
            45.740215
          ],
          [
            7.473361,
            45.739874
          ],
          [
            7.472723,
            45.739514
          ],
          [
            7.472139,
            45.739153
          ],
          [
            7.469361,
            45.737378
          ],
          [
            7.468758,
            45.737046
          ],
          [
            7.468211,
            45.736787
          ],
          [
            7.467953,
            45.736683
          ],
          [
            7.467311,
            45.73645
          ],
          [
            7.466998,
            45.736358
          ],
          [
            7.466316,
            45.736184
          ],
          [
            7.465648,
            45.736062
          ],
          [
            7.465277,
            45.736012
          ],
          [
            7.464318,
            45.735936
          ],
          [
            7.463648,
            45.735928
          ],
          [
            7.463007,
            45.735954
          ],
          [
            7.461978,
            45.736068
          ],
          [
            7.461017,
            45.736243
          ],
          [
            7.459707,
            45.736504
          ],
          [
            7.459254,
            45.736596
          ],
          [
            7.454732,
            45.737502
          ],
          [
            7.45298,
            45.737853
          ],
          [
            7.452191,
            45.73799
          ],
          [
            7.451408,
            45.738091
          ],
          [
            7.450496,
            45.738139
          ],
          [
            7.450068,
            45.738139
          ],
          [
            7.449168,
            45.738086
          ],
          [
            7.448759,
            45.738041
          ],
          [
            7.448324,
            45.737973
          ],
          [
            7.447872,
            45.737889
          ],
          [
            7.446866,
            45.737645
          ],
          [
            7.434338,
            45.73432
          ],
          [
            7.433739,
            45.734172
          ],
          [
            7.433149,
            45.734045
          ],
          [
            7.432077,
            45.733866
          ],
          [
            7.431053,
            45.733749
          ],
          [
            7.43054,
            45.733713
          ],
          [
            7.429593,
            45.733679
          ],
          [
            7.429089,
            45.733678
          ],
          [
            7.428138,
            45.733712
          ],
          [
            7.427661,
            45.733744
          ],
          [
            7.426714,
            45.733846
          ],
          [
            7.426257,
            45.733912
          ],
          [
            7.425406,
            45.734065
          ],
          [
            7.424486,
            45.734279
          ],
          [
            7.423571,
            45.734539
          ],
          [
            7.422575,
            45.734886
          ],
          [
            7.420667,
            45.735644
          ],
          [
            7.419409,
            45.736126
          ],
          [
            7.418862,
            45.736309
          ],
          [
            7.417964,
            45.736574
          ],
          [
            7.416773,
            45.736858
          ],
          [
            7.416014,
            45.737005
          ],
          [
            7.415332,
            45.737114
          ],
          [
            7.414684,
            45.737195
          ],
          [
            7.414371,
            45.73723
          ],
          [
            7.413786,
            45.737282
          ],
          [
            7.412716,
            45.737331
          ],
          [
            7.411498,
            45.737323
          ],
          [
            7.410866,
            45.737294
          ],
          [
            7.409787,
            45.737209
          ],
          [
            7.408358,
            45.737022
          ],
          [
            7.406139,
            45.736717
          ],
          [
            7.404949,
            45.736574
          ],
          [
            7.404498,
            45.736534
          ],
          [
            7.404062,
            45.736499
          ],
          [
            7.402908,
            45.73645
          ],
          [
            7.401572,
            45.736458
          ],
          [
            7.400189,
            45.736539
          ],
          [
            7.399615,
            45.736595
          ],
          [
            7.399055,
            45.736669
          ],
          [
            7.39814,
            45.736808
          ],
          [
            7.397507,
            45.736923
          ],
          [
            7.396976,
            45.737039
          ],
          [
            7.395816,
            45.737328
          ],
          [
            7.39461,
            45.737694
          ],
          [
            7.393926,
            45.737924
          ],
          [
            7.391145,
            45.738898
          ],
          [
            7.390508,
            45.739111
          ],
          [
            7.389668,
            45.739352
          ],
          [
            7.389432,
            45.739413
          ],
          [
            7.388954,
            45.7395
          ],
          [
            7.388707,
            45.73954
          ],
          [
            7.388132,
            45.739622
          ],
          [
            7.387667,
            45.739663
          ],
          [
            7.387273,
            45.739675
          ],
          [
            7.386793,
            45.739663
          ],
          [
            7.385964,
            45.739604
          ],
          [
            7.385617,
            45.739548
          ],
          [
            7.385097,
            45.739429
          ],
          [
            7.384577,
            45.739288
          ],
          [
            7.384143,
            45.739129
          ],
          [
            7.381761,
            45.738157
          ],
          [
            7.380952,
            45.737867
          ],
          [
            7.380575,
            45.737766
          ],
          [
            7.380176,
            45.737678
          ],
          [
            7.379564,
            45.73757
          ],
          [
            7.379149,
            45.737526
          ],
          [
            7.378675,
            45.737499
          ],
          [
            7.378133,
            45.737496
          ],
          [
            7.377687,
            45.737519
          ],
          [
            7.377232,
            45.73756
          ],
          [
            7.374501,
            45.73795
          ],
          [
            7.373735,
            45.738033
          ],
          [
            7.373244,
            45.738068
          ],
          [
            7.372372,
            45.738078
          ],
          [
            7.371325,
            45.738037
          ],
          [
            7.366393,
            45.737727
          ],
          [
            7.363256,
            45.737492
          ],
          [
            7.360205,
            45.737183
          ],
          [
            7.353993,
            45.736509
          ],
          [
            7.351383,
            45.736213
          ],
          [
            7.347399,
            45.735803
          ],
          [
            7.346514,
            45.735666
          ],
          [
            7.345785,
            45.735515
          ],
          [
            7.344781,
            45.735218
          ],
          [
            7.343934,
            45.734783
          ],
          [
            7.343568,
            45.734558
          ],
          [
            7.343235,
            45.734328
          ],
          [
            7.342871,
            45.734035
          ],
          [
            7.342603,
            45.733792
          ],
          [
            7.340182,
            45.731362
          ],
          [
            7.339755,
            45.730982
          ],
          [
            7.339519,
            45.73079
          ],
          [
            7.339167,
            45.730557
          ],
          [
            7.338819,
            45.730347
          ],
          [
            7.338424,
            45.730146
          ],
          [
            7.33763,
            45.72981
          ],
          [
            7.337249,
            45.729688
          ],
          [
            7.336782,
            45.729566
          ],
          [
            7.336382,
            45.729485
          ],
          [
            7.335591,
            45.729388
          ],
          [
            7.335052,
            45.729363
          ],
          [
            7.334461,
            45.729372
          ],
          [
            7.33405,
            45.729393
          ],
          [
            7.331094,
            45.729656
          ],
          [
            7.327629,
            45.72984
          ],
          [
            7.321737,
            45.730166
          ],
          [
            7.320218,
            45.730245
          ],
          [
            7.318888,
            45.730263
          ],
          [
            7.31814,
            45.730245
          ],
          [
            7.317513,
            45.730208
          ],
          [
            7.316498,
            45.730098
          ],
          [
            7.315684,
            45.729964
          ],
          [
            7.314811,
            45.729782
          ],
          [
            7.313576,
            45.729437
          ],
          [
            7.312432,
            45.729044
          ],
          [
            7.310474,
            45.728229
          ],
          [
            7.309785,
            45.72792
          ],
          [
            7.309155,
            45.7277
          ],
          [
            7.308648,
            45.727561
          ],
          [
            7.308179,
            45.72745
          ],
          [
            7.307762,
            45.727382
          ],
          [
            7.307021,
            45.727303
          ],
          [
            7.306191,
            45.727281
          ],
          [
            7.299357,
            45.727391
          ],
          [
            7.29685,
            45.727482
          ],
          [
            7.291903,
            45.72767
          ],
          [
            7.290838,
            45.727697
          ],
          [
            7.289683,
            45.727694
          ],
          [
            7.289092,
            45.727665
          ],
          [
            7.288575,
            45.727618
          ],
          [
            7.288015,
            45.727541
          ],
          [
            7.287406,
            45.727433
          ],
          [
            7.286412,
            45.727129
          ],
          [
            7.285726,
            45.72686
          ],
          [
            7.284826,
            45.726419
          ],
          [
            7.27542,
            45.721395
          ],
          [
            7.274639,
            45.720991
          ],
          [
            7.273916,
            45.720642
          ],
          [
            7.272403,
            45.71998
          ],
          [
            7.271115,
            45.719456
          ],
          [
            7.269749,
            45.718951
          ],
          [
            7.268072,
            45.71842
          ],
          [
            7.267299,
            45.718143
          ],
          [
            7.266611,
            45.717867
          ],
          [
            7.265998,
            45.717534
          ],
          [
            7.265451,
            45.717166
          ],
          [
            7.264929,
            45.716725
          ],
          [
            7.264262,
            45.716037
          ],
          [
            7.26358,
            45.714977
          ],
          [
            7.263277,
            45.714521
          ],
          [
            7.262086,
            45.712922
          ],
          [
            7.26119,
            45.712053
          ],
          [
            7.260139,
            45.71121
          ],
          [
            7.258728,
            45.710382
          ],
          [
            7.25758,
            45.709858
          ],
          [
            7.255874,
            45.709217
          ],
          [
            7.254013,
            45.708779
          ],
          [
            7.252071,
            45.708513
          ],
          [
            7.247337,
            45.708232
          ],
          [
            7.246464,
            45.708186
          ],
          [
            7.246116,
            45.708165
          ],
          [
            7.244876,
            45.708003
          ],
          [
            7.244192,
            45.707877
          ],
          [
            7.243792,
            45.707788
          ],
          [
            7.242768,
            45.707499
          ],
          [
            7.241523,
            45.707098
          ],
          [
            7.240579,
            45.706806
          ],
          [
            7.23796,
            45.7059
          ],
          [
            7.237551,
            45.705742
          ],
          [
            7.236955,
            45.705486
          ],
          [
            7.235555,
            45.704863
          ],
          [
            7.235009,
            45.704606
          ],
          [
            7.234234,
            45.704239
          ],
          [
            7.224476,
            45.699612
          ],
          [
            7.221628,
            45.698286
          ],
          [
            7.22004,
            45.697529
          ],
          [
            7.217433,
            45.696371
          ],
          [
            7.215491,
            45.695719
          ],
          [
            7.214043,
            45.695344
          ],
          [
            7.212862,
            45.695063
          ],
          [
            7.212219,
            45.694962
          ],
          [
            7.209542,
            45.694651
          ],
          [
            7.207085,
            45.694662
          ],
          [
            7.205207,
            45.694805
          ],
          [
            7.202836,
            45.695164
          ],
          [
            7.200369,
            45.695674
          ],
          [
            7.19847,
            45.696326
          ],
          [
            7.197646,
            45.696577
          ],
          [
            7.197377,
            45.696663
          ],
          [
            7.196057,
            45.697098
          ],
          [
            7.195212,
            45.697349
          ],
          [
            7.194448,
            45.697549
          ],
          [
            7.193839,
            45.697709
          ],
          [
            7.192737,
            45.697924
          ],
          [
            7.192126,
            45.698028
          ],
          [
            7.190685,
            45.698207
          ],
          [
            7.189904,
            45.698267
          ],
          [
            7.189722,
            45.698278
          ],
          [
            7.18923,
            45.698302
          ],
          [
            7.188401,
            45.698316
          ],
          [
            7.187094,
            45.698304
          ],
          [
            7.181969,
            45.698207
          ],
          [
            7.175757,
            45.698124
          ],
          [
            7.168021,
            45.69796
          ],
          [
            7.164599,
            45.69793
          ],
          [
            7.16204,
            45.698027
          ],
          [
            7.158773,
            45.698334
          ],
          [
            7.157432,
            45.698544
          ],
          [
            7.156149,
            45.698773
          ],
          [
            7.155624,
            45.698886
          ],
          [
            7.154083,
            45.699233
          ],
          [
            7.150968,
            45.700099
          ],
          [
            7.138769,
            45.703988
          ],
          [
            7.137176,
            45.704512
          ],
          [
            7.135781,
            45.705022
          ],
          [
            7.134724,
            45.705513
          ],
          [
            7.133399,
            45.706254
          ],
          [
            7.132294,
            45.707048
          ],
          [
            7.131219,
            45.707949
          ],
          [
            7.124935,
            45.713623
          ],
          [
            7.123285,
            45.714959
          ],
          [
            7.12183,
            45.716046
          ],
          [
            7.119849,
            45.717334
          ],
          [
            7.11766,
            45.71857
          ],
          [
            7.115783,
            45.719499
          ],
          [
            7.114109,
            45.720286
          ],
          [
            7.112403,
            45.720975
          ],
          [
            7.11001,
            45.721761
          ],
          [
            7.107318,
            45.722567
          ],
          [
            7.100133,
            45.724477
          ],
          [
            7.09946,
            45.724778
          ],
          [
            7.098823,
            45.725117
          ],
          [
            7.098224,
            45.725579
          ],
          [
            7.097681,
            45.726058
          ],
          [
            7.09087,
            45.734156
          ],
          [
            7.089068,
            45.735864
          ],
          [
            7.088081,
            45.73662
          ],
          [
            7.08675,
            45.737451
          ],
          [
            7.085677,
            45.737923
          ],
          [
            7.084787,
            45.738275
          ],
          [
            7.083939,
            45.738514
          ],
          [
            7.082373,
            45.738784
          ],
          [
            7.08057,
            45.738904
          ],
          [
            7.079342,
            45.738829
          ],
          [
            7.078049,
            45.738679
          ],
          [
            7.076547,
            45.738485
          ],
          [
            7.074766,
            45.738058
          ],
          [
            7.071786,
            45.737056
          ],
          [
            7.070958,
            45.736811
          ],
          [
            7.07032,
            45.736661
          ],
          [
            7.069724,
            45.736557
          ],
          [
            7.069181,
            45.736509
          ],
          [
            7.068303,
            45.736511
          ],
          [
            7.067438,
            45.736571
          ],
          [
            7.066231,
            45.736818
          ],
          [
            7.064922,
            45.737331
          ],
          [
            7.063828,
            45.738028
          ],
          [
            7.063254,
            45.738589
          ],
          [
            7.062814,
            45.739166
          ],
          [
            7.062423,
            45.739847
          ],
          [
            7.061721,
            45.74142
          ],
          [
            7.061556,
            45.741773
          ],
          [
            7.061421,
            45.741991
          ],
          [
            7.060966,
            45.742579
          ],
          [
            7.060789,
            45.742778
          ],
          [
            7.06039,
            45.74316
          ],
          [
            7.059543,
            45.743775
          ],
          [
            7.058975,
            45.74414
          ],
          [
            7.058543,
            45.744378
          ],
          [
            7.058055,
            45.744613
          ],
          [
            7.056884,
            45.745012
          ],
          [
            7.056005,
            45.745227
          ],
          [
            7.054542,
            45.745631
          ],
          [
            7.053115,
            45.746066
          ],
          [
            7.052273,
            45.746397
          ],
          [
            7.051855,
            45.74658
          ],
          [
            7.050879,
            45.74708
          ],
          [
            7.048005,
            45.748916
          ],
          [
            7.047268,
            45.749342
          ],
          [
            7.0469,
            45.749541
          ],
          [
            7.04648,
            45.749739
          ],
          [
            7.045882,
            45.749973
          ],
          [
            7.045341,
            45.750143
          ],
          [
            7.044667,
            45.750304
          ],
          [
            7.044315,
            45.750366
          ],
          [
            7.043881,
            45.750427
          ],
          [
            7.043237,
            45.75048
          ],
          [
            7.042646,
            45.750493
          ],
          [
            7.041765,
            45.750454
          ],
          [
            7.035273,
            45.749906
          ],
          [
            7.03331,
            45.749873
          ],
          [
            7.031377,
            45.750028
          ],
          [
            7.029537,
            45.750451
          ],
          [
            7.027956,
            45.750928
          ],
          [
            7.026347,
            45.751617
          ],
          [
            7.024995,
            45.752403
          ],
          [
            7.023869,
            45.753264
          ],
          [
            7.022649,
            45.754443
          ],
          [
            7.018162,
            45.758873
          ],
          [
            7.014267,
            45.762727
          ],
          [
            7.013333,
            45.763625
          ],
          [
            7.009318,
            45.767627
          ],
          [
            7.00725,
            45.769626
          ],
          [
            7.005887,
            45.770808
          ],
          [
            7.004267,
            45.771953
          ],
          [
            7.002561,
            45.772881
          ],
          [
            7.000169,
            45.773757
          ],
          [
            6.996939,
            45.774378
          ],
          [
            6.994321,
            45.774558
          ],
          [
            6.991704,
            45.774475
          ],
          [
            6.989322,
            45.774363
          ],
          [
            6.986425,
            45.774198
          ],
          [
            6.984901,
            45.774041
          ],
          [
            6.983727,
            45.773959
          ],
          [
            6.981848,
            45.77387
          ],
          [
            6.981061,
            45.773876
          ],
          [
            6.980288,
            45.77394
          ],
          [
            6.979966,
            45.773987
          ],
          [
            6.979156,
            45.774156
          ],
          [
            6.978784,
            45.774264
          ],
          [
            6.978404,
            45.774397
          ],
          [
            6.977804,
            45.774653
          ],
          [
            6.977449,
            45.77485
          ],
          [
            6.97673,
            45.775362
          ],
          [
            6.97636,
            45.775692
          ],
          [
            6.975965,
            45.776089
          ],
          [
            6.974467,
            45.777793
          ],
          [
            6.973853,
            45.778518
          ],
          [
            6.973006,
            45.779486
          ],
          [
            6.972551,
            45.780099
          ],
          [
            6.972407,
            45.780346
          ],
          [
            6.972283,
            45.780591
          ],
          [
            6.972078,
            45.781113
          ],
          [
            6.971748,
            45.781674
          ],
          [
            6.971541,
            45.782011
          ],
          [
            6.971182,
            45.782602
          ],
          [
            6.971065,
            45.782746
          ],
          [
            6.970893,
            45.782878
          ],
          [
            6.970768,
            45.783008
          ],
          [
            6.970694,
            45.783114
          ],
          [
            6.970676,
            45.783199
          ],
          [
            6.970692,
            45.783249
          ],
          [
            6.970657,
            45.78333
          ],
          [
            6.970577,
            45.783376
          ],
          [
            6.970293,
            45.783864
          ],
          [
            6.970046,
            45.784364
          ],
          [
            6.969995,
            45.784666
          ],
          [
            6.970114,
            45.78643
          ],
          [
            6.970153,
            45.786984
          ],
          [
            6.970168,
            45.78719
          ],
          [
            6.970313,
            45.788845
          ],
          [
            6.97033,
            45.7893
          ],
          [
            6.970258,
            45.789661
          ],
          [
            6.970157,
            45.789939
          ],
          [
            6.970132,
            45.789992
          ],
          [
            6.970123,
            45.790144
          ],
          [
            6.970032,
            45.790411
          ],
          [
            6.97004,
            45.79049
          ],
          [
            6.970137,
            45.790592
          ],
          [
            6.970334,
            45.79069
          ],
          [
            6.970623,
            45.790704
          ],
          [
            6.970692,
            45.790748
          ],
          [
            6.970732,
            45.790741
          ],
          [
            6.970863,
            45.790763
          ],
          [
            6.970933,
            45.790822
          ],
          [
            6.970944,
            45.790849
          ],
          [
            6.971193,
            45.790864
          ],
          [
            6.971512,
            45.790783
          ],
          [
            6.971692,
            45.790771
          ],
          [
            6.971772,
            45.790789
          ],
          [
            6.97186,
            45.790856
          ],
          [
            6.971877,
            45.790947
          ],
          [
            6.971718,
            45.791403
          ]
        ]
      }
    }
  ]
}
