{
  "type": "FeatureCollection",
  "properties": {
    "dayNumber": 8,
    "title": "Seceda & the Dolomites"
  },
  "features": [
    {
      "type": "Feature",
      "properties": {
        "mode": "drive",
        "fromStopIndex": 0,
        "toStopIndex": 1,
        "fromName": "Brescia",
        "toName": "Seceda Cableways — Ortisei",
        "waypointNames": [
          "Brescia",
          "Seceda Cableways — Ortisei"
        ],
        "distanceMeters": 228677.4,
        "durationSeconds": 9552.2
      },
      "geometry": {
        "type": "LineString",
        "coordinates": [
          [
            10.211824,
            45.541596
          ],
          [
            10.211837,
            45.541629
          ],
          [
            10.211546,
            45.541718
          ],
          [
            10.210952,
            45.541872
          ],
          [
            10.210322,
            45.542035
          ],
          [
            10.210173,
            45.542025
          ],
          [
            10.210113,
            45.542039
          ],
          [
            10.209751,
            45.542136
          ],
          [
            10.208249,
            45.542531
          ],
          [
            10.207115,
            45.54284
          ],
          [
            10.206301,
            45.543037
          ],
          [
            10.206044,
            45.543089
          ],
          [
            10.206005,
            45.543127
          ],
          [
            10.205945,
            45.543107
          ],
          [
            10.205636,
            45.543161
          ],
          [
            10.205367,
            45.543211
          ],
          [
            10.204916,
            45.543291
          ],
          [
            10.203552,
            45.543546
          ],
          [
            10.203437,
            45.543567
          ],
          [
            10.203412,
            45.543572
          ],
          [
            10.201802,
            45.543868
          ],
          [
            10.201589,
            45.54391
          ],
          [
            10.201476,
            45.54395
          ],
          [
            10.201211,
            45.544044
          ],
          [
            10.201191,
            45.544072
          ],
          [
            10.201121,
            45.54411
          ],
          [
            10.201017,
            45.544107
          ],
          [
            10.200961,
            45.544076
          ],
          [
            10.200893,
            45.544076
          ],
          [
            10.199978,
            45.544239
          ],
          [
            10.199925,
            45.544248
          ],
          [
            10.19955,
            45.544293
          ],
          [
            10.19952,
            45.5443
          ],
          [
            10.197718,
            45.544697
          ],
          [
            10.196464,
            45.544957
          ],
          [
            10.195105,
            45.545238
          ],
          [
            10.193989,
            45.545481
          ],
          [
            10.193865,
            45.545506
          ],
          [
            10.193729,
            45.545531
          ],
          [
            10.192469,
            45.545747
          ],
          [
            10.191587,
            45.545938
          ],
          [
            10.191302,
            45.545983
          ],
          [
            10.189438,
            45.546191
          ],
          [
            10.188527,
            45.546301
          ],
          [
            10.188028,
            45.546362
          ],
          [
            10.187458,
            45.546454
          ],
          [
            10.187274,
            45.546484
          ],
          [
            10.186682,
            45.546622
          ],
          [
            10.186698,
            45.546675
          ],
          [
            10.186654,
            45.54675
          ],
          [
            10.186567,
            45.546784
          ],
          [
            10.186516,
            45.546785
          ],
          [
            10.186425,
            45.546756
          ],
          [
            10.186381,
            45.546757
          ],
          [
            10.186091,
            45.546828
          ],
          [
            10.186024,
            45.54685
          ],
          [
            10.185976,
            45.546871
          ],
          [
            10.185944,
            45.546917
          ],
          [
            10.185888,
            45.546949
          ],
          [
            10.185804,
            45.546962
          ],
          [
            10.185688,
            45.546925
          ],
          [
            10.185647,
            45.546873
          ],
          [
            10.185647,
            45.546813
          ],
          [
            10.185674,
            45.546773
          ],
          [
            10.185645,
            45.546606
          ],
          [
            10.185478,
            45.546377
          ],
          [
            10.184891,
            45.545601
          ],
          [
            10.184783,
            45.545384
          ],
          [
            10.184669,
            45.545088
          ],
          [
            10.184481,
            45.544508
          ],
          [
            10.184108,
            45.543821
          ],
          [
            10.183637,
            45.542944
          ],
          [
            10.183395,
            45.542455
          ],
          [
            10.183271,
            45.542188
          ],
          [
            10.182647,
            45.540679
          ],
          [
            10.18207,
            45.539205
          ],
          [
            10.181825,
            45.538626
          ],
          [
            10.181506,
            45.537963
          ],
          [
            10.181275,
            45.537528
          ],
          [
            10.180436,
            45.536055
          ],
          [
            10.179386,
            45.534316
          ],
          [
            10.178962,
            45.533813
          ],
          [
            10.178221,
            45.532669
          ],
          [
            10.177973,
            45.532438
          ],
          [
            10.177612,
            45.532147
          ],
          [
            10.176769,
            45.532087
          ],
          [
            10.175686,
            45.532011
          ],
          [
            10.175504,
            45.531998
          ],
          [
            10.175475,
            45.531996
          ],
          [
            10.173937,
            45.531857
          ],
          [
            10.173546,
            45.531824
          ],
          [
            10.172418,
            45.531691
          ],
          [
            10.171649,
            45.531662
          ],
          [
            10.171094,
            45.531598
          ],
          [
            10.170416,
            45.531566
          ],
          [
            10.170767,
            45.531475
          ],
          [
            10.170861,
            45.531413
          ],
          [
            10.170954,
            45.531282
          ],
          [
            10.170952,
            45.531118
          ],
          [
            10.170883,
            45.531039
          ],
          [
            10.170875,
            45.530992
          ],
          [
            10.170655,
            45.530835
          ],
          [
            10.170514,
            45.530679
          ],
          [
            10.170245,
            45.530422
          ],
          [
            10.169956,
            45.530046
          ],
          [
            10.169818,
            45.529909
          ],
          [
            10.169562,
            45.529565
          ],
          [
            10.169483,
            45.529489
          ],
          [
            10.169388,
            45.529428
          ],
          [
            10.16924,
            45.529372
          ],
          [
            10.169077,
            45.529379
          ],
          [
            10.169006,
            45.529371
          ],
          [
            10.168898,
            45.529333
          ],
          [
            10.168707,
            45.529201
          ],
          [
            10.168459,
            45.528966
          ],
          [
            10.168389,
            45.528851
          ],
          [
            10.168371,
            45.52873
          ],
          [
            10.168415,
            45.52863
          ],
          [
            10.168471,
            45.528566
          ],
          [
            10.168466,
            45.528398
          ],
          [
            10.168418,
            45.528159
          ],
          [
            10.168367,
            45.528048
          ],
          [
            10.168302,
            45.527986
          ],
          [
            10.16821,
            45.527767
          ],
          [
            10.168169,
            45.527715
          ],
          [
            10.167951,
            45.527388
          ],
          [
            10.167522,
            45.526774
          ],
          [
            10.167293,
            45.526416
          ],
          [
            10.167029,
            45.526047
          ],
          [
            10.166701,
            45.525622
          ],
          [
            10.165696,
            45.524233
          ],
          [
            10.165615,
            45.524104
          ],
          [
            10.165569,
            45.523971
          ],
          [
            10.165586,
            45.523765
          ],
          [
            10.165631,
            45.523657
          ],
          [
            10.165698,
            45.52356
          ],
          [
            10.165801,
            45.523467
          ],
          [
            10.16604,
            45.523344
          ],
          [
            10.166183,
            45.5233
          ],
          [
            10.166364,
            45.52327
          ],
          [
            10.166534,
            45.523265
          ],
          [
            10.166692,
            45.52328
          ],
          [
            10.166863,
            45.523318
          ],
          [
            10.167074,
            45.523408
          ],
          [
            10.167233,
            45.52351
          ],
          [
            10.167357,
            45.523634
          ],
          [
            10.167581,
            45.52376
          ],
          [
            10.167878,
            45.523837
          ],
          [
            10.168048,
            45.523848
          ],
          [
            10.168355,
            45.52383
          ],
          [
            10.168536,
            45.523782
          ],
          [
            10.16896,
            45.523621
          ],
          [
            10.1693,
            45.523542
          ],
          [
            10.17038,
            45.523058
          ],
          [
            10.171378,
            45.522652
          ],
          [
            10.17233,
            45.522312
          ],
          [
            10.174588,
            45.521628
          ],
          [
            10.175947,
            45.521295
          ],
          [
            10.177306,
            45.521023
          ],
          [
            10.178513,
            45.520824
          ],
          [
            10.182086,
            45.520387
          ],
          [
            10.188971,
            45.519647
          ],
          [
            10.195169,
            45.518931
          ],
          [
            10.196456,
            45.518783
          ],
          [
            10.197406,
            45.518656
          ],
          [
            10.198298,
            45.518493
          ],
          [
            10.19918,
            45.518283
          ],
          [
            10.200089,
            45.51801
          ],
          [
            10.201098,
            45.517636
          ],
          [
            10.20336,
            45.516617
          ],
          [
            10.215491,
            45.511033
          ],
          [
            10.215715,
            45.51093
          ],
          [
            10.217722,
            45.510007
          ],
          [
            10.217926,
            45.509914
          ],
          [
            10.220624,
            45.508683
          ],
          [
            10.221905,
            45.50817
          ],
          [
            10.223465,
            45.507641
          ],
          [
            10.224398,
            45.507363
          ],
          [
            10.2254,
            45.507093
          ],
          [
            10.226221,
            45.506899
          ],
          [
            10.227056,
            45.506725
          ],
          [
            10.22844,
            45.506482
          ],
          [
            10.232242,
            45.505988
          ],
          [
            10.233325,
            45.505831
          ],
          [
            10.234176,
            45.505671
          ],
          [
            10.235179,
            45.505466
          ],
          [
            10.238156,
            45.504808
          ],
          [
            10.243357,
            45.503625
          ],
          [
            10.248469,
            45.502451
          ],
          [
            10.249596,
            45.502187
          ],
          [
            10.250216,
            45.502023
          ],
          [
            10.274827,
            45.495093
          ],
          [
            10.27559,
            45.494856
          ],
          [
            10.289747,
            45.490239
          ],
          [
            10.2912,
            45.489811
          ],
          [
            10.305465,
            45.486248
          ],
          [
            10.311042,
            45.484853
          ],
          [
            10.315319,
            45.483785
          ],
          [
            10.317844,
            45.483207
          ],
          [
            10.324119,
            45.481807
          ],
          [
            10.329648,
            45.480558
          ],
          [
            10.372616,
            45.470871
          ],
          [
            10.377238,
            45.469824
          ],
          [
            10.383722,
            45.468361
          ],
          [
            10.38451,
            45.468203
          ],
          [
            10.386738,
            45.467794
          ],
          [
            10.394271,
            45.466538
          ],
          [
            10.399178,
            45.465738
          ],
          [
            10.400306,
            45.465589
          ],
          [
            10.401857,
            45.465441
          ],
          [
            10.402903,
            45.465359
          ],
          [
            10.423617,
            45.463688
          ],
          [
            10.428639,
            45.463251
          ],
          [
            10.430821,
            45.463034
          ],
          [
            10.432359,
            45.462795
          ],
          [
            10.438483,
            45.461511
          ],
          [
            10.44401,
            45.460374
          ],
          [
            10.453943,
            45.458279
          ],
          [
            10.464308,
            45.455707
          ],
          [
            10.467161,
            45.454982
          ],
          [
            10.470233,
            45.454319
          ],
          [
            10.473998,
            45.453861
          ],
          [
            10.47644,
            45.453666
          ],
          [
            10.480382,
            45.453521
          ],
          [
            10.483883,
            45.45331
          ],
          [
            10.492533,
            45.452311
          ],
          [
            10.501326,
            45.451342
          ],
          [
            10.514437,
            45.450132
          ],
          [
            10.519585,
            45.44963
          ],
          [
            10.522115,
            45.449397
          ],
          [
            10.523264,
            45.449269
          ],
          [
            10.524209,
            45.449147
          ],
          [
            10.526252,
            45.448823
          ],
          [
            10.528406,
            45.448381
          ],
          [
            10.53018,
            45.447944
          ],
          [
            10.531043,
            45.447708
          ],
          [
            10.532007,
            45.447422
          ],
          [
            10.535069,
            45.446476
          ],
          [
            10.536133,
            45.446176
          ],
          [
            10.537662,
            45.445799
          ],
          [
            10.539304,
            45.44545
          ],
          [
            10.577562,
            45.438335
          ],
          [
            10.584726,
            45.437018
          ],
          [
            10.590135,
            45.435971
          ],
          [
            10.595683,
            45.434968
          ],
          [
            10.597635,
            45.434624
          ],
          [
            10.600259,
            45.434306
          ],
          [
            10.602123,
            45.434171
          ],
          [
            10.60689,
            45.433931
          ],
          [
            10.615087,
            45.433515
          ],
          [
            10.634807,
            45.432562
          ],
          [
            10.64041,
            45.432246
          ],
          [
            10.663581,
            45.430773
          ],
          [
            10.673374,
            45.430132
          ],
          [
            10.673648,
            45.430115
          ],
          [
            10.6864,
            45.429269
          ],
          [
            10.68766,
            45.429209
          ],
          [
            10.689757,
            45.429156
          ],
          [
            10.699774,
            45.429244
          ],
          [
            10.701881,
            45.429248
          ],
          [
            10.703193,
            45.429183
          ],
          [
            10.705588,
            45.429109
          ],
          [
            10.705796,
            45.42908
          ],
          [
            10.706008,
            45.429016
          ],
          [
            10.706236,
            45.428892
          ],
          [
            10.706399,
            45.428743
          ],
          [
            10.706461,
            45.42864
          ],
          [
            10.706493,
            45.428444
          ],
          [
            10.70648,
            45.428316
          ],
          [
            10.706371,
            45.428099
          ],
          [
            10.706225,
            45.427959
          ],
          [
            10.706083,
            45.427873
          ],
          [
            10.70593,
            45.427804
          ],
          [
            10.705836,
            45.427764
          ],
          [
            10.70567,
            45.427726
          ],
          [
            10.705355,
            45.427703
          ],
          [
            10.704818,
            45.427741
          ],
          [
            10.704286,
            45.427801
          ],
          [
            10.70233,
            45.427976
          ],
          [
            10.702151,
            45.428023
          ],
          [
            10.70197,
            45.428111
          ],
          [
            10.701806,
            45.428263
          ],
          [
            10.701733,
            45.428417
          ],
          [
            10.701719,
            45.429141
          ],
          [
            10.70172,
            45.42917
          ],
          [
            10.701725,
            45.42947
          ],
          [
            10.701739,
            45.4296
          ],
          [
            10.701881,
            45.429977
          ],
          [
            10.702016,
            45.430241
          ],
          [
            10.702042,
            45.430296
          ],
          [
            10.702071,
            45.430356
          ],
          [
            10.702212,
            45.430597
          ],
          [
            10.702368,
            45.430784
          ],
          [
            10.702478,
            45.430887
          ],
          [
            10.702772,
            45.431077
          ],
          [
            10.702862,
            45.431217
          ],
          [
            10.702868,
            45.431366
          ],
          [
            10.70298,
            45.431602
          ],
          [
            10.703068,
            45.431688
          ],
          [
            10.703616,
            45.43197
          ],
          [
            10.704212,
            45.432233
          ],
          [
            10.704641,
            45.432424
          ],
          [
            10.705107,
            45.432622
          ],
          [
            10.705236,
            45.43266
          ],
          [
            10.705439,
            45.432682
          ],
          [
            10.705578,
            45.432664
          ],
          [
            10.705709,
            45.432612
          ],
          [
            10.70582,
            45.432524
          ],
          [
            10.705868,
            45.432374
          ],
          [
            10.705846,
            45.432196
          ],
          [
            10.70581,
            45.432151
          ],
          [
            10.705778,
            45.432128
          ],
          [
            10.70569,
            45.432039
          ],
          [
            10.705621,
            45.431926
          ],
          [
            10.705585,
            45.431804
          ],
          [
            10.705636,
            45.431566
          ],
          [
            10.705696,
            45.431501
          ],
          [
            10.705751,
            45.431442
          ],
          [
            10.705879,
            45.431343
          ],
          [
            10.706177,
            45.431238
          ],
          [
            10.706485,
            45.431184
          ],
          [
            10.706759,
            45.431186
          ],
          [
            10.707163,
            45.431153
          ],
          [
            10.707493,
            45.431048
          ],
          [
            10.708762,
            45.430408
          ],
          [
            10.709042,
            45.430281
          ],
          [
            10.709384,
            45.430141
          ],
          [
            10.709846,
            45.42998
          ],
          [
            10.710423,
            45.429822
          ],
          [
            10.710584,
            45.42979
          ],
          [
            10.710854,
            45.429756
          ],
          [
            10.711222,
            45.429734
          ],
          [
            10.711694,
            45.429683
          ],
          [
            10.711931,
            45.429676
          ],
          [
            10.713096,
            45.42968
          ],
          [
            10.715846,
            45.429711
          ],
          [
            10.716954,
            45.429708
          ],
          [
            10.723281,
            45.429783
          ],
          [
            10.724331,
            45.429809
          ],
          [
            10.725779,
            45.429867
          ],
          [
            10.726976,
            45.429859
          ],
          [
            10.727429,
            45.429839
          ],
          [
            10.728943,
            45.429722
          ],
          [
            10.732623,
            45.429384
          ],
          [
            10.733602,
            45.42928
          ],
          [
            10.734156,
            45.429236
          ],
          [
            10.734704,
            45.429218
          ],
          [
            10.735477,
            45.429236
          ],
          [
            10.736059,
            45.429284
          ],
          [
            10.736976,
            45.429424
          ],
          [
            10.737965,
            45.429603
          ],
          [
            10.739195,
            45.429848
          ],
          [
            10.740069,
            45.430043
          ],
          [
            10.740401,
            45.430135
          ],
          [
            10.740775,
            45.430281
          ],
          [
            10.740952,
            45.430376
          ],
          [
            10.741218,
            45.430574
          ],
          [
            10.74134,
            45.430696
          ],
          [
            10.741565,
            45.431002
          ],
          [
            10.741675,
            45.431305
          ],
          [
            10.741693,
            45.431474
          ],
          [
            10.741653,
            45.43179
          ],
          [
            10.741445,
            45.432679
          ],
          [
            10.741402,
            45.432974
          ],
          [
            10.741377,
            45.43366
          ],
          [
            10.741448,
            45.434294
          ],
          [
            10.741482,
            45.434519
          ],
          [
            10.741573,
            45.434875
          ],
          [
            10.741691,
            45.435284
          ],
          [
            10.741916,
            45.435971
          ],
          [
            10.742165,
            45.436736
          ],
          [
            10.742354,
            45.437203
          ],
          [
            10.742669,
            45.437864
          ],
          [
            10.742984,
            45.438523
          ],
          [
            10.743718,
            45.440017
          ],
          [
            10.744374,
            45.441154
          ],
          [
            10.747475,
            45.447501
          ],
          [
            10.749699,
            45.452003
          ],
          [
            10.750059,
            45.452635
          ],
          [
            10.75056,
            45.45339
          ],
          [
            10.750834,
            45.453755
          ],
          [
            10.75914,
            45.464192
          ],
          [
            10.759374,
            45.464508
          ],
          [
            10.759587,
            45.464828
          ],
          [
            10.759849,
            45.465272
          ],
          [
            10.760135,
            45.465858
          ],
          [
            10.760236,
            45.466122
          ],
          [
            10.760465,
            45.46677
          ],
          [
            10.761603,
            45.471099
          ],
          [
            10.763501,
            45.476359
          ],
          [
            10.763685,
            45.476925
          ],
          [
            10.764249,
            45.478997
          ],
          [
            10.76471,
            45.480783
          ],
          [
            10.767177,
            45.490095
          ],
          [
            10.767258,
            45.490372
          ],
          [
            10.767757,
            45.492277
          ],
          [
            10.767864,
            45.492688
          ],
          [
            10.768337,
            45.494494
          ],
          [
            10.768429,
            45.494919
          ],
          [
            10.768482,
            45.495322
          ],
          [
            10.768485,
            45.496202
          ],
          [
            10.768308,
            45.501268
          ],
          [
            10.768107,
            45.508361
          ],
          [
            10.768319,
            45.50999
          ],
          [
            10.768338,
            45.510084
          ],
          [
            10.768504,
            45.510926
          ],
          [
            10.769128,
            45.514639
          ],
          [
            10.769226,
            45.515153
          ],
          [
            10.769391,
            45.516181
          ],
          [
            10.769496,
            45.516761
          ],
          [
            10.769614,
            45.517413
          ],
          [
            10.769823,
            45.518311
          ],
          [
            10.77003,
            45.518903
          ],
          [
            10.775077,
            45.529903
          ],
          [
            10.775338,
            45.53047
          ],
          [
            10.775723,
            45.531329
          ],
          [
            10.776057,
            45.532103
          ],
          [
            10.776142,
            45.532312
          ],
          [
            10.776386,
            45.533037
          ],
          [
            10.776516,
            45.533489
          ],
          [
            10.776582,
            45.534563
          ],
          [
            10.776692,
            45.535452
          ],
          [
            10.776763,
            45.535801
          ],
          [
            10.777164,
            45.536935
          ],
          [
            10.777501,
            45.537564
          ],
          [
            10.77762,
            45.537778
          ],
          [
            10.778222,
            45.538899
          ],
          [
            10.778461,
            45.539464
          ],
          [
            10.778618,
            45.539918
          ],
          [
            10.779143,
            45.541846
          ],
          [
            10.779796,
            45.543418
          ],
          [
            10.780242,
            45.544542
          ],
          [
            10.780338,
            45.544896
          ],
          [
            10.780627,
            45.546217
          ],
          [
            10.78081,
            45.546875
          ],
          [
            10.780949,
            45.547269
          ],
          [
            10.781818,
            45.549328
          ],
          [
            10.781879,
            45.549427
          ],
          [
            10.782015,
            45.549568
          ],
          [
            10.782322,
            45.549737
          ],
          [
            10.782611,
            45.549862
          ],
          [
            10.782844,
            45.550037
          ],
          [
            10.783003,
            45.550248
          ],
          [
            10.783077,
            45.55048
          ],
          [
            10.783133,
            45.550584
          ],
          [
            10.783203,
            45.550661
          ],
          [
            10.783356,
            45.550772
          ],
          [
            10.783597,
            45.550857
          ],
          [
            10.784364,
            45.551075
          ],
          [
            10.78485,
            45.551214
          ],
          [
            10.785138,
            45.551288
          ],
          [
            10.785351,
            45.551313
          ],
          [
            10.78543,
            45.551309
          ],
          [
            10.785551,
            45.551267
          ],
          [
            10.785677,
            45.551167
          ],
          [
            10.785708,
            45.551085
          ],
          [
            10.785785,
            45.550978
          ],
          [
            10.785919,
            45.550887
          ],
          [
            10.78613,
            45.550827
          ],
          [
            10.786375,
            45.550834
          ],
          [
            10.786609,
            45.55091
          ],
          [
            10.786902,
            45.550957
          ],
          [
            10.787127,
            45.55094
          ],
          [
            10.787244,
            45.550912
          ],
          [
            10.787458,
            45.550827
          ],
          [
            10.787571,
            45.550765
          ],
          [
            10.787928,
            45.550465
          ],
          [
            10.788021,
            45.550381
          ],
          [
            10.788462,
            45.550009
          ],
          [
            10.788731,
            45.549857
          ],
          [
            10.788855,
            45.549767
          ],
          [
            10.789769,
            45.548871
          ],
          [
            10.790265,
            45.548407
          ],
          [
            10.790634,
            45.548069
          ],
          [
            10.790799,
            45.547953
          ],
          [
            10.79096,
            45.54787
          ],
          [
            10.791148,
            45.547804
          ],
          [
            10.791369,
            45.547767
          ],
          [
            10.791575,
            45.547761
          ],
          [
            10.791747,
            45.547772
          ],
          [
            10.791934,
            45.547815
          ],
          [
            10.792074,
            45.547864
          ],
          [
            10.792232,
            45.547941
          ],
          [
            10.792415,
            45.548064
          ],
          [
            10.792518,
            45.548174
          ],
          [
            10.792574,
            45.548269
          ],
          [
            10.792616,
            45.548406
          ],
          [
            10.792631,
            45.54857
          ],
          [
            10.792537,
            45.549324
          ],
          [
            10.792561,
            45.549552
          ],
          [
            10.792617,
            45.54969
          ],
          [
            10.792723,
            45.549845
          ],
          [
            10.792856,
            45.549977
          ],
          [
            10.79304,
            45.550124
          ],
          [
            10.794059,
            45.550784
          ],
          [
            10.795455,
            45.551557
          ],
          [
            10.796105,
            45.551944
          ],
          [
            10.796786,
            45.552427
          ],
          [
            10.797262,
            45.552798
          ],
          [
            10.797794,
            45.553308
          ],
          [
            10.798226,
            45.553775
          ],
          [
            10.798602,
            45.554224
          ],
          [
            10.798932,
            45.554681
          ],
          [
            10.799173,
            45.555056
          ],
          [
            10.799385,
            45.555438
          ],
          [
            10.799704,
            45.556132
          ],
          [
            10.799822,
            45.556437
          ],
          [
            10.800204,
            45.557609
          ],
          [
            10.800855,
            45.560104
          ],
          [
            10.802186,
            45.565089
          ],
          [
            10.802293,
            45.565547
          ],
          [
            10.803284,
            45.570442
          ],
          [
            10.803566,
            45.571499
          ],
          [
            10.803739,
            45.571977
          ],
          [
            10.804208,
            45.573044
          ],
          [
            10.804478,
            45.573566
          ],
          [
            10.804901,
            45.574245
          ],
          [
            10.80531,
            45.574842
          ],
          [
            10.80575,
            45.575396
          ],
          [
            10.806235,
            45.57596
          ],
          [
            10.806755,
            45.576516
          ],
          [
            10.807512,
            45.577236
          ],
          [
            10.808027,
            45.577669
          ],
          [
            10.808659,
            45.578161
          ],
          [
            10.809183,
            45.578542
          ],
          [
            10.810165,
            45.579182
          ],
          [
            10.810806,
            45.579552
          ],
          [
            10.811257,
            45.579799
          ],
          [
            10.812559,
            45.580425
          ],
          [
            10.813149,
            45.580676
          ],
          [
            10.814052,
            45.581031
          ],
          [
            10.814982,
            45.581351
          ],
          [
            10.816577,
            45.581813
          ],
          [
            10.817645,
            45.582062
          ],
          [
            10.81845,
            45.582212
          ],
          [
            10.819665,
            45.582407
          ],
          [
            10.824003,
            45.583003
          ],
          [
            10.825566,
            45.583252
          ],
          [
            10.826501,
            45.583455
          ],
          [
            10.827279,
            45.583651
          ],
          [
            10.828176,
            45.583927
          ],
          [
            10.829591,
            45.584477
          ],
          [
            10.829908,
            45.584612
          ],
          [
            10.830909,
            45.585114
          ],
          [
            10.831323,
            45.585352
          ],
          [
            10.832231,
            45.585931
          ],
          [
            10.832724,
            45.586287
          ],
          [
            10.833321,
            45.586742
          ],
          [
            10.833645,
            45.587036
          ],
          [
            10.834483,
            45.587874
          ],
          [
            10.834873,
            45.588322
          ],
          [
            10.835157,
            45.588685
          ],
          [
            10.835734,
            45.58957
          ],
          [
            10.838045,
            45.593577
          ],
          [
            10.838874,
            45.594844
          ],
          [
            10.839592,
            45.595757
          ],
          [
            10.840093,
            45.596336
          ],
          [
            10.847148,
            45.60406
          ],
          [
            10.847682,
            45.604681
          ],
          [
            10.84826,
            45.605396
          ],
          [
            10.848877,
            45.606201
          ],
          [
            10.849531,
            45.607167
          ],
          [
            10.849933,
            45.607797
          ],
          [
            10.850404,
            45.608609
          ],
          [
            10.851416,
            45.610533
          ],
          [
            10.851722,
            45.611044
          ],
          [
            10.852285,
            45.611823
          ],
          [
            10.852799,
            45.612425
          ],
          [
            10.854381,
            45.614019
          ],
          [
            10.8587,
            45.618397
          ],
          [
            10.85972,
            45.619433
          ],
          [
            10.861073,
            45.620823
          ],
          [
            10.861689,
            45.621508
          ],
          [
            10.873765,
            45.635667
          ],
          [
            10.875528,
            45.6375
          ],
          [
            10.876069,
            45.638036
          ],
          [
            10.876596,
            45.638493
          ],
          [
            10.87765,
            45.639326
          ],
          [
            10.878035,
            45.639659
          ],
          [
            10.878308,
            45.639928
          ],
          [
            10.878781,
            45.640464
          ],
          [
            10.879046,
            45.640792
          ],
          [
            10.879724,
            45.641723
          ],
          [
            10.880003,
            45.642046
          ],
          [
            10.880541,
            45.642607
          ],
          [
            10.881547,
            45.643636
          ],
          [
            10.882581,
            45.644734
          ],
          [
            10.883172,
            45.645405
          ],
          [
            10.883779,
            45.646129
          ],
          [
            10.884267,
            45.646768
          ],
          [
            10.885218,
            45.648036
          ],
          [
            10.89049,
            45.655109
          ],
          [
            10.891738,
            45.656808
          ],
          [
            10.892103,
            45.657373
          ],
          [
            10.892399,
            45.657898
          ],
          [
            10.892786,
            45.658647
          ],
          [
            10.892962,
            45.659059
          ],
          [
            10.893229,
            45.65971
          ],
          [
            10.893969,
            45.661692
          ],
          [
            10.89457,
            45.663196
          ],
          [
            10.894831,
            45.663754
          ],
          [
            10.895402,
            45.664861
          ],
          [
            10.895767,
            45.665464
          ],
          [
            10.895928,
            45.665721
          ],
          [
            10.897777,
            45.668378
          ],
          [
            10.899058,
            45.670258
          ],
          [
            10.900228,
            45.671977
          ],
          [
            10.900676,
            45.672589
          ],
          [
            10.901367,
            45.673633
          ],
          [
            10.902447,
            45.675182
          ],
          [
            10.903303,
            45.676544
          ],
          [
            10.903566,
            45.677007
          ],
          [
            10.904514,
            45.678958
          ],
          [
            10.904971,
            45.680105
          ],
          [
            10.905409,
            45.681468
          ],
          [
            10.905555,
            45.682023
          ],
          [
            10.905863,
            45.683416
          ],
          [
            10.906248,
            45.68513
          ],
          [
            10.906563,
            45.686274
          ],
          [
            10.906714,
            45.686693
          ],
          [
            10.907086,
            45.687471
          ],
          [
            10.907667,
            45.688416
          ],
          [
            10.907929,
            45.688784
          ],
          [
            10.908482,
            45.689459
          ],
          [
            10.908969,
            45.68998
          ],
          [
            10.909338,
            45.690331
          ],
          [
            10.909869,
            45.690791
          ],
          [
            10.910089,
            45.690962
          ],
          [
            10.910986,
            45.691614
          ],
          [
            10.913917,
            45.693611
          ],
          [
            10.91547,
            45.694651
          ],
          [
            10.918142,
            45.696479
          ],
          [
            10.918623,
            45.696822
          ],
          [
            10.919329,
            45.697382
          ],
          [
            10.919661,
            45.697679
          ],
          [
            10.919999,
            45.698012
          ],
          [
            10.920463,
            45.698499
          ],
          [
            10.920882,
            45.698993
          ],
          [
            10.921193,
            45.699394
          ],
          [
            10.921437,
            45.699758
          ],
          [
            10.92196,
            45.700632
          ],
          [
            10.925779,
            45.707856
          ],
          [
            10.926226,
            45.708653
          ],
          [
            10.926563,
            45.709207
          ],
          [
            10.926928,
            45.709728
          ],
          [
            10.927627,
            45.710626
          ],
          [
            10.928608,
            45.711715
          ],
          [
            10.931105,
            45.71438
          ],
          [
            10.931907,
            45.71527
          ],
          [
            10.932378,
            45.715838
          ],
          [
            10.93316,
            45.716891
          ],
          [
            10.934068,
            45.718233
          ],
          [
            10.939882,
            45.726662
          ],
          [
            10.940418,
            45.727368
          ],
          [
            10.941388,
            45.728457
          ],
          [
            10.942052,
            45.729122
          ],
          [
            10.942835,
            45.729823
          ],
          [
            10.943015,
            45.72998
          ],
          [
            10.943547,
            45.730415
          ],
          [
            10.944254,
            45.730957
          ],
          [
            10.944848,
            45.731376
          ],
          [
            10.945755,
            45.731962
          ],
          [
            10.946277,
            45.732275
          ],
          [
            10.947189,
            45.732786
          ],
          [
            10.94793,
            45.733173
          ],
          [
            10.95366,
            45.736123
          ],
          [
            10.954549,
            45.736547
          ],
          [
            10.955575,
            45.736969
          ],
          [
            10.956072,
            45.737147
          ],
          [
            10.956568,
            45.737311
          ],
          [
            10.957876,
            45.737679
          ],
          [
            10.958432,
            45.737804
          ],
          [
            10.959136,
            45.737937
          ],
          [
            10.96041,
            45.738142
          ],
          [
            10.961245,
            45.73826
          ],
          [
            10.962544,
            45.738485
          ],
          [
            10.963028,
            45.738589
          ],
          [
            10.963784,
            45.738777
          ],
          [
            10.964558,
            45.739009
          ],
          [
            10.96493,
            45.73914
          ],
          [
            10.965659,
            45.739428
          ],
          [
            10.966306,
            45.739714
          ],
          [
            10.966857,
            45.739981
          ],
          [
            10.971667,
            45.742439
          ],
          [
            10.972832,
            45.742972
          ],
          [
            10.973666,
            45.743326
          ],
          [
            10.97607,
            45.744322
          ],
          [
            10.980284,
            45.746085
          ],
          [
            10.982359,
            45.746945
          ],
          [
            10.984814,
            45.748008
          ],
          [
            10.985259,
            45.748213
          ],
          [
            10.986212,
            45.748727
          ],
          [
            10.986817,
            45.749123
          ],
          [
            10.987384,
            45.749563
          ],
          [
            10.987967,
            45.750078
          ],
          [
            10.988564,
            45.750678
          ],
          [
            10.98909,
            45.751323
          ],
          [
            10.99644,
            45.761022
          ],
          [
            10.99713,
            45.761909
          ],
          [
            10.997585,
            45.762456
          ],
          [
            10.998225,
            45.763172
          ],
          [
            10.998738,
            45.76364
          ],
          [
            10.999312,
            45.764073
          ],
          [
            10.999717,
            45.764313
          ],
          [
            11.007652,
            45.768533
          ],
          [
            11.008331,
            45.768959
          ],
          [
            11.008998,
            45.769428
          ],
          [
            11.009282,
            45.769652
          ],
          [
            11.01007,
            45.770357
          ],
          [
            11.01054,
            45.770853
          ],
          [
            11.010762,
            45.771108
          ],
          [
            11.01116,
            45.771635
          ],
          [
            11.011337,
            45.771907
          ],
          [
            11.011653,
            45.772463
          ],
          [
            11.01595,
            45.782418
          ],
          [
            11.016365,
            45.783328
          ],
          [
            11.016527,
            45.783633
          ],
          [
            11.017001,
            45.784329
          ],
          [
            11.017507,
            45.784952
          ],
          [
            11.01771,
            45.785189
          ],
          [
            11.01864,
            45.786322
          ],
          [
            11.019084,
            45.786903
          ],
          [
            11.01946,
            45.787498
          ],
          [
            11.019753,
            45.788093
          ],
          [
            11.019995,
            45.788703
          ],
          [
            11.020178,
            45.789323
          ],
          [
            11.02039,
            45.790255
          ],
          [
            11.020634,
            45.791458
          ],
          [
            11.02068,
            45.791696
          ],
          [
            11.021002,
            45.793253
          ],
          [
            11.021213,
            45.794457
          ],
          [
            11.021251,
            45.795209
          ],
          [
            11.021179,
            45.79606
          ],
          [
            11.021118,
            45.79643
          ],
          [
            11.020903,
            45.797304
          ],
          [
            11.02072,
            45.797786
          ],
          [
            11.020476,
            45.798312
          ],
          [
            11.020295,
            45.798664
          ],
          [
            11.019115,
            45.80064
          ],
          [
            11.019036,
            45.800771
          ],
          [
            11.017732,
            45.802912
          ],
          [
            11.01624,
            45.80543
          ],
          [
            11.015749,
            45.806196
          ],
          [
            11.015272,
            45.806844
          ],
          [
            11.01469,
            45.807498
          ],
          [
            11.013405,
            45.808774
          ],
          [
            11.01226,
            45.809948
          ],
          [
            11.011641,
            45.810691
          ],
          [
            11.011453,
            45.810952
          ],
          [
            11.010898,
            45.811821
          ],
          [
            11.009844,
            45.813739
          ],
          [
            11.009676,
            45.814032
          ],
          [
            11.009411,
            45.814443
          ],
          [
            11.008778,
            45.815272
          ],
          [
            11.006484,
            45.817902
          ],
          [
            11.005434,
            45.819159
          ],
          [
            11.005239,
            45.819459
          ],
          [
            11.004902,
            45.820053
          ],
          [
            11.004639,
            45.820656
          ],
          [
            11.004533,
            45.820968
          ],
          [
            11.0044,
            45.821381
          ],
          [
            11.004292,
            45.821842
          ],
          [
            11.004209,
            45.822593
          ],
          [
            11.004067,
            45.825178
          ],
          [
            11.004005,
            45.825753
          ],
          [
            11.003842,
            45.826812
          ],
          [
            11.003308,
            45.828743
          ],
          [
            11.003198,
            45.829357
          ],
          [
            11.00312,
            45.830364
          ],
          [
            11.002869,
            45.837427
          ],
          [
            11.002801,
            45.838431
          ],
          [
            11.002751,
            45.838832
          ],
          [
            11.002585,
            45.839562
          ],
          [
            11.002241,
            45.840617
          ],
          [
            11.00201,
            45.841093
          ],
          [
            11.00182,
            45.841414
          ],
          [
            11.001113,
            45.842506
          ],
          [
            11.000691,
            45.843257
          ],
          [
            11.000393,
            45.843886
          ],
          [
            11.000036,
            45.844927
          ],
          [
            10.999872,
            45.845669
          ],
          [
            10.999806,
            45.846145
          ],
          [
            10.999794,
            45.846439
          ],
          [
            10.999811,
            45.846632
          ],
          [
            10.999786,
            45.847285
          ],
          [
            10.9998,
            45.847686
          ],
          [
            10.999935,
            45.848642
          ],
          [
            11.000152,
            45.849385
          ],
          [
            11.000444,
            45.850142
          ],
          [
            11.001075,
            45.851645
          ],
          [
            11.001236,
            45.852146
          ],
          [
            11.001374,
            45.852683
          ],
          [
            11.001449,
            45.853236
          ],
          [
            11.001477,
            45.853998
          ],
          [
            11.001372,
            45.854809
          ],
          [
            11.001235,
            45.855411
          ],
          [
            11.000805,
            45.856849
          ],
          [
            11.000633,
            45.85756
          ],
          [
            11.000506,
            45.858207
          ],
          [
            11.000475,
            45.858997
          ],
          [
            11.000594,
            45.859866
          ],
          [
            11.000808,
            45.860672
          ],
          [
            11.001114,
            45.861391
          ],
          [
            11.001452,
            45.861999
          ],
          [
            11.002756,
            45.863887
          ],
          [
            11.004485,
            45.866282
          ],
          [
            11.005302,
            45.867432
          ],
          [
            11.006658,
            45.869361
          ],
          [
            11.007224,
            45.870563
          ],
          [
            11.00761,
            45.871983
          ],
          [
            11.00919,
            45.879476
          ],
          [
            11.009426,
            45.880325
          ],
          [
            11.009754,
            45.881268
          ],
          [
            11.010005,
            45.881863
          ],
          [
            11.010354,
            45.882579
          ],
          [
            11.013427,
            45.888645
          ],
          [
            11.014464,
            45.890663
          ],
          [
            11.014914,
            45.89143
          ],
          [
            11.015342,
            45.892058
          ],
          [
            11.015569,
            45.892354
          ],
          [
            11.016016,
            45.892861
          ],
          [
            11.016592,
            45.893442
          ],
          [
            11.017091,
            45.893891
          ],
          [
            11.017676,
            45.894366
          ],
          [
            11.023058,
            45.898325
          ],
          [
            11.023607,
            45.898754
          ],
          [
            11.024502,
            45.899522
          ],
          [
            11.024992,
            45.89997
          ],
          [
            11.025617,
            45.900607
          ],
          [
            11.026237,
            45.901302
          ],
          [
            11.026705,
            45.901864
          ],
          [
            11.028444,
            45.904153
          ],
          [
            11.032583,
            45.90964
          ],
          [
            11.034482,
            45.912121
          ],
          [
            11.035099,
            45.912859
          ],
          [
            11.035363,
            45.91312
          ],
          [
            11.035906,
            45.913707
          ],
          [
            11.03611,
            45.913915
          ],
          [
            11.03672,
            45.914494
          ],
          [
            11.037892,
            45.915513
          ],
          [
            11.038072,
            45.915645
          ],
          [
            11.038882,
            45.916198
          ],
          [
            11.040219,
            45.917106
          ],
          [
            11.056805,
            45.926512
          ],
          [
            11.057427,
            45.92682
          ],
          [
            11.057946,
            45.927044
          ],
          [
            11.058532,
            45.92727
          ],
          [
            11.059617,
            45.9276
          ],
          [
            11.060251,
            45.927746
          ],
          [
            11.060952,
            45.927877
          ],
          [
            11.061739,
            45.927986
          ],
          [
            11.062286,
            45.928034
          ],
          [
            11.06284,
            45.928067
          ],
          [
            11.06358,
            45.928062
          ],
          [
            11.063958,
            45.928053
          ],
          [
            11.06466,
            45.928013
          ],
          [
            11.065383,
            45.927937
          ],
          [
            11.066187,
            45.927814
          ],
          [
            11.070421,
            45.926954
          ],
          [
            11.071256,
            45.926815
          ],
          [
            11.071801,
            45.926748
          ],
          [
            11.072414,
            45.926691
          ],
          [
            11.07316,
            45.926658
          ],
          [
            11.073786,
            45.926658
          ],
          [
            11.074474,
            45.926682
          ],
          [
            11.075498,
            45.926784
          ],
          [
            11.076883,
            45.92704
          ],
          [
            11.07772,
            45.927256
          ],
          [
            11.078203,
            45.927405
          ],
          [
            11.078737,
            45.927597
          ],
          [
            11.079489,
            45.927909
          ],
          [
            11.08043,
            45.928385
          ],
          [
            11.080972,
            45.928715
          ],
          [
            11.08141,
            45.929015
          ],
          [
            11.082081,
            45.929542
          ],
          [
            11.083525,
            45.930912
          ],
          [
            11.090202,
            45.937366
          ],
          [
            11.090992,
            45.938076
          ],
          [
            11.093639,
            45.940391
          ],
          [
            11.09696,
            45.943272
          ],
          [
            11.097186,
            45.943473
          ],
          [
            11.097955,
            45.944163
          ],
          [
            11.098529,
            45.944721
          ],
          [
            11.098916,
            45.945119
          ],
          [
            11.099344,
            45.945599
          ],
          [
            11.099965,
            45.946359
          ],
          [
            11.100375,
            45.94691
          ],
          [
            11.100719,
            45.947412
          ],
          [
            11.101245,
            45.948259
          ],
          [
            11.101689,
            45.949108
          ],
          [
            11.102405,
            45.950605
          ],
          [
            11.104482,
            45.955135
          ],
          [
            11.105081,
            45.956492
          ],
          [
            11.105413,
            45.95741
          ],
          [
            11.105664,
            45.958363
          ],
          [
            11.105874,
            45.959324
          ],
          [
            11.106024,
            45.960503
          ],
          [
            11.108345,
            45.977139
          ],
          [
            11.108741,
            45.979831
          ],
          [
            11.1089,
            45.980658
          ],
          [
            11.109099,
            45.981307
          ],
          [
            11.109236,
            45.981661
          ],
          [
            11.109405,
            45.982048
          ],
          [
            11.109827,
            45.982817
          ],
          [
            11.110366,
            45.983548
          ],
          [
            11.11114,
            45.984414
          ],
          [
            11.116021,
            45.989602
          ],
          [
            11.116865,
            45.990615
          ],
          [
            11.11765,
            45.991646
          ],
          [
            11.118319,
            45.992652
          ],
          [
            11.118986,
            45.99381
          ],
          [
            11.119563,
            45.995007
          ],
          [
            11.119932,
            45.995936
          ],
          [
            11.120242,
            45.996881
          ],
          [
            11.120506,
            45.997862
          ],
          [
            11.12072,
            45.998854
          ],
          [
            11.120919,
            46.000322
          ],
          [
            11.121303,
            46.009263
          ],
          [
            11.12138,
            46.010659
          ],
          [
            11.12201,
            46.017711
          ],
          [
            11.122064,
            46.020249
          ],
          [
            11.122087,
            46.02806
          ],
          [
            11.122055,
            46.028636
          ],
          [
            11.121957,
            46.029387
          ],
          [
            11.121756,
            46.030264
          ],
          [
            11.121487,
            46.031094
          ],
          [
            11.120865,
            46.032872
          ],
          [
            11.12034,
            46.034317
          ],
          [
            11.11915,
            46.037657
          ],
          [
            11.118885,
            46.038344
          ],
          [
            11.1186,
            46.038983
          ],
          [
            11.118148,
            46.039788
          ],
          [
            11.118037,
            46.039957
          ],
          [
            11.117512,
            46.040717
          ],
          [
            11.117095,
            46.041248
          ],
          [
            11.116722,
            46.041663
          ],
          [
            11.11627,
            46.042135
          ],
          [
            11.113222,
            46.045153
          ],
          [
            11.112906,
            46.045479
          ],
          [
            11.112521,
            46.045879
          ],
          [
            11.11217,
            46.046277
          ],
          [
            11.111455,
            46.047161
          ],
          [
            11.110862,
            46.048035
          ],
          [
            11.110322,
            46.048928
          ],
          [
            11.109873,
            46.049871
          ],
          [
            11.109513,
            46.050786
          ],
          [
            11.109313,
            46.051431
          ],
          [
            11.10914,
            46.0521
          ],
          [
            11.108986,
            46.052918
          ],
          [
            11.108892,
            46.053778
          ],
          [
            11.108851,
            46.054591
          ],
          [
            11.108868,
            46.055413
          ],
          [
            11.108945,
            46.056182
          ],
          [
            11.109106,
            46.056949
          ],
          [
            11.109617,
            46.058967
          ],
          [
            11.109647,
            46.059102
          ],
          [
            11.110221,
            46.06156
          ],
          [
            11.110303,
            46.062084
          ],
          [
            11.110344,
            46.062617
          ],
          [
            11.110344,
            46.06307
          ],
          [
            11.110285,
            46.063746
          ],
          [
            11.110134,
            46.064467
          ],
          [
            11.109949,
            46.065114
          ],
          [
            11.10977,
            46.065699
          ],
          [
            11.108757,
            46.068486
          ],
          [
            11.107417,
            46.072579
          ],
          [
            11.10709,
            46.073687
          ],
          [
            11.106762,
            46.074698
          ],
          [
            11.106399,
            46.076045
          ],
          [
            11.106035,
            46.077881
          ],
          [
            11.105997,
            46.078043
          ],
          [
            11.10556,
            46.080216
          ],
          [
            11.105423,
            46.080923
          ],
          [
            11.105321,
            46.08158
          ],
          [
            11.105226,
            46.082892
          ],
          [
            11.105116,
            46.084485
          ],
          [
            11.105057,
            46.085018
          ],
          [
            11.104985,
            46.085425
          ],
          [
            11.104885,
            46.085827
          ],
          [
            11.104683,
            46.086441
          ],
          [
            11.104424,
            46.087038
          ],
          [
            11.104122,
            46.08759
          ],
          [
            11.10372,
            46.088194
          ],
          [
            11.103412,
            46.088595
          ],
          [
            11.102153,
            46.089987
          ],
          [
            11.102089,
            46.09005
          ],
          [
            11.099698,
            46.092568
          ],
          [
            11.099139,
            46.093178
          ],
          [
            11.098562,
            46.093761
          ],
          [
            11.095959,
            46.096552
          ],
          [
            11.093463,
            46.099164
          ],
          [
            11.092372,
            46.100379
          ],
          [
            11.091847,
            46.101014
          ],
          [
            11.09123,
            46.101872
          ],
          [
            11.090702,
            46.102781
          ],
          [
            11.090356,
            46.103462
          ],
          [
            11.090077,
            46.104143
          ],
          [
            11.089783,
            46.105011
          ],
          [
            11.089517,
            46.105878
          ],
          [
            11.087681,
            46.112253
          ],
          [
            11.087452,
            46.11316
          ],
          [
            11.087279,
            46.11407
          ],
          [
            11.087058,
            46.11606
          ],
          [
            11.086832,
            46.118142
          ],
          [
            11.086646,
            46.118933
          ],
          [
            11.08645,
            46.119581
          ],
          [
            11.086148,
            46.120403
          ],
          [
            11.085752,
            46.121294
          ],
          [
            11.085564,
            46.121656
          ],
          [
            11.083992,
            46.124769
          ],
          [
            11.083312,
            46.126036
          ],
          [
            11.082781,
            46.127186
          ],
          [
            11.082488,
            46.127977
          ],
          [
            11.082294,
            46.128792
          ],
          [
            11.082207,
            46.129537
          ],
          [
            11.082189,
            46.129846
          ],
          [
            11.082169,
            46.130255
          ],
          [
            11.082189,
            46.130781
          ],
          [
            11.082247,
            46.131259
          ],
          [
            11.082331,
            46.131788
          ],
          [
            11.082677,
            46.132933
          ],
          [
            11.082945,
            46.133544
          ],
          [
            11.083526,
            46.134747
          ],
          [
            11.086083,
            46.139843
          ],
          [
            11.088,
            46.143643
          ],
          [
            11.088605,
            46.14488
          ],
          [
            11.089178,
            46.146255
          ],
          [
            11.089954,
            46.148369
          ],
          [
            11.092424,
            46.155335
          ],
          [
            11.09296,
            46.156885
          ],
          [
            11.093169,
            46.157367
          ],
          [
            11.093428,
            46.157868
          ],
          [
            11.09396,
            46.158703
          ],
          [
            11.094379,
            46.15921
          ],
          [
            11.094995,
            46.159861
          ],
          [
            11.103225,
            46.167855
          ],
          [
            11.103792,
            46.168427
          ],
          [
            11.104329,
            46.16902
          ],
          [
            11.104929,
            46.169784
          ],
          [
            11.106556,
            46.172118
          ],
          [
            11.110527,
            46.177897
          ],
          [
            11.112459,
            46.180842
          ],
          [
            11.116525,
            46.187223
          ],
          [
            11.116899,
            46.187717
          ],
          [
            11.117367,
            46.188277
          ],
          [
            11.117824,
            46.188754
          ],
          [
            11.118325,
            46.189234
          ],
          [
            11.119134,
            46.189942
          ],
          [
            11.120511,
            46.191086
          ],
          [
            11.121922,
            46.19222
          ],
          [
            11.122534,
            46.192719
          ],
          [
            11.125646,
            46.195275
          ],
          [
            11.126209,
            46.195683
          ],
          [
            11.127747,
            46.196782
          ],
          [
            11.128259,
            46.197137
          ],
          [
            11.129125,
            46.19772
          ],
          [
            11.132222,
            46.199846
          ],
          [
            11.133817,
            46.200963
          ],
          [
            11.134534,
            46.201538
          ],
          [
            11.134813,
            46.201752
          ],
          [
            11.135125,
            46.202043
          ],
          [
            11.135607,
            46.202525
          ],
          [
            11.136308,
            46.203283
          ],
          [
            11.136754,
            46.203878
          ],
          [
            11.137173,
            46.204489
          ],
          [
            11.137467,
            46.204959
          ],
          [
            11.137735,
            46.205455
          ],
          [
            11.140984,
            46.212013
          ],
          [
            11.144583,
            46.219513
          ],
          [
            11.145448,
            46.221239
          ],
          [
            11.145811,
            46.221822
          ],
          [
            11.146181,
            46.222353
          ],
          [
            11.146619,
            46.222895
          ],
          [
            11.147151,
            46.223461
          ],
          [
            11.147521,
            46.223792
          ],
          [
            11.148071,
            46.224243
          ],
          [
            11.149128,
            46.22498
          ],
          [
            11.149887,
            46.225398
          ],
          [
            11.150709,
            46.225804
          ],
          [
            11.163369,
            46.230614
          ],
          [
            11.166296,
            46.231686
          ],
          [
            11.170836,
            46.233437
          ],
          [
            11.174403,
            46.234675
          ],
          [
            11.182182,
            46.237285
          ],
          [
            11.183803,
            46.237844
          ],
          [
            11.199014,
            46.242869
          ],
          [
            11.200006,
            46.243231
          ],
          [
            11.200962,
            46.243607
          ],
          [
            11.207436,
            46.246338
          ],
          [
            11.207957,
            46.246575
          ],
          [
            11.208698,
            46.246933
          ],
          [
            11.209372,
            46.2473
          ],
          [
            11.209992,
            46.247695
          ],
          [
            11.210658,
            46.248176
          ],
          [
            11.211408,
            46.24881
          ],
          [
            11.213944,
            46.251178
          ],
          [
            11.214703,
            46.251826
          ],
          [
            11.215372,
            46.252335
          ],
          [
            11.218145,
            46.25426
          ],
          [
            11.219486,
            46.25522
          ],
          [
            11.220246,
            46.255821
          ],
          [
            11.220896,
            46.256417
          ],
          [
            11.22668,
            46.262179
          ],
          [
            11.227795,
            46.26333
          ],
          [
            11.22828,
            46.263888
          ],
          [
            11.22885,
            46.264657
          ],
          [
            11.229161,
            46.265111
          ],
          [
            11.232082,
            46.269814
          ],
          [
            11.23253,
            46.270567
          ],
          [
            11.232799,
            46.271062
          ],
          [
            11.233171,
            46.271845
          ],
          [
            11.233424,
            46.272546
          ],
          [
            11.233528,
            46.272908
          ],
          [
            11.233765,
            46.273858
          ],
          [
            11.236166,
            46.284624
          ],
          [
            11.236514,
            46.285798
          ],
          [
            11.236955,
            46.287032
          ],
          [
            11.237129,
            46.287456
          ],
          [
            11.23765,
            46.288583
          ],
          [
            11.238089,
            46.289435
          ],
          [
            11.238795,
            46.290637
          ],
          [
            11.239524,
            46.291729
          ],
          [
            11.2399,
            46.292247
          ],
          [
            11.240732,
            46.293297
          ],
          [
            11.255329,
            46.310948
          ],
          [
            11.256212,
            46.312004
          ],
          [
            11.256868,
            46.312743
          ],
          [
            11.257864,
            46.313731
          ],
          [
            11.258355,
            46.314193
          ],
          [
            11.259668,
            46.315305
          ],
          [
            11.260504,
            46.315941
          ],
          [
            11.266056,
            46.320034
          ],
          [
            11.267276,
            46.320996
          ],
          [
            11.268262,
            46.321893
          ],
          [
            11.2691,
            46.322761
          ],
          [
            11.269506,
            46.323219
          ],
          [
            11.26998,
            46.323798
          ],
          [
            11.274544,
            46.329838
          ],
          [
            11.27514,
            46.330677
          ],
          [
            11.275429,
            46.331116
          ],
          [
            11.275768,
            46.331734
          ],
          [
            11.275987,
            46.332197
          ],
          [
            11.276138,
            46.332574
          ],
          [
            11.277071,
            46.33521
          ],
          [
            11.277106,
            46.33531
          ],
          [
            11.278201,
            46.338451
          ],
          [
            11.280135,
            46.343999
          ],
          [
            11.280471,
            46.344862
          ],
          [
            11.280643,
            46.34526
          ],
          [
            11.280927,
            46.345837
          ],
          [
            11.28143,
            46.346729
          ],
          [
            11.281944,
            46.347529
          ],
          [
            11.28258,
            46.348418
          ],
          [
            11.284896,
            46.351566
          ],
          [
            11.285511,
            46.352427
          ],
          [
            11.285783,
            46.352841
          ],
          [
            11.286093,
            46.353325
          ],
          [
            11.286472,
            46.353992
          ],
          [
            11.286996,
            46.355072
          ],
          [
            11.287436,
            46.35609
          ],
          [
            11.289375,
            46.361437
          ],
          [
            11.289825,
            46.362783
          ],
          [
            11.290099,
            46.363866
          ],
          [
            11.290201,
            46.364402
          ],
          [
            11.29035,
            46.365422
          ],
          [
            11.290437,
            46.366325
          ],
          [
            11.290606,
            46.368634
          ],
          [
            11.290622,
            46.369501
          ],
          [
            11.290517,
            46.372126
          ],
          [
            11.290504,
            46.373162
          ],
          [
            11.290558,
            46.374208
          ],
          [
            11.29071,
            46.375248
          ],
          [
            11.290878,
            46.376044
          ],
          [
            11.292724,
            46.383338
          ],
          [
            11.29277,
            46.383538
          ],
          [
            11.292984,
            46.384383
          ],
          [
            11.294185,
            46.389171
          ],
          [
            11.294292,
            46.389606
          ],
          [
            11.294373,
            46.389914
          ],
          [
            11.295105,
            46.392773
          ],
          [
            11.295356,
            46.393592
          ],
          [
            11.29565,
            46.394333
          ],
          [
            11.295853,
            46.394769
          ],
          [
            11.296065,
            46.395205
          ],
          [
            11.296414,
            46.39583
          ],
          [
            11.29761,
            46.397717
          ],
          [
            11.30487,
            46.408832
          ],
          [
            11.312609,
            46.420358
          ],
          [
            11.313712,
            46.421996
          ],
          [
            11.314647,
            46.423492
          ],
          [
            11.315106,
            46.424434
          ],
          [
            11.315427,
            46.425313
          ],
          [
            11.315671,
            46.426225
          ],
          [
            11.317176,
            46.436154
          ],
          [
            11.317229,
            46.436902
          ],
          [
            11.317221,
            46.437825
          ],
          [
            11.317171,
            46.438309
          ],
          [
            11.317085,
            46.438845
          ],
          [
            11.31691,
            46.439602
          ],
          [
            11.316615,
            46.440479
          ],
          [
            11.316429,
            46.440936
          ],
          [
            11.316252,
            46.441295
          ],
          [
            11.315962,
            46.441863
          ],
          [
            11.315491,
            46.442609
          ],
          [
            11.315239,
            46.442963
          ],
          [
            11.314725,
            46.443618
          ],
          [
            11.314249,
            46.444153
          ],
          [
            11.310223,
            46.448359
          ],
          [
            11.309823,
            46.448784
          ],
          [
            11.30911,
            46.449604
          ],
          [
            11.30836,
            46.450551
          ],
          [
            11.307899,
            46.451173
          ],
          [
            11.305762,
            46.454129
          ],
          [
            11.305336,
            46.454744
          ],
          [
            11.304968,
            46.455351
          ],
          [
            11.304682,
            46.455905
          ],
          [
            11.304507,
            46.456297
          ],
          [
            11.304337,
            46.456761
          ],
          [
            11.304145,
            46.457417
          ],
          [
            11.304029,
            46.457949
          ],
          [
            11.303923,
            46.458903
          ],
          [
            11.303923,
            46.459489
          ],
          [
            11.303969,
            46.460083
          ],
          [
            11.304089,
            46.460808
          ],
          [
            11.304218,
            46.461323
          ],
          [
            11.304413,
            46.461925
          ],
          [
            11.304639,
            46.462464
          ],
          [
            11.304811,
            46.462809
          ],
          [
            11.305073,
            46.4633
          ],
          [
            11.30531,
            46.46368
          ],
          [
            11.305598,
            46.464093
          ],
          [
            11.305904,
            46.46449
          ],
          [
            11.306485,
            46.465149
          ],
          [
            11.307272,
            46.465904
          ],
          [
            11.308086,
            46.466575
          ],
          [
            11.309652,
            46.467791
          ],
          [
            11.31093,
            46.468813
          ],
          [
            11.311858,
            46.469605
          ],
          [
            11.312627,
            46.470303
          ],
          [
            11.312965,
            46.470633
          ],
          [
            11.31416,
            46.471866
          ],
          [
            11.315272,
            46.473187
          ],
          [
            11.315952,
            46.474052
          ],
          [
            11.318172,
            46.476902
          ],
          [
            11.319261,
            46.478269
          ],
          [
            11.31942,
            46.478438
          ],
          [
            11.319758,
            46.47878
          ],
          [
            11.320304,
            46.479237
          ],
          [
            11.321085,
            46.479734
          ],
          [
            11.322224,
            46.480346
          ],
          [
            11.322817,
            46.480688
          ],
          [
            11.323603,
            46.481194
          ],
          [
            11.324097,
            46.481555
          ],
          [
            11.327014,
            46.483805
          ],
          [
            11.327669,
            46.484235
          ],
          [
            11.328342,
            46.484617
          ],
          [
            11.328853,
            46.484873
          ],
          [
            11.32938,
            46.485097
          ],
          [
            11.329932,
            46.485305
          ],
          [
            11.330503,
            46.485492
          ],
          [
            11.332802,
            46.486102
          ],
          [
            11.334857,
            46.486705
          ],
          [
            11.336463,
            46.487012
          ],
          [
            11.339529,
            46.487658
          ],
          [
            11.340406,
            46.487747
          ],
          [
            11.341825,
            46.487831
          ],
          [
            11.342544,
            46.487897
          ],
          [
            11.343149,
            46.487984
          ],
          [
            11.343636,
            46.48808
          ],
          [
            11.343955,
            46.488162
          ],
          [
            11.344639,
            46.488396
          ],
          [
            11.346334,
            46.489081
          ],
          [
            11.346628,
            46.489187
          ],
          [
            11.347109,
            46.489335
          ],
          [
            11.347763,
            46.489486
          ],
          [
            11.350003,
            46.489922
          ],
          [
            11.359176,
            46.491375
          ],
          [
            11.359868,
            46.491417
          ],
          [
            11.36048,
            46.49142
          ],
          [
            11.361061,
            46.491382
          ],
          [
            11.363778,
            46.491024
          ],
          [
            11.364535,
            46.490964
          ],
          [
            11.365332,
            46.490959
          ],
          [
            11.366031,
            46.49098
          ],
          [
            11.36703,
            46.491109
          ],
          [
            11.368056,
            46.491328
          ],
          [
            11.369287,
            46.49162
          ],
          [
            11.369531,
            46.491679
          ],
          [
            11.37074,
            46.491977
          ],
          [
            11.37153,
            46.492145
          ],
          [
            11.375668,
            46.49296
          ],
          [
            11.376718,
            46.493138
          ],
          [
            11.37782,
            46.493255
          ],
          [
            11.378198,
            46.493275
          ],
          [
            11.379355,
            46.493275
          ],
          [
            11.383568,
            46.493175
          ],
          [
            11.38529,
            46.492958
          ],
          [
            11.38576,
            46.49291
          ],
          [
            11.38617,
            46.492888
          ],
          [
            11.38659,
            46.492884
          ],
          [
            11.387018,
            46.4929
          ],
          [
            11.388691,
            46.493038
          ],
          [
            11.389525,
            46.493083
          ],
          [
            11.390147,
            46.493089
          ],
          [
            11.390559,
            46.493067
          ],
          [
            11.391028,
            46.493019
          ],
          [
            11.393211,
            46.492773
          ],
          [
            11.394215,
            46.492707
          ],
          [
            11.394885,
            46.492708
          ],
          [
            11.395235,
            46.492721
          ],
          [
            11.39626,
            46.492845
          ],
          [
            11.397083,
            46.49299
          ],
          [
            11.398859,
            46.493272
          ],
          [
            11.40231,
            46.493873
          ],
          [
            11.403109,
            46.49402
          ],
          [
            11.403912,
            46.494164
          ],
          [
            11.4044,
            46.49419
          ],
          [
            11.405915,
            46.494405
          ],
          [
            11.406336,
            46.494444
          ],
          [
            11.406858,
            46.494433
          ],
          [
            11.40712,
            46.494392
          ],
          [
            11.407366,
            46.494332
          ],
          [
            11.407832,
            46.494155
          ],
          [
            11.408506,
            46.493776
          ],
          [
            11.408667,
            46.493702
          ],
          [
            11.408853,
            46.493621
          ],
          [
            11.409074,
            46.493582
          ],
          [
            11.409226,
            46.493577
          ],
          [
            11.409552,
            46.493564
          ],
          [
            11.410078,
            46.493506
          ],
          [
            11.41059,
            46.493446
          ],
          [
            11.410941,
            46.493433
          ],
          [
            11.411302,
            46.493421
          ],
          [
            11.411368,
            46.493407
          ],
          [
            11.411457,
            46.493369
          ],
          [
            11.411536,
            46.493296
          ],
          [
            11.411722,
            46.493095
          ],
          [
            11.412179,
            46.493034
          ],
          [
            11.41266,
            46.492933
          ],
          [
            11.413012,
            46.492832
          ],
          [
            11.413341,
            46.492713
          ],
          [
            11.413611,
            46.492597
          ],
          [
            11.413915,
            46.492442
          ],
          [
            11.41575,
            46.491543
          ],
          [
            11.416706,
            46.491028
          ],
          [
            11.418792,
            46.489844
          ],
          [
            11.419783,
            46.489378
          ],
          [
            11.420584,
            46.489079
          ],
          [
            11.421328,
            46.488869
          ],
          [
            11.422032,
            46.488713
          ],
          [
            11.422455,
            46.488647
          ],
          [
            11.423032,
            46.488598
          ],
          [
            11.423511,
            46.488587
          ],
          [
            11.423979,
            46.488604
          ],
          [
            11.424701,
            46.488676
          ],
          [
            11.425053,
            46.488738
          ],
          [
            11.425751,
            46.488897
          ],
          [
            11.426528,
            46.489125
          ],
          [
            11.427636,
            46.48953
          ],
          [
            11.428146,
            46.489754
          ],
          [
            11.428977,
            46.49018
          ],
          [
            11.429301,
            46.490404
          ],
          [
            11.429497,
            46.490575
          ],
          [
            11.430221,
            46.491309
          ],
          [
            11.43067,
            46.491747
          ],
          [
            11.431119,
            46.492183
          ],
          [
            11.431641,
            46.492752
          ],
          [
            11.432406,
            46.493509
          ],
          [
            11.432556,
            46.493618
          ],
          [
            11.432698,
            46.493695
          ],
          [
            11.432859,
            46.493748
          ],
          [
            11.433016,
            46.49378
          ],
          [
            11.433295,
            46.493774
          ],
          [
            11.433535,
            46.493722
          ],
          [
            11.43367,
            46.493659
          ],
          [
            11.43381,
            46.493567
          ],
          [
            11.434035,
            46.49335
          ],
          [
            11.434338,
            46.492934
          ],
          [
            11.434421,
            46.492824
          ],
          [
            11.434539,
            46.49271
          ],
          [
            11.434688,
            46.492596
          ],
          [
            11.435476,
            46.492087
          ],
          [
            11.435619,
            46.492009
          ],
          [
            11.435819,
            46.491928
          ],
          [
            11.436249,
            46.491832
          ],
          [
            11.4369,
            46.491711
          ],
          [
            11.437403,
            46.491632
          ],
          [
            11.437719,
            46.491604
          ],
          [
            11.43802,
            46.491595
          ],
          [
            11.438198,
            46.49161
          ],
          [
            11.438547,
            46.491668
          ],
          [
            11.438797,
            46.491761
          ],
          [
            11.438938,
            46.491832
          ],
          [
            11.439111,
            46.491947
          ],
          [
            11.439497,
            46.492336
          ],
          [
            11.440006,
            46.492919
          ],
          [
            11.44067,
            46.493607
          ],
          [
            11.441365,
            46.49431
          ],
          [
            11.441555,
            46.4945
          ],
          [
            11.441797,
            46.494717
          ],
          [
            11.442165,
            46.494996
          ],
          [
            11.44245,
            46.495151
          ],
          [
            11.442877,
            46.49535
          ],
          [
            11.443109,
            46.495439
          ],
          [
            11.443309,
            46.495475
          ],
          [
            11.44344,
            46.495478
          ],
          [
            11.444115,
            46.495407
          ],
          [
            11.444324,
            46.495379
          ],
          [
            11.445727,
            46.495208
          ],
          [
            11.446578,
            46.495105
          ],
          [
            11.447119,
            46.495041
          ],
          [
            11.447354,
            46.49501
          ],
          [
            11.447579,
            46.495021
          ],
          [
            11.447767,
            46.495076
          ],
          [
            11.447992,
            46.495188
          ],
          [
            11.448148,
            46.4953
          ],
          [
            11.448188,
            46.495334
          ],
          [
            11.448254,
            46.495412
          ],
          [
            11.448461,
            46.495569
          ],
          [
            11.448605,
            46.49565
          ],
          [
            11.448656,
            46.495671
          ],
          [
            11.448814,
            46.495727
          ],
          [
            11.449002,
            46.495772
          ],
          [
            11.449165,
            46.495804
          ],
          [
            11.44931,
            46.495836
          ],
          [
            11.449615,
            46.495894
          ],
          [
            11.449821,
            46.495958
          ],
          [
            11.450154,
            46.496156
          ],
          [
            11.4503,
            46.496286
          ],
          [
            11.450873,
            46.497144
          ],
          [
            11.450935,
            46.497242
          ],
          [
            11.451219,
            46.497745
          ],
          [
            11.451502,
            46.498154
          ],
          [
            11.451738,
            46.498428
          ],
          [
            11.452799,
            46.499256
          ],
          [
            11.453159,
            46.49948
          ],
          [
            11.453692,
            46.499811
          ],
          [
            11.454148,
            46.500096
          ],
          [
            11.454341,
            46.500243
          ],
          [
            11.454529,
            46.500437
          ],
          [
            11.454699,
            46.500714
          ],
          [
            11.45491,
            46.501299
          ],
          [
            11.454992,
            46.501539
          ],
          [
            11.45511,
            46.501876
          ],
          [
            11.455129,
            46.501927
          ],
          [
            11.455221,
            46.502102
          ],
          [
            11.455303,
            46.502191
          ],
          [
            11.455506,
            46.502309
          ],
          [
            11.455629,
            46.502352
          ],
          [
            11.455784,
            46.502391
          ],
          [
            11.457309,
            46.502539
          ],
          [
            11.457539,
            46.502589
          ],
          [
            11.457741,
            46.502672
          ],
          [
            11.457935,
            46.502791
          ],
          [
            11.45802,
            46.502862
          ],
          [
            11.458215,
            46.503081
          ],
          [
            11.458737,
            46.50386
          ],
          [
            11.459087,
            46.50435
          ],
          [
            11.459287,
            46.504561
          ],
          [
            11.460661,
            46.50559
          ],
          [
            11.461087,
            46.50589
          ],
          [
            11.461515,
            46.506145
          ],
          [
            11.461875,
            46.506331
          ],
          [
            11.462552,
            46.506632
          ],
          [
            11.463146,
            46.506861
          ],
          [
            11.46531,
            46.507623
          ],
          [
            11.465688,
            46.5078
          ],
          [
            11.466028,
            46.507989
          ],
          [
            11.46638,
            46.508222
          ],
          [
            11.466892,
            46.508617
          ],
          [
            11.467313,
            46.508968
          ],
          [
            11.46775,
            46.509383
          ],
          [
            11.468107,
            46.509814
          ],
          [
            11.46855,
            46.5104
          ],
          [
            11.468841,
            46.510772
          ],
          [
            11.469169,
            46.511167
          ],
          [
            11.469996,
            46.511845
          ],
          [
            11.470318,
            46.512054
          ],
          [
            11.470581,
            46.51216
          ],
          [
            11.471438,
            46.512368
          ],
          [
            11.471731,
            46.512422
          ],
          [
            11.471887,
            46.512433
          ],
          [
            11.472071,
            46.512431
          ],
          [
            11.472422,
            46.512387
          ],
          [
            11.473124,
            46.512217
          ],
          [
            11.47332,
            46.512182
          ],
          [
            11.473525,
            46.512161
          ],
          [
            11.473832,
            46.512164
          ],
          [
            11.474081,
            46.51221
          ],
          [
            11.474754,
            46.512416
          ],
          [
            11.47512,
            46.512476
          ],
          [
            11.475474,
            46.512495
          ],
          [
            11.476159,
            46.512474
          ],
          [
            11.47639,
            46.512479
          ],
          [
            11.476733,
            46.512509
          ],
          [
            11.477039,
            46.512597
          ],
          [
            11.477243,
            46.512699
          ],
          [
            11.477354,
            46.512779
          ],
          [
            11.477553,
            46.512994
          ],
          [
            11.477637,
            46.513151
          ],
          [
            11.477669,
            46.513271
          ],
          [
            11.477656,
            46.513642
          ],
          [
            11.477593,
            46.513959
          ],
          [
            11.477549,
            46.514176
          ],
          [
            11.477482,
            46.514599
          ],
          [
            11.477526,
            46.514835
          ],
          [
            11.477619,
            46.515067
          ],
          [
            11.477936,
            46.515642
          ],
          [
            11.478221,
            46.516067
          ],
          [
            11.47894,
            46.517008
          ],
          [
            11.479063,
            46.517206
          ],
          [
            11.479184,
            46.517472
          ],
          [
            11.479394,
            46.517755
          ],
          [
            11.479603,
            46.517926
          ],
          [
            11.479765,
            46.518028
          ],
          [
            11.480628,
            46.518516
          ],
          [
            11.481305,
            46.518843
          ],
          [
            11.481555,
            46.519015
          ],
          [
            11.481717,
            46.519166
          ],
          [
            11.482325,
            46.520057
          ],
          [
            11.482501,
            46.520445
          ],
          [
            11.482886,
            46.521054
          ],
          [
            11.483078,
            46.521264
          ],
          [
            11.483451,
            46.521492
          ],
          [
            11.485326,
            46.522394
          ],
          [
            11.485924,
            46.522648
          ],
          [
            11.487008,
            46.523051
          ],
          [
            11.487272,
            46.523185
          ],
          [
            11.487377,
            46.523257
          ],
          [
            11.487515,
            46.523397
          ],
          [
            11.487903,
            46.523799
          ],
          [
            11.488237,
            46.524235
          ],
          [
            11.488494,
            46.524688
          ],
          [
            11.488633,
            46.524995
          ],
          [
            11.488705,
            46.525327
          ],
          [
            11.488697,
            46.525941
          ],
          [
            11.488647,
            46.526373
          ],
          [
            11.488612,
            46.526783
          ],
          [
            11.4886,
            46.526907
          ],
          [
            11.488576,
            46.528339
          ],
          [
            11.488622,
            46.530987
          ],
          [
            11.48865,
            46.531282
          ],
          [
            11.488684,
            46.531419
          ],
          [
            11.48886,
            46.53176
          ],
          [
            11.489062,
            46.531997
          ],
          [
            11.48918,
            46.532098
          ],
          [
            11.489502,
            46.532309
          ],
          [
            11.490311,
            46.532708
          ],
          [
            11.490393,
            46.532747
          ],
          [
            11.490706,
            46.532897
          ],
          [
            11.491071,
            46.533103
          ],
          [
            11.49155,
            46.533423
          ],
          [
            11.491724,
            46.53354
          ],
          [
            11.492547,
            46.534097
          ],
          [
            11.492618,
            46.534142
          ],
          [
            11.492888,
            46.534324
          ],
          [
            11.493352,
            46.534614
          ],
          [
            11.493643,
            46.534773
          ],
          [
            11.493893,
            46.534903
          ],
          [
            11.495572,
            46.535684
          ],
          [
            11.497027,
            46.536345
          ],
          [
            11.497475,
            46.536584
          ],
          [
            11.497899,
            46.536842
          ],
          [
            11.498811,
            46.537397
          ],
          [
            11.499141,
            46.537618
          ],
          [
            11.499399,
            46.537825
          ],
          [
            11.499593,
            46.538014
          ],
          [
            11.499899,
            46.538362
          ],
          [
            11.500311,
            46.538883
          ],
          [
            11.500716,
            46.539326
          ],
          [
            11.501452,
            46.539964
          ],
          [
            11.50306,
            46.541275
          ],
          [
            11.503486,
            46.541676
          ],
          [
            11.503914,
            46.542207
          ],
          [
            11.5042,
            46.542507
          ],
          [
            11.504672,
            46.542873
          ],
          [
            11.505533,
            46.543437
          ],
          [
            11.505921,
            46.54371
          ],
          [
            11.506133,
            46.543881
          ],
          [
            11.506272,
            46.544013
          ],
          [
            11.507135,
            46.544958
          ],
          [
            11.507453,
            46.545275
          ],
          [
            11.507814,
            46.545577
          ],
          [
            11.508591,
            46.546172
          ],
          [
            11.509122,
            46.546651
          ],
          [
            11.509511,
            46.54708
          ],
          [
            11.509719,
            46.547364
          ],
          [
            11.510364,
            46.548471
          ],
          [
            11.510681,
            46.548919
          ],
          [
            11.511031,
            46.5493
          ],
          [
            11.511733,
            46.549874
          ],
          [
            11.512677,
            46.550557
          ],
          [
            11.51318,
            46.551027
          ],
          [
            11.513439,
            46.551318
          ],
          [
            11.513564,
            46.55151
          ],
          [
            11.513639,
            46.551671
          ],
          [
            11.513717,
            46.551885
          ],
          [
            11.513796,
            46.552278
          ],
          [
            11.5138,
            46.552533
          ],
          [
            11.513758,
            46.552807
          ],
          [
            11.513695,
            46.553023
          ],
          [
            11.513497,
            46.553442
          ],
          [
            11.513371,
            46.55365
          ],
          [
            11.512538,
            46.554822
          ],
          [
            11.512314,
            46.555173
          ],
          [
            11.512114,
            46.555505
          ],
          [
            11.511941,
            46.55593
          ],
          [
            11.511814,
            46.556368
          ],
          [
            11.511719,
            46.55697
          ],
          [
            11.511609,
            46.558537
          ],
          [
            11.511561,
            46.559103
          ],
          [
            11.511563,
            46.559427
          ],
          [
            11.511599,
            46.559651
          ],
          [
            11.5118,
            46.560243
          ],
          [
            11.512038,
            46.560736
          ],
          [
            11.512245,
            46.561107
          ],
          [
            11.512953,
            46.562007
          ],
          [
            11.51336,
            46.562486
          ],
          [
            11.514473,
            46.563915
          ],
          [
            11.514607,
            46.564079
          ],
          [
            11.515114,
            46.564597
          ],
          [
            11.515429,
            46.564869
          ],
          [
            11.515765,
            46.565096
          ],
          [
            11.516263,
            46.565365
          ],
          [
            11.51683,
            46.565601
          ],
          [
            11.517863,
            46.566066
          ],
          [
            11.518442,
            46.56638
          ],
          [
            11.518904,
            46.566701
          ],
          [
            11.519236,
            46.566975
          ],
          [
            11.519525,
            46.567247
          ],
          [
            11.519834,
            46.567641
          ],
          [
            11.520487,
            46.568603
          ],
          [
            11.520644,
            46.568921
          ],
          [
            11.520808,
            46.569362
          ],
          [
            11.520901,
            46.56968
          ],
          [
            11.521269,
            46.571068
          ],
          [
            11.521513,
            46.572382
          ],
          [
            11.521593,
            46.572884
          ],
          [
            11.521602,
            46.57305
          ],
          [
            11.52157,
            46.573613
          ],
          [
            11.521575,
            46.573762
          ],
          [
            11.521613,
            46.573903
          ],
          [
            11.521976,
            46.5748
          ],
          [
            11.522098,
            46.575271
          ],
          [
            11.522146,
            46.575567
          ],
          [
            11.52217,
            46.575892
          ],
          [
            11.52216,
            46.576301
          ],
          [
            11.522079,
            46.576705
          ],
          [
            11.522062,
            46.57701
          ],
          [
            11.522064,
            46.577957
          ],
          [
            11.522137,
            46.578288
          ],
          [
            11.522262,
            46.578648
          ],
          [
            11.522585,
            46.579265
          ],
          [
            11.522684,
            46.579612
          ],
          [
            11.522698,
            46.579718
          ],
          [
            11.522703,
            46.579791
          ],
          [
            11.522669,
            46.580188
          ],
          [
            11.522519,
            46.580994
          ],
          [
            11.522437,
            46.582405
          ],
          [
            11.522447,
            46.582641
          ],
          [
            11.522489,
            46.582981
          ],
          [
            11.522487,
            46.583215
          ],
          [
            11.522408,
            46.583813
          ],
          [
            11.52242,
            46.584175
          ],
          [
            11.522476,
            46.584384
          ],
          [
            11.522895,
            46.585496
          ],
          [
            11.523016,
            46.585754
          ],
          [
            11.523681,
            46.586794
          ],
          [
            11.523777,
            46.586992
          ],
          [
            11.523833,
            46.587128
          ],
          [
            11.523912,
            46.587428
          ],
          [
            11.523995,
            46.587934
          ],
          [
            11.524077,
            46.588443
          ],
          [
            11.524161,
            46.588719
          ],
          [
            11.524334,
            46.589071
          ],
          [
            11.524561,
            46.589437
          ],
          [
            11.524578,
            46.589466
          ],
          [
            11.524716,
            46.589681
          ],
          [
            11.524767,
            46.589755
          ],
          [
            11.524882,
            46.589902
          ],
          [
            11.525356,
            46.590451
          ],
          [
            11.525488,
            46.590611
          ],
          [
            11.525516,
            46.590644
          ],
          [
            11.525673,
            46.590826
          ],
          [
            11.525752,
            46.590914
          ],
          [
            11.526024,
            46.591236
          ],
          [
            11.526086,
            46.591357
          ],
          [
            11.526121,
            46.591493
          ],
          [
            11.52613,
            46.591684
          ],
          [
            11.526082,
            46.592045
          ],
          [
            11.526049,
            46.592431
          ],
          [
            11.526085,
            46.592635
          ],
          [
            11.526123,
            46.592734
          ],
          [
            11.526215,
            46.592872
          ],
          [
            11.52638,
            46.593025
          ],
          [
            11.526856,
            46.593348
          ],
          [
            11.527058,
            46.593504
          ],
          [
            11.527636,
            46.594041
          ],
          [
            11.528163,
            46.594537
          ],
          [
            11.52855,
            46.595014
          ],
          [
            11.528703,
            46.595294
          ],
          [
            11.528774,
            46.595476
          ],
          [
            11.52882,
            46.595674
          ],
          [
            11.529004,
            46.595656
          ],
          [
            11.530067,
            46.595552
          ],
          [
            11.530318,
            46.595475
          ],
          [
            11.530344,
            46.595441
          ],
          [
            11.530436,
            46.595399
          ],
          [
            11.530543,
            46.595405
          ],
          [
            11.530589,
            46.595426
          ],
          [
            11.530609,
            46.595441
          ],
          [
            11.530669,
            46.595453
          ],
          [
            11.530882,
            46.595476
          ],
          [
            11.531039,
            46.595463
          ],
          [
            11.53135,
            46.59546
          ],
          [
            11.531764,
            46.595492
          ],
          [
            11.532113,
            46.59556
          ],
          [
            11.532448,
            46.595671
          ],
          [
            11.532771,
            46.595839
          ],
          [
            11.533075,
            46.59605
          ],
          [
            11.533454,
            46.596383
          ],
          [
            11.533808,
            46.596779
          ],
          [
            11.534068,
            46.596991
          ],
          [
            11.534333,
            46.597165
          ],
          [
            11.534587,
            46.597282
          ],
          [
            11.535042,
            46.597457
          ],
          [
            11.535491,
            46.597594
          ],
          [
            11.536159,
            46.597761
          ],
          [
            11.536312,
            46.597812
          ],
          [
            11.536581,
            46.597931
          ],
          [
            11.536737,
            46.598004
          ],
          [
            11.537082,
            46.59821
          ],
          [
            11.537249,
            46.598292
          ],
          [
            11.537423,
            46.598356
          ],
          [
            11.539009,
            46.598717
          ],
          [
            11.539169,
            46.598742
          ],
          [
            11.539302,
            46.598745
          ],
          [
            11.539435,
            46.598727
          ],
          [
            11.539586,
            46.598686
          ],
          [
            11.539918,
            46.598531
          ],
          [
            11.540168,
            46.598461
          ],
          [
            11.540315,
            46.598457
          ],
          [
            11.541158,
            46.598543
          ],
          [
            11.541329,
            46.598518
          ],
          [
            11.541514,
            46.598455
          ],
          [
            11.541706,
            46.598428
          ],
          [
            11.541844,
            46.598458
          ],
          [
            11.542126,
            46.59863
          ],
          [
            11.542369,
            46.598807
          ],
          [
            11.542571,
            46.59888
          ],
          [
            11.542687,
            46.598886
          ],
          [
            11.543178,
            46.598817
          ],
          [
            11.543477,
            46.598783
          ],
          [
            11.543708,
            46.598792
          ],
          [
            11.544607,
            46.598945
          ],
          [
            11.544758,
            46.598955
          ],
          [
            11.544882,
            46.598943
          ],
          [
            11.545073,
            46.598889
          ],
          [
            11.545566,
            46.598591
          ],
          [
            11.54576,
            46.598525
          ],
          [
            11.546541,
            46.598512
          ],
          [
            11.546683,
            46.598523
          ],
          [
            11.547005,
            46.59859
          ],
          [
            11.547203,
            46.5986
          ],
          [
            11.547287,
            46.598586
          ],
          [
            11.547398,
            46.598543
          ],
          [
            11.547683,
            46.598381
          ],
          [
            11.547787,
            46.59835
          ],
          [
            11.547936,
            46.598339
          ],
          [
            11.548669,
            46.598355
          ],
          [
            11.548844,
            46.598339
          ],
          [
            11.549288,
            46.598206
          ],
          [
            11.549702,
            46.598049
          ],
          [
            11.550061,
            46.597966
          ],
          [
            11.550554,
            46.597875
          ],
          [
            11.550885,
            46.597832
          ],
          [
            11.55112,
            46.597845
          ],
          [
            11.551208,
            46.597866
          ],
          [
            11.551577,
            46.59802
          ],
          [
            11.551715,
            46.598035
          ],
          [
            11.551885,
            46.598023
          ],
          [
            11.552199,
            46.597942
          ],
          [
            11.552729,
            46.59776
          ],
          [
            11.552854,
            46.597731
          ],
          [
            11.552965,
            46.597725
          ],
          [
            11.553495,
            46.597792
          ],
          [
            11.553922,
            46.597866
          ],
          [
            11.554317,
            46.597955
          ],
          [
            11.554491,
            46.598015
          ],
          [
            11.554878,
            46.598256
          ],
          [
            11.554971,
            46.598294
          ],
          [
            11.555601,
            46.598427
          ],
          [
            11.555737,
            46.598444
          ],
          [
            11.556075,
            46.59844
          ],
          [
            11.556768,
            46.598376
          ],
          [
            11.556867,
            46.598387
          ],
          [
            11.557285,
            46.598485
          ],
          [
            11.557442,
            46.598505
          ],
          [
            11.558215,
            46.598533
          ],
          [
            11.558697,
            46.598517
          ],
          [
            11.559023,
            46.598479
          ],
          [
            11.559377,
            46.598421
          ],
          [
            11.559744,
            46.598335
          ],
          [
            11.560112,
            46.598211
          ],
          [
            11.560472,
            46.59817
          ],
          [
            11.560608,
            46.598134
          ],
          [
            11.561368,
            46.597811
          ],
          [
            11.561636,
            46.597817
          ],
          [
            11.562768,
            46.598125
          ],
          [
            11.562997,
            46.59814
          ],
          [
            11.563131,
            46.598105
          ],
          [
            11.56327,
            46.598031
          ],
          [
            11.563799,
            46.597612
          ],
          [
            11.564203,
            46.597376
          ],
          [
            11.564524,
            46.597207
          ],
          [
            11.564717,
            46.597141
          ],
          [
            11.56544,
            46.596935
          ],
          [
            11.565848,
            46.596854
          ],
          [
            11.566394,
            46.596784
          ],
          [
            11.566988,
            46.596786
          ],
          [
            11.567114,
            46.596774
          ],
          [
            11.567613,
            46.596662
          ],
          [
            11.56802,
            46.596573
          ],
          [
            11.568891,
            46.596525
          ],
          [
            11.56905,
            46.596504
          ],
          [
            11.569366,
            46.596414
          ],
          [
            11.569902,
            46.596163
          ],
          [
            11.570689,
            46.595588
          ],
          [
            11.570902,
            46.595469
          ],
          [
            11.57105,
            46.59542
          ],
          [
            11.571664,
            46.595284
          ],
          [
            11.572377,
            46.595019
          ],
          [
            11.572612,
            46.594983
          ],
          [
            11.573239,
            46.59505
          ],
          [
            11.573445,
            46.595063
          ],
          [
            11.574584,
            46.594991
          ],
          [
            11.575491,
            46.594932
          ],
          [
            11.576643,
            46.595
          ],
          [
            11.577396,
            46.594928
          ],
          [
            11.577637,
            46.59491
          ],
          [
            11.577754,
            46.594915
          ],
          [
            11.577979,
            46.594956
          ],
          [
            11.579081,
            46.595296
          ],
          [
            11.579247,
            46.595384
          ],
          [
            11.579431,
            46.595525
          ],
          [
            11.579567,
            46.595609
          ],
          [
            11.579716,
            46.595664
          ],
          [
            11.579879,
            46.595689
          ],
          [
            11.580037,
            46.595684
          ],
          [
            11.581659,
            46.595296
          ],
          [
            11.582274,
            46.595155
          ],
          [
            11.583085,
            46.595154
          ],
          [
            11.583418,
            46.595153
          ],
          [
            11.583594,
            46.595136
          ],
          [
            11.583775,
            46.595083
          ],
          [
            11.584391,
            46.594689
          ],
          [
            11.584913,
            46.594376
          ],
          [
            11.585062,
            46.594331
          ],
          [
            11.585155,
            46.59432
          ],
          [
            11.585301,
            46.594312
          ],
          [
            11.585696,
            46.594326
          ],
          [
            11.586548,
            46.59451
          ],
          [
            11.587972,
            46.594818
          ],
          [
            11.58954,
            46.594819
          ],
          [
            11.591043,
            46.594705
          ],
          [
            11.591145,
            46.594715
          ],
          [
            11.591324,
            46.594791
          ],
          [
            11.59191,
            46.595214
          ],
          [
            11.592131,
            46.595349
          ],
          [
            11.59234,
            46.595421
          ],
          [
            11.592826,
            46.595533
          ],
          [
            11.593174,
            46.595633
          ],
          [
            11.593584,
            46.595836
          ],
          [
            11.594008,
            46.596042
          ],
          [
            11.594107,
            46.596074
          ],
          [
            11.594319,
            46.596111
          ],
          [
            11.596406,
            46.596261
          ],
          [
            11.597083,
            46.596297
          ],
          [
            11.597295,
            46.596325
          ],
          [
            11.597507,
            46.596404
          ],
          [
            11.597808,
            46.59664
          ],
          [
            11.598009,
            46.596801
          ],
          [
            11.598137,
            46.596875
          ],
          [
            11.598287,
            46.596917
          ],
          [
            11.598488,
            46.596935
          ],
          [
            11.59878,
            46.596896
          ],
          [
            11.599707,
            46.596637
          ],
          [
            11.599895,
            46.596629
          ],
          [
            11.59999,
            46.596646
          ],
          [
            11.600163,
            46.596719
          ],
          [
            11.600779,
            46.597063
          ],
          [
            11.600992,
            46.597164
          ],
          [
            11.601343,
            46.597271
          ],
          [
            11.601834,
            46.597348
          ],
          [
            11.602086,
            46.597344
          ],
          [
            11.602487,
            46.597231
          ],
          [
            11.602797,
            46.597132
          ],
          [
            11.602926,
            46.59712
          ],
          [
            11.60385,
            46.59714
          ],
          [
            11.604087,
            46.597114
          ],
          [
            11.604171,
            46.597081
          ],
          [
            11.604743,
            46.596699
          ],
          [
            11.604853,
            46.596665
          ],
          [
            11.60519,
            46.59663
          ],
          [
            11.605514,
            46.596575
          ],
          [
            11.606417,
            46.596335
          ],
          [
            11.606603,
            46.596308
          ],
          [
            11.606979,
            46.596308
          ],
          [
            11.607602,
            46.596351
          ],
          [
            11.60819,
            46.596313
          ],
          [
            11.608372,
            46.596331
          ],
          [
            11.608491,
            46.596363
          ],
          [
            11.609685,
            46.596807
          ],
          [
            11.609871,
            46.596855
          ],
          [
            11.61013,
            46.596864
          ],
          [
            11.610849,
            46.596847
          ],
          [
            11.61152,
            46.596721
          ],
          [
            11.612221,
            46.596564
          ],
          [
            11.612366,
            46.596504
          ],
          [
            11.612457,
            46.59643
          ],
          [
            11.612509,
            46.59634
          ],
          [
            11.612831,
            46.595464
          ],
          [
            11.612939,
            46.595303
          ],
          [
            11.613072,
            46.595242
          ],
          [
            11.613247,
            46.595227
          ],
          [
            11.61342,
            46.595265
          ],
          [
            11.613493,
            46.595302
          ],
          [
            11.613576,
            46.595405
          ],
          [
            11.613625,
            46.595806
          ],
          [
            11.613685,
            46.595882
          ],
          [
            11.613808,
            46.595925
          ],
          [
            11.61398,
            46.595918
          ],
          [
            11.616434,
            46.595642
          ],
          [
            11.616552,
            46.595626
          ],
          [
            11.616732,
            46.595565
          ],
          [
            11.616856,
            46.595448
          ],
          [
            11.617154,
            46.594826
          ],
          [
            11.617283,
            46.594699
          ],
          [
            11.617801,
            46.594361
          ],
          [
            11.61884,
            46.59369
          ],
          [
            11.618909,
            46.593646
          ],
          [
            11.620139,
            46.592842
          ],
          [
            11.620475,
            46.59264
          ],
          [
            11.621095,
            46.592415
          ],
          [
            11.621869,
            46.592164
          ],
          [
            11.621931,
            46.592144
          ],
          [
            11.622181,
            46.59203
          ],
          [
            11.623884,
            46.590951
          ],
          [
            11.624088,
            46.590897
          ],
          [
            11.62443,
            46.590887
          ],
          [
            11.624594,
            46.590867
          ],
          [
            11.626031,
            46.590438
          ],
          [
            11.626341,
            46.590329
          ],
          [
            11.62651,
            46.590191
          ],
          [
            11.626902,
            46.58966
          ],
          [
            11.627133,
            46.589351
          ],
          [
            11.627314,
            46.589119
          ],
          [
            11.627379,
            46.589006
          ],
          [
            11.627505,
            46.588604
          ],
          [
            11.627606,
            46.588482
          ],
          [
            11.627806,
            46.588294
          ],
          [
            11.627926,
            46.588161
          ],
          [
            11.628154,
            46.58784
          ],
          [
            11.628323,
            46.587713
          ],
          [
            11.628874,
            46.587414
          ],
          [
            11.629045,
            46.587249
          ],
          [
            11.629097,
            46.587187
          ],
          [
            11.629237,
            46.587093
          ],
          [
            11.629591,
            46.586989
          ],
          [
            11.629828,
            46.586833
          ],
          [
            11.63078,
            46.586134
          ],
          [
            11.631358,
            46.585787
          ],
          [
            11.631548,
            46.585696
          ],
          [
            11.631656,
            46.585669
          ],
          [
            11.631952,
            46.585655
          ],
          [
            11.632219,
            46.585659
          ],
          [
            11.632405,
            46.585634
          ],
          [
            11.632642,
            46.58556
          ],
          [
            11.632984,
            46.585413
          ],
          [
            11.633061,
            46.58536
          ],
          [
            11.633364,
            46.585233
          ],
          [
            11.633454,
            46.585184
          ],
          [
            11.633511,
            46.585176
          ],
          [
            11.633622,
            46.585139
          ],
          [
            11.633827,
            46.585023
          ],
          [
            11.633948,
            46.584973
          ],
          [
            11.634359,
            46.584764
          ],
          [
            11.634653,
            46.584616
          ],
          [
            11.635469,
            46.584173
          ],
          [
            11.636269,
            46.583689
          ],
          [
            11.636921,
            46.583281
          ],
          [
            11.637107,
            46.583142
          ],
          [
            11.637322,
            46.582946
          ],
          [
            11.63943,
            46.580548
          ],
          [
            11.639603,
            46.580352
          ],
          [
            11.639896,
            46.580016
          ],
          [
            11.640802,
            46.578987
          ],
          [
            11.641342,
            46.578465
          ],
          [
            11.642813,
            46.577461
          ],
          [
            11.643052,
            46.57727
          ],
          [
            11.643351,
            46.576963
          ],
          [
            11.643751,
            46.576486
          ],
          [
            11.644088,
            46.576119
          ],
          [
            11.644163,
            46.57604
          ],
          [
            11.64439,
            46.575793
          ],
          [
            11.644605,
            46.575605
          ],
          [
            11.645206,
            46.575202
          ],
          [
            11.645437,
            46.575049
          ],
          [
            11.645592,
            46.574942
          ],
          [
            11.645997,
            46.574626
          ],
          [
            11.646079,
            46.574555
          ],
          [
            11.646606,
            46.574106
          ],
          [
            11.647088,
            46.573693
          ],
          [
            11.647396,
            46.573431
          ],
          [
            11.647815,
            46.573073
          ],
          [
            11.647927,
            46.573004
          ],
          [
            11.648048,
            46.572955
          ],
          [
            11.648246,
            46.572905
          ],
          [
            11.648572,
            46.572885
          ],
          [
            11.648849,
            46.572905
          ],
          [
            11.649799,
            46.573044
          ],
          [
            11.650552,
            46.573151
          ],
          [
            11.652675,
            46.573454
          ],
          [
            11.653075,
            46.57346
          ],
          [
            11.654238,
            46.57339
          ],
          [
            11.654598,
            46.573434
          ],
          [
            11.654994,
            46.573526
          ],
          [
            11.655512,
            46.573652
          ],
          [
            11.655865,
            46.573723
          ],
          [
            11.65635,
            46.57379
          ],
          [
            11.656428,
            46.573692
          ],
          [
            11.656915,
            46.573714
          ],
          [
            11.65748,
            46.573717
          ],
          [
            11.657935,
            46.573709
          ],
          [
            11.658769,
            46.573657
          ],
          [
            11.658773,
            46.573741
          ],
          [
            11.659769,
            46.573693
          ],
          [
            11.660236,
            46.573674
          ],
          [
            11.660749,
            46.57368
          ],
          [
            11.660917,
            46.573683
          ],
          [
            11.661017,
            46.573684
          ],
          [
            11.661065,
            46.573685
          ],
          [
            11.661495,
            46.573696
          ],
          [
            11.662229,
            46.573686
          ],
          [
            11.66269,
            46.573648
          ],
          [
            11.663152,
            46.573575
          ],
          [
            11.664132,
            46.573355
          ],
          [
            11.664449,
            46.573314
          ],
          [
            11.664815,
            46.573301
          ],
          [
            11.665033,
            46.573313
          ],
          [
            11.665291,
            46.573344
          ],
          [
            11.665598,
            46.573408
          ],
          [
            11.666007,
            46.573526
          ],
          [
            11.666041,
            46.573605
          ],
          [
            11.666213,
            46.573679
          ],
          [
            11.666385,
            46.573844
          ],
          [
            11.666674,
            46.574063
          ],
          [
            11.666725,
            46.574123
          ],
          [
            11.667311,
            46.574441
          ],
          [
            11.667427,
            46.574522
          ],
          [
            11.667605,
            46.574797
          ],
          [
            11.667787,
            46.574968
          ],
          [
            11.667833,
            46.574948
          ],
          [
            11.667917,
            46.574871
          ],
          [
            11.668012,
            46.574998
          ],
          [
            11.668126,
            46.575072
          ],
          [
            11.668604,
            46.575143
          ],
          [
            11.668862,
            46.575176
          ],
          [
            11.669645,
            46.575276
          ],
          [
            11.670087,
            46.575375
          ],
          [
            11.670176,
            46.575343
          ],
          [
            11.670239,
            46.575362
          ],
          [
            11.670268,
            46.575413
          ],
          [
            11.670258,
            46.575441
          ],
          [
            11.671411,
            46.575604
          ],
          [
            11.671685,
            46.575631
          ],
          [
            11.671716,
            46.575664
          ],
          [
            11.671708,
            46.575714
          ],
          [
            11.671619,
            46.575853
          ],
          [
            11.671535,
            46.57593
          ],
          [
            11.671577,
            46.576043
          ],
          [
            11.671676,
            46.576174
          ],
          [
            11.671984,
            46.576408
          ],
          [
            11.672577,
            46.576821
          ],
          [
            11.672665,
            46.576865
          ],
          [
            11.672771,
            46.576881
          ],
          [
            11.672956,
            46.576863
          ],
          [
            11.673095,
            46.576857
          ],
          [
            11.673212,
            46.576869
          ],
          [
            11.673965,
            46.577017
          ],
          [
            11.674198,
            46.576928
          ],
          [
            11.674277,
            46.576882
          ],
          [
            11.674337,
            46.576822
          ],
          [
            11.67438,
            46.576743
          ],
          [
            11.674436,
            46.576624
          ],
          [
            11.674509,
            46.576586
          ],
          [
            11.674538,
            46.576583
          ],
          [
            11.674651,
            46.576504
          ],
          [
            11.674733,
            46.576499
          ],
          [
            11.674757,
            46.576513
          ]
        ]
      }
    },
    {
      "type": "Feature",
      "properties": {
        "mode": "drive",
        "fromStopIndex": 3,
        "toStopIndex": 10,
        "fromName": "Seceda Cableways — Ortisei",
        "toName": "Selva di Val Gardena",
        "waypointNames": [
          "Seceda Cableways — Ortisei",
          "Passo Sella",
          "Passo Pordoi",
          "Arabba",
          "Passo Campolongo",
          "Corvara",
          "Passo Gardena",
          "Selva di Val Gardena"
        ],
        "distanceMeters": 69835.0,
        "durationSeconds": 6271.199999999999
      },
      "geometry": {
        "type": "LineString",
        "coordinates": [
          [
            11.674757,
            46.576513
          ],
          [
            11.674754,
            46.576531
          ],
          [
            11.674652,
            46.576609
          ],
          [
            11.674538,
            46.576583
          ],
          [
            11.674509,
            46.576586
          ],
          [
            11.674436,
            46.576624
          ],
          [
            11.67438,
            46.576743
          ],
          [
            11.674337,
            46.576822
          ],
          [
            11.674277,
            46.576882
          ],
          [
            11.674198,
            46.576928
          ],
          [
            11.673965,
            46.577017
          ],
          [
            11.673212,
            46.576869
          ],
          [
            11.673095,
            46.576857
          ],
          [
            11.672956,
            46.576863
          ],
          [
            11.672771,
            46.576881
          ],
          [
            11.672665,
            46.576865
          ],
          [
            11.672577,
            46.576821
          ],
          [
            11.671984,
            46.576408
          ],
          [
            11.671676,
            46.576174
          ],
          [
            11.671577,
            46.576043
          ],
          [
            11.671535,
            46.57593
          ],
          [
            11.671619,
            46.575853
          ],
          [
            11.671708,
            46.575714
          ],
          [
            11.671716,
            46.575664
          ],
          [
            11.671685,
            46.575631
          ],
          [
            11.67179,
            46.575616
          ],
          [
            11.671933,
            46.575536
          ],
          [
            11.672207,
            46.575327
          ],
          [
            11.672335,
            46.575295
          ],
          [
            11.672522,
            46.575291
          ],
          [
            11.672896,
            46.575283
          ],
          [
            11.673526,
            46.575198
          ],
          [
            11.673974,
            46.575099
          ],
          [
            11.675276,
            46.574773
          ],
          [
            11.67559,
            46.574622
          ],
          [
            11.676166,
            46.574259
          ],
          [
            11.67643,
            46.573935
          ],
          [
            11.676566,
            46.573796
          ],
          [
            11.67668,
            46.573699
          ],
          [
            11.676809,
            46.57362
          ],
          [
            11.677079,
            46.57351
          ],
          [
            11.677283,
            46.573463
          ],
          [
            11.677504,
            46.573441
          ],
          [
            11.678023,
            46.573448
          ],
          [
            11.678139,
            46.573433
          ],
          [
            11.678491,
            46.573337
          ],
          [
            11.678999,
            46.57325
          ],
          [
            11.679103,
            46.573218
          ],
          [
            11.679172,
            46.573178
          ],
          [
            11.679689,
            46.572669
          ],
          [
            11.679921,
            46.572413
          ],
          [
            11.679951,
            46.572314
          ],
          [
            11.679963,
            46.572134
          ],
          [
            11.680002,
            46.572076
          ],
          [
            11.680072,
            46.572007
          ],
          [
            11.680215,
            46.571913
          ],
          [
            11.680486,
            46.571766
          ],
          [
            11.680517,
            46.571725
          ],
          [
            11.680504,
            46.571691
          ],
          [
            11.680619,
            46.571645
          ],
          [
            11.681092,
            46.571377
          ],
          [
            11.681792,
            46.570929
          ],
          [
            11.682105,
            46.570674
          ],
          [
            11.682222,
            46.570609
          ],
          [
            11.682371,
            46.570553
          ],
          [
            11.682863,
            46.570423
          ],
          [
            11.684079,
            46.569831
          ],
          [
            11.684871,
            46.569531
          ],
          [
            11.685081,
            46.569411
          ],
          [
            11.685427,
            46.569098
          ],
          [
            11.685947,
            46.568642
          ],
          [
            11.686056,
            46.568579
          ],
          [
            11.686299,
            46.568509
          ],
          [
            11.686953,
            46.568386
          ],
          [
            11.687274,
            46.5683
          ],
          [
            11.687556,
            46.5682
          ],
          [
            11.687704,
            46.568131
          ],
          [
            11.687829,
            46.568047
          ],
          [
            11.688277,
            46.567609
          ],
          [
            11.68853,
            46.567476
          ],
          [
            11.688778,
            46.567364
          ],
          [
            11.689064,
            46.567272
          ],
          [
            11.689807,
            46.567159
          ],
          [
            11.689931,
            46.567129
          ],
          [
            11.690339,
            46.56696
          ],
          [
            11.690826,
            46.566697
          ],
          [
            11.691619,
            46.566367
          ],
          [
            11.691921,
            46.566256
          ],
          [
            11.692649,
            46.566078
          ],
          [
            11.693011,
            46.565976
          ],
          [
            11.69422,
            46.56545
          ],
          [
            11.694473,
            46.565383
          ],
          [
            11.695221,
            46.565266
          ],
          [
            11.695929,
            46.565086
          ],
          [
            11.696221,
            46.565046
          ],
          [
            11.696543,
            46.565022
          ],
          [
            11.696777,
            46.564976
          ],
          [
            11.696977,
            46.564909
          ],
          [
            11.697472,
            46.564671
          ],
          [
            11.69763,
            46.564622
          ],
          [
            11.697897,
            46.564582
          ],
          [
            11.698228,
            46.56454
          ],
          [
            11.698513,
            46.564482
          ],
          [
            11.69866,
            46.564428
          ],
          [
            11.698828,
            46.564339
          ],
          [
            11.698883,
            46.564288
          ],
          [
            11.698928,
            46.564161
          ],
          [
            11.698929,
            46.564131
          ],
          [
            11.698871,
            46.564046
          ],
          [
            11.69885,
            46.563929
          ],
          [
            11.698883,
            46.563805
          ],
          [
            11.698985,
            46.563788
          ],
          [
            11.699229,
            46.563738
          ],
          [
            11.699686,
            46.563595
          ],
          [
            11.700052,
            46.563439
          ],
          [
            11.700728,
            46.563068
          ],
          [
            11.701571,
            46.562827
          ],
          [
            11.701665,
            46.562787
          ],
          [
            11.701847,
            46.562674
          ],
          [
            11.702147,
            46.562434
          ],
          [
            11.703198,
            46.56167
          ],
          [
            11.703399,
            46.561534
          ],
          [
            11.703614,
            46.561427
          ],
          [
            11.704082,
            46.561272
          ],
          [
            11.704303,
            46.561257
          ],
          [
            11.705002,
            46.561302
          ],
          [
            11.705358,
            46.561337
          ],
          [
            11.705778,
            46.561413
          ],
          [
            11.706054,
            46.56144
          ],
          [
            11.706296,
            46.56141
          ],
          [
            11.7064,
            46.561374
          ],
          [
            11.70675,
            46.561204
          ],
          [
            11.706835,
            46.561164
          ],
          [
            11.707219,
            46.560975
          ],
          [
            11.707621,
            46.560721
          ],
          [
            11.708155,
            46.560324
          ],
          [
            11.708364,
            46.560169
          ],
          [
            11.708857,
            46.559803
          ],
          [
            11.709247,
            46.559509
          ],
          [
            11.709407,
            46.559397
          ],
          [
            11.709538,
            46.559329
          ],
          [
            11.709829,
            46.559252
          ],
          [
            11.710253,
            46.559179
          ],
          [
            11.710554,
            46.559131
          ],
          [
            11.710853,
            46.559126
          ],
          [
            11.711098,
            46.559166
          ],
          [
            11.71149,
            46.559268
          ],
          [
            11.711806,
            46.559329
          ],
          [
            11.71196,
            46.559323
          ],
          [
            11.712065,
            46.559303
          ],
          [
            11.712335,
            46.559196
          ],
          [
            11.712996,
            46.558886
          ],
          [
            11.713673,
            46.55858
          ],
          [
            11.713914,
            46.558504
          ],
          [
            11.716279,
            46.558091
          ],
          [
            11.716473,
            46.558071
          ],
          [
            11.717128,
            46.558061
          ],
          [
            11.717358,
            46.558024
          ],
          [
            11.717453,
            46.557995
          ],
          [
            11.717966,
            46.557803
          ],
          [
            11.718147,
            46.557709
          ],
          [
            11.718231,
            46.557638
          ],
          [
            11.718352,
            46.557541
          ],
          [
            11.718506,
            46.557375
          ],
          [
            11.718694,
            46.55702
          ],
          [
            11.718892,
            46.556664
          ],
          [
            11.718956,
            46.556551
          ],
          [
            11.719151,
            46.556247
          ],
          [
            11.71944,
            46.555961
          ],
          [
            11.71959,
            46.555839
          ],
          [
            11.719768,
            46.555733
          ],
          [
            11.720154,
            46.555537
          ],
          [
            11.720433,
            46.555434
          ],
          [
            11.720896,
            46.555306
          ],
          [
            11.721219,
            46.555249
          ],
          [
            11.721535,
            46.55523
          ],
          [
            11.721937,
            46.555231
          ],
          [
            11.722435,
            46.555282
          ],
          [
            11.722772,
            46.55536
          ],
          [
            11.723215,
            46.555491
          ],
          [
            11.724095,
            46.555788
          ],
          [
            11.724221,
            46.555833
          ],
          [
            11.72475,
            46.556035
          ],
          [
            11.72494,
            46.556106
          ],
          [
            11.725008,
            46.556064
          ],
          [
            11.7251,
            46.556058
          ],
          [
            11.725178,
            46.556092
          ],
          [
            11.725211,
            46.556151
          ],
          [
            11.726024,
            46.556123
          ],
          [
            11.726416,
            46.556056
          ],
          [
            11.72669,
            46.55599
          ],
          [
            11.726994,
            46.555917
          ],
          [
            11.727573,
            46.555796
          ],
          [
            11.72826,
            46.55568
          ],
          [
            11.728748,
            46.555632
          ],
          [
            11.729073,
            46.555625
          ],
          [
            11.729393,
            46.555648
          ],
          [
            11.729854,
            46.555724
          ],
          [
            11.730482,
            46.555903
          ],
          [
            11.73089,
            46.556079
          ],
          [
            11.731383,
            46.556395
          ],
          [
            11.731499,
            46.556509
          ],
          [
            11.731929,
            46.557028
          ],
          [
            11.73217,
            46.557341
          ],
          [
            11.732354,
            46.557577
          ],
          [
            11.732461,
            46.557673
          ],
          [
            11.732664,
            46.557807
          ],
          [
            11.732987,
            46.558009
          ],
          [
            11.733199,
            46.558211
          ],
          [
            11.733277,
            46.558298
          ],
          [
            11.733612,
            46.558656
          ],
          [
            11.733704,
            46.558728
          ],
          [
            11.733794,
            46.558782
          ],
          [
            11.734128,
            46.558917
          ],
          [
            11.73431,
            46.559007
          ],
          [
            11.734397,
            46.559062
          ],
          [
            11.734701,
            46.559272
          ],
          [
            11.734814,
            46.559319
          ],
          [
            11.734914,
            46.559342
          ],
          [
            11.735103,
            46.559359
          ],
          [
            11.735855,
            46.559315
          ],
          [
            11.736422,
            46.559331
          ],
          [
            11.736663,
            46.559324
          ],
          [
            11.737311,
            46.559171
          ],
          [
            11.737542,
            46.559157
          ],
          [
            11.737754,
            46.559178
          ],
          [
            11.737993,
            46.55917
          ],
          [
            11.738842,
            46.559015
          ],
          [
            11.739062,
            46.558999
          ],
          [
            11.73969,
            46.559104
          ],
          [
            11.739894,
            46.559119
          ],
          [
            11.740118,
            46.559114
          ],
          [
            11.740384,
            46.559059
          ],
          [
            11.740578,
            46.558974
          ],
          [
            11.741103,
            46.558697
          ],
          [
            11.741487,
            46.558575
          ],
          [
            11.742511,
            46.5583
          ],
          [
            11.742985,
            46.558174
          ],
          [
            11.743061,
            46.558154
          ],
          [
            11.743375,
            46.558071
          ],
          [
            11.743501,
            46.558037
          ],
          [
            11.744303,
            46.55783
          ],
          [
            11.744634,
            46.557785
          ],
          [
            11.744754,
            46.557787
          ],
          [
            11.744966,
            46.557821
          ],
          [
            11.745088,
            46.557859
          ],
          [
            11.745238,
            46.557928
          ],
          [
            11.746698,
            46.558789
          ],
          [
            11.746918,
            46.55886
          ],
          [
            11.747084,
            46.558877
          ],
          [
            11.747252,
            46.558874
          ],
          [
            11.747469,
            46.558808
          ],
          [
            11.747556,
            46.558761
          ],
          [
            11.747626,
            46.558701
          ],
          [
            11.747867,
            46.558346
          ],
          [
            11.748166,
            46.557903
          ],
          [
            11.748345,
            46.557747
          ],
          [
            11.748635,
            46.557553
          ],
          [
            11.749018,
            46.55731
          ],
          [
            11.749233,
            46.55719
          ],
          [
            11.749739,
            46.556968
          ],
          [
            11.749929,
            46.556898
          ],
          [
            11.750212,
            46.556833
          ],
          [
            11.750415,
            46.556821
          ],
          [
            11.750801,
            46.556831
          ],
          [
            11.751506,
            46.556776
          ],
          [
            11.751976,
            46.556727
          ],
          [
            11.753248,
            46.556576
          ],
          [
            11.754632,
            46.556431
          ],
          [
            11.754955,
            46.556393
          ],
          [
            11.755157,
            46.556336
          ],
          [
            11.755322,
            46.556258
          ],
          [
            11.75588,
            46.555943
          ],
          [
            11.7561,
            46.555817
          ],
          [
            11.756192,
            46.555764
          ],
          [
            11.756376,
            46.555654
          ],
          [
            11.757099,
            46.555221
          ],
          [
            11.758394,
            46.554442
          ],
          [
            11.758903,
            46.554142
          ],
          [
            11.759177,
            46.554034
          ],
          [
            11.759512,
            46.553955
          ],
          [
            11.760143,
            46.55382
          ],
          [
            11.76075,
            46.55369
          ],
          [
            11.760999,
            46.553634
          ],
          [
            11.761085,
            46.553615
          ],
          [
            11.761492,
            46.553523
          ],
          [
            11.761539,
            46.553512
          ],
          [
            11.761576,
            46.553503
          ],
          [
            11.761731,
            46.553466
          ],
          [
            11.763211,
            46.553136
          ],
          [
            11.763338,
            46.553066
          ],
          [
            11.763416,
            46.552976
          ],
          [
            11.763436,
            46.552911
          ],
          [
            11.763462,
            46.552466
          ],
          [
            11.763472,
            46.552229
          ],
          [
            11.763497,
            46.551765
          ],
          [
            11.763502,
            46.551659
          ],
          [
            11.763549,
            46.551509
          ],
          [
            11.763662,
            46.551376
          ],
          [
            11.764259,
            46.550802
          ],
          [
            11.764348,
            46.550741
          ],
          [
            11.764591,
            46.550653
          ],
          [
            11.765027,
            46.550516
          ],
          [
            11.765524,
            46.550361
          ],
          [
            11.765762,
            46.550263
          ],
          [
            11.765963,
            46.550117
          ],
          [
            11.766233,
            46.549738
          ],
          [
            11.766448,
            46.549421
          ],
          [
            11.767074,
            46.548463
          ],
          [
            11.767731,
            46.547454
          ],
          [
            11.768226,
            46.546702
          ],
          [
            11.768311,
            46.546625
          ],
          [
            11.768541,
            46.546479
          ],
          [
            11.76904,
            46.546203
          ],
          [
            11.769239,
            46.54614
          ],
          [
            11.769617,
            46.546053
          ],
          [
            11.770383,
            46.545897
          ],
          [
            11.77074,
            46.545794
          ],
          [
            11.771004,
            46.545701
          ],
          [
            11.771223,
            46.54562
          ],
          [
            11.771383,
            46.545536
          ],
          [
            11.771436,
            46.545475
          ],
          [
            11.771468,
            46.545315
          ],
          [
            11.771467,
            46.545148
          ],
          [
            11.771436,
            46.545072
          ],
          [
            11.771292,
            46.544874
          ],
          [
            11.771247,
            46.544776
          ],
          [
            11.771174,
            46.544503
          ],
          [
            11.771026,
            46.544205
          ],
          [
            11.770901,
            46.543987
          ],
          [
            11.77061,
            46.543705
          ],
          [
            11.770484,
            46.543622
          ],
          [
            11.770239,
            46.543525
          ],
          [
            11.770208,
            46.543443
          ],
          [
            11.770235,
            46.543408
          ],
          [
            11.770265,
            46.543387
          ],
          [
            11.770343,
            46.543371
          ],
          [
            11.770442,
            46.543391
          ],
          [
            11.771568,
            46.544149
          ],
          [
            11.77169,
            46.544269
          ],
          [
            11.771858,
            46.544556
          ],
          [
            11.772007,
            46.544676
          ],
          [
            11.772219,
            46.544748
          ],
          [
            11.772359,
            46.544771
          ],
          [
            11.772772,
            46.544784
          ],
          [
            11.772962,
            46.544842
          ],
          [
            11.773056,
            46.544926
          ],
          [
            11.773134,
            46.545066
          ],
          [
            11.773226,
            46.545173
          ],
          [
            11.773298,
            46.545221
          ],
          [
            11.773437,
            46.545271
          ],
          [
            11.773624,
            46.545289
          ],
          [
            11.773746,
            46.545286
          ],
          [
            11.774249,
            46.545215
          ],
          [
            11.774466,
            46.545202
          ],
          [
            11.774701,
            46.545244
          ],
          [
            11.775453,
            46.545448
          ],
          [
            11.775778,
            46.545502
          ],
          [
            11.775847,
            46.545501
          ],
          [
            11.775991,
            46.545468
          ],
          [
            11.776327,
            46.545345
          ],
          [
            11.776461,
            46.545327
          ],
          [
            11.776697,
            46.54533
          ],
          [
            11.776747,
            46.545319
          ],
          [
            11.776805,
            46.545271
          ],
          [
            11.776811,
            46.545233
          ],
          [
            11.776799,
            46.545196
          ],
          [
            11.776719,
            46.545148
          ],
          [
            11.77635,
            46.545168
          ],
          [
            11.776104,
            46.54514
          ],
          [
            11.775975,
            46.545109
          ],
          [
            11.775797,
            46.545057
          ],
          [
            11.775371,
            46.544875
          ],
          [
            11.774984,
            46.544741
          ],
          [
            11.774291,
            46.544564
          ],
          [
            11.774053,
            46.544475
          ],
          [
            11.773923,
            46.544362
          ],
          [
            11.773821,
            46.544198
          ],
          [
            11.773715,
            46.544084
          ],
          [
            11.773149,
            46.543629
          ],
          [
            11.772863,
            46.543456
          ],
          [
            11.77274,
            46.543334
          ],
          [
            11.772467,
            46.542826
          ],
          [
            11.772336,
            46.542627
          ],
          [
            11.772274,
            46.542287
          ],
          [
            11.772162,
            46.542
          ],
          [
            11.772061,
            46.541622
          ],
          [
            11.772066,
            46.541508
          ],
          [
            11.772149,
            46.541372
          ],
          [
            11.77241,
            46.541147
          ],
          [
            11.772451,
            46.541093
          ],
          [
            11.772478,
            46.541027
          ],
          [
            11.77247,
            46.540944
          ],
          [
            11.772274,
            46.540636
          ],
          [
            11.772213,
            46.540461
          ],
          [
            11.772222,
            46.540351
          ],
          [
            11.772322,
            46.540022
          ],
          [
            11.772327,
            46.5399
          ],
          [
            11.772294,
            46.539788
          ],
          [
            11.772099,
            46.53944
          ],
          [
            11.772049,
            46.539283
          ],
          [
            11.772045,
            46.539008
          ],
          [
            11.772013,
            46.538941
          ],
          [
            11.77172,
            46.538657
          ],
          [
            11.771652,
            46.538567
          ],
          [
            11.771611,
            46.538479
          ],
          [
            11.771464,
            46.537955
          ],
          [
            11.771455,
            46.53784
          ],
          [
            11.771566,
            46.537416
          ],
          [
            11.771638,
            46.537156
          ],
          [
            11.771718,
            46.536586
          ],
          [
            11.771674,
            46.536402
          ],
          [
            11.771479,
            46.535881
          ],
          [
            11.771477,
            46.535768
          ],
          [
            11.771523,
            46.535667
          ],
          [
            11.77175,
            46.53533
          ],
          [
            11.771849,
            46.535119
          ],
          [
            11.771939,
            46.534946
          ],
          [
            11.77199,
            46.534886
          ],
          [
            11.77243,
            46.534542
          ],
          [
            11.772601,
            46.534411
          ],
          [
            11.772717,
            46.534313
          ],
          [
            11.772753,
            46.534257
          ],
          [
            11.772947,
            46.533749
          ],
          [
            11.773107,
            46.533531
          ],
          [
            11.773276,
            46.533314
          ],
          [
            11.773362,
            46.533224
          ],
          [
            11.773462,
            46.533151
          ],
          [
            11.773697,
            46.533048
          ],
          [
            11.77384,
            46.533008
          ],
          [
            11.774,
            46.532987
          ],
          [
            11.774454,
            46.532955
          ],
          [
            11.774586,
            46.532939
          ],
          [
            11.774706,
            46.532906
          ],
          [
            11.774894,
            46.532788
          ],
          [
            11.774943,
            46.532723
          ],
          [
            11.774996,
            46.532469
          ],
          [
            11.775046,
            46.532434
          ],
          [
            11.775112,
            46.532431
          ],
          [
            11.775179,
            46.532453
          ],
          [
            11.775228,
            46.532489
          ],
          [
            11.775204,
            46.532663
          ],
          [
            11.775139,
            46.532798
          ],
          [
            11.774627,
            46.533195
          ],
          [
            11.774582,
            46.533249
          ],
          [
            11.774566,
            46.533304
          ],
          [
            11.774592,
            46.533398
          ],
          [
            11.77464,
            46.533454
          ],
          [
            11.774968,
            46.53372
          ],
          [
            11.775015,
            46.533775
          ],
          [
            11.775043,
            46.533851
          ],
          [
            11.775031,
            46.533908
          ],
          [
            11.774978,
            46.53399
          ],
          [
            11.774918,
            46.534048
          ],
          [
            11.774793,
            46.534114
          ],
          [
            11.774723,
            46.534194
          ],
          [
            11.774727,
            46.534235
          ],
          [
            11.774792,
            46.534282
          ],
          [
            11.774865,
            46.534295
          ],
          [
            11.774942,
            46.534283
          ],
          [
            11.775043,
            46.534245
          ],
          [
            11.775124,
            46.534192
          ],
          [
            11.775231,
            46.534068
          ],
          [
            11.775258,
            46.533994
          ],
          [
            11.77528,
            46.533925
          ],
          [
            11.775281,
            46.533792
          ],
          [
            11.775166,
            46.53347
          ],
          [
            11.775161,
            46.533396
          ],
          [
            11.775217,
            46.533259
          ],
          [
            11.775408,
            46.533127
          ],
          [
            11.775986,
            46.532812
          ],
          [
            11.776164,
            46.532756
          ],
          [
            11.776643,
            46.53272
          ],
          [
            11.776922,
            46.532673
          ],
          [
            11.777047,
            46.532632
          ],
          [
            11.777715,
            46.53231
          ],
          [
            11.777925,
            46.532232
          ],
          [
            11.778031,
            46.532214
          ],
          [
            11.778114,
            46.532211
          ],
          [
            11.77826,
            46.532234
          ],
          [
            11.77856,
            46.532347
          ],
          [
            11.778697,
            46.53237
          ],
          [
            11.778855,
            46.532354
          ],
          [
            11.778981,
            46.532313
          ],
          [
            11.779285,
            46.532265
          ],
          [
            11.779632,
            46.532221
          ],
          [
            11.779754,
            46.532229
          ],
          [
            11.780003,
            46.5323
          ],
          [
            11.780123,
            46.532308
          ],
          [
            11.780232,
            46.53229
          ],
          [
            11.780327,
            46.532244
          ],
          [
            11.780483,
            46.532067
          ],
          [
            11.780568,
            46.532008
          ],
          [
            11.780679,
            46.531962
          ],
          [
            11.780968,
            46.531885
          ],
          [
            11.781088,
            46.531878
          ],
          [
            11.782265,
            46.531978
          ],
          [
            11.782436,
            46.531956
          ],
          [
            11.782582,
            46.531909
          ],
          [
            11.782699,
            46.531843
          ],
          [
            11.782839,
            46.531699
          ],
          [
            11.782973,
            46.53144
          ],
          [
            11.783181,
            46.53127
          ],
          [
            11.78344,
            46.531111
          ],
          [
            11.783505,
            46.531047
          ],
          [
            11.783585,
            46.530839
          ],
          [
            11.783615,
            46.530358
          ],
          [
            11.783559,
            46.530246
          ],
          [
            11.78338,
            46.530125
          ],
          [
            11.782661,
            46.529883
          ],
          [
            11.782367,
            46.529802
          ],
          [
            11.781893,
            46.529707
          ],
          [
            11.781427,
            46.529625
          ],
          [
            11.780969,
            46.529568
          ],
          [
            11.780583,
            46.529543
          ],
          [
            11.780106,
            46.529543
          ],
          [
            11.779936,
            46.529478
          ],
          [
            11.779872,
            46.529427
          ],
          [
            11.779831,
            46.529367
          ],
          [
            11.779732,
            46.529055
          ],
          [
            11.77978,
            46.52871
          ],
          [
            11.779728,
            46.528259
          ],
          [
            11.779736,
            46.528115
          ],
          [
            11.779783,
            46.52801
          ],
          [
            11.780122,
            46.527491
          ],
          [
            11.780141,
            46.527424
          ],
          [
            11.780123,
            46.527346
          ],
          [
            11.780093,
            46.527283
          ],
          [
            11.7797,
            46.526935
          ],
          [
            11.779456,
            46.526619
          ],
          [
            11.77939,
            46.526531
          ],
          [
            11.778807,
            46.525696
          ],
          [
            11.77877,
            46.525538
          ],
          [
            11.778795,
            46.525456
          ],
          [
            11.778877,
            46.525335
          ],
          [
            11.778966,
            46.525239
          ],
          [
            11.77909,
            46.5251
          ],
          [
            11.779115,
            46.525045
          ],
          [
            11.779092,
            46.524919
          ],
          [
            11.778999,
            46.524825
          ],
          [
            11.778604,
            46.524544
          ],
          [
            11.778558,
            46.524496
          ],
          [
            11.778516,
            46.524443
          ],
          [
            11.778464,
            46.524325
          ],
          [
            11.778451,
            46.524214
          ],
          [
            11.778375,
            46.522192
          ],
          [
            11.778314,
            46.522151
          ],
          [
            11.778202,
            46.522119
          ],
          [
            11.777961,
            46.522101
          ],
          [
            11.777743,
            46.522064
          ],
          [
            11.777648,
            46.522022
          ],
          [
            11.777543,
            46.521937
          ],
          [
            11.777483,
            46.521883
          ],
          [
            11.77733,
            46.521737
          ],
          [
            11.777245,
            46.521659
          ],
          [
            11.777126,
            46.52159
          ],
          [
            11.777048,
            46.521578
          ],
          [
            11.776908,
            46.521595
          ],
          [
            11.77635,
            46.521923
          ],
          [
            11.775909,
            46.522121
          ],
          [
            11.775508,
            46.522281
          ],
          [
            11.775252,
            46.522329
          ],
          [
            11.774733,
            46.522324
          ],
          [
            11.774602,
            46.522378
          ],
          [
            11.774359,
            46.522579
          ],
          [
            11.77427,
            46.522616
          ],
          [
            11.774156,
            46.52264
          ],
          [
            11.774034,
            46.522645
          ],
          [
            11.773941,
            46.52263
          ],
          [
            11.773493,
            46.522419
          ],
          [
            11.773316,
            46.522365
          ],
          [
            11.772367,
            46.522142
          ],
          [
            11.772193,
            46.522138
          ],
          [
            11.772097,
            46.522167
          ],
          [
            11.771808,
            46.522301
          ],
          [
            11.771688,
            46.522316
          ],
          [
            11.771556,
            46.5223
          ],
          [
            11.771456,
            46.522256
          ],
          [
            11.771388,
            46.522194
          ],
          [
            11.771337,
            46.52211
          ],
          [
            11.770955,
            46.521101
          ],
          [
            11.770794,
            46.520869
          ],
          [
            11.770455,
            46.520497
          ],
          [
            11.770353,
            46.520338
          ],
          [
            11.769878,
            46.518735
          ],
          [
            11.76971,
            46.518317
          ],
          [
            11.769481,
            46.517639
          ],
          [
            11.769405,
            46.517511
          ],
          [
            11.769242,
            46.517326
          ],
          [
            11.768867,
            46.517033
          ],
          [
            11.768762,
            46.516929
          ],
          [
            11.768696,
            46.51681
          ],
          [
            11.768548,
            46.516387
          ],
          [
            11.768432,
            46.5162
          ],
          [
            11.765555,
            46.513625
          ],
          [
            11.765372,
            46.513504
          ],
          [
            11.765257,
            46.513473
          ],
          [
            11.765117,
            46.513462
          ],
          [
            11.764687,
            46.513491
          ],
          [
            11.764535,
            46.513474
          ],
          [
            11.764411,
            46.513444
          ],
          [
            11.764228,
            46.513366
          ],
          [
            11.763253,
            46.512727
          ],
          [
            11.762854,
            46.512608
          ],
          [
            11.762728,
            46.512551
          ],
          [
            11.762631,
            46.512464
          ],
          [
            11.762385,
            46.512107
          ],
          [
            11.762082,
            46.511761
          ],
          [
            11.761954,
            46.511681
          ],
          [
            11.761337,
            46.511538
          ],
          [
            11.761221,
            46.511492
          ],
          [
            11.760666,
            46.511084
          ],
          [
            11.759832,
            46.510509
          ],
          [
            11.75948,
            46.510125
          ],
          [
            11.759342,
            46.510033
          ],
          [
            11.759231,
            46.509995
          ],
          [
            11.759081,
            46.509976
          ],
          [
            11.75831,
            46.509992
          ],
          [
            11.758123,
            46.509992
          ],
          [
            11.758007,
            46.509975
          ],
          [
            11.757816,
            46.509904
          ],
          [
            11.757722,
            46.509846
          ],
          [
            11.757632,
            46.509748
          ],
          [
            11.757549,
            46.50957
          ],
          [
            11.757479,
            46.509254
          ],
          [
            11.757408,
            46.508946
          ],
          [
            11.757332,
            46.508796
          ],
          [
            11.757241,
            46.508687
          ],
          [
            11.757169,
            46.508629
          ],
          [
            11.756879,
            46.508466
          ],
          [
            11.75683,
            46.508371
          ],
          [
            11.756829,
            46.508323
          ],
          [
            11.756876,
            46.508231
          ],
          [
            11.757148,
            46.507945
          ],
          [
            11.757235,
            46.507904
          ],
          [
            11.757317,
            46.507886
          ],
          [
            11.757607,
            46.50789
          ],
          [
            11.757745,
            46.507939
          ],
          [
            11.758051,
            46.508143
          ],
          [
            11.758146,
            46.508162
          ],
          [
            11.758734,
            46.508196
          ],
          [
            11.758899,
            46.508226
          ],
          [
            11.759476,
            46.508416
          ],
          [
            11.759644,
            46.50851
          ],
          [
            11.760032,
            46.508777
          ],
          [
            11.76012,
            46.508857
          ],
          [
            11.760227,
            46.509005
          ],
          [
            11.760345,
            46.509108
          ],
          [
            11.760451,
            46.509178
          ],
          [
            11.76073,
            46.509298
          ],
          [
            11.760867,
            46.509332
          ],
          [
            11.761061,
            46.509339
          ],
          [
            11.761321,
            46.50923
          ],
          [
            11.761811,
            46.509156
          ],
          [
            11.762017,
            46.509099
          ],
          [
            11.762862,
            46.508633
          ],
          [
            11.762958,
            46.508594
          ],
          [
            11.763049,
            46.508557
          ],
          [
            11.763239,
            46.508514
          ],
          [
            11.764189,
            46.50839
          ],
          [
            11.764357,
            46.508346
          ],
          [
            11.764455,
            46.508289
          ],
          [
            11.764632,
            46.508185
          ],
          [
            11.76475,
            46.508135
          ],
          [
            11.764824,
            46.508125
          ],
          [
            11.764952,
            46.508129
          ],
          [
            11.765025,
            46.508152
          ],
          [
            11.765911,
            46.508643
          ],
          [
            11.765999,
            46.508687
          ],
          [
            11.766126,
            46.508721
          ],
          [
            11.766225,
            46.508721
          ],
          [
            11.766319,
            46.508699
          ],
          [
            11.766633,
            46.50854
          ],
          [
            11.767144,
            46.508251
          ],
          [
            11.767327,
            46.508069
          ],
          [
            11.767388,
            46.508025
          ],
          [
            11.767447,
            46.508011
          ],
          [
            11.767888,
            46.507972
          ],
          [
            11.768087,
            46.507953
          ],
          [
            11.7685,
            46.507914
          ],
          [
            11.769033,
            46.507863
          ],
          [
            11.769202,
            46.507806
          ],
          [
            11.769491,
            46.507526
          ],
          [
            11.769695,
            46.507184
          ],
          [
            11.769906,
            46.506937
          ],
          [
            11.770034,
            46.506851
          ],
          [
            11.770715,
            46.506486
          ],
          [
            11.770781,
            46.506423
          ],
          [
            11.77092,
            46.506175
          ],
          [
            11.771511,
            46.50574
          ],
          [
            11.771669,
            46.505667
          ],
          [
            11.772072,
            46.505549
          ],
          [
            11.772164,
            46.505494
          ],
          [
            11.77223,
            46.505424
          ],
          [
            11.772358,
            46.505243
          ],
          [
            11.77241,
            46.505222
          ],
          [
            11.772475,
            46.505227
          ],
          [
            11.772555,
            46.505277
          ],
          [
            11.772624,
            46.505522
          ],
          [
            11.772654,
            46.505568
          ],
          [
            11.772706,
            46.505602
          ],
          [
            11.772774,
            46.505621
          ],
          [
            11.772824,
            46.505614
          ],
          [
            11.772858,
            46.505587
          ],
          [
            11.772862,
            46.505551
          ],
          [
            11.772798,
            46.505397
          ],
          [
            11.77279,
            46.505272
          ],
          [
            11.772821,
            46.505146
          ],
          [
            11.772966,
            46.504841
          ],
          [
            11.772977,
            46.50473
          ],
          [
            11.772946,
            46.504346
          ],
          [
            11.772963,
            46.504291
          ],
          [
            11.773011,
            46.504252
          ],
          [
            11.773081,
            46.504253
          ],
          [
            11.773153,
            46.50429
          ],
          [
            11.773316,
            46.504458
          ],
          [
            11.773358,
            46.504527
          ],
          [
            11.773391,
            46.504637
          ],
          [
            11.773445,
            46.505086
          ],
          [
            11.773502,
            46.505151
          ],
          [
            11.773605,
            46.505176
          ],
          [
            11.773949,
            46.505123
          ],
          [
            11.774121,
            46.505133
          ],
          [
            11.774278,
            46.505184
          ],
          [
            11.774577,
            46.505342
          ],
          [
            11.774705,
            46.505355
          ],
          [
            11.77483,
            46.505327
          ],
          [
            11.774923,
            46.505262
          ],
          [
            11.775322,
            46.504718
          ],
          [
            11.775351,
            46.504639
          ],
          [
            11.775329,
            46.504559
          ],
          [
            11.775224,
            46.504474
          ],
          [
            11.774857,
            46.504368
          ],
          [
            11.774742,
            46.504364
          ],
          [
            11.774585,
            46.504385
          ],
          [
            11.774354,
            46.504443
          ],
          [
            11.774284,
            46.504411
          ],
          [
            11.774295,
            46.504352
          ],
          [
            11.774367,
            46.504319
          ],
          [
            11.774733,
            46.5043
          ],
          [
            11.775178,
            46.504243
          ],
          [
            11.775694,
            46.504146
          ],
          [
            11.775966,
            46.504079
          ],
          [
            11.776088,
            46.504079
          ],
          [
            11.776269,
            46.504135
          ],
          [
            11.776568,
            46.504264
          ],
          [
            11.776792,
            46.504406
          ],
          [
            11.776969,
            46.504609
          ],
          [
            11.777028,
            46.504713
          ],
          [
            11.777083,
            46.504885
          ],
          [
            11.777188,
            46.504999
          ],
          [
            11.777916,
            46.505297
          ],
          [
            11.778071,
            46.505324
          ],
          [
            11.778228,
            46.505307
          ],
          [
            11.778323,
            46.505274
          ],
          [
            11.778759,
            46.505046
          ],
          [
            11.778876,
            46.504966
          ],
          [
            11.778971,
            46.504873
          ],
          [
            11.779166,
            46.504579
          ],
          [
            11.779252,
            46.504532
          ],
          [
            11.779326,
            46.504531
          ],
          [
            11.780918,
            46.505236
          ],
          [
            11.781068,
            46.505325
          ],
          [
            11.781724,
            46.505791
          ],
          [
            11.781867,
            46.505873
          ],
          [
            11.782027,
            46.505938
          ],
          [
            11.782927,
            46.506217
          ],
          [
            11.783649,
            46.506409
          ],
          [
            11.784255,
            46.506539
          ],
          [
            11.784691,
            46.506607
          ],
          [
            11.786201,
            46.506644
          ],
          [
            11.786833,
            46.506767
          ],
          [
            11.78704,
            46.50679
          ],
          [
            11.787568,
            46.506786
          ],
          [
            11.788424,
            46.506842
          ],
          [
            11.78851,
            46.506838
          ],
          [
            11.788562,
            46.506797
          ],
          [
            11.788556,
            46.506761
          ],
          [
            11.788518,
            46.506735
          ],
          [
            11.788243,
            46.506718
          ],
          [
            11.788024,
            46.506679
          ],
          [
            11.78756,
            46.506548
          ],
          [
            11.78728,
            46.506451
          ],
          [
            11.78721,
            46.506412
          ],
          [
            11.786853,
            46.506152
          ],
          [
            11.784482,
            46.504203
          ],
          [
            11.784456,
            46.504139
          ],
          [
            11.784477,
            46.504086
          ],
          [
            11.784545,
            46.504048
          ],
          [
            11.78464,
            46.504045
          ],
          [
            11.785182,
            46.504207
          ],
          [
            11.786099,
            46.504305
          ],
          [
            11.786985,
            46.504504
          ],
          [
            11.787114,
            46.504508
          ],
          [
            11.787197,
            46.504469
          ],
          [
            11.787215,
            46.504414
          ],
          [
            11.787192,
            46.504354
          ],
          [
            11.786711,
            46.504077
          ],
          [
            11.786493,
            46.503912
          ],
          [
            11.785875,
            46.503312
          ],
          [
            11.785254,
            46.50283
          ],
          [
            11.785038,
            46.502699
          ],
          [
            11.784403,
            46.502535
          ],
          [
            11.784068,
            46.502427
          ],
          [
            11.783937,
            46.502304
          ],
          [
            11.783851,
            46.502153
          ],
          [
            11.783832,
            46.501971
          ],
          [
            11.783845,
            46.50158
          ],
          [
            11.783824,
            46.501407
          ],
          [
            11.783777,
            46.501301
          ],
          [
            11.783709,
            46.501211
          ],
          [
            11.783587,
            46.50112
          ],
          [
            11.782896,
            46.500762
          ],
          [
            11.782814,
            46.500689
          ],
          [
            11.782809,
            46.500639
          ],
          [
            11.782838,
            46.500595
          ],
          [
            11.782898,
            46.500576
          ],
          [
            11.782964,
            46.500577
          ],
          [
            11.783855,
            46.501032
          ],
          [
            11.784726,
            46.501434
          ],
          [
            11.785212,
            46.501833
          ],
          [
            11.785378,
            46.501923
          ],
          [
            11.786533,
            46.502221
          ],
          [
            11.787689,
            46.50245
          ],
          [
            11.788013,
            46.502568
          ],
          [
            11.788738,
            46.503079
          ],
          [
            11.78957,
            46.503495
          ],
          [
            11.78977,
            46.503568
          ],
          [
            11.789876,
            46.503583
          ],
          [
            11.789975,
            46.50358
          ],
          [
            11.790079,
            46.503556
          ],
          [
            11.79021,
            46.503495
          ],
          [
            11.790949,
            46.502982
          ],
          [
            11.791133,
            46.502804
          ],
          [
            11.791193,
            46.502697
          ],
          [
            11.791354,
            46.502315
          ],
          [
            11.791585,
            46.501744
          ],
          [
            11.791626,
            46.501507
          ],
          [
            11.791601,
            46.501339
          ],
          [
            11.791522,
            46.501188
          ],
          [
            11.791123,
            46.500694
          ],
          [
            11.790845,
            46.500384
          ],
          [
            11.790624,
            46.500081
          ],
          [
            11.790594,
            46.499927
          ],
          [
            11.790601,
            46.499763
          ],
          [
            11.790703,
            46.499409
          ],
          [
            11.790869,
            46.49884
          ],
          [
            11.790887,
            46.498699
          ],
          [
            11.790752,
            46.498147
          ],
          [
            11.790613,
            46.497796
          ],
          [
            11.79004,
            46.497153
          ],
          [
            11.789887,
            46.496939
          ],
          [
            11.789665,
            46.496421
          ],
          [
            11.789567,
            46.496294
          ],
          [
            11.788733,
            46.495712
          ],
          [
            11.788535,
            46.495628
          ],
          [
            11.788316,
            46.49559
          ],
          [
            11.788101,
            46.495597
          ],
          [
            11.788044,
            46.495628
          ],
          [
            11.787998,
            46.495673
          ],
          [
            11.78799,
            46.495717
          ],
          [
            11.788042,
            46.495799
          ],
          [
            11.7881,
            46.49582
          ],
          [
            11.788372,
            46.49585
          ],
          [
            11.788464,
            46.495917
          ],
          [
            11.78846,
            46.496003
          ],
          [
            11.788412,
            46.496045
          ],
          [
            11.788301,
            46.496068
          ],
          [
            11.788007,
            46.496041
          ],
          [
            11.787671,
            46.495988
          ],
          [
            11.787394,
            46.495893
          ],
          [
            11.787442,
            46.495839
          ],
          [
            11.787438,
            46.49576
          ],
          [
            11.787319,
            46.495656
          ],
          [
            11.787066,
            46.495296
          ],
          [
            11.786961,
            46.495057
          ],
          [
            11.786868,
            46.494781
          ],
          [
            11.786798,
            46.49465
          ],
          [
            11.786485,
            46.494337
          ],
          [
            11.786451,
            46.494246
          ],
          [
            11.786446,
            46.494153
          ],
          [
            11.786483,
            46.494034
          ],
          [
            11.786578,
            46.493931
          ],
          [
            11.786673,
            46.493863
          ],
          [
            11.78711,
            46.493747
          ],
          [
            11.787306,
            46.493664
          ],
          [
            11.787365,
            46.493614
          ],
          [
            11.787421,
            46.493503
          ],
          [
            11.787328,
            46.492972
          ],
          [
            11.787175,
            46.492633
          ],
          [
            11.787043,
            46.491898
          ],
          [
            11.787008,
            46.491679
          ],
          [
            11.787015,
            46.4916
          ],
          [
            11.787067,
            46.491471
          ],
          [
            11.787401,
            46.491099
          ],
          [
            11.787514,
            46.490615
          ],
          [
            11.787553,
            46.490325
          ],
          [
            11.787532,
            46.490074
          ],
          [
            11.787549,
            46.48987
          ],
          [
            11.787595,
            46.489716
          ],
          [
            11.787609,
            46.489587
          ],
          [
            11.78756,
            46.489241
          ],
          [
            11.787586,
            46.488897
          ],
          [
            11.787618,
            46.488827
          ],
          [
            11.787892,
            46.488644
          ],
          [
            11.787978,
            46.488562
          ],
          [
            11.788069,
            46.48844
          ],
          [
            11.788217,
            46.488054
          ],
          [
            11.788081,
            46.487585
          ],
          [
            11.787781,
            46.48715
          ],
          [
            11.787494,
            46.486826
          ],
          [
            11.787362,
            46.486599
          ],
          [
            11.787328,
            46.486414
          ],
          [
            11.787094,
            46.485988
          ],
          [
            11.787099,
            46.485877
          ],
          [
            11.787143,
            46.485827
          ],
          [
            11.787297,
            46.485754
          ],
          [
            11.787648,
            46.485664
          ],
          [
            11.787843,
            46.485595
          ],
          [
            11.787921,
            46.485545
          ],
          [
            11.787948,
            46.485456
          ],
          [
            11.787929,
            46.485368
          ],
          [
            11.787875,
            46.485326
          ],
          [
            11.787443,
            46.485102
          ],
          [
            11.787353,
            46.485027
          ],
          [
            11.787129,
            46.484648
          ],
          [
            11.786995,
            46.483708
          ],
          [
            11.786991,
            46.483482
          ],
          [
            11.787026,
            46.483397
          ],
          [
            11.787101,
            46.483332
          ],
          [
            11.78732,
            46.483204
          ],
          [
            11.787378,
            46.483152
          ],
          [
            11.787652,
            46.482775
          ],
          [
            11.787834,
            46.482479
          ],
          [
            11.787894,
            46.482263
          ],
          [
            11.787875,
            46.482046
          ],
          [
            11.787858,
            46.481901
          ],
          [
            11.787888,
            46.48184
          ],
          [
            11.78838,
            46.481591
          ],
          [
            11.788498,
            46.481588
          ],
          [
            11.788577,
            46.481622
          ],
          [
            11.788597,
            46.481662
          ],
          [
            11.788596,
            46.481709
          ],
          [
            11.788571,
            46.481747
          ],
          [
            11.788318,
            46.481848
          ],
          [
            11.788266,
            46.48188
          ],
          [
            11.788239,
            46.481921
          ],
          [
            11.788191,
            46.48245
          ],
          [
            11.788157,
            46.482732
          ],
          [
            11.788084,
            46.48296
          ],
          [
            11.787815,
            46.483547
          ],
          [
            11.787811,
            46.483643
          ],
          [
            11.787943,
            46.484062
          ],
          [
            11.787985,
            46.484113
          ],
          [
            11.788266,
            46.484219
          ],
          [
            11.789008,
            46.484428
          ],
          [
            11.789525,
            46.484519
          ],
          [
            11.78978,
            46.484615
          ],
          [
            11.78997,
            46.484725
          ],
          [
            11.790207,
            46.484814
          ],
          [
            11.790735,
            46.484848
          ],
          [
            11.790851,
            46.484868
          ],
          [
            11.791029,
            46.48495
          ],
          [
            11.791059,
            46.485014
          ],
          [
            11.791033,
            46.485095
          ],
          [
            11.790904,
            46.485222
          ],
          [
            11.790822,
            46.485413
          ],
          [
            11.79078,
            46.485572
          ],
          [
            11.790784,
            46.485645
          ],
          [
            11.790836,
            46.485771
          ],
          [
            11.790859,
            46.485823
          ],
          [
            11.790939,
            46.485919
          ],
          [
            11.790998,
            46.485952
          ],
          [
            11.79129,
            46.486041
          ],
          [
            11.791531,
            46.486139
          ],
          [
            11.791826,
            46.486295
          ],
          [
            11.792012,
            46.486416
          ],
          [
            11.79205,
            46.486487
          ],
          [
            11.792046,
            46.486562
          ],
          [
            11.792005,
            46.486635
          ],
          [
            11.791878,
            46.486704
          ],
          [
            11.791595,
            46.486756
          ],
          [
            11.791407,
            46.486839
          ],
          [
            11.791298,
            46.486915
          ],
          [
            11.791251,
            46.487021
          ],
          [
            11.791267,
            46.487191
          ],
          [
            11.791436,
            46.487635
          ],
          [
            11.791456,
            46.487759
          ],
          [
            11.791417,
            46.487912
          ],
          [
            11.790818,
            46.488909
          ],
          [
            11.79058,
            46.489132
          ],
          [
            11.790518,
            46.489275
          ],
          [
            11.79053,
            46.48941
          ],
          [
            11.790629,
            46.489537
          ],
          [
            11.790802,
            46.489677
          ],
          [
            11.791197,
            46.489884
          ],
          [
            11.79142,
            46.48995
          ],
          [
            11.791992,
            46.490052
          ],
          [
            11.792254,
            46.49012
          ],
          [
            11.79245,
            46.490219
          ],
          [
            11.792606,
            46.490264
          ],
          [
            11.792716,
            46.490237
          ],
          [
            11.792786,
            46.490155
          ],
          [
            11.792789,
            46.490102
          ],
          [
            11.792738,
            46.490046
          ],
          [
            11.792612,
            46.490015
          ],
          [
            11.792344,
            46.489994
          ],
          [
            11.791993,
            46.48989
          ],
          [
            11.791631,
            46.489722
          ],
          [
            11.791472,
            46.489438
          ],
          [
            11.791466,
            46.489329
          ],
          [
            11.791519,
            46.489265
          ],
          [
            11.791999,
            46.489061
          ],
          [
            11.792768,
            46.488399
          ],
          [
            11.792843,
            46.488252
          ],
          [
            11.793001,
            46.487826
          ],
          [
            11.793044,
            46.487772
          ],
          [
            11.793115,
            46.487719
          ],
          [
            11.793319,
            46.487633
          ],
          [
            11.793435,
            46.487608
          ],
          [
            11.793578,
            46.487604
          ],
          [
            11.796137,
            46.487667
          ],
          [
            11.796509,
            46.487759
          ],
          [
            11.7967,
            46.487766
          ],
          [
            11.796797,
            46.487743
          ],
          [
            11.796889,
            46.487702
          ],
          [
            11.796986,
            46.487611
          ],
          [
            11.797123,
            46.487191
          ],
          [
            11.79719,
            46.487094
          ],
          [
            11.797322,
            46.487048
          ],
          [
            11.79761,
            46.487031
          ],
          [
            11.797664,
            46.487013
          ],
          [
            11.797727,
            46.486954
          ],
          [
            11.797746,
            46.486906
          ],
          [
            11.797717,
            46.486819
          ],
          [
            11.797653,
            46.486759
          ],
          [
            11.7974,
            46.486599
          ],
          [
            11.797354,
            46.486519
          ],
          [
            11.797346,
            46.48641
          ],
          [
            11.797401,
            46.486299
          ],
          [
            11.797469,
            46.486241
          ],
          [
            11.797785,
            46.486086
          ],
          [
            11.797882,
            46.486013
          ],
          [
            11.797906,
            46.485974
          ],
          [
            11.797915,
            46.485883
          ],
          [
            11.797865,
            46.485765
          ],
          [
            11.79787,
            46.485693
          ],
          [
            11.797907,
            46.48566
          ],
          [
            11.79802,
            46.485634
          ],
          [
            11.798138,
            46.485668
          ],
          [
            11.79817,
            46.485729
          ],
          [
            11.798142,
            46.485947
          ],
          [
            11.798201,
            46.486046
          ],
          [
            11.799035,
            46.486635
          ],
          [
            11.799293,
            46.486824
          ],
          [
            11.79945,
            46.48696
          ],
          [
            11.799557,
            46.487224
          ],
          [
            11.79959,
            46.487248
          ],
          [
            11.799675,
            46.487261
          ],
          [
            11.799758,
            46.487239
          ],
          [
            11.799784,
            46.487207
          ],
          [
            11.79979,
            46.487131
          ],
          [
            11.799506,
            46.486258
          ],
          [
            11.799512,
            46.486219
          ],
          [
            11.799548,
            46.486181
          ],
          [
            11.799613,
            46.486158
          ],
          [
            11.799695,
            46.486155
          ],
          [
            11.799792,
            46.486216
          ],
          [
            11.799856,
            46.486428
          ],
          [
            11.799887,
            46.486467
          ],
          [
            11.800174,
            46.486709
          ],
          [
            11.800487,
            46.48711
          ],
          [
            11.800603,
            46.487311
          ],
          [
            11.800918,
            46.488163
          ],
          [
            11.800911,
            46.488241
          ],
          [
            11.800728,
            46.488556
          ],
          [
            11.800734,
            46.488681
          ],
          [
            11.800757,
            46.488738
          ],
          [
            11.800839,
            46.488836
          ],
          [
            11.800906,
            46.488879
          ],
          [
            11.80102,
            46.488921
          ],
          [
            11.801171,
            46.488936
          ],
          [
            11.801335,
            46.488914
          ],
          [
            11.801497,
            46.488858
          ],
          [
            11.802903,
            46.488259
          ],
          [
            11.803056,
            46.488225
          ],
          [
            11.803161,
            46.488231
          ],
          [
            11.803281,
            46.488277
          ],
          [
            11.803305,
            46.488303
          ],
          [
            11.803325,
            46.488412
          ],
          [
            11.803168,
            46.488911
          ],
          [
            11.803035,
            46.489058
          ],
          [
            11.803085,
            46.489128
          ],
          [
            11.803216,
            46.489145
          ],
          [
            11.803859,
            46.488665
          ],
          [
            11.804061,
            46.488426
          ],
          [
            11.8044,
            46.488154
          ],
          [
            11.804522,
            46.488087
          ],
          [
            11.804578,
            46.488079
          ],
          [
            11.804686,
            46.488102
          ],
          [
            11.804736,
            46.488153
          ],
          [
            11.804743,
            46.488194
          ],
          [
            11.804689,
            46.488263
          ],
          [
            11.804335,
            46.488577
          ],
          [
            11.804331,
            46.488635
          ],
          [
            11.804355,
            46.488662
          ],
          [
            11.804432,
            46.488687
          ],
          [
            11.804503,
            46.488668
          ],
          [
            11.804992,
            46.488355
          ],
          [
            11.805369,
            46.48819
          ],
          [
            11.805429,
            46.488172
          ],
          [
            11.805534,
            46.488168
          ],
          [
            11.805593,
            46.488181
          ],
          [
            11.805658,
            46.48822
          ],
          [
            11.805698,
            46.488323
          ],
          [
            11.805665,
            46.488378
          ],
          [
            11.805325,
            46.488537
          ],
          [
            11.805238,
            46.488625
          ],
          [
            11.80524,
            46.488707
          ],
          [
            11.805271,
            46.488742
          ],
          [
            11.805323,
            46.488771
          ],
          [
            11.80538,
            46.48878
          ],
          [
            11.806865,
            46.488529
          ],
          [
            11.807057,
            46.488478
          ],
          [
            11.807682,
            46.488264
          ],
          [
            11.80774,
            46.48826
          ],
          [
            11.807857,
            46.488282
          ],
          [
            11.807938,
            46.488358
          ],
          [
            11.807942,
            46.488431
          ],
          [
            11.807899,
            46.488503
          ],
          [
            11.806811,
            46.489017
          ],
          [
            11.806784,
            46.489075
          ],
          [
            11.806813,
            46.489142
          ],
          [
            11.806894,
            46.489174
          ],
          [
            11.80695,
            46.489169
          ],
          [
            11.807345,
            46.489034
          ],
          [
            11.807479,
            46.489003
          ],
          [
            11.807643,
            46.488982
          ],
          [
            11.80863,
            46.488939
          ],
          [
            11.808949,
            46.488903
          ],
          [
            11.809761,
            46.488603
          ],
          [
            11.809855,
            46.488565
          ],
          [
            11.810118,
            46.488459
          ],
          [
            11.810698,
            46.488256
          ],
          [
            11.810846,
            46.488209
          ],
          [
            11.8112,
            46.488093
          ],
          [
            11.811318,
            46.488039
          ],
          [
            11.811634,
            46.487863
          ],
          [
            11.811843,
            46.487741
          ],
          [
            11.812016,
            46.487641
          ],
          [
            11.812226,
            46.487541
          ],
          [
            11.812244,
            46.487515
          ],
          [
            11.812226,
            46.487541
          ],
          [
            11.812525,
            46.487468
          ],
          [
            11.812703,
            46.487439
          ],
          [
            11.812963,
            46.487422
          ],
          [
            11.813339,
            46.487396
          ],
          [
            11.813535,
            46.487368
          ],
          [
            11.813614,
            46.487334
          ],
          [
            11.81367,
            46.487279
          ],
          [
            11.813677,
            46.487221
          ],
          [
            11.81363,
            46.487109
          ],
          [
            11.813539,
            46.486967
          ],
          [
            11.813528,
            46.486898
          ],
          [
            11.813545,
            46.486839
          ],
          [
            11.813618,
            46.48677
          ],
          [
            11.813721,
            46.486739
          ],
          [
            11.813844,
            46.486722
          ],
          [
            11.813971,
            46.486726
          ],
          [
            11.814988,
            46.486842
          ],
          [
            11.815103,
            46.486828
          ],
          [
            11.815228,
            46.486786
          ],
          [
            11.815334,
            46.48672
          ],
          [
            11.815965,
            46.486094
          ],
          [
            11.815993,
            46.486004
          ],
          [
            11.815987,
            46.485938
          ],
          [
            11.815729,
            46.485493
          ],
          [
            11.815728,
            46.485382
          ],
          [
            11.815765,
            46.485294
          ],
          [
            11.81585,
            46.485225
          ],
          [
            11.816957,
            46.484679
          ],
          [
            11.817046,
            46.484612
          ],
          [
            11.817096,
            46.484541
          ],
          [
            11.817219,
            46.484093
          ],
          [
            11.817266,
            46.483991
          ],
          [
            11.817363,
            46.483915
          ],
          [
            11.817949,
            46.483737
          ],
          [
            11.818257,
            46.483646
          ],
          [
            11.819575,
            46.483287
          ],
          [
            11.819856,
            46.48323
          ],
          [
            11.820171,
            46.483207
          ],
          [
            11.820748,
            46.483178
          ],
          [
            11.82097,
            46.483145
          ],
          [
            11.821442,
            46.483072
          ],
          [
            11.822132,
            46.482945
          ],
          [
            11.822375,
            46.482861
          ],
          [
            11.822594,
            46.48273
          ],
          [
            11.822749,
            46.482572
          ],
          [
            11.822841,
            46.482431
          ],
          [
            11.822956,
            46.482252
          ],
          [
            11.823041,
            46.482121
          ],
          [
            11.823154,
            46.482046
          ],
          [
            11.823306,
            46.482015
          ],
          [
            11.823442,
            46.482026
          ],
          [
            11.823565,
            46.482071
          ],
          [
            11.823644,
            46.482142
          ],
          [
            11.823671,
            46.482229
          ],
          [
            11.823652,
            46.482341
          ],
          [
            11.823393,
            46.482917
          ],
          [
            11.823331,
            46.482994
          ],
          [
            11.823224,
            46.483064
          ],
          [
            11.822923,
            46.483157
          ],
          [
            11.822828,
            46.483211
          ],
          [
            11.822789,
            46.483277
          ],
          [
            11.822782,
            46.483713
          ],
          [
            11.822785,
            46.483751
          ],
          [
            11.822831,
            46.483805
          ],
          [
            11.822911,
            46.483825
          ],
          [
            11.823007,
            46.483797
          ],
          [
            11.823056,
            46.48373
          ],
          [
            11.823109,
            46.483573
          ],
          [
            11.823155,
            46.483507
          ],
          [
            11.823231,
            46.483464
          ],
          [
            11.823526,
            46.483405
          ],
          [
            11.823825,
            46.483345
          ],
          [
            11.823951,
            46.483321
          ],
          [
            11.824232,
            46.483277
          ],
          [
            11.825034,
            46.483197
          ],
          [
            11.825162,
            46.483166
          ],
          [
            11.825745,
            46.482938
          ],
          [
            11.825831,
            46.482929
          ],
          [
            11.825919,
            46.482951
          ],
          [
            11.825989,
            46.483001
          ],
          [
            11.825998,
            46.483054
          ],
          [
            11.82597,
            46.483113
          ],
          [
            11.825915,
            46.483144
          ],
          [
            11.825566,
            46.483272
          ],
          [
            11.824944,
            46.483537
          ],
          [
            11.824824,
            46.483609
          ],
          [
            11.824291,
            46.484075
          ],
          [
            11.824185,
            46.484249
          ],
          [
            11.824017,
            46.484914
          ],
          [
            11.824029,
            46.484976
          ],
          [
            11.824099,
            46.485018
          ],
          [
            11.824186,
            46.485027
          ],
          [
            11.824264,
            46.485005
          ],
          [
            11.824378,
            46.484781
          ],
          [
            11.824626,
            46.484605
          ],
          [
            11.824819,
            46.48443
          ],
          [
            11.824903,
            46.484383
          ],
          [
            11.825228,
            46.484316
          ],
          [
            11.825675,
            46.484138
          ],
          [
            11.826269,
            46.484025
          ],
          [
            11.826442,
            46.483931
          ],
          [
            11.82655,
            46.483832
          ],
          [
            11.826639,
            46.483661
          ],
          [
            11.826708,
            46.483604
          ],
          [
            11.826805,
            46.48357
          ],
          [
            11.826924,
            46.483571
          ],
          [
            11.82706,
            46.483615
          ],
          [
            11.827652,
            46.483886
          ],
          [
            11.827802,
            46.483933
          ],
          [
            11.828661,
            46.484065
          ],
          [
            11.828855,
            46.484063
          ],
          [
            11.829039,
            46.484037
          ],
          [
            11.829573,
            46.483962
          ],
          [
            11.8297,
            46.483924
          ],
          [
            11.829819,
            46.483862
          ],
          [
            11.83005,
            46.483691
          ],
          [
            11.83012,
            46.483669
          ],
          [
            11.830207,
            46.483681
          ],
          [
            11.830272,
            46.483724
          ],
          [
            11.83028,
            46.483775
          ],
          [
            11.830253,
            46.483826
          ],
          [
            11.829856,
            46.483996
          ],
          [
            11.829344,
            46.484353
          ],
          [
            11.829201,
            46.48441
          ],
          [
            11.828908,
            46.484483
          ],
          [
            11.828787,
            46.484513
          ],
          [
            11.828734,
            46.484564
          ],
          [
            11.828727,
            46.48462
          ],
          [
            11.828762,
            46.484669
          ],
          [
            11.828825,
            46.484694
          ],
          [
            11.828927,
            46.484694
          ],
          [
            11.829227,
            46.484576
          ],
          [
            11.829324,
            46.484578
          ],
          [
            11.829377,
            46.484604
          ],
          [
            11.829411,
            46.484657
          ],
          [
            11.829394,
            46.484715
          ],
          [
            11.829345,
            46.484757
          ],
          [
            11.828915,
            46.484889
          ],
          [
            11.828821,
            46.484895
          ],
          [
            11.828703,
            46.484886
          ],
          [
            11.828259,
            46.484776
          ],
          [
            11.828133,
            46.48478
          ],
          [
            11.828042,
            46.48482
          ],
          [
            11.827971,
            46.484887
          ],
          [
            11.827952,
            46.484969
          ],
          [
            11.827965,
            46.485044
          ],
          [
            11.828032,
            46.485119
          ],
          [
            11.828131,
            46.485157
          ],
          [
            11.828199,
            46.485163
          ],
          [
            11.828737,
            46.485203
          ],
          [
            11.829397,
            46.485252
          ],
          [
            11.829601,
            46.485244
          ],
          [
            11.82974,
            46.485213
          ],
          [
            11.829874,
            46.48514
          ],
          [
            11.830602,
            46.484609
          ],
          [
            11.830764,
            46.484535
          ],
          [
            11.832053,
            46.484171
          ],
          [
            11.832158,
            46.48416
          ],
          [
            11.832253,
            46.48418
          ],
          [
            11.832299,
            46.484227
          ],
          [
            11.8323,
            46.484291
          ],
          [
            11.832252,
            46.484348
          ],
          [
            11.832007,
            46.484476
          ],
          [
            11.831679,
            46.484722
          ],
          [
            11.831563,
            46.484783
          ],
          [
            11.831183,
            46.484922
          ],
          [
            11.83113,
            46.484974
          ],
          [
            11.831121,
            46.485029
          ],
          [
            11.831139,
            46.485077
          ],
          [
            11.831207,
            46.485112
          ],
          [
            11.831298,
            46.485125
          ],
          [
            11.832308,
            46.484906
          ],
          [
            11.832779,
            46.48476
          ],
          [
            11.83398,
            46.484347
          ],
          [
            11.834198,
            46.484289
          ],
          [
            11.834375,
            46.484278
          ],
          [
            11.834856,
            46.484322
          ],
          [
            11.835434,
            46.484384
          ],
          [
            11.836392,
            46.484395
          ],
          [
            11.836892,
            46.4844
          ],
          [
            11.837052,
            46.484389
          ],
          [
            11.837342,
            46.484368
          ],
          [
            11.838042,
            46.484286
          ],
          [
            11.83819,
            46.484294
          ],
          [
            11.839378,
            46.484561
          ],
          [
            11.840659,
            46.484797
          ],
          [
            11.840766,
            46.484791
          ],
          [
            11.840885,
            46.48475
          ],
          [
            11.84115,
            46.484563
          ],
          [
            11.841231,
            46.484533
          ],
          [
            11.841332,
            46.48454
          ],
          [
            11.841406,
            46.48458
          ],
          [
            11.84142,
            46.484623
          ],
          [
            11.841413,
            46.484689
          ],
          [
            11.841352,
            46.484745
          ],
          [
            11.840849,
            46.484949
          ],
          [
            11.840612,
            46.484997
          ],
          [
            11.839931,
            46.485038
          ],
          [
            11.839766,
            46.48507
          ],
          [
            11.83967,
            46.485118
          ],
          [
            11.839382,
            46.485348
          ],
          [
            11.838907,
            46.485551
          ],
          [
            11.838853,
            46.485603
          ],
          [
            11.83884,
            46.485658
          ],
          [
            11.83886,
            46.485714
          ],
          [
            11.838923,
            46.485755
          ],
          [
            11.839012,
            46.485762
          ],
          [
            11.839652,
            46.485717
          ],
          [
            11.83977,
            46.485689
          ],
          [
            11.840234,
            46.485518
          ],
          [
            11.840443,
            46.485487
          ],
          [
            11.840891,
            46.485492
          ],
          [
            11.841039,
            46.485533
          ],
          [
            11.841407,
            46.485781
          ],
          [
            11.841523,
            46.485834
          ],
          [
            11.841655,
            46.48587
          ],
          [
            11.842489,
            46.486023
          ],
          [
            11.842881,
            46.486095
          ],
          [
            11.842988,
            46.486138
          ],
          [
            11.843028,
            46.486196
          ],
          [
            11.843021,
            46.486261
          ],
          [
            11.842967,
            46.486315
          ],
          [
            11.842895,
            46.486333
          ],
          [
            11.842371,
            46.486341
          ],
          [
            11.842214,
            46.48636
          ],
          [
            11.841692,
            46.486484
          ],
          [
            11.841619,
            46.486529
          ],
          [
            11.841598,
            46.486582
          ],
          [
            11.841604,
            46.48664
          ],
          [
            11.841657,
            46.486683
          ],
          [
            11.84179,
            46.48672
          ],
          [
            11.84292,
            46.486896
          ],
          [
            11.84312,
            46.486919
          ],
          [
            11.843296,
            46.486921
          ],
          [
            11.843555,
            46.48687
          ],
          [
            11.843649,
            46.486881
          ],
          [
            11.843703,
            46.48692
          ],
          [
            11.843713,
            46.48698
          ],
          [
            11.84367,
            46.487049
          ],
          [
            11.843568,
            46.487081
          ],
          [
            11.842978,
            46.487132
          ],
          [
            11.842904,
            46.487159
          ],
          [
            11.842857,
            46.487211
          ],
          [
            11.842861,
            46.487274
          ],
          [
            11.842904,
            46.48733
          ],
          [
            11.842984,
            46.487356
          ],
          [
            11.84403,
            46.487331
          ],
          [
            11.844133,
            46.487359
          ],
          [
            11.844172,
            46.487407
          ],
          [
            11.844175,
            46.487455
          ],
          [
            11.844142,
            46.487505
          ],
          [
            11.844064,
            46.487536
          ],
          [
            11.843739,
            46.487531
          ],
          [
            11.843683,
            46.487543
          ],
          [
            11.843636,
            46.487575
          ],
          [
            11.843621,
            46.487619
          ],
          [
            11.843645,
            46.487679
          ],
          [
            11.843708,
            46.487713
          ],
          [
            11.843821,
            46.487721
          ],
          [
            11.844294,
            46.487705
          ],
          [
            11.844796,
            46.487761
          ],
          [
            11.844995,
            46.487743
          ],
          [
            11.845142,
            46.487707
          ],
          [
            11.84538,
            46.487643
          ],
          [
            11.845512,
            46.48764
          ],
          [
            11.845594,
            46.487693
          ],
          [
            11.845609,
            46.487728
          ],
          [
            11.845586,
            46.487794
          ],
          [
            11.845537,
            46.48783
          ],
          [
            11.844727,
            46.488159
          ],
          [
            11.844665,
            46.488221
          ],
          [
            11.844616,
            46.488312
          ],
          [
            11.844608,
            46.488371
          ],
          [
            11.84462,
            46.488425
          ],
          [
            11.844658,
            46.488473
          ],
          [
            11.844706,
            46.488514
          ],
          [
            11.844838,
            46.48857
          ],
          [
            11.844995,
            46.488614
          ],
          [
            11.845308,
            46.488672
          ],
          [
            11.845543,
            46.48869
          ],
          [
            11.846813,
            46.488725
          ],
          [
            11.846919,
            46.488769
          ],
          [
            11.846975,
            46.488832
          ],
          [
            11.847104,
            46.489088
          ],
          [
            11.84717,
            46.489142
          ],
          [
            11.847243,
            46.489165
          ],
          [
            11.847342,
            46.489156
          ],
          [
            11.847418,
            46.489118
          ],
          [
            11.847506,
            46.488963
          ],
          [
            11.847562,
            46.488914
          ],
          [
            11.847647,
            46.488894
          ],
          [
            11.847737,
            46.488894
          ],
          [
            11.847812,
            46.488926
          ],
          [
            11.84786,
            46.488981
          ],
          [
            11.84789,
            46.489208
          ],
          [
            11.847939,
            46.489289
          ],
          [
            11.848379,
            46.489704
          ],
          [
            11.848494,
            46.489794
          ],
          [
            11.849237,
            46.490144
          ],
          [
            11.849379,
            46.490195
          ],
          [
            11.849544,
            46.490213
          ],
          [
            11.85087,
            46.490298
          ],
          [
            11.852391,
            46.490538
          ],
          [
            11.852509,
            46.490578
          ],
          [
            11.852876,
            46.490839
          ],
          [
            11.852965,
            46.490883
          ],
          [
            11.853868,
            46.491167
          ],
          [
            11.854016,
            46.491236
          ],
          [
            11.854438,
            46.49164
          ],
          [
            11.854524,
            46.491726
          ],
          [
            11.854686,
            46.491958
          ],
          [
            11.854944,
            46.492131
          ],
          [
            11.854996,
            46.492205
          ],
          [
            11.855168,
            46.492819
          ],
          [
            11.855243,
            46.493006
          ],
          [
            11.855315,
            46.493081
          ],
          [
            11.85541,
            46.493136
          ],
          [
            11.855572,
            46.493177
          ],
          [
            11.856067,
            46.493212
          ],
          [
            11.856186,
            46.493236
          ],
          [
            11.856875,
            46.49353
          ],
          [
            11.856965,
            46.493539
          ],
          [
            11.85703,
            46.49353
          ],
          [
            11.857076,
            46.493491
          ],
          [
            11.857084,
            46.493448
          ],
          [
            11.857035,
            46.493397
          ],
          [
            11.856814,
            46.493338
          ],
          [
            11.856772,
            46.493303
          ],
          [
            11.856764,
            46.49326
          ],
          [
            11.856788,
            46.493225
          ],
          [
            11.856844,
            46.4932
          ],
          [
            11.856989,
            46.493208
          ],
          [
            11.857607,
            46.493343
          ],
          [
            11.857691,
            46.49334
          ],
          [
            11.857755,
            46.493311
          ],
          [
            11.857772,
            46.493266
          ],
          [
            11.857751,
            46.493214
          ],
          [
            11.857687,
            46.493179
          ],
          [
            11.857424,
            46.493147
          ],
          [
            11.857361,
            46.493116
          ],
          [
            11.857346,
            46.493073
          ],
          [
            11.857363,
            46.493028
          ],
          [
            11.857403,
            46.492998
          ],
          [
            11.857459,
            46.492981
          ],
          [
            11.858082,
            46.493007
          ],
          [
            11.858162,
            46.493029
          ],
          [
            11.858217,
            46.493083
          ],
          [
            11.858307,
            46.493298
          ],
          [
            11.858359,
            46.49333
          ],
          [
            11.858455,
            46.493343
          ],
          [
            11.859223,
            46.493249
          ],
          [
            11.859332,
            46.493256
          ],
          [
            11.859404,
            46.493295
          ],
          [
            11.859426,
            46.493359
          ],
          [
            11.85939,
            46.493668
          ],
          [
            11.859401,
            46.493716
          ],
          [
            11.859457,
            46.493776
          ],
          [
            11.859536,
            46.49382
          ],
          [
            11.860411,
            46.494084
          ],
          [
            11.860588,
            46.494107
          ],
          [
            11.861126,
            46.494118
          ],
          [
            11.861324,
            46.494145
          ],
          [
            11.861542,
            46.494227
          ],
          [
            11.862328,
            46.494673
          ],
          [
            11.862459,
            46.494717
          ],
          [
            11.862603,
            46.494744
          ],
          [
            11.863057,
            46.49476
          ],
          [
            11.863532,
            46.49479
          ],
          [
            11.865948,
            46.495196
          ],
          [
            11.866206,
            46.495266
          ],
          [
            11.866357,
            46.495343
          ],
          [
            11.866655,
            46.495583
          ],
          [
            11.866724,
            46.495601
          ],
          [
            11.866813,
            46.495597
          ],
          [
            11.866883,
            46.495555
          ],
          [
            11.866893,
            46.495497
          ],
          [
            11.866573,
            46.495031
          ],
          [
            11.866547,
            46.494939
          ],
          [
            11.866564,
            46.494854
          ],
          [
            11.866622,
            46.494784
          ],
          [
            11.866688,
            46.494743
          ],
          [
            11.866828,
            46.49471
          ],
          [
            11.867014,
            46.494655
          ],
          [
            11.867053,
            46.494611
          ],
          [
            11.867048,
            46.494539
          ],
          [
            11.866999,
            46.494479
          ],
          [
            11.866698,
            46.494368
          ],
          [
            11.866644,
            46.494317
          ],
          [
            11.866642,
            46.494293
          ],
          [
            11.866657,
            46.494222
          ],
          [
            11.866682,
            46.494205
          ],
          [
            11.866738,
            46.494182
          ],
          [
            11.866814,
            46.494189
          ],
          [
            11.867555,
            46.49463
          ],
          [
            11.867763,
            46.49473
          ],
          [
            11.867907,
            46.494754
          ],
          [
            11.868315,
            46.494739
          ],
          [
            11.868484,
            46.494756
          ],
          [
            11.868631,
            46.494809
          ],
          [
            11.869244,
            46.495166
          ],
          [
            11.869481,
            46.495281
          ],
          [
            11.8697,
            46.495336
          ],
          [
            11.870614,
            46.495572
          ],
          [
            11.870684,
            46.49561
          ],
          [
            11.870718,
            46.49567
          ],
          [
            11.870718,
            46.495741
          ],
          [
            11.870642,
            46.495827
          ],
          [
            11.870396,
            46.496025
          ],
          [
            11.870375,
            46.496091
          ],
          [
            11.870397,
            46.49616
          ],
          [
            11.870474,
            46.496209
          ],
          [
            11.870589,
            46.496224
          ],
          [
            11.870718,
            46.496213
          ],
          [
            11.871672,
            46.496008
          ],
          [
            11.871753,
            46.496008
          ],
          [
            11.871837,
            46.496032
          ],
          [
            11.871878,
            46.496085
          ],
          [
            11.871862,
            46.496196
          ],
          [
            11.871489,
            46.496584
          ],
          [
            11.871469,
            46.496633
          ],
          [
            11.871473,
            46.496678
          ],
          [
            11.871508,
            46.49672
          ],
          [
            11.871573,
            46.49675
          ],
          [
            11.871734,
            46.496751
          ],
          [
            11.873064,
            46.496411
          ],
          [
            11.873167,
            46.496399
          ],
          [
            11.873245,
            46.496409
          ],
          [
            11.873313,
            46.496454
          ],
          [
            11.873421,
            46.496747
          ],
          [
            11.873495,
            46.496944
          ],
          [
            11.873573,
            46.497051
          ],
          [
            11.873764,
            46.497154
          ],
          [
            11.87385,
            46.497174
          ],
          [
            11.874225,
            46.497286
          ],
          [
            11.874403,
            46.497629
          ],
          [
            11.874499,
            46.497841
          ],
          [
            11.874546,
            46.497783
          ],
          [
            11.874619,
            46.497752
          ],
          [
            11.874889,
            46.497717
          ],
          [
            11.874907,
            46.497714
          ],
          [
            11.875047,
            46.497687
          ],
          [
            11.875137,
            46.497626
          ],
          [
            11.875146,
            46.497605
          ],
          [
            11.875127,
            46.497528
          ],
          [
            11.875063,
            46.497452
          ],
          [
            11.874534,
            46.49733
          ],
          [
            11.874225,
            46.497286
          ],
          [
            11.874403,
            46.497629
          ],
          [
            11.874499,
            46.497841
          ],
          [
            11.874457,
            46.497955
          ],
          [
            11.874467,
            46.498086
          ],
          [
            11.874473,
            46.498127
          ],
          [
            11.874495,
            46.498242
          ],
          [
            11.874573,
            46.498521
          ],
          [
            11.874774,
            46.498791
          ],
          [
            11.874883,
            46.499057
          ],
          [
            11.874931,
            46.499168
          ],
          [
            11.875002,
            46.49925
          ],
          [
            11.875068,
            46.499297
          ],
          [
            11.875151,
            46.499328
          ],
          [
            11.875257,
            46.499333
          ],
          [
            11.87537,
            46.499319
          ],
          [
            11.87566,
            46.499243
          ],
          [
            11.875975,
            46.499237
          ],
          [
            11.876433,
            46.499341
          ],
          [
            11.876566,
            46.499348
          ],
          [
            11.877147,
            46.499227
          ],
          [
            11.877353,
            46.499239
          ],
          [
            11.878082,
            46.499372
          ],
          [
            11.879129,
            46.499441
          ],
          [
            11.879324,
            46.499482
          ],
          [
            11.879615,
            46.499614
          ],
          [
            11.879839,
            46.499678
          ],
          [
            11.881583,
            46.499912
          ],
          [
            11.881745,
            46.499944
          ],
          [
            11.882992,
            46.50025
          ],
          [
            11.883198,
            46.500319
          ],
          [
            11.883703,
            46.50055
          ],
          [
            11.884019,
            46.500629
          ],
          [
            11.884845,
            46.500709
          ],
          [
            11.885006,
            46.5007
          ],
          [
            11.8854,
            46.500626
          ],
          [
            11.885497,
            46.500643
          ],
          [
            11.885543,
            46.500693
          ],
          [
            11.885516,
            46.500773
          ],
          [
            11.885425,
            46.500819
          ],
          [
            11.884774,
            46.500938
          ],
          [
            11.884687,
            46.500949
          ],
          [
            11.884449,
            46.500943
          ],
          [
            11.884368,
            46.50096
          ],
          [
            11.884303,
            46.500989
          ],
          [
            11.88427,
            46.501041
          ],
          [
            11.884292,
            46.501136
          ],
          [
            11.884356,
            46.501168
          ],
          [
            11.884509,
            46.501184
          ],
          [
            11.884717,
            46.501165
          ],
          [
            11.885099,
            46.501173
          ],
          [
            11.886539,
            46.501276
          ],
          [
            11.887346,
            46.501297
          ],
          [
            11.887482,
            46.50132
          ],
          [
            11.887525,
            46.501383
          ],
          [
            11.887516,
            46.501443
          ],
          [
            11.887458,
            46.501491
          ],
          [
            11.887393,
            46.501506
          ],
          [
            11.886912,
            46.501465
          ],
          [
            11.886325,
            46.501565
          ],
          [
            11.885935,
            46.501674
          ],
          [
            11.884986,
            46.502017
          ],
          [
            11.884776,
            46.502031
          ],
          [
            11.884208,
            46.501913
          ],
          [
            11.883527,
            46.501884
          ],
          [
            11.882877,
            46.501729
          ],
          [
            11.882514,
            46.501678
          ],
          [
            11.880493,
            46.501745
          ],
          [
            11.880395,
            46.50176
          ],
          [
            11.878997,
            46.501965
          ],
          [
            11.878767,
            46.502044
          ],
          [
            11.878629,
            46.502131
          ],
          [
            11.878349,
            46.502411
          ],
          [
            11.878179,
            46.502505
          ],
          [
            11.877518,
            46.502667
          ],
          [
            11.877353,
            46.502725
          ],
          [
            11.877153,
            46.502884
          ],
          [
            11.876943,
            46.503125
          ],
          [
            11.876899,
            46.503209
          ],
          [
            11.876885,
            46.503348
          ],
          [
            11.876981,
            46.503444
          ],
          [
            11.877086,
            46.503488
          ],
          [
            11.87731,
            46.503534
          ],
          [
            11.877452,
            46.503583
          ],
          [
            11.877581,
            46.503657
          ],
          [
            11.877758,
            46.503882
          ],
          [
            11.877824,
            46.504069
          ],
          [
            11.87783,
            46.504249
          ],
          [
            11.877695,
            46.50622
          ],
          [
            11.877677,
            46.506328
          ],
          [
            11.877607,
            46.506455
          ],
          [
            11.876903,
            46.507634
          ],
          [
            11.876903,
            46.507726
          ],
          [
            11.876979,
            46.507782
          ],
          [
            11.877082,
            46.507769
          ],
          [
            11.877197,
            46.507679
          ],
          [
            11.877491,
            46.507156
          ],
          [
            11.877588,
            46.507074
          ],
          [
            11.877671,
            46.507053
          ],
          [
            11.877735,
            46.50705
          ],
          [
            11.877826,
            46.507109
          ],
          [
            11.877881,
            46.507254
          ],
          [
            11.877906,
            46.507466
          ],
          [
            11.877884,
            46.50755
          ],
          [
            11.87781,
            46.507674
          ],
          [
            11.87766,
            46.507789
          ],
          [
            11.877236,
            46.507998
          ],
          [
            11.877154,
            46.508063
          ],
          [
            11.877099,
            46.508127
          ],
          [
            11.876989,
            46.508355
          ],
          [
            11.876899,
            46.508441
          ],
          [
            11.876814,
            46.508477
          ],
          [
            11.876399,
            46.508552
          ],
          [
            11.876328,
            46.508589
          ],
          [
            11.876279,
            46.508642
          ],
          [
            11.876265,
            46.50871
          ],
          [
            11.876304,
            46.508794
          ],
          [
            11.876618,
            46.509058
          ],
          [
            11.87667,
            46.509168
          ],
          [
            11.876668,
            46.509239
          ],
          [
            11.876614,
            46.509397
          ],
          [
            11.876545,
            46.509474
          ],
          [
            11.876464,
            46.509529
          ],
          [
            11.875765,
            46.509987
          ],
          [
            11.87558,
            46.510153
          ],
          [
            11.875394,
            46.510387
          ],
          [
            11.874843,
            46.511184
          ],
          [
            11.874417,
            46.511941
          ],
          [
            11.874094,
            46.512325
          ],
          [
            11.873786,
            46.512588
          ],
          [
            11.872552,
            46.513644
          ],
          [
            11.872367,
            46.51386
          ],
          [
            11.872341,
            46.51406
          ],
          [
            11.872355,
            46.514248
          ],
          [
            11.872866,
            46.516109
          ],
          [
            11.872829,
            46.517257
          ],
          [
            11.872819,
            46.51741
          ],
          [
            11.872856,
            46.517664
          ],
          [
            11.873767,
            46.519301
          ],
          [
            11.873805,
            46.519513
          ],
          [
            11.873803,
            46.519952
          ],
          [
            11.873806,
            46.520153
          ],
          [
            11.873841,
            46.520151
          ],
          [
            11.873896,
            46.520152
          ],
          [
            11.873961,
            46.520009
          ],
          [
            11.874052,
            46.520028
          ],
          [
            11.874053,
            46.520029
          ],
          [
            11.874052,
            46.520028
          ],
          [
            11.873961,
            46.520009
          ],
          [
            11.873896,
            46.520152
          ],
          [
            11.873841,
            46.520151
          ],
          [
            11.873806,
            46.520153
          ],
          [
            11.873796,
            46.520737
          ],
          [
            11.873816,
            46.521171
          ],
          [
            11.873893,
            46.521398
          ],
          [
            11.873988,
            46.521543
          ],
          [
            11.876131,
            46.523988
          ],
          [
            11.876506,
            46.524363
          ],
          [
            11.877705,
            46.525216
          ],
          [
            11.877959,
            46.525484
          ],
          [
            11.879207,
            46.527351
          ],
          [
            11.879326,
            46.527479
          ],
          [
            11.880569,
            46.528576
          ],
          [
            11.880694,
            46.528662
          ],
          [
            11.881193,
            46.528934
          ],
          [
            11.881447,
            46.529092
          ],
          [
            11.883226,
            46.530511
          ],
          [
            11.884218,
            46.531178
          ],
          [
            11.884266,
            46.53123
          ],
          [
            11.88432,
            46.531344
          ],
          [
            11.884318,
            46.531499
          ],
          [
            11.884221,
            46.532207
          ],
          [
            11.884202,
            46.5324
          ],
          [
            11.884211,
            46.532565
          ],
          [
            11.884252,
            46.532661
          ],
          [
            11.88436,
            46.532826
          ],
          [
            11.884879,
            46.533366
          ],
          [
            11.884991,
            46.533566
          ],
          [
            11.885102,
            46.533892
          ],
          [
            11.885213,
            46.533993
          ],
          [
            11.885413,
            46.534051
          ],
          [
            11.885721,
            46.534052
          ],
          [
            11.886209,
            46.534026
          ],
          [
            11.886385,
            46.534041
          ],
          [
            11.88647,
            46.534059
          ],
          [
            11.886613,
            46.534124
          ],
          [
            11.886719,
            46.534231
          ],
          [
            11.886769,
            46.534349
          ],
          [
            11.88685,
            46.535257
          ],
          [
            11.886832,
            46.53536
          ],
          [
            11.886686,
            46.535592
          ],
          [
            11.886699,
            46.535677
          ],
          [
            11.886787,
            46.535723
          ],
          [
            11.886855,
            46.535733
          ],
          [
            11.886931,
            46.535724
          ],
          [
            11.887062,
            46.535656
          ],
          [
            11.887214,
            46.535523
          ],
          [
            11.887345,
            46.535469
          ],
          [
            11.887401,
            46.535469
          ],
          [
            11.887493,
            46.535493
          ],
          [
            11.887554,
            46.535546
          ],
          [
            11.887572,
            46.53559
          ],
          [
            11.887538,
            46.535699
          ],
          [
            11.88742,
            46.535891
          ],
          [
            11.887192,
            46.536398
          ],
          [
            11.887113,
            46.53651
          ],
          [
            11.886768,
            46.536777
          ],
          [
            11.886735,
            46.536828
          ],
          [
            11.886711,
            46.536898
          ],
          [
            11.886708,
            46.53704
          ],
          [
            11.886706,
            46.537125
          ],
          [
            11.8867,
            46.537296
          ],
          [
            11.886687,
            46.537558
          ],
          [
            11.886613,
            46.537755
          ],
          [
            11.886509,
            46.537863
          ],
          [
            11.886361,
            46.537962
          ],
          [
            11.886272,
            46.538
          ],
          [
            11.88605,
            46.538048
          ],
          [
            11.885794,
            46.538075
          ],
          [
            11.885681,
            46.538116
          ],
          [
            11.88532,
            46.538309
          ],
          [
            11.885035,
            46.538519
          ],
          [
            11.884105,
            46.539703
          ],
          [
            11.883803,
            46.540017
          ],
          [
            11.883729,
            46.540149
          ],
          [
            11.883745,
            46.540276
          ],
          [
            11.8841,
            46.540742
          ],
          [
            11.884123,
            46.5408
          ],
          [
            11.884122,
            46.54102
          ],
          [
            11.884122,
            46.541104
          ],
          [
            11.884095,
            46.541182
          ],
          [
            11.883998,
            46.541261
          ],
          [
            11.883791,
            46.541281
          ],
          [
            11.883365,
            46.541208
          ],
          [
            11.883281,
            46.54121
          ],
          [
            11.882997,
            46.541297
          ],
          [
            11.882712,
            46.541466
          ],
          [
            11.882585,
            46.541494
          ],
          [
            11.882334,
            46.541471
          ],
          [
            11.881979,
            46.541413
          ],
          [
            11.881914,
            46.54141
          ],
          [
            11.881787,
            46.541445
          ],
          [
            11.881736,
            46.541515
          ],
          [
            11.881731,
            46.541614
          ],
          [
            11.881817,
            46.541707
          ],
          [
            11.882044,
            46.541826
          ],
          [
            11.882091,
            46.541891
          ],
          [
            11.882094,
            46.541937
          ],
          [
            11.882069,
            46.54197
          ],
          [
            11.881964,
            46.542014
          ],
          [
            11.881084,
            46.542028
          ],
          [
            11.880515,
            46.542111
          ],
          [
            11.880047,
            46.542212
          ],
          [
            11.879586,
            46.542219
          ],
          [
            11.879466,
            46.542263
          ],
          [
            11.879392,
            46.542352
          ],
          [
            11.879374,
            46.542408
          ],
          [
            11.879368,
            46.542471
          ],
          [
            11.879416,
            46.54257
          ],
          [
            11.879521,
            46.542645
          ],
          [
            11.879608,
            46.542678
          ],
          [
            11.879984,
            46.54275
          ],
          [
            11.880091,
            46.542781
          ],
          [
            11.880214,
            46.542839
          ],
          [
            11.880288,
            46.542923
          ],
          [
            11.880292,
            46.542977
          ],
          [
            11.880237,
            46.543054
          ],
          [
            11.880179,
            46.543085
          ],
          [
            11.879859,
            46.543169
          ],
          [
            11.879357,
            46.543391
          ],
          [
            11.879214,
            46.543423
          ],
          [
            11.879016,
            46.543428
          ],
          [
            11.878403,
            46.543322
          ],
          [
            11.878054,
            46.543347
          ],
          [
            11.877915,
            46.543388
          ],
          [
            11.877857,
            46.543431
          ],
          [
            11.877772,
            46.543559
          ],
          [
            11.877768,
            46.543668
          ],
          [
            11.877796,
            46.543721
          ],
          [
            11.877918,
            46.543805
          ],
          [
            11.878033,
            46.543855
          ],
          [
            11.878581,
            46.54401
          ],
          [
            11.87866,
            46.54405
          ],
          [
            11.87875,
            46.54414
          ],
          [
            11.878748,
            46.544206
          ],
          [
            11.878714,
            46.544258
          ],
          [
            11.878658,
            46.544298
          ],
          [
            11.878559,
            46.54433
          ],
          [
            11.878427,
            46.544344
          ],
          [
            11.87807,
            46.544336
          ],
          [
            11.877586,
            46.544364
          ],
          [
            11.877234,
            46.544327
          ],
          [
            11.877038,
            46.544289
          ],
          [
            11.876792,
            46.544193
          ],
          [
            11.876651,
            46.544189
          ],
          [
            11.876585,
            46.544256
          ],
          [
            11.876596,
            46.54437
          ],
          [
            11.876756,
            46.544635
          ],
          [
            11.876814,
            46.544751
          ],
          [
            11.876799,
            46.544841
          ],
          [
            11.876761,
            46.544885
          ],
          [
            11.876631,
            46.544956
          ],
          [
            11.876537,
            46.544965
          ],
          [
            11.876438,
            46.544945
          ],
          [
            11.876225,
            46.544866
          ],
          [
            11.875997,
            46.54477
          ],
          [
            11.875816,
            46.544757
          ],
          [
            11.875701,
            46.544826
          ],
          [
            11.875657,
            46.544922
          ],
          [
            11.87568,
            46.544979
          ],
          [
            11.876076,
            46.545493
          ],
          [
            11.876108,
            46.545588
          ],
          [
            11.876071,
            46.545649
          ],
          [
            11.875936,
            46.545699
          ],
          [
            11.875322,
            46.545704
          ],
          [
            11.875219,
            46.545749
          ],
          [
            11.87518,
            46.545822
          ],
          [
            11.875222,
            46.545886
          ],
          [
            11.875338,
            46.545927
          ],
          [
            11.875478,
            46.545948
          ],
          [
            11.875799,
            46.545957
          ],
          [
            11.876019,
            46.545992
          ],
          [
            11.876138,
            46.546082
          ],
          [
            11.876267,
            46.546292
          ],
          [
            11.876328,
            46.546402
          ],
          [
            11.87634,
            46.54651
          ],
          [
            11.876288,
            46.546617
          ],
          [
            11.876063,
            46.546895
          ],
          [
            11.87596,
            46.546975
          ],
          [
            11.875846,
            46.546998
          ],
          [
            11.875777,
            46.546988
          ],
          [
            11.875671,
            46.54693
          ],
          [
            11.875509,
            46.546794
          ],
          [
            11.875373,
            46.546755
          ],
          [
            11.875241,
            46.546775
          ],
          [
            11.875145,
            46.546846
          ],
          [
            11.875126,
            46.546892
          ],
          [
            11.875108,
            46.547097
          ],
          [
            11.875144,
            46.547213
          ],
          [
            11.87536,
            46.547477
          ],
          [
            11.875385,
            46.547572
          ],
          [
            11.875339,
            46.547662
          ],
          [
            11.875237,
            46.547831
          ],
          [
            11.875137,
            46.548037
          ],
          [
            11.875063,
            46.548207
          ],
          [
            11.874979,
            46.548442
          ],
          [
            11.87483,
            46.548866
          ],
          [
            11.873791,
            46.548675
          ],
          [
            11.873767,
            46.548671
          ],
          [
            11.873297,
            46.548574
          ],
          [
            11.87311,
            46.549363
          ],
          [
            11.873778,
            46.549467
          ],
          [
            11.87311,
            46.549363
          ],
          [
            11.872979,
            46.549793
          ],
          [
            11.872679,
            46.550895
          ],
          [
            11.872657,
            46.550978
          ],
          [
            11.872411,
            46.551958
          ],
          [
            11.872353,
            46.551949
          ],
          [
            11.871772,
            46.551827
          ],
          [
            11.871743,
            46.551822
          ],
          [
            11.871256,
            46.551722
          ],
          [
            11.870604,
            46.551593
          ],
          [
            11.870078,
            46.551484
          ],
          [
            11.869754,
            46.551419
          ],
          [
            11.869519,
            46.551372
          ],
          [
            11.869104,
            46.551302
          ],
          [
            11.868763,
            46.551264
          ],
          [
            11.868621,
            46.551255
          ],
          [
            11.867333,
            46.551214
          ],
          [
            11.867237,
            46.55121
          ],
          [
            11.866944,
            46.551203
          ],
          [
            11.866465,
            46.551188
          ],
          [
            11.866022,
            46.551175
          ],
          [
            11.865092,
            46.551153
          ],
          [
            11.864031,
            46.551131
          ],
          [
            11.863673,
            46.551182
          ],
          [
            11.863558,
            46.551207
          ],
          [
            11.863407,
            46.551263
          ],
          [
            11.863263,
            46.551325
          ],
          [
            11.863033,
            46.551466
          ],
          [
            11.862961,
            46.551519
          ],
          [
            11.862717,
            46.551696
          ],
          [
            11.862699,
            46.551709
          ],
          [
            11.862556,
            46.551785
          ],
          [
            11.862376,
            46.551833
          ],
          [
            11.862256,
            46.551851
          ],
          [
            11.862008,
            46.551831
          ],
          [
            11.860388,
            46.551545
          ],
          [
            11.859841,
            46.551455
          ],
          [
            11.85928,
            46.551354
          ],
          [
            11.859137,
            46.551303
          ],
          [
            11.85865,
            46.551013
          ],
          [
            11.85841,
            46.550917
          ],
          [
            11.858068,
            46.55085
          ],
          [
            11.857364,
            46.550843
          ],
          [
            11.857019,
            46.550843
          ],
          [
            11.856087,
            46.550847
          ],
          [
            11.855777,
            46.550849
          ],
          [
            11.855607,
            46.550878
          ],
          [
            11.855537,
            46.550913
          ],
          [
            11.855499,
            46.550969
          ],
          [
            11.855503,
            46.55107
          ],
          [
            11.855546,
            46.551115
          ],
          [
            11.855596,
            46.551151
          ],
          [
            11.855702,
            46.551185
          ],
          [
            11.8566,
            46.551356
          ],
          [
            11.856808,
            46.551443
          ],
          [
            11.856897,
            46.551501
          ],
          [
            11.857021,
            46.551627
          ],
          [
            11.85708,
            46.551723
          ],
          [
            11.85716,
            46.551931
          ],
          [
            11.857243,
            46.552186
          ],
          [
            11.857251,
            46.552319
          ],
          [
            11.857185,
            46.552502
          ],
          [
            11.857079,
            46.552614
          ],
          [
            11.856974,
            46.55269
          ],
          [
            11.856841,
            46.552749
          ],
          [
            11.856715,
            46.552782
          ],
          [
            11.856454,
            46.552828
          ],
          [
            11.855047,
            46.553023
          ],
          [
            11.854359,
            46.553115
          ],
          [
            11.854017,
            46.553179
          ],
          [
            11.853669,
            46.553281
          ],
          [
            11.853224,
            46.553463
          ],
          [
            11.852828,
            46.553579
          ],
          [
            11.852385,
            46.553675
          ],
          [
            11.852031,
            46.553718
          ],
          [
            11.851815,
            46.553723
          ],
          [
            11.851617,
            46.553711
          ],
          [
            11.85132,
            46.553663
          ],
          [
            11.85113,
            46.553611
          ],
          [
            11.850261,
            46.553286
          ],
          [
            11.849802,
            46.553117
          ],
          [
            11.849536,
            46.553034
          ],
          [
            11.849339,
            46.55299
          ],
          [
            11.84901,
            46.55294
          ],
          [
            11.848777,
            46.552906
          ],
          [
            11.848687,
            46.552892
          ],
          [
            11.848027,
            46.552788
          ],
          [
            11.847788,
            46.552738
          ],
          [
            11.847616,
            46.552672
          ],
          [
            11.847037,
            46.552411
          ],
          [
            11.846296,
            46.552088
          ],
          [
            11.846208,
            46.552017
          ],
          [
            11.846,
            46.551689
          ],
          [
            11.845618,
            46.551137
          ],
          [
            11.845574,
            46.551093
          ],
          [
            11.845359,
            46.550906
          ],
          [
            11.84528,
            46.550843
          ],
          [
            11.845099,
            46.550698
          ],
          [
            11.844813,
            46.550458
          ],
          [
            11.844646,
            46.550342
          ],
          [
            11.844445,
            46.550232
          ],
          [
            11.843839,
            46.549984
          ],
          [
            11.843606,
            46.549965
          ],
          [
            11.842805,
            46.550024
          ],
          [
            11.842655,
            46.550015
          ],
          [
            11.842505,
            46.549987
          ],
          [
            11.842362,
            46.549939
          ],
          [
            11.842158,
            46.549806
          ],
          [
            11.841741,
            46.54944
          ],
          [
            11.84122,
            46.549103
          ],
          [
            11.840123,
            46.548718
          ],
          [
            11.839873,
            46.54869
          ],
          [
            11.839706,
            46.548698
          ],
          [
            11.838767,
            46.548777
          ],
          [
            11.838292,
            46.54886
          ],
          [
            11.837788,
            46.548861
          ],
          [
            11.837676,
            46.54891
          ],
          [
            11.837628,
            46.548981
          ],
          [
            11.837651,
            46.549059
          ],
          [
            11.83771,
            46.549096
          ],
          [
            11.837765,
            46.549107
          ],
          [
            11.837846,
            46.549105
          ],
          [
            11.83827,
            46.549017
          ],
          [
            11.838619,
            46.548992
          ],
          [
            11.838788,
            46.549001
          ],
          [
            11.839117,
            46.549064
          ],
          [
            11.83957,
            46.549221
          ],
          [
            11.839783,
            46.549278
          ],
          [
            11.840119,
            46.549298
          ],
          [
            11.840186,
            46.549333
          ],
          [
            11.840196,
            46.549368
          ],
          [
            11.840173,
            46.549436
          ],
          [
            11.840125,
            46.549466
          ],
          [
            11.840028,
            46.549477
          ],
          [
            11.839906,
            46.54947
          ],
          [
            11.839049,
            46.549384
          ],
          [
            11.838568,
            46.549357
          ],
          [
            11.837459,
            46.549473
          ],
          [
            11.836351,
            46.549653
          ],
          [
            11.83613,
            46.549666
          ],
          [
            11.835683,
            46.549653
          ],
          [
            11.835141,
            46.54974
          ],
          [
            11.834891,
            46.549744
          ],
          [
            11.834515,
            46.5497
          ],
          [
            11.832877,
            46.549452
          ],
          [
            11.832564,
            46.549361
          ],
          [
            11.831946,
            46.549127
          ],
          [
            11.831593,
            46.549034
          ],
          [
            11.830447,
            46.548887
          ],
          [
            11.830369,
            46.548891
          ],
          [
            11.83032,
            46.548905
          ],
          [
            11.830294,
            46.548945
          ],
          [
            11.830297,
            46.549013
          ],
          [
            11.830331,
            46.549043
          ],
          [
            11.830958,
            46.549329
          ],
          [
            11.833424,
            46.550755
          ],
          [
            11.83347,
            46.550796
          ],
          [
            11.833484,
            46.550839
          ],
          [
            11.833425,
            46.550912
          ],
          [
            11.833364,
            46.550924
          ],
          [
            11.833249,
            46.550896
          ],
          [
            11.832724,
            46.550614
          ],
          [
            11.832597,
            46.550572
          ],
          [
            11.831085,
            46.550361
          ],
          [
            11.829122,
            46.549972
          ],
          [
            11.828839,
            46.549929
          ],
          [
            11.827281,
            46.549766
          ],
          [
            11.827151,
            46.549741
          ],
          [
            11.826924,
            46.549665
          ],
          [
            11.82638,
            46.54943
          ],
          [
            11.826313,
            46.549431
          ],
          [
            11.826251,
            46.549479
          ],
          [
            11.826242,
            46.549521
          ],
          [
            11.826265,
            46.549563
          ],
          [
            11.826318,
            46.549602
          ],
          [
            11.82676,
            46.549833
          ],
          [
            11.826966,
            46.549911
          ],
          [
            11.828038,
            46.550272
          ],
          [
            11.828558,
            46.550424
          ],
          [
            11.828584,
            46.55046
          ],
          [
            11.828581,
            46.550495
          ],
          [
            11.82856,
            46.550521
          ],
          [
            11.8285,
            46.550542
          ],
          [
            11.828429,
            46.55055
          ],
          [
            11.828316,
            46.550529
          ],
          [
            11.82655,
            46.550155
          ],
          [
            11.824848,
            46.549768
          ],
          [
            11.824688,
            46.549718
          ],
          [
            11.824587,
            46.54965
          ],
          [
            11.824537,
            46.549561
          ],
          [
            11.824526,
            46.549496
          ],
          [
            11.824574,
            46.549111
          ],
          [
            11.824543,
            46.548969
          ],
          [
            11.824471,
            46.548879
          ],
          [
            11.824193,
            46.548713
          ],
          [
            11.824094,
            46.548603
          ],
          [
            11.82402,
            46.548451
          ],
          [
            11.823975,
            46.548222
          ],
          [
            11.823872,
            46.548187
          ],
          [
            11.823812,
            46.548186
          ],
          [
            11.823755,
            46.548215
          ],
          [
            11.823643,
            46.548358
          ],
          [
            11.823546,
            46.548527
          ],
          [
            11.823501,
            46.548645
          ],
          [
            11.823528,
            46.54877
          ],
          [
            11.823589,
            46.548893
          ],
          [
            11.823672,
            46.548997
          ],
          [
            11.82387,
            46.54917
          ],
          [
            11.823895,
            46.549219
          ],
          [
            11.823882,
            46.549288
          ],
          [
            11.823799,
            46.549304
          ],
          [
            11.823626,
            46.54924
          ],
          [
            11.823248,
            46.549041
          ],
          [
            11.823119,
            46.548933
          ],
          [
            11.823087,
            46.548885
          ],
          [
            11.82306,
            46.548795
          ],
          [
            11.823086,
            46.54857
          ],
          [
            11.82307,
            46.548472
          ],
          [
            11.822998,
            46.54838
          ],
          [
            11.822779,
            46.548238
          ],
          [
            11.822742,
            46.54819
          ],
          [
            11.822748,
            46.548093
          ],
          [
            11.822904,
            46.547839
          ],
          [
            11.82292,
            46.547762
          ],
          [
            11.822901,
            46.547729
          ],
          [
            11.822851,
            46.54771
          ],
          [
            11.822758,
            46.547728
          ],
          [
            11.822255,
            46.54808
          ],
          [
            11.822211,
            46.548175
          ],
          [
            11.822227,
            46.548311
          ],
          [
            11.82232,
            46.548683
          ],
          [
            11.822315,
            46.548833
          ],
          [
            11.822293,
            46.548873
          ],
          [
            11.822227,
            46.548905
          ],
          [
            11.822133,
            46.548905
          ],
          [
            11.822044,
            46.548864
          ],
          [
            11.821779,
            46.548621
          ],
          [
            11.821719,
            46.54852
          ],
          [
            11.821625,
            46.548114
          ],
          [
            11.821548,
            46.54762
          ],
          [
            11.821519,
            46.547585
          ],
          [
            11.82141,
            46.547543
          ],
          [
            11.821293,
            46.547557
          ],
          [
            11.821214,
            46.547602
          ],
          [
            11.821151,
            46.54778
          ],
          [
            11.821088,
            46.547892
          ],
          [
            11.820844,
            46.548192
          ],
          [
            11.820746,
            46.548357
          ],
          [
            11.820758,
            46.548502
          ],
          [
            11.820904,
            46.548695
          ],
          [
            11.821055,
            46.548947
          ],
          [
            11.821068,
            46.549009
          ],
          [
            11.821055,
            46.549135
          ],
          [
            11.821001,
            46.549234
          ],
          [
            11.82096,
            46.549258
          ],
          [
            11.820825,
            46.549289
          ],
          [
            11.820737,
            46.549268
          ],
          [
            11.820589,
            46.549126
          ],
          [
            11.820518,
            46.549088
          ],
          [
            11.820423,
            46.549063
          ],
          [
            11.820226,
            46.549073
          ],
          [
            11.819925,
            46.549134
          ],
          [
            11.819764,
            46.549123
          ],
          [
            11.819383,
            46.548893
          ],
          [
            11.819185,
            46.54883
          ],
          [
            11.818967,
            46.548792
          ],
          [
            11.818638,
            46.548809
          ],
          [
            11.818082,
            46.548937
          ],
          [
            11.817996,
            46.548948
          ],
          [
            11.817843,
            46.548927
          ],
          [
            11.817544,
            46.548789
          ],
          [
            11.81741,
            46.54875
          ],
          [
            11.81729,
            46.548737
          ],
          [
            11.816798,
            46.548803
          ],
          [
            11.816559,
            46.548808
          ],
          [
            11.816293,
            46.548792
          ],
          [
            11.816163,
            46.548822
          ],
          [
            11.816132,
            46.548852
          ],
          [
            11.816128,
            46.548916
          ],
          [
            11.816154,
            46.548955
          ],
          [
            11.816217,
            46.548996
          ],
          [
            11.816577,
            46.549117
          ],
          [
            11.817001,
            46.549305
          ],
          [
            11.817486,
            46.54942
          ],
          [
            11.817544,
            46.549463
          ],
          [
            11.817552,
            46.549492
          ],
          [
            11.817526,
            46.549553
          ],
          [
            11.817464,
            46.549579
          ],
          [
            11.817415,
            46.54958
          ],
          [
            11.817051,
            46.54949
          ],
          [
            11.816701,
            46.549428
          ],
          [
            11.816286,
            46.549422
          ],
          [
            11.81605,
            46.549456
          ],
          [
            11.815574,
            46.549571
          ],
          [
            11.81504,
            46.549724
          ],
          [
            11.814933,
            46.549747
          ],
          [
            11.8147,
            46.549747
          ],
          [
            11.814506,
            46.549708
          ],
          [
            11.814344,
            46.549634
          ],
          [
            11.814178,
            46.549526
          ],
          [
            11.814117,
            46.549455
          ],
          [
            11.814059,
            46.549299
          ],
          [
            11.814059,
            46.549154
          ],
          [
            11.814028,
            46.549116
          ],
          [
            11.813975,
            46.549092
          ],
          [
            11.813916,
            46.549099
          ],
          [
            11.813865,
            46.549126
          ],
          [
            11.813752,
            46.549551
          ],
          [
            11.813519,
            46.549796
          ],
          [
            11.813494,
            46.549853
          ],
          [
            11.813479,
            46.549919
          ],
          [
            11.813533,
            46.550025
          ],
          [
            11.813679,
            46.550096
          ],
          [
            11.814088,
            46.550195
          ],
          [
            11.814335,
            46.550232
          ],
          [
            11.81466,
            46.550335
          ],
          [
            11.81502,
            46.55036
          ],
          [
            11.815083,
            46.550388
          ],
          [
            11.815334,
            46.550661
          ],
          [
            11.815396,
            46.550704
          ],
          [
            11.815534,
            46.550754
          ],
          [
            11.815776,
            46.550774
          ],
          [
            11.815849,
            46.550796
          ],
          [
            11.815893,
            46.550833
          ],
          [
            11.81592,
            46.550891
          ],
          [
            11.815899,
            46.550947
          ],
          [
            11.815861,
            46.550981
          ],
          [
            11.815656,
            46.551007
          ],
          [
            11.81553,
            46.550999
          ],
          [
            11.815441,
            46.550964
          ],
          [
            11.815192,
            46.550761
          ],
          [
            11.815113,
            46.550722
          ],
          [
            11.814995,
            46.550693
          ],
          [
            11.814677,
            46.550653
          ],
          [
            11.814556,
            46.55065
          ],
          [
            11.814419,
            46.550668
          ],
          [
            11.813859,
            46.550842
          ],
          [
            11.813768,
            46.550857
          ],
          [
            11.81368,
            46.550859
          ],
          [
            11.813382,
            46.550805
          ],
          [
            11.813217,
            46.55079
          ],
          [
            11.812819,
            46.550777
          ],
          [
            11.812615,
            46.550796
          ],
          [
            11.812505,
            46.550832
          ],
          [
            11.812343,
            46.550941
          ],
          [
            11.812315,
            46.55101
          ],
          [
            11.812318,
            46.551079
          ],
          [
            11.812377,
            46.551164
          ],
          [
            11.812619,
            46.551345
          ],
          [
            11.812696,
            46.5515
          ],
          [
            11.812689,
            46.551549
          ],
          [
            11.812636,
            46.551642
          ],
          [
            11.812567,
            46.551695
          ],
          [
            11.812462,
            46.551728
          ],
          [
            11.812003,
            46.551704
          ],
          [
            11.811656,
            46.551702
          ],
          [
            11.81114,
            46.551763
          ],
          [
            11.811003,
            46.551749
          ],
          [
            11.810899,
            46.551691
          ],
          [
            11.810766,
            46.551541
          ],
          [
            11.810725,
            46.551286
          ],
          [
            11.810669,
            46.55119
          ],
          [
            11.810131,
            46.550849
          ],
          [
            11.809805,
            46.550606
          ],
          [
            11.809464,
            46.550351
          ],
          [
            11.809318,
            46.550234
          ],
          [
            11.809265,
            46.550192
          ],
          [
            11.8092,
            46.550139
          ],
          [
            11.809049,
            46.550015
          ],
          [
            11.808961,
            46.549943
          ],
          [
            11.808831,
            46.549874
          ],
          [
            11.808605,
            46.549816
          ],
          [
            11.808471,
            46.549805
          ],
          [
            11.808389,
            46.549819
          ],
          [
            11.808116,
            46.549959
          ],
          [
            11.807765,
            46.550045
          ],
          [
            11.807571,
            46.55007
          ],
          [
            11.807438,
            46.550078
          ],
          [
            11.80718,
            46.550046
          ],
          [
            11.806916,
            46.549952
          ],
          [
            11.806853,
            46.549919
          ],
          [
            11.806667,
            46.549795
          ],
          [
            11.806509,
            46.54972
          ],
          [
            11.806282,
            46.549654
          ],
          [
            11.805957,
            46.549554
          ],
          [
            11.805768,
            46.549448
          ],
          [
            11.805539,
            46.549201
          ],
          [
            11.805478,
            46.549159
          ],
          [
            11.80528,
            46.549094
          ],
          [
            11.805232,
            46.549055
          ],
          [
            11.80524,
            46.54898
          ],
          [
            11.805325,
            46.548938
          ],
          [
            11.8056,
            46.548978
          ],
          [
            11.805733,
            46.548977
          ],
          [
            11.805796,
            46.548965
          ],
          [
            11.806515,
            46.548781
          ],
          [
            11.80664,
            46.548708
          ],
          [
            11.806691,
            46.548629
          ],
          [
            11.806703,
            46.548576
          ],
          [
            11.806659,
            46.548451
          ],
          [
            11.806597,
            46.548394
          ],
          [
            11.806261,
            46.548225
          ],
          [
            11.80595,
            46.547873
          ],
          [
            11.805883,
            46.547821
          ],
          [
            11.80577,
            46.547773
          ],
          [
            11.80566,
            46.547759
          ],
          [
            11.805254,
            46.547807
          ],
          [
            11.805058,
            46.547806
          ],
          [
            11.80496,
            46.547782
          ],
          [
            11.804885,
            46.547745
          ],
          [
            11.80483,
            46.547694
          ],
          [
            11.804799,
            46.547633
          ],
          [
            11.804792,
            46.547568
          ],
          [
            11.804815,
            46.547497
          ],
          [
            11.804871,
            46.547437
          ],
          [
            11.805009,
            46.547366
          ],
          [
            11.805382,
            46.54727
          ],
          [
            11.805509,
            46.547265
          ],
          [
            11.805624,
            46.547276
          ],
          [
            11.806029,
            46.547362
          ],
          [
            11.806095,
            46.547361
          ],
          [
            11.806186,
            46.547317
          ],
          [
            11.80619,
            46.547243
          ],
          [
            11.806155,
            46.547208
          ],
          [
            11.8061,
            46.547187
          ],
          [
            11.805821,
            46.547197
          ],
          [
            11.805722,
            46.547176
          ],
          [
            11.805374,
            46.54705
          ],
          [
            11.805251,
            46.547032
          ],
          [
            11.804721,
            46.547031
          ],
          [
            11.80459,
            46.547057
          ],
          [
            11.804498,
            46.547097
          ],
          [
            11.804425,
            46.547154
          ],
          [
            11.804176,
            46.547522
          ],
          [
            11.80363,
            46.547792
          ],
          [
            11.803488,
            46.547897
          ],
          [
            11.803403,
            46.547914
          ],
          [
            11.803315,
            46.54788
          ],
          [
            11.803296,
            46.547805
          ],
          [
            11.803339,
            46.54776
          ],
          [
            11.803575,
            46.547673
          ],
          [
            11.803708,
            46.547536
          ],
          [
            11.803851,
            46.547291
          ],
          [
            11.803888,
            46.546989
          ],
          [
            11.803928,
            46.546801
          ],
          [
            11.804136,
            46.54638
          ],
          [
            11.8042,
            46.546303
          ],
          [
            11.804321,
            46.546224
          ],
          [
            11.804412,
            46.546189
          ],
          [
            11.805001,
            46.546059
          ],
          [
            11.805251,
            46.546044
          ],
          [
            11.805705,
            46.54608
          ],
          [
            11.805895,
            46.546046
          ],
          [
            11.805971,
            46.546007
          ],
          [
            11.806352,
            46.545709
          ],
          [
            11.806673,
            46.545549
          ],
          [
            11.806785,
            46.54546
          ],
          [
            11.806829,
            46.545357
          ],
          [
            11.806823,
            46.545263
          ],
          [
            11.806661,
            46.544968
          ],
          [
            11.806531,
            46.544821
          ],
          [
            11.805993,
            46.54443
          ],
          [
            11.804474,
            46.543553
          ],
          [
            11.804317,
            46.543421
          ],
          [
            11.80422,
            46.543264
          ],
          [
            11.804189,
            46.543095
          ],
          [
            11.80422,
            46.542944
          ],
          [
            11.804351,
            46.54268
          ],
          [
            11.804367,
            46.542598
          ],
          [
            11.804349,
            46.542435
          ],
          [
            11.80427,
            46.542301
          ],
          [
            11.804193,
            46.542228
          ],
          [
            11.803941,
            46.542048
          ],
          [
            11.803768,
            46.541944
          ],
          [
            11.803401,
            46.541814
          ],
          [
            11.803212,
            46.541716
          ],
          [
            11.803057,
            46.541581
          ],
          [
            11.802724,
            46.541241
          ],
          [
            11.802566,
            46.541155
          ],
          [
            11.802373,
            46.54111
          ],
          [
            11.801661,
            46.541019
          ],
          [
            11.800795,
            46.540798
          ],
          [
            11.800613,
            46.540735
          ],
          [
            11.800323,
            46.540599
          ],
          [
            11.80019,
            46.540522
          ],
          [
            11.799993,
            46.540375
          ],
          [
            11.799701,
            46.540174
          ],
          [
            11.799418,
            46.540011
          ],
          [
            11.799134,
            46.539887
          ],
          [
            11.798931,
            46.539823
          ],
          [
            11.798743,
            46.539773
          ],
          [
            11.79832,
            46.539703
          ],
          [
            11.797658,
            46.539671
          ],
          [
            11.797399,
            46.539642
          ],
          [
            11.797036,
            46.539531
          ],
          [
            11.796579,
            46.539368
          ],
          [
            11.796315,
            46.53931
          ],
          [
            11.796191,
            46.539308
          ],
          [
            11.795526,
            46.539428
          ],
          [
            11.795251,
            46.53943
          ],
          [
            11.794969,
            46.539384
          ],
          [
            11.793456,
            46.539015
          ],
          [
            11.793172,
            46.538928
          ],
          [
            11.791667,
            46.538281
          ],
          [
            11.791368,
            46.538174
          ],
          [
            11.791164,
            46.538124
          ],
          [
            11.789514,
            46.537835
          ],
          [
            11.789258,
            46.537746
          ],
          [
            11.788544,
            46.537405
          ],
          [
            11.787251,
            46.536962
          ],
          [
            11.78705,
            46.536932
          ],
          [
            11.786817,
            46.536953
          ],
          [
            11.786533,
            46.53701
          ],
          [
            11.785567,
            46.537269
          ],
          [
            11.785076,
            46.537508
          ],
          [
            11.784684,
            46.537585
          ],
          [
            11.784582,
            46.537626
          ],
          [
            11.784494,
            46.537688
          ],
          [
            11.784281,
            46.537928
          ],
          [
            11.78376,
            46.53833
          ],
          [
            11.783584,
            46.538442
          ],
          [
            11.783491,
            46.538468
          ],
          [
            11.783397,
            46.538468
          ],
          [
            11.783323,
            46.538445
          ],
          [
            11.783239,
            46.538373
          ],
          [
            11.783223,
            46.538295
          ],
          [
            11.78342,
            46.537782
          ],
          [
            11.783484,
            46.537552
          ],
          [
            11.783482,
            46.537302
          ],
          [
            11.783265,
            46.5369
          ],
          [
            11.782398,
            46.535469
          ],
          [
            11.782377,
            46.535372
          ],
          [
            11.782407,
            46.535186
          ],
          [
            11.782508,
            46.535031
          ],
          [
            11.782759,
            46.534839
          ],
          [
            11.782772,
            46.534813
          ],
          [
            11.78275,
            46.534748
          ],
          [
            11.782642,
            46.534723
          ],
          [
            11.782542,
            46.534754
          ],
          [
            11.782374,
            46.534929
          ],
          [
            11.782264,
            46.535
          ],
          [
            11.782142,
            46.535057
          ],
          [
            11.781609,
            46.535242
          ],
          [
            11.781428,
            46.535345
          ],
          [
            11.781225,
            46.535514
          ],
          [
            11.78102,
            46.535636
          ],
          [
            11.77942,
            46.536195
          ],
          [
            11.778986,
            46.536346
          ],
          [
            11.778217,
            46.536609
          ],
          [
            11.778118,
            46.536654
          ],
          [
            11.777967,
            46.536769
          ],
          [
            11.777891,
            46.536902
          ],
          [
            11.777845,
            46.537293
          ],
          [
            11.777758,
            46.537542
          ],
          [
            11.777636,
            46.537653
          ],
          [
            11.777518,
            46.5377
          ],
          [
            11.777364,
            46.537723
          ],
          [
            11.777,
            46.537729
          ],
          [
            11.776755,
            46.537824
          ],
          [
            11.77657,
            46.537872
          ],
          [
            11.776366,
            46.537864
          ],
          [
            11.775816,
            46.537755
          ],
          [
            11.775679,
            46.537745
          ],
          [
            11.775513,
            46.537753
          ],
          [
            11.775181,
            46.537869
          ],
          [
            11.775142,
            46.537869
          ],
          [
            11.775084,
            46.537845
          ],
          [
            11.775069,
            46.537791
          ],
          [
            11.7751,
            46.537738
          ],
          [
            11.775189,
            46.537693
          ],
          [
            11.77563,
            46.5376
          ],
          [
            11.77596,
            46.537425
          ],
          [
            11.77607,
            46.537384
          ],
          [
            11.776474,
            46.537347
          ],
          [
            11.77657,
            46.537318
          ],
          [
            11.776677,
            46.537261
          ],
          [
            11.776743,
            46.537199
          ],
          [
            11.77693,
            46.53691
          ],
          [
            11.776953,
            46.536818
          ],
          [
            11.776945,
            46.536748
          ],
          [
            11.77687,
            46.536615
          ],
          [
            11.776547,
            46.536384
          ],
          [
            11.776482,
            46.536296
          ],
          [
            11.776456,
            46.536155
          ],
          [
            11.776489,
            46.536058
          ],
          [
            11.776801,
            46.53551
          ],
          [
            11.776837,
            46.535338
          ],
          [
            11.776925,
            46.535165
          ],
          [
            11.776992,
            46.535088
          ],
          [
            11.777474,
            46.534693
          ],
          [
            11.777527,
            46.53461
          ],
          [
            11.777539,
            46.534542
          ],
          [
            11.777531,
            46.534476
          ],
          [
            11.777469,
            46.53435
          ],
          [
            11.777206,
            46.534149
          ],
          [
            11.777115,
            46.534026
          ],
          [
            11.777085,
            46.533944
          ],
          [
            11.777109,
            46.533806
          ],
          [
            11.777267,
            46.533629
          ],
          [
            11.777733,
            46.533234
          ],
          [
            11.778404,
            46.532629
          ],
          [
            11.778545,
            46.532544
          ],
          [
            11.778696,
            46.532501
          ],
          [
            11.779109,
            46.532461
          ],
          [
            11.779204,
            46.532414
          ],
          [
            11.779285,
            46.532265
          ],
          [
            11.778981,
            46.532313
          ],
          [
            11.778855,
            46.532354
          ],
          [
            11.778697,
            46.53237
          ],
          [
            11.77856,
            46.532347
          ],
          [
            11.77826,
            46.532234
          ],
          [
            11.778114,
            46.532211
          ],
          [
            11.778031,
            46.532214
          ],
          [
            11.777925,
            46.532232
          ],
          [
            11.777715,
            46.53231
          ],
          [
            11.777047,
            46.532632
          ],
          [
            11.776922,
            46.532673
          ],
          [
            11.776643,
            46.53272
          ],
          [
            11.776164,
            46.532756
          ],
          [
            11.775986,
            46.532812
          ],
          [
            11.775408,
            46.533127
          ],
          [
            11.775217,
            46.533259
          ],
          [
            11.775161,
            46.533396
          ],
          [
            11.775166,
            46.53347
          ],
          [
            11.775281,
            46.533792
          ],
          [
            11.77528,
            46.533925
          ],
          [
            11.775258,
            46.533994
          ],
          [
            11.775231,
            46.534068
          ],
          [
            11.775124,
            46.534192
          ],
          [
            11.775043,
            46.534245
          ],
          [
            11.774942,
            46.534283
          ],
          [
            11.774865,
            46.534295
          ],
          [
            11.774792,
            46.534282
          ],
          [
            11.774727,
            46.534235
          ],
          [
            11.774723,
            46.534194
          ],
          [
            11.774793,
            46.534114
          ],
          [
            11.774918,
            46.534048
          ],
          [
            11.774978,
            46.53399
          ],
          [
            11.775031,
            46.533908
          ],
          [
            11.775043,
            46.533851
          ],
          [
            11.775015,
            46.533775
          ],
          [
            11.774968,
            46.53372
          ],
          [
            11.77464,
            46.533454
          ],
          [
            11.774592,
            46.533398
          ],
          [
            11.774566,
            46.533304
          ],
          [
            11.774582,
            46.533249
          ],
          [
            11.774627,
            46.533195
          ],
          [
            11.775139,
            46.532798
          ],
          [
            11.775204,
            46.532663
          ],
          [
            11.775228,
            46.532489
          ],
          [
            11.775179,
            46.532453
          ],
          [
            11.775112,
            46.532431
          ],
          [
            11.775046,
            46.532434
          ],
          [
            11.774996,
            46.532469
          ],
          [
            11.774943,
            46.532723
          ],
          [
            11.774894,
            46.532788
          ],
          [
            11.774706,
            46.532906
          ],
          [
            11.774586,
            46.532939
          ],
          [
            11.774454,
            46.532955
          ],
          [
            11.774,
            46.532987
          ],
          [
            11.77384,
            46.533008
          ],
          [
            11.773697,
            46.533048
          ],
          [
            11.773462,
            46.533151
          ],
          [
            11.773362,
            46.533224
          ],
          [
            11.773276,
            46.533314
          ],
          [
            11.773107,
            46.533531
          ],
          [
            11.772947,
            46.533749
          ],
          [
            11.772753,
            46.534257
          ],
          [
            11.772717,
            46.534313
          ],
          [
            11.772601,
            46.534411
          ],
          [
            11.77243,
            46.534542
          ],
          [
            11.77199,
            46.534886
          ],
          [
            11.771939,
            46.534946
          ],
          [
            11.771849,
            46.535119
          ],
          [
            11.77175,
            46.53533
          ],
          [
            11.771523,
            46.535667
          ],
          [
            11.771477,
            46.535768
          ],
          [
            11.771479,
            46.535881
          ],
          [
            11.771674,
            46.536402
          ],
          [
            11.771718,
            46.536586
          ],
          [
            11.771638,
            46.537156
          ],
          [
            11.771566,
            46.537416
          ],
          [
            11.771455,
            46.53784
          ],
          [
            11.771464,
            46.537955
          ],
          [
            11.771611,
            46.538479
          ],
          [
            11.771652,
            46.538567
          ],
          [
            11.77172,
            46.538657
          ],
          [
            11.772013,
            46.538941
          ],
          [
            11.772045,
            46.539008
          ],
          [
            11.772049,
            46.539283
          ],
          [
            11.772099,
            46.53944
          ],
          [
            11.772294,
            46.539788
          ],
          [
            11.772327,
            46.5399
          ],
          [
            11.772322,
            46.540022
          ],
          [
            11.772222,
            46.540351
          ],
          [
            11.772213,
            46.540461
          ],
          [
            11.772274,
            46.540636
          ],
          [
            11.77247,
            46.540944
          ],
          [
            11.772478,
            46.541027
          ],
          [
            11.772451,
            46.541093
          ],
          [
            11.77241,
            46.541147
          ],
          [
            11.772149,
            46.541372
          ],
          [
            11.772066,
            46.541508
          ],
          [
            11.772061,
            46.541622
          ],
          [
            11.772162,
            46.542
          ],
          [
            11.772274,
            46.542287
          ],
          [
            11.772336,
            46.542627
          ],
          [
            11.772467,
            46.542826
          ],
          [
            11.77274,
            46.543334
          ],
          [
            11.772863,
            46.543456
          ],
          [
            11.773149,
            46.543629
          ],
          [
            11.773715,
            46.544084
          ],
          [
            11.773821,
            46.544198
          ],
          [
            11.773923,
            46.544362
          ],
          [
            11.774053,
            46.544475
          ],
          [
            11.774291,
            46.544564
          ],
          [
            11.774984,
            46.544741
          ],
          [
            11.775371,
            46.544875
          ],
          [
            11.775797,
            46.545057
          ],
          [
            11.775975,
            46.545109
          ],
          [
            11.776104,
            46.54514
          ],
          [
            11.77635,
            46.545168
          ],
          [
            11.776719,
            46.545148
          ],
          [
            11.776799,
            46.545196
          ],
          [
            11.776811,
            46.545233
          ],
          [
            11.776805,
            46.545271
          ],
          [
            11.776747,
            46.545319
          ],
          [
            11.776697,
            46.54533
          ],
          [
            11.776461,
            46.545327
          ],
          [
            11.776327,
            46.545345
          ],
          [
            11.775991,
            46.545468
          ],
          [
            11.775847,
            46.545501
          ],
          [
            11.775778,
            46.545502
          ],
          [
            11.775453,
            46.545448
          ],
          [
            11.774701,
            46.545244
          ],
          [
            11.774466,
            46.545202
          ],
          [
            11.774249,
            46.545215
          ],
          [
            11.773746,
            46.545286
          ],
          [
            11.773624,
            46.545289
          ],
          [
            11.773437,
            46.545271
          ],
          [
            11.773298,
            46.545221
          ],
          [
            11.773226,
            46.545173
          ],
          [
            11.773134,
            46.545066
          ],
          [
            11.773056,
            46.544926
          ],
          [
            11.772962,
            46.544842
          ],
          [
            11.772772,
            46.544784
          ],
          [
            11.772359,
            46.544771
          ],
          [
            11.772219,
            46.544748
          ],
          [
            11.772007,
            46.544676
          ],
          [
            11.771858,
            46.544556
          ],
          [
            11.77169,
            46.544269
          ],
          [
            11.771568,
            46.544149
          ],
          [
            11.770442,
            46.543391
          ],
          [
            11.770343,
            46.543371
          ],
          [
            11.770265,
            46.543387
          ],
          [
            11.770235,
            46.543408
          ],
          [
            11.770208,
            46.543443
          ],
          [
            11.770239,
            46.543525
          ],
          [
            11.770484,
            46.543622
          ],
          [
            11.77061,
            46.543705
          ],
          [
            11.770901,
            46.543987
          ],
          [
            11.771026,
            46.544205
          ],
          [
            11.771174,
            46.544503
          ],
          [
            11.771247,
            46.544776
          ],
          [
            11.771292,
            46.544874
          ],
          [
            11.771436,
            46.545072
          ],
          [
            11.771467,
            46.545148
          ],
          [
            11.771468,
            46.545315
          ],
          [
            11.771436,
            46.545475
          ],
          [
            11.771383,
            46.545536
          ],
          [
            11.771223,
            46.54562
          ],
          [
            11.771004,
            46.545701
          ],
          [
            11.77074,
            46.545794
          ],
          [
            11.770383,
            46.545897
          ],
          [
            11.769617,
            46.546053
          ],
          [
            11.769239,
            46.54614
          ],
          [
            11.76904,
            46.546203
          ],
          [
            11.768541,
            46.546479
          ],
          [
            11.768311,
            46.546625
          ],
          [
            11.768226,
            46.546702
          ],
          [
            11.767731,
            46.547454
          ],
          [
            11.767074,
            46.548463
          ],
          [
            11.766448,
            46.549421
          ],
          [
            11.766233,
            46.549738
          ],
          [
            11.765963,
            46.550117
          ],
          [
            11.765762,
            46.550263
          ],
          [
            11.765524,
            46.550361
          ],
          [
            11.765027,
            46.550516
          ],
          [
            11.764591,
            46.550653
          ],
          [
            11.764348,
            46.550741
          ],
          [
            11.764259,
            46.550802
          ],
          [
            11.763662,
            46.551376
          ],
          [
            11.763549,
            46.551509
          ],
          [
            11.763502,
            46.551659
          ],
          [
            11.763497,
            46.551765
          ],
          [
            11.763472,
            46.552229
          ],
          [
            11.763462,
            46.552466
          ],
          [
            11.763436,
            46.552911
          ],
          [
            11.763416,
            46.552976
          ],
          [
            11.763338,
            46.553066
          ],
          [
            11.763211,
            46.553136
          ],
          [
            11.761731,
            46.553466
          ],
          [
            11.761576,
            46.553503
          ],
          [
            11.761539,
            46.553512
          ],
          [
            11.761492,
            46.553523
          ],
          [
            11.761085,
            46.553615
          ],
          [
            11.760999,
            46.553634
          ],
          [
            11.76075,
            46.55369
          ],
          [
            11.760143,
            46.55382
          ],
          [
            11.759955,
            46.55386
          ]
        ]
      }
    }
  ]
}
