{
  "type": "FeatureCollection",
  "properties": {
    "dayNumber": 3,
    "title": "Vienna to Budapest"
  },
  "features": [
    {
      "type": "Feature",
      "properties": {
        "mode": "drive",
        "fromStopIndex": 0,
        "toStopIndex": 2,
        "fromName": "Vienna",
        "toName": "Budapest",
        "waypointNames": [
          "Vienna",
          "Slovakia Bethel",
          "Budapest"
        ],
        "distanceMeters": 298161.6,
        "durationSeconds": 12629.7
      },
      "geometry": {
        "type": "LineString",
        "coordinates": [
          [
            16.374831,
            48.208407
          ],
          [
            16.375104,
            48.208691
          ],
          [
            16.3752,
            48.208789
          ],
          [
            16.375274,
            48.20876
          ],
          [
            16.375795,
            48.208569
          ],
          [
            16.376252,
            48.208403
          ],
          [
            16.377369,
            48.208056
          ],
          [
            16.377449,
            48.208029
          ],
          [
            16.377578,
            48.207992
          ],
          [
            16.378239,
            48.2078
          ],
          [
            16.378412,
            48.20775
          ],
          [
            16.378753,
            48.207654
          ],
          [
            16.379045,
            48.207568
          ],
          [
            16.379095,
            48.207554
          ],
          [
            16.379225,
            48.207514
          ],
          [
            16.379962,
            48.207284
          ],
          [
            16.380056,
            48.207258
          ],
          [
            16.380206,
            48.207218
          ],
          [
            16.380469,
            48.207165
          ],
          [
            16.381052,
            48.20703
          ],
          [
            16.3815,
            48.206952
          ],
          [
            16.381712,
            48.206892
          ],
          [
            16.382291,
            48.206727
          ],
          [
            16.382636,
            48.206633
          ],
          [
            16.382746,
            48.206603
          ],
          [
            16.382407,
            48.206111
          ],
          [
            16.382371,
            48.205982
          ],
          [
            16.382376,
            48.205833
          ],
          [
            16.382435,
            48.205681
          ],
          [
            16.382485,
            48.205607
          ],
          [
            16.38262,
            48.205467
          ],
          [
            16.382926,
            48.205212
          ],
          [
            16.383012,
            48.205101
          ],
          [
            16.383084,
            48.204909
          ],
          [
            16.383091,
            48.204755
          ],
          [
            16.383061,
            48.204501
          ],
          [
            16.383233,
            48.20447
          ],
          [
            16.383436,
            48.204443
          ],
          [
            16.383685,
            48.204425
          ],
          [
            16.38415,
            48.204356
          ],
          [
            16.384276,
            48.204361
          ],
          [
            16.384486,
            48.204404
          ],
          [
            16.384586,
            48.20441
          ],
          [
            16.384612,
            48.204376
          ],
          [
            16.384886,
            48.204181
          ],
          [
            16.385462,
            48.203812
          ],
          [
            16.385607,
            48.203742
          ],
          [
            16.386113,
            48.203589
          ],
          [
            16.386435,
            48.203494
          ],
          [
            16.386638,
            48.203392
          ],
          [
            16.386864,
            48.203185
          ],
          [
            16.387001,
            48.203002
          ],
          [
            16.387156,
            48.202689
          ],
          [
            16.387227,
            48.202474
          ],
          [
            16.38729,
            48.202174
          ],
          [
            16.387351,
            48.201652
          ],
          [
            16.387383,
            48.201309
          ],
          [
            16.387387,
            48.201265
          ],
          [
            16.387416,
            48.200914
          ],
          [
            16.387801,
            48.20099
          ],
          [
            16.389128,
            48.201254
          ],
          [
            16.390553,
            48.20155
          ],
          [
            16.390905,
            48.201623
          ],
          [
            16.391593,
            48.201757
          ],
          [
            16.391749,
            48.201784
          ],
          [
            16.392073,
            48.202033
          ],
          [
            16.392242,
            48.202186
          ],
          [
            16.392458,
            48.202356
          ],
          [
            16.392858,
            48.202672
          ],
          [
            16.394924,
            48.202414
          ],
          [
            16.395271,
            48.202317
          ],
          [
            16.395544,
            48.202199
          ],
          [
            16.396144,
            48.201846
          ],
          [
            16.396198,
            48.201813
          ],
          [
            16.396955,
            48.202493
          ],
          [
            16.397468,
            48.202975
          ],
          [
            16.397828,
            48.203286
          ],
          [
            16.398431,
            48.202896
          ],
          [
            16.398982,
            48.202629
          ],
          [
            16.399277,
            48.202504
          ],
          [
            16.399735,
            48.202354
          ],
          [
            16.403193,
            48.201681
          ],
          [
            16.405078,
            48.201266
          ],
          [
            16.405561,
            48.201107
          ],
          [
            16.406042,
            48.20089
          ],
          [
            16.406155,
            48.200834
          ],
          [
            16.406785,
            48.200405
          ],
          [
            16.40699,
            48.200213
          ],
          [
            16.407121,
            48.200061
          ],
          [
            16.407252,
            48.199911
          ],
          [
            16.407346,
            48.199782
          ],
          [
            16.407383,
            48.199732
          ],
          [
            16.40766,
            48.199345
          ],
          [
            16.407837,
            48.199166
          ],
          [
            16.408365,
            48.198523
          ],
          [
            16.408513,
            48.198338
          ],
          [
            16.408909,
            48.197874
          ],
          [
            16.409421,
            48.19732
          ],
          [
            16.409941,
            48.196752
          ],
          [
            16.410557,
            48.196181
          ],
          [
            16.411378,
            48.195548
          ],
          [
            16.41168,
            48.19528
          ],
          [
            16.411844,
            48.195146
          ],
          [
            16.412098,
            48.194961
          ],
          [
            16.412845,
            48.194492
          ],
          [
            16.413033,
            48.194379
          ],
          [
            16.413316,
            48.194208
          ],
          [
            16.413701,
            48.193978
          ],
          [
            16.414601,
            48.193439
          ],
          [
            16.415131,
            48.193146
          ],
          [
            16.415932,
            48.19267
          ],
          [
            16.418148,
            48.191353
          ],
          [
            16.418765,
            48.190983
          ],
          [
            16.419121,
            48.190773
          ],
          [
            16.419718,
            48.190423
          ],
          [
            16.421749,
            48.189241
          ],
          [
            16.422936,
            48.188641
          ],
          [
            16.423524,
            48.188383
          ],
          [
            16.424422,
            48.188011
          ],
          [
            16.425344,
            48.187671
          ],
          [
            16.426568,
            48.187282
          ],
          [
            16.427483,
            48.186986
          ],
          [
            16.433295,
            48.185292
          ],
          [
            16.433347,
            48.185277
          ],
          [
            16.442335,
            48.182683
          ],
          [
            16.444087,
            48.182177
          ],
          [
            16.445512,
            48.18177
          ],
          [
            16.448338,
            48.180951
          ],
          [
            16.448926,
            48.18078
          ],
          [
            16.449741,
            48.180513
          ],
          [
            16.450342,
            48.180281
          ],
          [
            16.450857,
            48.180045
          ],
          [
            16.451356,
            48.179767
          ],
          [
            16.451762,
            48.17949
          ],
          [
            16.452123,
            48.179206
          ],
          [
            16.452475,
            48.17887
          ],
          [
            16.452792,
            48.178494
          ],
          [
            16.453039,
            48.178111
          ],
          [
            16.453132,
            48.177966
          ],
          [
            16.453403,
            48.177495
          ],
          [
            16.453632,
            48.177082
          ],
          [
            16.453747,
            48.176846
          ],
          [
            16.453852,
            48.176709
          ],
          [
            16.45404,
            48.176299
          ],
          [
            16.454436,
            48.175309
          ],
          [
            16.454668,
            48.174587
          ],
          [
            16.454817,
            48.174017
          ],
          [
            16.454819,
            48.173905
          ],
          [
            16.455124,
            48.172527
          ],
          [
            16.455263,
            48.172048
          ],
          [
            16.45544,
            48.17158
          ],
          [
            16.45557,
            48.171243
          ],
          [
            16.455762,
            48.170914
          ],
          [
            16.456217,
            48.170246
          ],
          [
            16.456471,
            48.169916
          ],
          [
            16.45688,
            48.169471
          ],
          [
            16.457386,
            48.169
          ],
          [
            16.457698,
            48.168759
          ],
          [
            16.458346,
            48.168294
          ],
          [
            16.458665,
            48.168092
          ],
          [
            16.459183,
            48.167799
          ],
          [
            16.459805,
            48.167497
          ],
          [
            16.460507,
            48.167202
          ],
          [
            16.461141,
            48.166978
          ],
          [
            16.461855,
            48.166762
          ],
          [
            16.462644,
            48.166561
          ],
          [
            16.471024,
            48.16474
          ],
          [
            16.471978,
            48.1645
          ],
          [
            16.472595,
            48.164323
          ],
          [
            16.473211,
            48.16411
          ],
          [
            16.473811,
            48.163854
          ],
          [
            16.474352,
            48.16358
          ],
          [
            16.474848,
            48.163278
          ],
          [
            16.475312,
            48.162949
          ],
          [
            16.475732,
            48.162595
          ],
          [
            16.476125,
            48.162193
          ],
          [
            16.476445,
            48.161787
          ],
          [
            16.476619,
            48.161521
          ],
          [
            16.476884,
            48.161048
          ],
          [
            16.477079,
            48.16056
          ],
          [
            16.478219,
            48.156711
          ],
          [
            16.478334,
            48.156356
          ],
          [
            16.478504,
            48.155907
          ],
          [
            16.478694,
            48.15552
          ],
          [
            16.478938,
            48.15512
          ],
          [
            16.479085,
            48.154923
          ],
          [
            16.479332,
            48.154618
          ],
          [
            16.4796,
            48.154331
          ],
          [
            16.479898,
            48.154049
          ],
          [
            16.480249,
            48.153765
          ],
          [
            16.480824,
            48.153368
          ],
          [
            16.481395,
            48.153043
          ],
          [
            16.481794,
            48.152845
          ],
          [
            16.48249,
            48.152562
          ],
          [
            16.483231,
            48.152322
          ],
          [
            16.483973,
            48.152129
          ],
          [
            16.484341,
            48.152043
          ],
          [
            16.484565,
            48.151985
          ],
          [
            16.487044,
            48.151357
          ],
          [
            16.489061,
            48.150795
          ],
          [
            16.48979,
            48.150579
          ],
          [
            16.491626,
            48.14999
          ],
          [
            16.492774,
            48.149594
          ],
          [
            16.493019,
            48.149503
          ],
          [
            16.49316,
            48.149444
          ],
          [
            16.494861,
            48.148906
          ],
          [
            16.496359,
            48.14843
          ],
          [
            16.499407,
            48.147484
          ],
          [
            16.502165,
            48.146667
          ],
          [
            16.50616,
            48.145606
          ],
          [
            16.510753,
            48.144492
          ],
          [
            16.512126,
            48.144159
          ],
          [
            16.513313,
            48.143844
          ],
          [
            16.514711,
            48.143423
          ],
          [
            16.516072,
            48.142962
          ],
          [
            16.517093,
            48.142583
          ],
          [
            16.518542,
            48.141993
          ],
          [
            16.520154,
            48.141245
          ],
          [
            16.521703,
            48.140455
          ],
          [
            16.523102,
            48.139648
          ],
          [
            16.524398,
            48.138795
          ],
          [
            16.526625,
            48.137247
          ],
          [
            16.527874,
            48.136448
          ],
          [
            16.528484,
            48.136086
          ],
          [
            16.529451,
            48.135553
          ],
          [
            16.530404,
            48.135082
          ],
          [
            16.531602,
            48.134542
          ],
          [
            16.532992,
            48.133983
          ],
          [
            16.536138,
            48.132881
          ],
          [
            16.537609,
            48.13242
          ],
          [
            16.539493,
            48.131869
          ],
          [
            16.540587,
            48.13157
          ],
          [
            16.541794,
            48.131268
          ],
          [
            16.542874,
            48.131018
          ],
          [
            16.544045,
            48.130752
          ],
          [
            16.544542,
            48.130646
          ],
          [
            16.545883,
            48.130375
          ],
          [
            16.547254,
            48.130122
          ],
          [
            16.548233,
            48.129957
          ],
          [
            16.550393,
            48.12963
          ],
          [
            16.551539,
            48.129475
          ],
          [
            16.552764,
            48.129336
          ],
          [
            16.55488,
            48.129122
          ],
          [
            16.556897,
            48.128961
          ],
          [
            16.560165,
            48.128817
          ],
          [
            16.560895,
            48.128791
          ],
          [
            16.562395,
            48.128728
          ],
          [
            16.562774,
            48.128708
          ],
          [
            16.574776,
            48.128222
          ],
          [
            16.577457,
            48.128067
          ],
          [
            16.579607,
            48.127904
          ],
          [
            16.581783,
            48.127705
          ],
          [
            16.583689,
            48.127503
          ],
          [
            16.585368,
            48.127295
          ],
          [
            16.587275,
            48.127043
          ],
          [
            16.588685,
            48.126831
          ],
          [
            16.591289,
            48.126414
          ],
          [
            16.59226,
            48.126244
          ],
          [
            16.596973,
            48.125368
          ],
          [
            16.602034,
            48.124401
          ],
          [
            16.604361,
            48.123939
          ],
          [
            16.604984,
            48.123819
          ],
          [
            16.609947,
            48.122822
          ],
          [
            16.614402,
            48.121875
          ],
          [
            16.615721,
            48.12158
          ],
          [
            16.617303,
            48.121181
          ],
          [
            16.618646,
            48.120808
          ],
          [
            16.620066,
            48.120371
          ],
          [
            16.621278,
            48.119965
          ],
          [
            16.621762,
            48.119791
          ],
          [
            16.623626,
            48.119062
          ],
          [
            16.625185,
            48.118384
          ],
          [
            16.626136,
            48.117954
          ],
          [
            16.626791,
            48.117628
          ],
          [
            16.627933,
            48.117029
          ],
          [
            16.628403,
            48.116767
          ],
          [
            16.629448,
            48.116159
          ],
          [
            16.63011,
            48.115743
          ],
          [
            16.631911,
            48.11455
          ],
          [
            16.633238,
            48.113628
          ],
          [
            16.634136,
            48.112997
          ],
          [
            16.635075,
            48.11235
          ],
          [
            16.636003,
            48.11166
          ],
          [
            16.637111,
            48.110796
          ],
          [
            16.639388,
            48.10892
          ],
          [
            16.639908,
            48.108446
          ],
          [
            16.644873,
            48.104156
          ],
          [
            16.645808,
            48.103409
          ],
          [
            16.646775,
            48.102686
          ],
          [
            16.647938,
            48.101858
          ],
          [
            16.64905,
            48.101118
          ],
          [
            16.650111,
            48.100453
          ],
          [
            16.651758,
            48.099484
          ],
          [
            16.655313,
            48.097556
          ],
          [
            16.656659,
            48.096834
          ],
          [
            16.657137,
            48.096578
          ],
          [
            16.658353,
            48.09591
          ],
          [
            16.65945,
            48.095277
          ],
          [
            16.661385,
            48.094057
          ],
          [
            16.663565,
            48.092583
          ],
          [
            16.664404,
            48.091985
          ],
          [
            16.665205,
            48.091375
          ],
          [
            16.665624,
            48.091062
          ],
          [
            16.667744,
            48.089376
          ],
          [
            16.668778,
            48.08851
          ],
          [
            16.66996,
            48.087464
          ],
          [
            16.671379,
            48.086122
          ],
          [
            16.67148,
            48.086026
          ],
          [
            16.672698,
            48.084797
          ],
          [
            16.673602,
            48.083825
          ],
          [
            16.674603,
            48.082704
          ],
          [
            16.678405,
            48.07836
          ],
          [
            16.679425,
            48.077246
          ],
          [
            16.680472,
            48.076161
          ],
          [
            16.681431,
            48.075231
          ],
          [
            16.682436,
            48.074301
          ],
          [
            16.684296,
            48.072696
          ],
          [
            16.684918,
            48.072193
          ],
          [
            16.686942,
            48.070629
          ],
          [
            16.689242,
            48.068968
          ],
          [
            16.691454,
            48.06747
          ],
          [
            16.692679,
            48.066687
          ],
          [
            16.694108,
            48.065806
          ],
          [
            16.696526,
            48.064394
          ],
          [
            16.698163,
            48.063488
          ],
          [
            16.700045,
            48.062506
          ],
          [
            16.70112,
            48.061961
          ],
          [
            16.702481,
            48.061296
          ],
          [
            16.703683,
            48.060747
          ],
          [
            16.704637,
            48.060323
          ],
          [
            16.705331,
            48.060034
          ],
          [
            16.705437,
            48.05999
          ],
          [
            16.70712,
            48.059305
          ],
          [
            16.708026,
            48.058955
          ],
          [
            16.710196,
            48.058163
          ],
          [
            16.710706,
            48.05799
          ],
          [
            16.71342,
            48.057102
          ],
          [
            16.714092,
            48.056888
          ],
          [
            16.720343,
            48.054892
          ],
          [
            16.720485,
            48.054848
          ],
          [
            16.723195,
            48.053953
          ],
          [
            16.725837,
            48.053054
          ],
          [
            16.728942,
            48.051969
          ],
          [
            16.734876,
            48.049823
          ],
          [
            16.735496,
            48.049629
          ],
          [
            16.737765,
            48.048835
          ],
          [
            16.740091,
            48.04807
          ],
          [
            16.741866,
            48.047517
          ],
          [
            16.743668,
            48.046984
          ],
          [
            16.745842,
            48.0464
          ],
          [
            16.747696,
            48.045949
          ],
          [
            16.749433,
            48.045552
          ],
          [
            16.749937,
            48.045446
          ],
          [
            16.751292,
            48.045172
          ],
          [
            16.753122,
            48.044837
          ],
          [
            16.755818,
            48.044401
          ],
          [
            16.75653,
            48.044302
          ],
          [
            16.757102,
            48.044226
          ],
          [
            16.758549,
            48.044048
          ],
          [
            16.761235,
            48.043777
          ],
          [
            16.763477,
            48.043608
          ],
          [
            16.764766,
            48.043519
          ],
          [
            16.767172,
            48.043387
          ],
          [
            16.773208,
            48.043127
          ],
          [
            16.7759,
            48.043011
          ],
          [
            16.779422,
            48.042797
          ],
          [
            16.781581,
            48.042624
          ],
          [
            16.78403,
            48.04237
          ],
          [
            16.786572,
            48.04204
          ],
          [
            16.788215,
            48.04179
          ],
          [
            16.790093,
            48.041472
          ],
          [
            16.791739,
            48.041159
          ],
          [
            16.795871,
            48.040295
          ],
          [
            16.79976,
            48.039382
          ],
          [
            16.805026,
            48.038077
          ],
          [
            16.806608,
            48.037672
          ],
          [
            16.807095,
            48.037548
          ],
          [
            16.808781,
            48.037112
          ],
          [
            16.81157,
            48.036373
          ],
          [
            16.814174,
            48.035666
          ],
          [
            16.815126,
            48.035406
          ],
          [
            16.819191,
            48.034268
          ],
          [
            16.823966,
            48.032893
          ],
          [
            16.82458,
            48.032699
          ],
          [
            16.825388,
            48.032442
          ],
          [
            16.82655,
            48.032021
          ],
          [
            16.82721,
            48.031752
          ],
          [
            16.828403,
            48.031206
          ],
          [
            16.829521,
            48.030617
          ],
          [
            16.830781,
            48.029854
          ],
          [
            16.83132,
            48.029488
          ],
          [
            16.831882,
            48.029076
          ],
          [
            16.832428,
            48.028643
          ],
          [
            16.832887,
            48.028244
          ],
          [
            16.833813,
            48.027351
          ],
          [
            16.834353,
            48.026751
          ],
          [
            16.834859,
            48.026121
          ],
          [
            16.835173,
            48.025694
          ],
          [
            16.835492,
            48.02522
          ],
          [
            16.835974,
            48.02437
          ],
          [
            16.836067,
            48.024034
          ],
          [
            16.836384,
            48.023287
          ],
          [
            16.836445,
            48.02304
          ],
          [
            16.83645,
            48.022934
          ],
          [
            16.836461,
            48.022708
          ],
          [
            16.836404,
            48.022457
          ],
          [
            16.836257,
            48.022205
          ],
          [
            16.83601,
            48.021964
          ],
          [
            16.835708,
            48.021784
          ],
          [
            16.835198,
            48.021546
          ],
          [
            16.834983,
            48.021387
          ],
          [
            16.834916,
            48.021315
          ],
          [
            16.834858,
            48.021235
          ],
          [
            16.834787,
            48.021047
          ],
          [
            16.834786,
            48.020883
          ],
          [
            16.834816,
            48.020767
          ],
          [
            16.834866,
            48.020655
          ],
          [
            16.835011,
            48.020485
          ],
          [
            16.835125,
            48.020399
          ],
          [
            16.835365,
            48.020279
          ],
          [
            16.835478,
            48.02024
          ],
          [
            16.83578,
            48.020185
          ],
          [
            16.836152,
            48.020173
          ],
          [
            16.836398,
            48.020183
          ],
          [
            16.837233,
            48.020254
          ],
          [
            16.837971,
            48.020358
          ],
          [
            16.838327,
            48.020424
          ],
          [
            16.838681,
            48.020496
          ],
          [
            16.839433,
            48.020688
          ],
          [
            16.839849,
            48.020816
          ],
          [
            16.840408,
            48.021018
          ],
          [
            16.841291,
            48.021389
          ],
          [
            16.8422,
            48.021878
          ],
          [
            16.847662,
            48.024868
          ],
          [
            16.847872,
            48.024982
          ],
          [
            16.849136,
            48.025673
          ],
          [
            16.850514,
            48.026336
          ],
          [
            16.851962,
            48.026941
          ],
          [
            16.853531,
            48.027456
          ],
          [
            16.855315,
            48.027915
          ],
          [
            16.856878,
            48.028249
          ],
          [
            16.857783,
            48.028376
          ],
          [
            16.858894,
            48.028506
          ],
          [
            16.859929,
            48.028581
          ],
          [
            16.860981,
            48.028625
          ],
          [
            16.862495,
            48.028623
          ],
          [
            16.864346,
            48.028577
          ],
          [
            16.865962,
            48.028597
          ],
          [
            16.867053,
            48.028635
          ],
          [
            16.868191,
            48.028695
          ],
          [
            16.869642,
            48.028811
          ],
          [
            16.871099,
            48.028971
          ],
          [
            16.872611,
            48.029177
          ],
          [
            16.874118,
            48.029437
          ],
          [
            16.875313,
            48.02967
          ],
          [
            16.87681,
            48.030006
          ],
          [
            16.878134,
            48.030358
          ],
          [
            16.879569,
            48.030789
          ],
          [
            16.880462,
            48.031077
          ],
          [
            16.881808,
            48.031553
          ],
          [
            16.882956,
            48.032005
          ],
          [
            16.884138,
            48.032502
          ],
          [
            16.884344,
            48.032595
          ],
          [
            16.885373,
            48.033085
          ],
          [
            16.886501,
            48.03366
          ],
          [
            16.892432,
            48.036966
          ],
          [
            16.893273,
            48.03744
          ],
          [
            16.894572,
            48.038164
          ],
          [
            16.895439,
            48.038628
          ],
          [
            16.89623,
            48.038993
          ],
          [
            16.897157,
            48.039335
          ],
          [
            16.898064,
            48.03959
          ],
          [
            16.899132,
            48.039812
          ],
          [
            16.899931,
            48.03993
          ],
          [
            16.90063,
            48.039995
          ],
          [
            16.901203,
            48.040027
          ],
          [
            16.902385,
            48.040027
          ],
          [
            16.903392,
            48.039956
          ],
          [
            16.904482,
            48.039805
          ],
          [
            16.905071,
            48.039695
          ],
          [
            16.905688,
            48.039541
          ],
          [
            16.906477,
            48.039308
          ],
          [
            16.907406,
            48.038965
          ],
          [
            16.90845,
            48.038475
          ],
          [
            16.909931,
            48.037527
          ],
          [
            16.91419,
            48.034603
          ],
          [
            16.91472,
            48.034249
          ],
          [
            16.918978,
            48.031316
          ],
          [
            16.920521,
            48.030368
          ],
          [
            16.922458,
            48.029312
          ],
          [
            16.923604,
            48.0288
          ],
          [
            16.92469,
            48.028345
          ],
          [
            16.925356,
            48.028082
          ],
          [
            16.926411,
            48.027689
          ],
          [
            16.928423,
            48.027051
          ],
          [
            16.929689,
            48.026717
          ],
          [
            16.930221,
            48.026577
          ],
          [
            16.931592,
            48.026272
          ],
          [
            16.932964,
            48.026013
          ],
          [
            16.93407,
            48.025838
          ],
          [
            16.935565,
            48.025644
          ],
          [
            16.93697,
            48.025508
          ],
          [
            16.938474,
            48.025408
          ],
          [
            16.939886,
            48.025367
          ],
          [
            16.941167,
            48.025361
          ],
          [
            16.94277,
            48.025405
          ],
          [
            16.945087,
            48.025571
          ],
          [
            16.946284,
            48.025702
          ],
          [
            16.946969,
            48.025794
          ],
          [
            16.947724,
            48.025908
          ],
          [
            16.94891,
            48.026108
          ],
          [
            16.950102,
            48.026346
          ],
          [
            16.951924,
            48.026775
          ],
          [
            16.953701,
            48.027289
          ],
          [
            16.955256,
            48.027801
          ],
          [
            16.956652,
            48.028344
          ],
          [
            16.957693,
            48.028781
          ],
          [
            16.958853,
            48.029321
          ],
          [
            16.960966,
            48.030379
          ],
          [
            16.96178,
            48.03075
          ],
          [
            16.962658,
            48.031116
          ],
          [
            16.963518,
            48.031451
          ],
          [
            16.964559,
            48.031813
          ],
          [
            16.965664,
            48.03216
          ],
          [
            16.966945,
            48.032511
          ],
          [
            16.96801,
            48.032763
          ],
          [
            16.968806,
            48.032926
          ],
          [
            16.970599,
            48.03323
          ],
          [
            16.974199,
            48.033713
          ],
          [
            16.977824,
            48.034183
          ],
          [
            16.97845,
            48.034294
          ],
          [
            16.979293,
            48.034458
          ],
          [
            16.980462,
            48.034726
          ],
          [
            16.981675,
            48.035072
          ],
          [
            16.982985,
            48.035511
          ],
          [
            16.983893,
            48.035862
          ],
          [
            16.984766,
            48.036246
          ],
          [
            16.985751,
            48.036733
          ],
          [
            16.986587,
            48.037199
          ],
          [
            16.987465,
            48.037749
          ],
          [
            16.988308,
            48.038325
          ],
          [
            16.989013,
            48.038892
          ],
          [
            16.989866,
            48.039662
          ],
          [
            16.990963,
            48.04081
          ],
          [
            16.991506,
            48.041553
          ],
          [
            16.991961,
            48.042254
          ],
          [
            16.992383,
            48.042983
          ],
          [
            16.992739,
            48.043774
          ],
          [
            16.994361,
            48.047985
          ],
          [
            16.995065,
            48.04968
          ],
          [
            16.995547,
            48.050705
          ],
          [
            16.995868,
            48.051327
          ],
          [
            16.996524,
            48.052438
          ],
          [
            16.997046,
            48.053241
          ],
          [
            16.997671,
            48.054105
          ],
          [
            16.998276,
            48.054878
          ],
          [
            16.999164,
            48.055909
          ],
          [
            16.999913,
            48.056712
          ],
          [
            17.000703,
            48.05749
          ],
          [
            17.003895,
            48.060349
          ],
          [
            17.004537,
            48.060887
          ],
          [
            17.00493,
            48.061214
          ],
          [
            17.007303,
            48.063139
          ],
          [
            17.007849,
            48.0636
          ],
          [
            17.008381,
            48.064069
          ],
          [
            17.009403,
            48.065101
          ],
          [
            17.00989,
            48.065631
          ],
          [
            17.01032,
            48.066169
          ],
          [
            17.011151,
            48.067283
          ],
          [
            17.012339,
            48.069279
          ],
          [
            17.012927,
            48.070198
          ],
          [
            17.013646,
            48.071181
          ],
          [
            17.014245,
            48.071875
          ],
          [
            17.014961,
            48.072632
          ],
          [
            17.015738,
            48.073355
          ],
          [
            17.016215,
            48.073779
          ],
          [
            17.016912,
            48.074357
          ],
          [
            17.01794,
            48.075123
          ],
          [
            17.019766,
            48.076436
          ],
          [
            17.021113,
            48.077373
          ],
          [
            17.022499,
            48.078297
          ],
          [
            17.023215,
            48.078736
          ],
          [
            17.023947,
            48.079146
          ],
          [
            17.024693,
            48.079519
          ],
          [
            17.025473,
            48.079879
          ],
          [
            17.026531,
            48.080306
          ],
          [
            17.027543,
            48.08067
          ],
          [
            17.028703,
            48.081019
          ],
          [
            17.029702,
            48.081275
          ],
          [
            17.030646,
            48.081481
          ],
          [
            17.031602,
            48.081655
          ],
          [
            17.032567,
            48.0818
          ],
          [
            17.033652,
            48.08192
          ],
          [
            17.034628,
            48.081995
          ],
          [
            17.035557,
            48.082036
          ],
          [
            17.036233,
            48.082047
          ],
          [
            17.037334,
            48.082031
          ],
          [
            17.038773,
            48.081947
          ],
          [
            17.039848,
            48.081843
          ],
          [
            17.04077,
            48.081723
          ],
          [
            17.041711,
            48.081566
          ],
          [
            17.042649,
            48.081376
          ],
          [
            17.043505,
            48.081175
          ],
          [
            17.04449,
            48.080903
          ],
          [
            17.045382,
            48.080618
          ],
          [
            17.046367,
            48.080264
          ],
          [
            17.056397,
            48.076177
          ],
          [
            17.05952,
            48.075004
          ],
          [
            17.059902,
            48.074859
          ],
          [
            17.061721,
            48.074203
          ],
          [
            17.063578,
            48.073576
          ],
          [
            17.064158,
            48.073377
          ],
          [
            17.06507,
            48.07308
          ],
          [
            17.065921,
            48.072818
          ],
          [
            17.067561,
            48.072363
          ],
          [
            17.068328,
            48.072137
          ],
          [
            17.06983,
            48.071642
          ],
          [
            17.070535,
            48.071428
          ],
          [
            17.072654,
            48.070971
          ],
          [
            17.074361,
            48.070539
          ],
          [
            17.075562,
            48.070206
          ],
          [
            17.076045,
            48.070074
          ],
          [
            17.078391,
            48.06944
          ],
          [
            17.079559,
            48.069165
          ],
          [
            17.080129,
            48.069056
          ],
          [
            17.081059,
            48.068908
          ],
          [
            17.081527,
            48.06885
          ],
          [
            17.082186,
            48.068785
          ],
          [
            17.08293,
            48.06874
          ],
          [
            17.083683,
            48.06873
          ],
          [
            17.084415,
            48.068741
          ],
          [
            17.085216,
            48.068788
          ],
          [
            17.085924,
            48.068852
          ],
          [
            17.086637,
            48.068949
          ],
          [
            17.087848,
            48.069167
          ],
          [
            17.088382,
            48.069291
          ],
          [
            17.0895,
            48.069607
          ],
          [
            17.091839,
            48.070398
          ],
          [
            17.093578,
            48.070999
          ],
          [
            17.095816,
            48.071453
          ],
          [
            17.096333,
            48.071539
          ],
          [
            17.097199,
            48.071646
          ],
          [
            17.098269,
            48.07175
          ],
          [
            17.09899,
            48.07179
          ],
          [
            17.100219,
            48.07181
          ],
          [
            17.100797,
            48.071794
          ],
          [
            17.101192,
            48.071784
          ],
          [
            17.1022,
            48.071748
          ],
          [
            17.103746,
            48.07169
          ],
          [
            17.105722,
            48.071641
          ],
          [
            17.106999,
            48.071647
          ],
          [
            17.108092,
            48.071701
          ],
          [
            17.109272,
            48.0718
          ],
          [
            17.110683,
            48.071977
          ],
          [
            17.111617,
            48.072131
          ],
          [
            17.112572,
            48.072321
          ],
          [
            17.11364,
            48.072575
          ],
          [
            17.119871,
            48.07427
          ],
          [
            17.120455,
            48.074433
          ],
          [
            17.125929,
            48.075932
          ],
          [
            17.126804,
            48.076174
          ],
          [
            17.127439,
            48.076348
          ],
          [
            17.127866,
            48.076463
          ],
          [
            17.129995,
            48.077051
          ],
          [
            17.130284,
            48.077132
          ],
          [
            17.131105,
            48.077356
          ],
          [
            17.131501,
            48.077466
          ],
          [
            17.132608,
            48.077765
          ],
          [
            17.132881,
            48.07784
          ],
          [
            17.133376,
            48.077978
          ],
          [
            17.13463,
            48.078312
          ],
          [
            17.13636,
            48.078778
          ],
          [
            17.169855,
            48.087975
          ],
          [
            17.171159,
            48.088331
          ],
          [
            17.172145,
            48.088572
          ],
          [
            17.173966,
            48.088975
          ],
          [
            17.175249,
            48.08924
          ],
          [
            17.177229,
            48.089581
          ],
          [
            17.178768,
            48.089794
          ],
          [
            17.179967,
            48.089921
          ],
          [
            17.180917,
            48.090016
          ],
          [
            17.181412,
            48.089959
          ],
          [
            17.181963,
            48.089937
          ],
          [
            17.182235,
            48.089908
          ],
          [
            17.182773,
            48.089826
          ],
          [
            17.182974,
            48.089781
          ],
          [
            17.183577,
            48.089617
          ],
          [
            17.183985,
            48.089466
          ],
          [
            17.184803,
            48.089127
          ],
          [
            17.184999,
            48.089061
          ],
          [
            17.185395,
            48.088972
          ],
          [
            17.185906,
            48.088955
          ],
          [
            17.186245,
            48.088988
          ],
          [
            17.186729,
            48.089103
          ],
          [
            17.187021,
            48.089222
          ],
          [
            17.187338,
            48.089419
          ],
          [
            17.187518,
            48.089582
          ],
          [
            17.18766,
            48.08976
          ],
          [
            17.187763,
            48.089959
          ],
          [
            17.187827,
            48.090281
          ],
          [
            17.187804,
            48.090498
          ],
          [
            17.187736,
            48.090693
          ],
          [
            17.187618,
            48.090889
          ],
          [
            17.187451,
            48.091087
          ],
          [
            17.187162,
            48.091287
          ],
          [
            17.186839,
            48.091458
          ],
          [
            17.186604,
            48.091535
          ],
          [
            17.186112,
            48.09165
          ],
          [
            17.185096,
            48.091737
          ],
          [
            17.184519,
            48.091846
          ],
          [
            17.184114,
            48.091964
          ],
          [
            17.183901,
            48.092045
          ],
          [
            17.183524,
            48.092231
          ],
          [
            17.182777,
            48.092746
          ],
          [
            17.182502,
            48.093026
          ],
          [
            17.182271,
            48.093293
          ],
          [
            17.181719,
            48.094018
          ],
          [
            17.181351,
            48.094577
          ],
          [
            17.181025,
            48.095139
          ],
          [
            17.180774,
            48.095691
          ],
          [
            17.180607,
            48.096127
          ],
          [
            17.179904,
            48.098383
          ],
          [
            17.179645,
            48.099007
          ],
          [
            17.179192,
            48.09986
          ],
          [
            17.178645,
            48.100639
          ],
          [
            17.178035,
            48.101322
          ],
          [
            17.177363,
            48.101967
          ],
          [
            17.176589,
            48.102576
          ],
          [
            17.175723,
            48.103156
          ],
          [
            17.174969,
            48.103599
          ],
          [
            17.172602,
            48.104877
          ],
          [
            17.171974,
            48.10526
          ],
          [
            17.171295,
            48.105709
          ],
          [
            17.170711,
            48.106191
          ],
          [
            17.170089,
            48.106736
          ],
          [
            17.169645,
            48.1072
          ],
          [
            17.16908,
            48.107872
          ],
          [
            17.168799,
            48.10826
          ],
          [
            17.168304,
            48.109128
          ],
          [
            17.168086,
            48.10957
          ],
          [
            17.162936,
            48.121239
          ],
          [
            17.16239,
            48.122528
          ],
          [
            17.162078,
            48.123444
          ],
          [
            17.16188,
            48.124227
          ],
          [
            17.161744,
            48.125072
          ],
          [
            17.161689,
            48.12585
          ],
          [
            17.161688,
            48.126267
          ],
          [
            17.161685,
            48.126386
          ],
          [
            17.161775,
            48.127395
          ],
          [
            17.162058,
            48.129106
          ],
          [
            17.162114,
            48.12962
          ],
          [
            17.162106,
            48.130032
          ],
          [
            17.16202,
            48.130537
          ],
          [
            17.161871,
            48.130969
          ],
          [
            17.161669,
            48.131385
          ],
          [
            17.161537,
            48.131618
          ],
          [
            17.16116,
            48.13209
          ],
          [
            17.160967,
            48.132298
          ],
          [
            17.160439,
            48.132757
          ],
          [
            17.159791,
            48.133173
          ],
          [
            17.159035,
            48.133557
          ],
          [
            17.158567,
            48.13376
          ],
          [
            17.157233,
            48.134323
          ],
          [
            17.156748,
            48.134559
          ],
          [
            17.15631,
            48.134805
          ],
          [
            17.156114,
            48.134919
          ],
          [
            17.155364,
            48.135397
          ],
          [
            17.155045,
            48.13564
          ],
          [
            17.15454,
            48.13607
          ],
          [
            17.154107,
            48.136507
          ],
          [
            17.153736,
            48.136936
          ],
          [
            17.153477,
            48.137276
          ],
          [
            17.153112,
            48.137866
          ],
          [
            17.152759,
            48.138674
          ],
          [
            17.152574,
            48.139311
          ],
          [
            17.152488,
            48.13974
          ],
          [
            17.152466,
            48.139881
          ],
          [
            17.151918,
            48.143191
          ],
          [
            17.151843,
            48.143534
          ],
          [
            17.151597,
            48.144338
          ],
          [
            17.151448,
            48.144724
          ],
          [
            17.15116,
            48.14543
          ],
          [
            17.150941,
            48.145951
          ],
          [
            17.150608,
            48.146776
          ],
          [
            17.149874,
            48.148575
          ],
          [
            17.149599,
            48.14915
          ],
          [
            17.14908,
            48.150054
          ],
          [
            17.148269,
            48.151395
          ],
          [
            17.148129,
            48.151629
          ],
          [
            17.147245,
            48.153068
          ],
          [
            17.147035,
            48.153413
          ],
          [
            17.146747,
            48.153889
          ],
          [
            17.146483,
            48.154316
          ],
          [
            17.146334,
            48.154556
          ],
          [
            17.146217,
            48.154746
          ],
          [
            17.145979,
            48.155132
          ],
          [
            17.145706,
            48.155572
          ],
          [
            17.145453,
            48.155977
          ],
          [
            17.145161,
            48.156444
          ],
          [
            17.144941,
            48.1568
          ],
          [
            17.144654,
            48.157244
          ],
          [
            17.144286,
            48.157692
          ],
          [
            17.143657,
            48.158388
          ],
          [
            17.143535,
            48.158515
          ],
          [
            17.143114,
            48.15898
          ],
          [
            17.14289,
            48.159227
          ],
          [
            17.142509,
            48.159621
          ],
          [
            17.14222,
            48.159931
          ],
          [
            17.141908,
            48.160273
          ],
          [
            17.141755,
            48.160443
          ],
          [
            17.141542,
            48.160687
          ],
          [
            17.141317,
            48.160946
          ],
          [
            17.141289,
            48.160977
          ],
          [
            17.140969,
            48.161349
          ],
          [
            17.140841,
            48.161501
          ],
          [
            17.14036,
            48.162035
          ],
          [
            17.140023,
            48.162384
          ],
          [
            17.139703,
            48.162729
          ],
          [
            17.139484,
            48.16296
          ],
          [
            17.139364,
            48.163096
          ],
          [
            17.139189,
            48.163298
          ],
          [
            17.139139,
            48.163354
          ],
          [
            17.138979,
            48.163535
          ],
          [
            17.138813,
            48.163715
          ],
          [
            17.138652,
            48.163888
          ],
          [
            17.138536,
            48.164014
          ],
          [
            17.138366,
            48.164194
          ],
          [
            17.138139,
            48.164409
          ],
          [
            17.137698,
            48.164745
          ],
          [
            17.137381,
            48.164919
          ],
          [
            17.136927,
            48.165142
          ],
          [
            17.136782,
            48.165215
          ],
          [
            17.136505,
            48.165335
          ],
          [
            17.135516,
            48.165772
          ],
          [
            17.13537,
            48.165864
          ],
          [
            17.13353,
            48.166686
          ],
          [
            17.130923,
            48.167854
          ],
          [
            17.129429,
            48.168522
          ],
          [
            17.129156,
            48.168621
          ],
          [
            17.12851,
            48.168926
          ],
          [
            17.128436,
            48.169032
          ],
          [
            17.128466,
            48.169157
          ],
          [
            17.128534,
            48.169464
          ],
          [
            17.128684,
            48.170072
          ],
          [
            17.128742,
            48.170323
          ],
          [
            17.128915,
            48.171017
          ],
          [
            17.129088,
            48.171715
          ],
          [
            17.129256,
            48.172406
          ],
          [
            17.129437,
            48.173142
          ],
          [
            17.129505,
            48.173388
          ],
          [
            17.129202,
            48.173484
          ],
          [
            17.128489,
            48.173674
          ],
          [
            17.128426,
            48.17369
          ],
          [
            17.128209,
            48.173744
          ],
          [
            17.128064,
            48.17378
          ],
          [
            17.127897,
            48.173821
          ],
          [
            17.127488,
            48.173923
          ],
          [
            17.127556,
            48.174332
          ],
          [
            17.127681,
            48.175039
          ],
          [
            17.127851,
            48.175896
          ],
          [
            17.127872,
            48.175979
          ],
          [
            17.127896,
            48.176134
          ],
          [
            17.127967,
            48.176493
          ],
          [
            17.127999,
            48.176696
          ],
          [
            17.128143,
            48.177421
          ],
          [
            17.128397,
            48.17833
          ],
          [
            17.128484,
            48.178611
          ],
          [
            17.128805,
            48.179654
          ],
          [
            17.128835,
            48.179748
          ],
          [
            17.128975,
            48.180196
          ],
          [
            17.128995,
            48.180263
          ],
          [
            17.129124,
            48.18068
          ],
          [
            17.129227,
            48.181014
          ],
          [
            17.129386,
            48.181503
          ],
          [
            17.129496,
            48.181714
          ],
          [
            17.129605,
            48.181862
          ],
          [
            17.129783,
            48.182044
          ],
          [
            17.130586,
            48.182775
          ],
          [
            17.132465,
            48.18447
          ],
          [
            17.132983,
            48.184949
          ],
          [
            17.133953,
            48.1859
          ],
          [
            17.134136,
            48.185982
          ],
          [
            17.1342,
            48.186019
          ],
          [
            17.134438,
            48.186232
          ],
          [
            17.134536,
            48.186345
          ],
          [
            17.134654,
            48.186444
          ],
          [
            17.134873,
            48.186619
          ],
          [
            17.134709,
            48.186703
          ],
          [
            17.13468,
            48.186814
          ],
          [
            17.135551,
            48.187948
          ],
          [
            17.135695,
            48.188094
          ],
          [
            17.135863,
            48.188266
          ],
          [
            17.135987,
            48.188393
          ],
          [
            17.136267,
            48.188604
          ],
          [
            17.136592,
            48.188838
          ],
          [
            17.136809,
            48.18899
          ],
          [
            17.137051,
            48.18917
          ],
          [
            17.137867,
            48.189763
          ],
          [
            17.138496,
            48.190294
          ],
          [
            17.138823,
            48.190596
          ],
          [
            17.139334,
            48.191048
          ],
          [
            17.14033,
            48.191956
          ],
          [
            17.142031,
            48.193608
          ],
          [
            17.14297,
            48.194491
          ],
          [
            17.143393,
            48.194885
          ],
          [
            17.143398,
            48.19509
          ],
          [
            17.143171,
            48.195185
          ],
          [
            17.143108,
            48.195212
          ],
          [
            17.142515,
            48.195462
          ],
          [
            17.142166,
            48.195609
          ],
          [
            17.141494,
            48.195892
          ],
          [
            17.141324,
            48.195963
          ],
          [
            17.140938,
            48.196126
          ],
          [
            17.140527,
            48.196299
          ],
          [
            17.140398,
            48.196353
          ],
          [
            17.140277,
            48.196404
          ],
          [
            17.140051,
            48.1965
          ],
          [
            17.139849,
            48.196585
          ],
          [
            17.139469,
            48.196745
          ],
          [
            17.138959,
            48.196959
          ],
          [
            17.138907,
            48.196982
          ],
          [
            17.138439,
            48.197178
          ],
          [
            17.13813,
            48.197308
          ],
          [
            17.138016,
            48.197357
          ],
          [
            17.137607,
            48.197529
          ],
          [
            17.137418,
            48.197608
          ],
          [
            17.137217,
            48.197693
          ],
          [
            17.137075,
            48.197753
          ],
          [
            17.136034,
            48.198191
          ],
          [
            17.135967,
            48.19812
          ],
          [
            17.136034,
            48.198191
          ],
          [
            17.137075,
            48.197753
          ],
          [
            17.137217,
            48.197693
          ],
          [
            17.137418,
            48.197608
          ],
          [
            17.137607,
            48.197529
          ],
          [
            17.138016,
            48.197357
          ],
          [
            17.13813,
            48.197308
          ],
          [
            17.138439,
            48.197178
          ],
          [
            17.138907,
            48.196982
          ],
          [
            17.138959,
            48.196959
          ],
          [
            17.139469,
            48.196745
          ],
          [
            17.139849,
            48.196585
          ],
          [
            17.140051,
            48.1965
          ],
          [
            17.140277,
            48.196404
          ],
          [
            17.140398,
            48.196353
          ],
          [
            17.140527,
            48.196299
          ],
          [
            17.140938,
            48.196126
          ],
          [
            17.141324,
            48.195963
          ],
          [
            17.141494,
            48.195892
          ],
          [
            17.142166,
            48.195609
          ],
          [
            17.142515,
            48.195462
          ],
          [
            17.143108,
            48.195212
          ],
          [
            17.143171,
            48.195185
          ],
          [
            17.143398,
            48.19509
          ],
          [
            17.141079,
            48.192836
          ],
          [
            17.140061,
            48.191895
          ],
          [
            17.139732,
            48.191599
          ],
          [
            17.139199,
            48.191116
          ],
          [
            17.138993,
            48.19093
          ],
          [
            17.138894,
            48.19084
          ],
          [
            17.138615,
            48.19059
          ],
          [
            17.137874,
            48.189944
          ],
          [
            17.137549,
            48.189929
          ],
          [
            17.137535,
            48.189677
          ],
          [
            17.137242,
            48.189466
          ],
          [
            17.135995,
            48.18857
          ],
          [
            17.135583,
            48.188199
          ],
          [
            17.135356,
            48.187942
          ],
          [
            17.13439,
            48.186624
          ],
          [
            17.1342,
            48.186374
          ],
          [
            17.13381,
            48.185912
          ],
          [
            17.133494,
            48.185591
          ],
          [
            17.133019,
            48.185143
          ],
          [
            17.132723,
            48.184922
          ],
          [
            17.13164,
            48.183947
          ],
          [
            17.130688,
            48.183099
          ],
          [
            17.130362,
            48.182808
          ],
          [
            17.12961,
            48.182129
          ],
          [
            17.129429,
            48.181936
          ],
          [
            17.129286,
            48.181734
          ],
          [
            17.129158,
            48.18145
          ],
          [
            17.128923,
            48.180704
          ],
          [
            17.128627,
            48.179743
          ],
          [
            17.128237,
            48.178492
          ],
          [
            17.128179,
            48.178303
          ],
          [
            17.127971,
            48.177669
          ],
          [
            17.127901,
            48.17734
          ],
          [
            17.127855,
            48.176995
          ],
          [
            17.127793,
            48.176669
          ],
          [
            17.127768,
            48.176513
          ],
          [
            17.127674,
            48.176012
          ],
          [
            17.127547,
            48.175377
          ],
          [
            17.127315,
            48.174135
          ],
          [
            17.12711,
            48.173176
          ],
          [
            17.127006,
            48.172505
          ],
          [
            17.126888,
            48.171667
          ],
          [
            17.12688,
            48.171552
          ],
          [
            17.126875,
            48.171337
          ],
          [
            17.126952,
            48.170759
          ],
          [
            17.127031,
            48.17026
          ],
          [
            17.12713,
            48.169463
          ],
          [
            17.127139,
            48.169264
          ],
          [
            17.127235,
            48.168677
          ],
          [
            17.127503,
            48.168677
          ],
          [
            17.127703,
            48.16869
          ],
          [
            17.128327,
            48.168693
          ],
          [
            17.128621,
            48.168667
          ],
          [
            17.1288,
            48.168644
          ],
          [
            17.129062,
            48.168579
          ],
          [
            17.129311,
            48.168496
          ],
          [
            17.13231,
            48.167174
          ],
          [
            17.134509,
            48.166188
          ],
          [
            17.134827,
            48.16603
          ],
          [
            17.135176,
            48.165852
          ],
          [
            17.135191,
            48.165841
          ],
          [
            17.135284,
            48.165776
          ],
          [
            17.135399,
            48.165653
          ],
          [
            17.135508,
            48.165563
          ],
          [
            17.136621,
            48.16506
          ],
          [
            17.136763,
            48.164995
          ],
          [
            17.137384,
            48.164693
          ],
          [
            17.137744,
            48.164444
          ],
          [
            17.137855,
            48.164341
          ],
          [
            17.138003,
            48.16421
          ],
          [
            17.138245,
            48.163952
          ],
          [
            17.138907,
            48.163216
          ],
          [
            17.139184,
            48.162914
          ],
          [
            17.139851,
            48.162172
          ],
          [
            17.140035,
            48.161968
          ],
          [
            17.140578,
            48.161394
          ],
          [
            17.140727,
            48.161253
          ],
          [
            17.140926,
            48.16103
          ],
          [
            17.141228,
            48.160692
          ],
          [
            17.141249,
            48.160668
          ],
          [
            17.142285,
            48.159506
          ],
          [
            17.143417,
            48.158269
          ],
          [
            17.143513,
            48.158163
          ],
          [
            17.14425,
            48.157327
          ],
          [
            17.144612,
            48.15679
          ],
          [
            17.144851,
            48.156425
          ],
          [
            17.145139,
            48.155945
          ],
          [
            17.145319,
            48.155658
          ],
          [
            17.145668,
            48.15509
          ],
          [
            17.145878,
            48.154745
          ],
          [
            17.146276,
            48.154121
          ],
          [
            17.146352,
            48.153993
          ],
          [
            17.146834,
            48.153209
          ],
          [
            17.148303,
            48.150997
          ],
          [
            17.148981,
            48.149981
          ],
          [
            17.149474,
            48.149118
          ],
          [
            17.149738,
            48.14855
          ],
          [
            17.15045,
            48.146705
          ],
          [
            17.15065,
            48.146216
          ],
          [
            17.151185,
            48.144927
          ],
          [
            17.151451,
            48.144219
          ],
          [
            17.151458,
            48.143468
          ],
          [
            17.15144,
            48.143173
          ],
          [
            17.151304,
            48.142916
          ],
          [
            17.151126,
            48.142717
          ],
          [
            17.150851,
            48.142514
          ],
          [
            17.150508,
            48.142357
          ],
          [
            17.150237,
            48.142263
          ],
          [
            17.149272,
            48.141959
          ],
          [
            17.148853,
            48.141784
          ],
          [
            17.148528,
            48.141566
          ],
          [
            17.147646,
            48.14081
          ],
          [
            17.147097,
            48.14034
          ],
          [
            17.146826,
            48.140105
          ],
          [
            17.146478,
            48.139729
          ],
          [
            17.145899,
            48.139293
          ],
          [
            17.143874,
            48.13778
          ],
          [
            17.142662,
            48.13686
          ],
          [
            17.137552,
            48.133039
          ],
          [
            17.136903,
            48.132615
          ],
          [
            17.1366,
            48.132439
          ],
          [
            17.135901,
            48.132087
          ],
          [
            17.135495,
            48.131916
          ],
          [
            17.134797,
            48.131661
          ],
          [
            17.134065,
            48.131457
          ],
          [
            17.133603,
            48.131354
          ],
          [
            17.133106,
            48.131262
          ],
          [
            17.132559,
            48.131185
          ],
          [
            17.131252,
            48.131063
          ],
          [
            17.129869,
            48.130974
          ],
          [
            17.128885,
            48.130938
          ],
          [
            17.127782,
            48.130937
          ],
          [
            17.126694,
            48.13096
          ],
          [
            17.11694,
            48.131334
          ],
          [
            17.11659,
            48.13135
          ],
          [
            17.097329,
            48.132059
          ],
          [
            17.096005,
            48.132068
          ],
          [
            17.094965,
            48.132023
          ],
          [
            17.094406,
            48.131974
          ],
          [
            17.093836,
            48.131912
          ],
          [
            17.093255,
            48.131829
          ],
          [
            17.092741,
            48.131735
          ],
          [
            17.092192,
            48.131628
          ],
          [
            17.091094,
            48.131351
          ],
          [
            17.089257,
            48.130763
          ],
          [
            17.083969,
            48.128616
          ],
          [
            17.083499,
            48.128438
          ],
          [
            17.082595,
            48.128142
          ],
          [
            17.081709,
            48.127922
          ],
          [
            17.081368,
            48.127811
          ],
          [
            17.078142,
            48.127129
          ],
          [
            17.077582,
            48.12699
          ],
          [
            17.077142,
            48.126834
          ],
          [
            17.076725,
            48.126634
          ],
          [
            17.076412,
            48.126422
          ],
          [
            17.07615,
            48.126186
          ],
          [
            17.07596,
            48.125962
          ],
          [
            17.075848,
            48.125799
          ],
          [
            17.075674,
            48.125429
          ],
          [
            17.075604,
            48.125096
          ],
          [
            17.0756,
            48.124854
          ],
          [
            17.075628,
            48.124686
          ],
          [
            17.075666,
            48.124518
          ],
          [
            17.075842,
            48.124093
          ],
          [
            17.076321,
            48.123203
          ],
          [
            17.077177,
            48.121405
          ],
          [
            17.077417,
            48.120938
          ],
          [
            17.077787,
            48.120262
          ],
          [
            17.078432,
            48.119178
          ],
          [
            17.07871,
            48.118904
          ],
          [
            17.079861,
            48.117081
          ],
          [
            17.080941,
            48.115493
          ],
          [
            17.082341,
            48.11358
          ],
          [
            17.083451,
            48.11216
          ],
          [
            17.084635,
            48.110738
          ],
          [
            17.08517,
            48.110141
          ],
          [
            17.086032,
            48.109236
          ],
          [
            17.08664,
            48.108644
          ],
          [
            17.087466,
            48.107894
          ],
          [
            17.088065,
            48.107406
          ],
          [
            17.088902,
            48.106781
          ],
          [
            17.092218,
            48.10447
          ],
          [
            17.092877,
            48.103982
          ],
          [
            17.09349,
            48.103494
          ],
          [
            17.094076,
            48.102989
          ],
          [
            17.094623,
            48.102475
          ],
          [
            17.095147,
            48.10194
          ],
          [
            17.095643,
            48.101393
          ],
          [
            17.096516,
            48.100265
          ],
          [
            17.096909,
            48.099667
          ],
          [
            17.097252,
            48.099085
          ],
          [
            17.097568,
            48.098484
          ],
          [
            17.097856,
            48.097853
          ],
          [
            17.098093,
            48.097235
          ],
          [
            17.098293,
            48.096618
          ],
          [
            17.098455,
            48.096007
          ],
          [
            17.09859,
            48.09533
          ],
          [
            17.098674,
            48.094699
          ],
          [
            17.098772,
            48.093435
          ],
          [
            17.098785,
            48.090341
          ],
          [
            17.0988,
            48.089275
          ],
          [
            17.098805,
            48.088925
          ],
          [
            17.098864,
            48.087828
          ],
          [
            17.098976,
            48.086739
          ],
          [
            17.099134,
            48.085735
          ],
          [
            17.09933,
            48.084755
          ],
          [
            17.099916,
            48.082384
          ],
          [
            17.100552,
            48.080013
          ],
          [
            17.101049,
            48.077806
          ],
          [
            17.101178,
            48.077083
          ],
          [
            17.101355,
            48.075921
          ],
          [
            17.10142,
            48.075317
          ],
          [
            17.101506,
            48.074329
          ],
          [
            17.101611,
            48.072335
          ],
          [
            17.101571,
            48.068471
          ],
          [
            17.101561,
            48.067665
          ],
          [
            17.101564,
            48.065816
          ],
          [
            17.101589,
            48.065227
          ],
          [
            17.101621,
            48.064522
          ],
          [
            17.101711,
            48.063468
          ],
          [
            17.101839,
            48.062414
          ],
          [
            17.102001,
            48.061409
          ],
          [
            17.102207,
            48.060409
          ],
          [
            17.102497,
            48.059412
          ],
          [
            17.1028,
            48.058403
          ],
          [
            17.103025,
            48.057769
          ],
          [
            17.103272,
            48.057147
          ],
          [
            17.103801,
            48.055921
          ],
          [
            17.104404,
            48.054709
          ],
          [
            17.105052,
            48.053555
          ],
          [
            17.10596,
            48.052135
          ],
          [
            17.106932,
            48.05074
          ],
          [
            17.107888,
            48.049596
          ],
          [
            17.108839,
            48.048504
          ],
          [
            17.109624,
            48.047699
          ],
          [
            17.11042,
            48.046915
          ],
          [
            17.111963,
            48.04548
          ],
          [
            17.113462,
            48.044306
          ],
          [
            17.115031,
            48.043157
          ],
          [
            17.117345,
            48.041731
          ],
          [
            17.119671,
            48.040321
          ],
          [
            17.121333,
            48.039455
          ],
          [
            17.123041,
            48.038635
          ],
          [
            17.124499,
            48.038024
          ],
          [
            17.125988,
            48.037423
          ],
          [
            17.127905,
            48.036702
          ],
          [
            17.129792,
            48.036043
          ],
          [
            17.132501,
            48.035176
          ],
          [
            17.135192,
            48.034356
          ],
          [
            17.138683,
            48.033393
          ],
          [
            17.147263,
            48.031121
          ],
          [
            17.15038,
            48.030233
          ],
          [
            17.152415,
            48.029613
          ],
          [
            17.153668,
            48.029208
          ],
          [
            17.154741,
            48.028841
          ],
          [
            17.156386,
            48.028254
          ],
          [
            17.158553,
            48.027399
          ],
          [
            17.160352,
            48.026608
          ],
          [
            17.16235,
            48.02562
          ],
          [
            17.163968,
            48.024714
          ],
          [
            17.165011,
            48.024078
          ],
          [
            17.166636,
            48.022972
          ],
          [
            17.167444,
            48.022369
          ],
          [
            17.168159,
            48.021788
          ],
          [
            17.169316,
            48.02079
          ],
          [
            17.170087,
            48.020063
          ],
          [
            17.170556,
            48.01958
          ],
          [
            17.171192,
            48.01884
          ],
          [
            17.172286,
            48.017545
          ],
          [
            17.173802,
            48.015409
          ],
          [
            17.175524,
            48.012919
          ],
          [
            17.177046,
            48.010666
          ],
          [
            17.177775,
            48.009628
          ],
          [
            17.177915,
            48.009422
          ],
          [
            17.179754,
            48.006694
          ],
          [
            17.181715,
            48.003778
          ],
          [
            17.182773,
            48.002099
          ],
          [
            17.183493,
            48.000861
          ],
          [
            17.183988,
            47.999932
          ],
          [
            17.184358,
            47.999177
          ],
          [
            17.184692,
            47.998439
          ],
          [
            17.184972,
            47.997743
          ],
          [
            17.185453,
            47.996348
          ],
          [
            17.185683,
            47.995532
          ],
          [
            17.185877,
            47.994701
          ],
          [
            17.186095,
            47.993422
          ],
          [
            17.186173,
            47.992705
          ],
          [
            17.186249,
            47.99158
          ],
          [
            17.186229,
            47.989981
          ],
          [
            17.186109,
            47.988635
          ],
          [
            17.18598,
            47.987762
          ],
          [
            17.185817,
            47.986955
          ],
          [
            17.185442,
            47.985548
          ],
          [
            17.185093,
            47.984529
          ],
          [
            17.184631,
            47.983395
          ],
          [
            17.184175,
            47.982421
          ],
          [
            17.183511,
            47.981132
          ],
          [
            17.18278,
            47.979849
          ],
          [
            17.181687,
            47.97807
          ],
          [
            17.177492,
            47.971566
          ],
          [
            17.177362,
            47.971366
          ],
          [
            17.172613,
            47.964034
          ],
          [
            17.170724,
            47.96105
          ],
          [
            17.170667,
            47.960955
          ],
          [
            17.170171,
            47.96015
          ],
          [
            17.169617,
            47.959198
          ],
          [
            17.168421,
            47.956893
          ],
          [
            17.167709,
            47.955246
          ],
          [
            17.167285,
            47.954138
          ],
          [
            17.166938,
            47.953095
          ],
          [
            17.166495,
            47.951428
          ],
          [
            17.1663,
            47.950516
          ],
          [
            17.166148,
            47.949665
          ],
          [
            17.166012,
            47.948731
          ],
          [
            17.165941,
            47.947916
          ],
          [
            17.165913,
            47.947604
          ],
          [
            17.165866,
            47.946517
          ],
          [
            17.165876,
            47.944582
          ],
          [
            17.165972,
            47.943229
          ],
          [
            17.166211,
            47.941645
          ],
          [
            17.16648,
            47.94037
          ],
          [
            17.166798,
            47.939104
          ],
          [
            17.167496,
            47.937014
          ],
          [
            17.167999,
            47.935782
          ],
          [
            17.168313,
            47.935068
          ],
          [
            17.168903,
            47.933857
          ],
          [
            17.169492,
            47.932715
          ],
          [
            17.169825,
            47.932104
          ],
          [
            17.170764,
            47.930428
          ],
          [
            17.174433,
            47.924232
          ],
          [
            17.174697,
            47.923775
          ],
          [
            17.180021,
            47.914777
          ],
          [
            17.180518,
            47.913807
          ],
          [
            17.180584,
            47.913675
          ],
          [
            17.180817,
            47.913252
          ],
          [
            17.181802,
            47.911031
          ],
          [
            17.18251,
            47.908857
          ],
          [
            17.182664,
            47.908204
          ],
          [
            17.182847,
            47.90722
          ],
          [
            17.182941,
            47.906593
          ],
          [
            17.183028,
            47.905754
          ],
          [
            17.18305,
            47.905424
          ],
          [
            17.183072,
            47.904593
          ],
          [
            17.183083,
            47.90387
          ],
          [
            17.18304,
            47.902836
          ],
          [
            17.182966,
            47.902061
          ],
          [
            17.182798,
            47.900865
          ],
          [
            17.182487,
            47.899127
          ],
          [
            17.181686,
            47.895432
          ],
          [
            17.181581,
            47.895004
          ],
          [
            17.18125,
            47.893294
          ],
          [
            17.180996,
            47.892058
          ],
          [
            17.180845,
            47.891376
          ],
          [
            17.180761,
            47.890951
          ],
          [
            17.180765,
            47.89054
          ],
          [
            17.18085,
            47.890112
          ],
          [
            17.181041,
            47.889698
          ],
          [
            17.181219,
            47.889443
          ],
          [
            17.181436,
            47.889195
          ],
          [
            17.181642,
            47.889003
          ],
          [
            17.181873,
            47.888824
          ],
          [
            17.182343,
            47.888544
          ],
          [
            17.182619,
            47.888416
          ],
          [
            17.182902,
            47.888312
          ],
          [
            17.183368,
            47.888168
          ],
          [
            17.184203,
            47.887978
          ],
          [
            17.185072,
            47.887806
          ],
          [
            17.185415,
            47.887707
          ],
          [
            17.186289,
            47.887406
          ],
          [
            17.186717,
            47.88722
          ],
          [
            17.187344,
            47.886875
          ],
          [
            17.188464,
            47.886191
          ],
          [
            17.190298,
            47.885014
          ],
          [
            17.19281,
            47.8835
          ],
          [
            17.194198,
            47.882704
          ],
          [
            17.196534,
            47.881417
          ],
          [
            17.209555,
            47.874714
          ],
          [
            17.212758,
            47.873069
          ],
          [
            17.218738,
            47.86999
          ],
          [
            17.218837,
            47.869939
          ],
          [
            17.221939,
            47.868342
          ],
          [
            17.224663,
            47.866945
          ],
          [
            17.227288,
            47.865571
          ],
          [
            17.229858,
            47.864156
          ],
          [
            17.232362,
            47.862711
          ],
          [
            17.235559,
            47.86075
          ],
          [
            17.237311,
            47.859618
          ],
          [
            17.239507,
            47.858144
          ],
          [
            17.240896,
            47.857177
          ],
          [
            17.241942,
            47.856421
          ],
          [
            17.243984,
            47.854929
          ],
          [
            17.247474,
            47.852376
          ],
          [
            17.24831,
            47.851785
          ],
          [
            17.251189,
            47.849662
          ],
          [
            17.252312,
            47.84885
          ],
          [
            17.254287,
            47.847391
          ],
          [
            17.255006,
            47.846878
          ],
          [
            17.263426,
            47.840724
          ],
          [
            17.264719,
            47.839774
          ],
          [
            17.267498,
            47.837737
          ],
          [
            17.268957,
            47.836647
          ],
          [
            17.271407,
            47.834701
          ],
          [
            17.272356,
            47.833906
          ],
          [
            17.272497,
            47.833787
          ],
          [
            17.274761,
            47.831811
          ],
          [
            17.276846,
            47.829876
          ],
          [
            17.277823,
            47.828922
          ],
          [
            17.279099,
            47.827639
          ],
          [
            17.293498,
            47.812753
          ],
          [
            17.294559,
            47.811681
          ],
          [
            17.29587,
            47.810407
          ],
          [
            17.297861,
            47.808578
          ],
          [
            17.30021,
            47.806545
          ],
          [
            17.302207,
            47.804904
          ],
          [
            17.303991,
            47.803532
          ],
          [
            17.305446,
            47.802451
          ],
          [
            17.306899,
            47.801411
          ],
          [
            17.309426,
            47.799687
          ],
          [
            17.309628,
            47.799556
          ],
          [
            17.312178,
            47.79792
          ],
          [
            17.314517,
            47.796513
          ],
          [
            17.316895,
            47.795155
          ],
          [
            17.31939,
            47.793804
          ],
          [
            17.321961,
            47.792484
          ],
          [
            17.324569,
            47.791217
          ],
          [
            17.325284,
            47.790886
          ],
          [
            17.327718,
            47.789797
          ],
          [
            17.330053,
            47.788797
          ],
          [
            17.333427,
            47.787397
          ],
          [
            17.381867,
            47.7672
          ],
          [
            17.385212,
            47.765804
          ],
          [
            17.389973,
            47.763818
          ],
          [
            17.390087,
            47.763763
          ],
          [
            17.390432,
            47.763626
          ],
          [
            17.393166,
            47.762482
          ],
          [
            17.395471,
            47.761514
          ],
          [
            17.396844,
            47.760918
          ],
          [
            17.398276,
            47.760283
          ],
          [
            17.400274,
            47.759368
          ],
          [
            17.401994,
            47.758542
          ],
          [
            17.403697,
            47.757703
          ],
          [
            17.404897,
            47.757092
          ],
          [
            17.40609,
            47.756477
          ],
          [
            17.408487,
            47.755185
          ],
          [
            17.411117,
            47.75369
          ],
          [
            17.412084,
            47.753126
          ],
          [
            17.414118,
            47.751899
          ],
          [
            17.414818,
            47.751459
          ],
          [
            17.416876,
            47.750142
          ],
          [
            17.417816,
            47.749527
          ],
          [
            17.419267,
            47.748551
          ],
          [
            17.420348,
            47.747797
          ],
          [
            17.421693,
            47.746893
          ],
          [
            17.445466,
            47.730571
          ],
          [
            17.44784,
            47.729012
          ],
          [
            17.45025,
            47.727502
          ],
          [
            17.452747,
            47.726004
          ],
          [
            17.454228,
            47.725157
          ],
          [
            17.46798,
            47.717595
          ],
          [
            17.470415,
            47.716292
          ],
          [
            17.472947,
            47.714875
          ],
          [
            17.477872,
            47.712209
          ],
          [
            17.48029,
            47.710845
          ],
          [
            17.48379,
            47.708928
          ],
          [
            17.486481,
            47.707471
          ],
          [
            17.490662,
            47.705181
          ],
          [
            17.493109,
            47.703819
          ],
          [
            17.495147,
            47.70272
          ],
          [
            17.500192,
            47.699953
          ],
          [
            17.502814,
            47.69855
          ],
          [
            17.504139,
            47.697866
          ],
          [
            17.505497,
            47.697193
          ],
          [
            17.506816,
            47.696561
          ],
          [
            17.509353,
            47.695433
          ],
          [
            17.510922,
            47.69478
          ],
          [
            17.513469,
            47.693786
          ],
          [
            17.516161,
            47.692822
          ],
          [
            17.517542,
            47.692364
          ],
          [
            17.518941,
            47.691923
          ],
          [
            17.521576,
            47.691135
          ],
          [
            17.524242,
            47.690397
          ],
          [
            17.529383,
            47.689007
          ],
          [
            17.530818,
            47.688585
          ],
          [
            17.532248,
            47.688099
          ],
          [
            17.533051,
            47.687779
          ],
          [
            17.533821,
            47.687441
          ],
          [
            17.534799,
            47.686961
          ],
          [
            17.535946,
            47.686307
          ],
          [
            17.536581,
            47.685902
          ],
          [
            17.537372,
            47.685344
          ],
          [
            17.538048,
            47.684811
          ],
          [
            17.539276,
            47.683779
          ],
          [
            17.542237,
            47.681169
          ],
          [
            17.543131,
            47.680436
          ],
          [
            17.543571,
            47.680105
          ],
          [
            17.544223,
            47.679651
          ],
          [
            17.545017,
            47.679142
          ],
          [
            17.54512,
            47.679078
          ],
          [
            17.546211,
            47.678461
          ],
          [
            17.54703,
            47.678024
          ],
          [
            17.548025,
            47.677518
          ],
          [
            17.549242,
            47.676949
          ],
          [
            17.549965,
            47.676617
          ],
          [
            17.550623,
            47.676317
          ],
          [
            17.554334,
            47.674654
          ],
          [
            17.55747,
            47.673245
          ],
          [
            17.572603,
            47.666467
          ],
          [
            17.574238,
            47.665717
          ],
          [
            17.575038,
            47.665345
          ],
          [
            17.576325,
            47.664732
          ],
          [
            17.583846,
            47.661066
          ],
          [
            17.584308,
            47.660838
          ],
          [
            17.596241,
            47.655027
          ],
          [
            17.59641,
            47.654948
          ],
          [
            17.597244,
            47.654536
          ],
          [
            17.601131,
            47.652634
          ],
          [
            17.601852,
            47.65229
          ],
          [
            17.602022,
            47.652201
          ],
          [
            17.60677,
            47.649884
          ],
          [
            17.607012,
            47.649767
          ],
          [
            17.608279,
            47.649155
          ],
          [
            17.610099,
            47.648262
          ],
          [
            17.612975,
            47.646856
          ],
          [
            17.613413,
            47.646646
          ],
          [
            17.615607,
            47.645578
          ],
          [
            17.616303,
            47.645233
          ],
          [
            17.616474,
            47.64515
          ],
          [
            17.61679,
            47.645002
          ],
          [
            17.61713,
            47.644832
          ],
          [
            17.618323,
            47.644252
          ],
          [
            17.619512,
            47.643729
          ],
          [
            17.620177,
            47.643469
          ],
          [
            17.6208,
            47.643253
          ],
          [
            17.621857,
            47.642914
          ],
          [
            17.623331,
            47.642516
          ],
          [
            17.624963,
            47.642129
          ],
          [
            17.651463,
            47.636075
          ],
          [
            17.653874,
            47.63552
          ],
          [
            17.658019,
            47.634575
          ],
          [
            17.662306,
            47.633594
          ],
          [
            17.663224,
            47.633402
          ],
          [
            17.6639,
            47.633282
          ],
          [
            17.664838,
            47.633141
          ],
          [
            17.665782,
            47.633018
          ],
          [
            17.666418,
            47.632959
          ],
          [
            17.667358,
            47.632901
          ],
          [
            17.668526,
            47.632852
          ],
          [
            17.669897,
            47.632887
          ],
          [
            17.670243,
            47.632905
          ],
          [
            17.670788,
            47.632934
          ],
          [
            17.671413,
            47.632988
          ],
          [
            17.672412,
            47.633098
          ],
          [
            17.673355,
            47.633232
          ],
          [
            17.674775,
            47.6335
          ],
          [
            17.676353,
            47.633886
          ],
          [
            17.677239,
            47.634149
          ],
          [
            17.678067,
            47.63442
          ],
          [
            17.67872,
            47.634662
          ],
          [
            17.679382,
            47.634929
          ],
          [
            17.681951,
            47.636024
          ],
          [
            17.682261,
            47.636157
          ],
          [
            17.688809,
            47.638988
          ],
          [
            17.699219,
            47.64343
          ],
          [
            17.699541,
            47.643567
          ],
          [
            17.701645,
            47.644486
          ],
          [
            17.702542,
            47.6449
          ],
          [
            17.704603,
            47.645772
          ],
          [
            17.707426,
            47.646991
          ],
          [
            17.711232,
            47.648627
          ],
          [
            17.711847,
            47.648891
          ],
          [
            17.712031,
            47.648972
          ],
          [
            17.714341,
            47.649965
          ],
          [
            17.717586,
            47.651348
          ],
          [
            17.719345,
            47.65207
          ],
          [
            17.720241,
            47.65245
          ],
          [
            17.720542,
            47.652575
          ],
          [
            17.721512,
            47.652948
          ],
          [
            17.723393,
            47.653702
          ],
          [
            17.726295,
            47.654807
          ],
          [
            17.729222,
            47.65589
          ],
          [
            17.731734,
            47.65677
          ],
          [
            17.734485,
            47.657713
          ],
          [
            17.737346,
            47.658653
          ],
          [
            17.739643,
            47.659382
          ],
          [
            17.743097,
            47.66042
          ],
          [
            17.746556,
            47.661435
          ],
          [
            17.749602,
            47.662323
          ],
          [
            17.753173,
            47.663363
          ],
          [
            17.754825,
            47.663843
          ],
          [
            17.757355,
            47.664584
          ],
          [
            17.760582,
            47.665527
          ],
          [
            17.768923,
            47.667961
          ],
          [
            17.770199,
            47.668352
          ],
          [
            17.772139,
            47.668986
          ],
          [
            17.7735,
            47.669484
          ],
          [
            17.774175,
            47.669747
          ],
          [
            17.775433,
            47.670271
          ],
          [
            17.776666,
            47.670824
          ],
          [
            17.777856,
            47.671407
          ],
          [
            17.779036,
            47.672029
          ],
          [
            17.780455,
            47.672843
          ],
          [
            17.781707,
            47.67363
          ],
          [
            17.78305,
            47.674557
          ],
          [
            17.784241,
            47.675456
          ],
          [
            17.785369,
            47.67638
          ],
          [
            17.78649,
            47.677345
          ],
          [
            17.788597,
            47.679209
          ],
          [
            17.789717,
            47.680136
          ],
          [
            17.790309,
            47.680599
          ],
          [
            17.79094,
            47.681059
          ],
          [
            17.792121,
            47.681833
          ],
          [
            17.79336,
            47.682556
          ],
          [
            17.793965,
            47.682875
          ],
          [
            17.794585,
            47.683188
          ],
          [
            17.795947,
            47.683803
          ],
          [
            17.796436,
            47.684008
          ],
          [
            17.798141,
            47.684634
          ],
          [
            17.799694,
            47.685126
          ],
          [
            17.801222,
            47.685527
          ],
          [
            17.802549,
            47.685815
          ],
          [
            17.803289,
            47.685955
          ],
          [
            17.803383,
            47.685972
          ],
          [
            17.804161,
            47.6861
          ],
          [
            17.804834,
            47.686196
          ],
          [
            17.805815,
            47.686317
          ],
          [
            17.806509,
            47.686382
          ],
          [
            17.807974,
            47.686493
          ],
          [
            17.809369,
            47.686547
          ],
          [
            17.810563,
            47.686543
          ],
          [
            17.811839,
            47.686509
          ],
          [
            17.812483,
            47.686477
          ],
          [
            17.813219,
            47.686419
          ],
          [
            17.814125,
            47.686343
          ],
          [
            17.815029,
            47.686246
          ],
          [
            17.816135,
            47.686122
          ],
          [
            17.818128,
            47.685874
          ],
          [
            17.821992,
            47.685382
          ],
          [
            17.824921,
            47.685072
          ],
          [
            17.827954,
            47.684802
          ],
          [
            17.830814,
            47.684604
          ],
          [
            17.833718,
            47.684447
          ],
          [
            17.836468,
            47.68435
          ],
          [
            17.839413,
            47.684284
          ],
          [
            17.842095,
            47.684251
          ],
          [
            17.842351,
            47.684253
          ],
          [
            17.846124,
            47.684253
          ],
          [
            17.849218,
            47.684277
          ],
          [
            17.860759,
            47.684463
          ],
          [
            17.863735,
            47.684495
          ],
          [
            17.867111,
            47.684502
          ],
          [
            17.870186,
            47.684482
          ],
          [
            17.873236,
            47.684421
          ],
          [
            17.876254,
            47.684317
          ],
          [
            17.877761,
            47.684247
          ],
          [
            17.880787,
            47.684068
          ],
          [
            17.884087,
            47.683805
          ],
          [
            17.88748,
            47.683475
          ],
          [
            17.88974,
            47.683235
          ],
          [
            17.891393,
            47.683045
          ],
          [
            17.894562,
            47.682661
          ],
          [
            17.897113,
            47.682345
          ],
          [
            17.906021,
            47.681238
          ],
          [
            17.908924,
            47.680899
          ],
          [
            17.913791,
            47.680364
          ],
          [
            17.918194,
            47.679939
          ],
          [
            17.92066,
            47.679729
          ],
          [
            17.923429,
            47.679527
          ],
          [
            17.926558,
            47.679331
          ],
          [
            17.930007,
            47.679169
          ],
          [
            17.932033,
            47.679097
          ],
          [
            17.934443,
            47.679035
          ],
          [
            17.936753,
            47.678998
          ],
          [
            17.940143,
            47.678985
          ],
          [
            17.942916,
            47.679007
          ],
          [
            17.945793,
            47.679064
          ],
          [
            17.948631,
            47.679151
          ],
          [
            17.953296,
            47.679363
          ],
          [
            17.957077,
            47.679581
          ],
          [
            17.959884,
            47.679762
          ],
          [
            17.962736,
            47.679966
          ],
          [
            17.967599,
            47.680352
          ],
          [
            17.970573,
            47.680607
          ],
          [
            17.973593,
            47.680868
          ],
          [
            17.974513,
            47.680953
          ],
          [
            17.980519,
            47.681507
          ],
          [
            17.982881,
            47.681728
          ],
          [
            17.988012,
            47.682186
          ],
          [
            17.990747,
            47.682407
          ],
          [
            17.993654,
            47.682618
          ],
          [
            17.996383,
            47.682788
          ],
          [
            17.998064,
            47.682876
          ],
          [
            17.999601,
            47.682941
          ],
          [
            18.002314,
            47.683029
          ],
          [
            18.003936,
            47.68306
          ],
          [
            18.006788,
            47.683075
          ],
          [
            18.009591,
            47.683035
          ],
          [
            18.012439,
            47.682939
          ],
          [
            18.015273,
            47.682785
          ],
          [
            18.017846,
            47.682604
          ],
          [
            18.021018,
            47.682311
          ],
          [
            18.024153,
            47.681954
          ],
          [
            18.027099,
            47.681557
          ],
          [
            18.029945,
            47.681114
          ],
          [
            18.032771,
            47.680631
          ],
          [
            18.035656,
            47.680092
          ],
          [
            18.03856,
            47.67952
          ],
          [
            18.041507,
            47.678912
          ],
          [
            18.050075,
            47.677094
          ],
          [
            18.052899,
            47.676513
          ],
          [
            18.055232,
            47.676067
          ],
          [
            18.056809,
            47.675782
          ],
          [
            18.059745,
            47.675306
          ],
          [
            18.060812,
            47.675157
          ],
          [
            18.062057,
            47.674988
          ],
          [
            18.063096,
            47.674864
          ],
          [
            18.065642,
            47.674594
          ],
          [
            18.068659,
            47.674341
          ],
          [
            18.071586,
            47.674176
          ],
          [
            18.074556,
            47.674071
          ],
          [
            18.077114,
            47.674054
          ],
          [
            18.079762,
            47.674085
          ],
          [
            18.080772,
            47.674116
          ],
          [
            18.084015,
            47.674263
          ],
          [
            18.086155,
            47.674386
          ],
          [
            18.089805,
            47.674583
          ],
          [
            18.091828,
            47.674672
          ],
          [
            18.09366,
            47.674722
          ],
          [
            18.095313,
            47.674743
          ],
          [
            18.097214,
            47.674738
          ],
          [
            18.098458,
            47.674723
          ],
          [
            18.100739,
            47.674651
          ],
          [
            18.102652,
            47.674556
          ],
          [
            18.104335,
            47.674445
          ],
          [
            18.106055,
            47.674312
          ],
          [
            18.107435,
            47.674183
          ],
          [
            18.109836,
            47.673917
          ],
          [
            18.111474,
            47.673709
          ],
          [
            18.112536,
            47.673568
          ],
          [
            18.114693,
            47.67323
          ],
          [
            18.11674,
            47.672875
          ],
          [
            18.11897,
            47.672447
          ],
          [
            18.121068,
            47.671998
          ],
          [
            18.123375,
            47.671456
          ],
          [
            18.124763,
            47.671104
          ],
          [
            18.127402,
            47.670399
          ],
          [
            18.135952,
            47.667982
          ],
          [
            18.138723,
            47.667225
          ],
          [
            18.141832,
            47.666431
          ],
          [
            18.144466,
            47.665812
          ],
          [
            18.147076,
            47.665228
          ],
          [
            18.149794,
            47.664676
          ],
          [
            18.152853,
            47.664095
          ],
          [
            18.155765,
            47.663586
          ],
          [
            18.157632,
            47.663288
          ],
          [
            18.159529,
            47.663009
          ],
          [
            18.162953,
            47.662548
          ],
          [
            18.16656,
            47.662125
          ],
          [
            18.172689,
            47.66144
          ],
          [
            18.174025,
            47.66127
          ],
          [
            18.175256,
            47.661087
          ],
          [
            18.176239,
            47.660929
          ],
          [
            18.177602,
            47.660671
          ],
          [
            18.179191,
            47.660327
          ],
          [
            18.180862,
            47.659914
          ],
          [
            18.181797,
            47.659659
          ],
          [
            18.18325,
            47.659219
          ],
          [
            18.185247,
            47.658539
          ],
          [
            18.186738,
            47.657959
          ],
          [
            18.188404,
            47.657256
          ],
          [
            18.189667,
            47.656662
          ],
          [
            18.1909,
            47.656035
          ],
          [
            18.192165,
            47.655356
          ],
          [
            18.198118,
            47.651999
          ],
          [
            18.198218,
            47.651943
          ],
          [
            18.201815,
            47.649944
          ],
          [
            18.204383,
            47.648553
          ],
          [
            18.206948,
            47.647214
          ],
          [
            18.209537,
            47.645911
          ],
          [
            18.212091,
            47.644695
          ],
          [
            18.214582,
            47.643563
          ],
          [
            18.217182,
            47.642455
          ],
          [
            18.219707,
            47.641446
          ],
          [
            18.221628,
            47.640744
          ],
          [
            18.224161,
            47.639864
          ],
          [
            18.226339,
            47.639171
          ],
          [
            18.227639,
            47.638788
          ],
          [
            18.230515,
            47.637998
          ],
          [
            18.235943,
            47.636576
          ],
          [
            18.238298,
            47.63593
          ],
          [
            18.240869,
            47.635182
          ],
          [
            18.243255,
            47.634458
          ],
          [
            18.244963,
            47.633932
          ],
          [
            18.246718,
            47.633359
          ],
          [
            18.25092,
            47.631923
          ],
          [
            18.259129,
            47.629184
          ],
          [
            18.262961,
            47.628055
          ],
          [
            18.26361,
            47.62786
          ],
          [
            18.2647,
            47.627565
          ],
          [
            18.267124,
            47.626973
          ],
          [
            18.26799,
            47.626782
          ],
          [
            18.27021,
            47.626342
          ],
          [
            18.27229,
            47.626007
          ],
          [
            18.274272,
            47.625752
          ],
          [
            18.275912,
            47.625594
          ],
          [
            18.277209,
            47.6255
          ],
          [
            18.279536,
            47.62539
          ],
          [
            18.281309,
            47.62535
          ],
          [
            18.284163,
            47.625349
          ],
          [
            18.285941,
            47.625372
          ],
          [
            18.29404,
            47.625603
          ],
          [
            18.296191,
            47.625645
          ],
          [
            18.297883,
            47.625659
          ],
          [
            18.298072,
            47.625658
          ],
          [
            18.29944,
            47.625656
          ],
          [
            18.302961,
            47.625563
          ],
          [
            18.304612,
            47.625482
          ],
          [
            18.306489,
            47.62537
          ],
          [
            18.306918,
            47.625332
          ],
          [
            18.30875,
            47.625172
          ],
          [
            18.310649,
            47.624986
          ],
          [
            18.312461,
            47.624782
          ],
          [
            18.315015,
            47.624431
          ],
          [
            18.315912,
            47.624295
          ],
          [
            18.317714,
            47.624003
          ],
          [
            18.318891,
            47.623794
          ],
          [
            18.320524,
            47.623487
          ],
          [
            18.323104,
            47.622946
          ],
          [
            18.325325,
            47.622425
          ],
          [
            18.326386,
            47.622156
          ],
          [
            18.328786,
            47.621513
          ],
          [
            18.330689,
            47.620956
          ],
          [
            18.331507,
            47.620706
          ],
          [
            18.334935,
            47.619579
          ],
          [
            18.33666,
            47.618972
          ],
          [
            18.338594,
            47.618266
          ],
          [
            18.342721,
            47.616739
          ],
          [
            18.34372,
            47.616365
          ],
          [
            18.343957,
            47.616278
          ],
          [
            18.344235,
            47.616173
          ],
          [
            18.347145,
            47.615088
          ],
          [
            18.376069,
            47.604292
          ],
          [
            18.379449,
            47.603007
          ],
          [
            18.381551,
            47.602151
          ],
          [
            18.382736,
            47.601638
          ],
          [
            18.384122,
            47.601043
          ],
          [
            18.386367,
            47.599955
          ],
          [
            18.387372,
            47.599447
          ],
          [
            18.387494,
            47.599373
          ],
          [
            18.388504,
            47.59882
          ],
          [
            18.389984,
            47.59802
          ],
          [
            18.390477,
            47.597748
          ],
          [
            18.392776,
            47.59649
          ],
          [
            18.394357,
            47.5956
          ],
          [
            18.39541,
            47.594948
          ],
          [
            18.395989,
            47.594559
          ],
          [
            18.396617,
            47.59411
          ],
          [
            18.397316,
            47.593568
          ],
          [
            18.397883,
            47.593106
          ],
          [
            18.398195,
            47.592829
          ],
          [
            18.398599,
            47.592463
          ],
          [
            18.399473,
            47.59159
          ],
          [
            18.402533,
            47.588322
          ],
          [
            18.402911,
            47.587921
          ],
          [
            18.404473,
            47.586269
          ],
          [
            18.408678,
            47.58203
          ],
          [
            18.409492,
            47.58125
          ],
          [
            18.410226,
            47.5806
          ],
          [
            18.411143,
            47.579914
          ],
          [
            18.411594,
            47.579621
          ],
          [
            18.411997,
            47.579388
          ],
          [
            18.412631,
            47.579056
          ],
          [
            18.413233,
            47.578788
          ],
          [
            18.413917,
            47.57852
          ],
          [
            18.414661,
            47.578271
          ],
          [
            18.41576,
            47.577974
          ],
          [
            18.4161,
            47.577897
          ],
          [
            18.416892,
            47.57775
          ],
          [
            18.418308,
            47.577547
          ],
          [
            18.419131,
            47.577455
          ],
          [
            18.420373,
            47.577314
          ],
          [
            18.425529,
            47.576754
          ],
          [
            18.427406,
            47.576544
          ],
          [
            18.431398,
            47.576098
          ],
          [
            18.435327,
            47.575668
          ],
          [
            18.436135,
            47.575577
          ],
          [
            18.442771,
            47.574848
          ],
          [
            18.44355,
            47.574776
          ],
          [
            18.444882,
            47.574684
          ],
          [
            18.445594,
            47.574671
          ],
          [
            18.447037,
            47.574726
          ],
          [
            18.44786,
            47.574804
          ],
          [
            18.448538,
            47.574891
          ],
          [
            18.449048,
            47.57496
          ],
          [
            18.44996,
            47.575111
          ],
          [
            18.452763,
            47.575638
          ],
          [
            18.454668,
            47.57596
          ],
          [
            18.455461,
            47.576066
          ],
          [
            18.456864,
            47.576211
          ],
          [
            18.457555,
            47.576248
          ],
          [
            18.457991,
            47.576262
          ],
          [
            18.458686,
            47.576272
          ],
          [
            18.45995,
            47.576258
          ],
          [
            18.461311,
            47.576179
          ],
          [
            18.462126,
            47.576103
          ],
          [
            18.46262,
            47.576049
          ],
          [
            18.463621,
            47.575897
          ],
          [
            18.464538,
            47.575736
          ],
          [
            18.465475,
            47.575532
          ],
          [
            18.466339,
            47.575315
          ],
          [
            18.467213,
            47.575059
          ],
          [
            18.468325,
            47.574686
          ],
          [
            18.469093,
            47.574395
          ],
          [
            18.469749,
            47.574121
          ],
          [
            18.470439,
            47.573809
          ],
          [
            18.47119,
            47.573428
          ],
          [
            18.471851,
            47.57306
          ],
          [
            18.472582,
            47.572618
          ],
          [
            18.473289,
            47.572145
          ],
          [
            18.47415,
            47.571496
          ],
          [
            18.474572,
            47.571148
          ],
          [
            18.475481,
            47.570297
          ],
          [
            18.476114,
            47.569607
          ],
          [
            18.4768,
            47.568742
          ],
          [
            18.477125,
            47.568273
          ],
          [
            18.477735,
            47.567265
          ],
          [
            18.477987,
            47.566773
          ],
          [
            18.479513,
            47.563661
          ],
          [
            18.480008,
            47.562805
          ],
          [
            18.480583,
            47.561933
          ],
          [
            18.481102,
            47.561233
          ],
          [
            18.481654,
            47.560573
          ],
          [
            18.482185,
            47.559996
          ],
          [
            18.482564,
            47.559602
          ],
          [
            18.483023,
            47.559164
          ],
          [
            18.483999,
            47.558303
          ],
          [
            18.484757,
            47.557693
          ],
          [
            18.487933,
            47.555319
          ],
          [
            18.489141,
            47.554362
          ],
          [
            18.490072,
            47.553576
          ],
          [
            18.491706,
            47.552075
          ],
          [
            18.492474,
            47.551296
          ],
          [
            18.493296,
            47.550415
          ],
          [
            18.493984,
            47.549623
          ],
          [
            18.494146,
            47.54943
          ],
          [
            18.495236,
            47.548053
          ],
          [
            18.496135,
            47.546782
          ],
          [
            18.496946,
            47.545508
          ],
          [
            18.497618,
            47.544336
          ],
          [
            18.498261,
            47.543047
          ],
          [
            18.49868,
            47.542112
          ],
          [
            18.499011,
            47.541301
          ],
          [
            18.499493,
            47.539935
          ],
          [
            18.499877,
            47.538622
          ],
          [
            18.500142,
            47.537515
          ],
          [
            18.500404,
            47.536141
          ],
          [
            18.50069,
            47.534489
          ],
          [
            18.500967,
            47.533124
          ],
          [
            18.501122,
            47.532486
          ],
          [
            18.50123,
            47.532124
          ],
          [
            18.501548,
            47.53117
          ],
          [
            18.501804,
            47.530537
          ],
          [
            18.502076,
            47.529965
          ],
          [
            18.502411,
            47.529369
          ],
          [
            18.502764,
            47.528829
          ],
          [
            18.503392,
            47.52802
          ],
          [
            18.503881,
            47.527501
          ],
          [
            18.504146,
            47.527242
          ],
          [
            18.504661,
            47.526785
          ],
          [
            18.505466,
            47.52617
          ],
          [
            18.506231,
            47.525671
          ],
          [
            18.507108,
            47.525177
          ],
          [
            18.50811,
            47.524697
          ],
          [
            18.509016,
            47.524333
          ],
          [
            18.511362,
            47.523538
          ],
          [
            18.515968,
            47.522043
          ],
          [
            18.520458,
            47.520582
          ],
          [
            18.521445,
            47.520264
          ],
          [
            18.523579,
            47.519562
          ],
          [
            18.524471,
            47.519259
          ],
          [
            18.525268,
            47.518967
          ],
          [
            18.526293,
            47.51854
          ],
          [
            18.527296,
            47.518067
          ],
          [
            18.528612,
            47.517377
          ],
          [
            18.52982,
            47.516667
          ],
          [
            18.53098,
            47.515927
          ],
          [
            18.532185,
            47.515097
          ],
          [
            18.533524,
            47.514088
          ],
          [
            18.535371,
            47.512539
          ],
          [
            18.539099,
            47.509265
          ],
          [
            18.540216,
            47.508313
          ],
          [
            18.541178,
            47.507543
          ],
          [
            18.542111,
            47.506873
          ],
          [
            18.542923,
            47.506344
          ],
          [
            18.544005,
            47.505705
          ],
          [
            18.544811,
            47.505268
          ],
          [
            18.545796,
            47.504783
          ],
          [
            18.54643,
            47.50449
          ],
          [
            18.547547,
            47.503974
          ],
          [
            18.551458,
            47.502196
          ],
          [
            18.555336,
            47.50043
          ],
          [
            18.562366,
            47.497228
          ],
          [
            18.564236,
            47.496373
          ],
          [
            18.565,
            47.496023
          ],
          [
            18.567212,
            47.495018
          ],
          [
            18.567447,
            47.494917
          ],
          [
            18.567935,
            47.494695
          ],
          [
            18.568772,
            47.494326
          ],
          [
            18.569763,
            47.493962
          ],
          [
            18.57059,
            47.493702
          ],
          [
            18.571173,
            47.493543
          ],
          [
            18.57177,
            47.493399
          ],
          [
            18.572375,
            47.493276
          ],
          [
            18.573459,
            47.493104
          ],
          [
            18.574507,
            47.492993
          ],
          [
            18.575665,
            47.492921
          ],
          [
            18.576918,
            47.492924
          ],
          [
            18.577507,
            47.49295
          ],
          [
            18.578628,
            47.493038
          ],
          [
            18.57898,
            47.493076
          ],
          [
            18.579868,
            47.493211
          ],
          [
            18.580716,
            47.493371
          ],
          [
            18.581499,
            47.493554
          ],
          [
            18.582218,
            47.49375
          ],
          [
            18.582923,
            47.493976
          ],
          [
            18.583625,
            47.494227
          ],
          [
            18.584895,
            47.494762
          ],
          [
            18.585698,
            47.495148
          ],
          [
            18.586464,
            47.495548
          ],
          [
            18.589902,
            47.497542
          ],
          [
            18.592344,
            47.498987
          ],
          [
            18.592875,
            47.499296
          ],
          [
            18.595416,
            47.500793
          ],
          [
            18.597326,
            47.501927
          ],
          [
            18.598167,
            47.502419
          ],
          [
            18.598546,
            47.502642
          ],
          [
            18.602083,
            47.504701
          ],
          [
            18.602935,
            47.50517
          ],
          [
            18.604224,
            47.505829
          ],
          [
            18.605818,
            47.506558
          ],
          [
            18.606618,
            47.506878
          ],
          [
            18.606832,
            47.50696
          ],
          [
            18.607445,
            47.507194
          ],
          [
            18.608656,
            47.5076
          ],
          [
            18.609688,
            47.507911
          ],
          [
            18.610751,
            47.508186
          ],
          [
            18.612132,
            47.508499
          ],
          [
            18.61312,
            47.508688
          ],
          [
            18.613896,
            47.508817
          ],
          [
            18.614648,
            47.508927
          ],
          [
            18.615862,
            47.509079
          ],
          [
            18.617756,
            47.509263
          ],
          [
            18.623762,
            47.509681
          ],
          [
            18.626351,
            47.509853
          ],
          [
            18.63292,
            47.510291
          ],
          [
            18.640678,
            47.510801
          ],
          [
            18.641805,
            47.510874
          ],
          [
            18.643421,
            47.510954
          ],
          [
            18.645474,
            47.511017
          ],
          [
            18.647964,
            47.511023
          ],
          [
            18.649549,
            47.510988
          ],
          [
            18.652094,
            47.510883
          ],
          [
            18.653607,
            47.510774
          ],
          [
            18.656057,
            47.510556
          ],
          [
            18.659049,
            47.510236
          ],
          [
            18.675792,
            47.508309
          ],
          [
            18.680034,
            47.507848
          ],
          [
            18.681484,
            47.507713
          ],
          [
            18.68292,
            47.50761
          ],
          [
            18.684341,
            47.507535
          ],
          [
            18.686301,
            47.507489
          ],
          [
            18.687956,
            47.507487
          ],
          [
            18.689836,
            47.507533
          ],
          [
            18.691141,
            47.507595
          ],
          [
            18.691939,
            47.507646
          ],
          [
            18.693818,
            47.507799
          ],
          [
            18.695286,
            47.507946
          ],
          [
            18.698283,
            47.508274
          ],
          [
            18.715554,
            47.510195
          ],
          [
            18.718503,
            47.510493
          ],
          [
            18.720033,
            47.51063
          ],
          [
            18.722833,
            47.510825
          ],
          [
            18.724204,
            47.510898
          ],
          [
            18.726994,
            47.510998
          ],
          [
            18.72931,
            47.511022
          ],
          [
            18.730048,
            47.511024
          ],
          [
            18.732548,
            47.510987
          ],
          [
            18.734805,
            47.510914
          ],
          [
            18.73604,
            47.510851
          ],
          [
            18.738286,
            47.510706
          ],
          [
            18.740196,
            47.510548
          ],
          [
            18.742127,
            47.510361
          ],
          [
            18.744068,
            47.510131
          ],
          [
            18.745714,
            47.509914
          ],
          [
            18.747138,
            47.509706
          ],
          [
            18.748508,
            47.509488
          ],
          [
            18.750549,
            47.509129
          ],
          [
            18.752932,
            47.508661
          ],
          [
            18.754252,
            47.508379
          ],
          [
            18.754635,
            47.508297
          ],
          [
            18.758471,
            47.507412
          ],
          [
            18.75907,
            47.507268
          ],
          [
            18.759671,
            47.50713
          ],
          [
            18.759803,
            47.507098
          ],
          [
            18.760138,
            47.507016
          ],
          [
            18.761241,
            47.506752
          ],
          [
            18.761797,
            47.506618
          ],
          [
            18.763821,
            47.50615
          ],
          [
            18.773415,
            47.50386
          ],
          [
            18.778837,
            47.502581
          ],
          [
            18.782348,
            47.501796
          ],
          [
            18.78558,
            47.501122
          ],
          [
            18.788899,
            47.50048
          ],
          [
            18.791782,
            47.49996
          ],
          [
            18.808577,
            47.497089
          ],
          [
            18.810829,
            47.49669
          ],
          [
            18.812611,
            47.496338
          ],
          [
            18.814445,
            47.495909
          ],
          [
            18.815101,
            47.495743
          ],
          [
            18.815426,
            47.495655
          ],
          [
            18.816537,
            47.49535
          ],
          [
            18.818013,
            47.494898
          ],
          [
            18.819517,
            47.494396
          ],
          [
            18.820642,
            47.49398
          ],
          [
            18.822425,
            47.493273
          ],
          [
            18.823745,
            47.492684
          ],
          [
            18.824872,
            47.492151
          ],
          [
            18.825876,
            47.491646
          ],
          [
            18.827808,
            47.490573
          ],
          [
            18.828533,
            47.490135
          ],
          [
            18.829852,
            47.489293
          ],
          [
            18.831599,
            47.488086
          ],
          [
            18.838699,
            47.483062
          ],
          [
            18.839094,
            47.482788
          ],
          [
            18.84226,
            47.480626
          ],
          [
            18.844621,
            47.479121
          ],
          [
            18.845955,
            47.478304
          ],
          [
            18.848407,
            47.476883
          ],
          [
            18.849599,
            47.476224
          ],
          [
            18.850949,
            47.475497
          ],
          [
            18.85243,
            47.474729
          ],
          [
            18.854478,
            47.473699
          ],
          [
            18.854999,
            47.473439
          ],
          [
            18.857552,
            47.472154
          ],
          [
            18.861343,
            47.47024
          ],
          [
            18.863627,
            47.469083
          ],
          [
            18.867232,
            47.467295
          ],
          [
            18.868426,
            47.466758
          ],
          [
            18.870277,
            47.466008
          ],
          [
            18.872756,
            47.465138
          ],
          [
            18.878589,
            47.463146
          ],
          [
            18.890317,
            47.459159
          ],
          [
            18.900843,
            47.455588
          ],
          [
            18.904108,
            47.454487
          ],
          [
            18.906788,
            47.453701
          ],
          [
            18.907793,
            47.453442
          ],
          [
            18.908054,
            47.453379
          ],
          [
            18.908161,
            47.453354
          ],
          [
            18.908925,
            47.453172
          ],
          [
            18.909625,
            47.453024
          ],
          [
            18.909747,
            47.452998
          ],
          [
            18.91069,
            47.4528
          ],
          [
            18.912071,
            47.452553
          ],
          [
            18.912735,
            47.452449
          ],
          [
            18.914777,
            47.452211
          ],
          [
            18.916685,
            47.452039
          ],
          [
            18.917757,
            47.451984
          ],
          [
            18.918774,
            47.451941
          ],
          [
            18.92157,
            47.451927
          ],
          [
            18.922762,
            47.4519
          ],
          [
            18.925484,
            47.451902
          ],
          [
            18.928621,
            47.451943
          ],
          [
            18.941346,
            47.452054
          ],
          [
            18.947549,
            47.452107
          ],
          [
            18.948205,
            47.452113
          ],
          [
            18.957859,
            47.452235
          ],
          [
            18.95993,
            47.452309
          ],
          [
            18.9609,
            47.452359
          ],
          [
            18.962463,
            47.452478
          ],
          [
            18.963559,
            47.452603
          ],
          [
            18.964693,
            47.452751
          ],
          [
            18.965829,
            47.452918
          ],
          [
            18.967093,
            47.453127
          ],
          [
            18.968863,
            47.45347
          ],
          [
            18.970563,
            47.453852
          ],
          [
            18.973321,
            47.454606
          ],
          [
            18.981611,
            47.457127
          ],
          [
            18.983927,
            47.457811
          ],
          [
            18.984682,
            47.458012
          ],
          [
            18.986447,
            47.458425
          ],
          [
            18.988747,
            47.458923
          ],
          [
            18.992841,
            47.459592
          ],
          [
            18.997751,
            47.460383
          ],
          [
            18.998013,
            47.460426
          ],
          [
            18.999879,
            47.46073
          ],
          [
            19.002309,
            47.461148
          ],
          [
            19.004248,
            47.461543
          ],
          [
            19.00545,
            47.46181
          ],
          [
            19.006487,
            47.46206
          ],
          [
            19.006769,
            47.462134
          ],
          [
            19.008137,
            47.462507
          ],
          [
            19.009475,
            47.462916
          ],
          [
            19.01034,
            47.4632
          ],
          [
            19.011511,
            47.463659
          ],
          [
            19.012115,
            47.463908
          ],
          [
            19.012412,
            47.464032
          ],
          [
            19.012791,
            47.464213
          ],
          [
            19.012852,
            47.464242
          ],
          [
            19.013973,
            47.464787
          ],
          [
            19.01454,
            47.465082
          ],
          [
            19.015436,
            47.465623
          ],
          [
            19.016053,
            47.466075
          ],
          [
            19.016489,
            47.466437
          ],
          [
            19.016861,
            47.466796
          ],
          [
            19.017483,
            47.467478
          ],
          [
            19.017624,
            47.46764
          ],
          [
            19.017911,
            47.468015
          ],
          [
            19.018108,
            47.468328
          ],
          [
            19.018325,
            47.468609
          ],
          [
            19.018914,
            47.4693
          ],
          [
            19.019511,
            47.470005
          ],
          [
            19.019972,
            47.470544
          ],
          [
            19.020044,
            47.47063
          ],
          [
            19.020573,
            47.471222
          ],
          [
            19.021454,
            47.472009
          ],
          [
            19.02163,
            47.47213
          ],
          [
            19.02181,
            47.472333
          ],
          [
            19.022141,
            47.472827
          ],
          [
            19.022942,
            47.474092
          ],
          [
            19.023291,
            47.474633
          ],
          [
            19.023311,
            47.474666
          ],
          [
            19.023906,
            47.475605
          ],
          [
            19.024224,
            47.476108
          ],
          [
            19.024261,
            47.476165
          ],
          [
            19.024398,
            47.476381
          ],
          [
            19.024691,
            47.476846
          ],
          [
            19.025316,
            47.477775
          ],
          [
            19.025696,
            47.478288
          ],
          [
            19.025784,
            47.478412
          ],
          [
            19.026012,
            47.478729
          ],
          [
            19.026153,
            47.478929
          ],
          [
            19.026215,
            47.479037
          ],
          [
            19.026501,
            47.479571
          ],
          [
            19.026522,
            47.479612
          ],
          [
            19.02664,
            47.47997
          ],
          [
            19.026814,
            47.480878
          ],
          [
            19.026895,
            47.481467
          ],
          [
            19.026922,
            47.481899
          ],
          [
            19.026909,
            47.482106
          ],
          [
            19.026843,
            47.482464
          ],
          [
            19.02677,
            47.482685
          ],
          [
            19.026705,
            47.482879
          ],
          [
            19.026376,
            47.483467
          ],
          [
            19.026126,
            47.48399
          ],
          [
            19.026007,
            47.484415
          ],
          [
            19.02593,
            47.484729
          ],
          [
            19.02588,
            47.484829
          ],
          [
            19.025164,
            47.485555
          ],
          [
            19.025006,
            47.485817
          ],
          [
            19.024886,
            47.486139
          ],
          [
            19.024835,
            47.486459
          ],
          [
            19.024813,
            47.487206
          ],
          [
            19.024839,
            47.487506
          ],
          [
            19.024835,
            47.487564
          ],
          [
            19.024824,
            47.487787
          ],
          [
            19.024813,
            47.488372
          ],
          [
            19.024794,
            47.488723
          ],
          [
            19.024762,
            47.489268
          ],
          [
            19.02469,
            47.490014
          ],
          [
            19.024537,
            47.490832
          ],
          [
            19.024486,
            47.490999
          ],
          [
            19.024252,
            47.492076
          ],
          [
            19.023899,
            47.493961
          ],
          [
            19.023807,
            47.49505
          ],
          [
            19.024204,
            47.495096
          ],
          [
            19.025008,
            47.495189
          ],
          [
            19.026197,
            47.495307
          ],
          [
            19.026313,
            47.495323
          ],
          [
            19.026558,
            47.495358
          ],
          [
            19.02661,
            47.495365
          ],
          [
            19.027485,
            47.49484
          ],
          [
            19.027577,
            47.494786
          ],
          [
            19.027766,
            47.49471
          ],
          [
            19.027965,
            47.494678
          ],
          [
            19.028072,
            47.494676
          ],
          [
            19.028289,
            47.494711
          ],
          [
            19.028495,
            47.494789
          ],
          [
            19.028643,
            47.494892
          ],
          [
            19.028971,
            47.49518
          ],
          [
            19.029491,
            47.495621
          ],
          [
            19.029607,
            47.495727
          ],
          [
            19.029781,
            47.495887
          ],
          [
            19.030006,
            47.496065
          ],
          [
            19.030198,
            47.496162
          ],
          [
            19.030997,
            47.496494
          ],
          [
            19.031392,
            47.496591
          ],
          [
            19.03178,
            47.496677
          ],
          [
            19.032313,
            47.496791
          ],
          [
            19.032479,
            47.496823
          ],
          [
            19.03319,
            47.496953
          ],
          [
            19.033753,
            47.497057
          ],
          [
            19.033921,
            47.497088
          ],
          [
            19.034365,
            47.497176
          ],
          [
            19.034848,
            47.497272
          ],
          [
            19.035096,
            47.497322
          ],
          [
            19.039563,
            47.498184
          ],
          [
            19.039724,
            47.498216
          ],
          [
            19.040194,
            47.498221
          ],
          [
            19.040248,
            47.498182
          ],
          [
            19.040389,
            47.498136
          ],
          [
            19.040469,
            47.498081
          ]
        ]
      }
    }
  ]
}
