{
  "type": "FeatureCollection",
  "properties": {
    "dayNumber": 6,
    "title": "Enter into Italy"
  },
  "features": [
    {
      "type": "Feature",
      "properties": {
        "mode": "drive",
        "fromStopIndex": 0,
        "toStopIndex": 1,
        "fromName": "Kamnik",
        "toName": "Piazzale Roma",
        "waypointNames": [
          "Kamnik",
          "Piazzale Roma"
        ],
        "distanceMeters": 264998.2,
        "durationSeconds": 10091.5
      },
      "geometry": {
        "type": "LineString",
        "coordinates": [
          [
            14.595337,
            46.201167
          ],
          [
            14.595573,
            46.201296
          ],
          [
            14.596694,
            46.201902
          ],
          [
            14.596689,
            46.202093
          ],
          [
            14.596588,
            46.202108
          ],
          [
            14.596331,
            46.202209
          ],
          [
            14.596152,
            46.202069
          ],
          [
            14.595931,
            46.201951
          ],
          [
            14.595258,
            46.201654
          ],
          [
            14.594847,
            46.201446
          ],
          [
            14.594579,
            46.201262
          ],
          [
            14.594092,
            46.200835
          ],
          [
            14.593903,
            46.200649
          ],
          [
            14.593822,
            46.200503
          ],
          [
            14.593764,
            46.200335
          ],
          [
            14.593738,
            46.200142
          ],
          [
            14.593733,
            46.199824
          ],
          [
            14.593768,
            46.199256
          ],
          [
            14.593806,
            46.198887
          ],
          [
            14.593703,
            46.198852
          ],
          [
            14.593625,
            46.198794
          ],
          [
            14.593581,
            46.19872
          ],
          [
            14.593578,
            46.19864
          ],
          [
            14.592831,
            46.198519
          ],
          [
            14.592444,
            46.198421
          ],
          [
            14.592142,
            46.198322
          ],
          [
            14.591894,
            46.198194
          ],
          [
            14.591738,
            46.198327
          ],
          [
            14.591635,
            46.198371
          ],
          [
            14.591147,
            46.198518
          ],
          [
            14.589608,
            46.198915
          ],
          [
            14.58893,
            46.19902
          ],
          [
            14.587869,
            46.199153
          ],
          [
            14.586502,
            46.199328
          ],
          [
            14.586147,
            46.19939
          ],
          [
            14.585729,
            46.199486
          ],
          [
            14.58472,
            46.199774
          ],
          [
            14.582924,
            46.200345
          ],
          [
            14.581712,
            46.200728
          ],
          [
            14.580587,
            46.201062
          ],
          [
            14.57975,
            46.201356
          ],
          [
            14.578952,
            46.201633
          ],
          [
            14.577887,
            46.201965
          ],
          [
            14.57685,
            46.202339
          ],
          [
            14.576575,
            46.202453
          ],
          [
            14.576361,
            46.202569
          ],
          [
            14.576192,
            46.202718
          ],
          [
            14.57615,
            46.202779
          ],
          [
            14.576216,
            46.202843
          ],
          [
            14.57622,
            46.202894
          ],
          [
            14.576184,
            46.202948
          ],
          [
            14.57614,
            46.202975
          ],
          [
            14.576067,
            46.202991
          ],
          [
            14.575986,
            46.202982
          ],
          [
            14.575918,
            46.202945
          ],
          [
            14.575885,
            46.202861
          ],
          [
            14.57592,
            46.202798
          ],
          [
            14.575727,
            46.202658
          ],
          [
            14.575501,
            46.202459
          ],
          [
            14.574647,
            46.201482
          ],
          [
            14.574421,
            46.201246
          ],
          [
            14.573808,
            46.200732
          ],
          [
            14.573661,
            46.200569
          ],
          [
            14.573401,
            46.200279
          ],
          [
            14.573168,
            46.200083
          ],
          [
            14.5729,
            46.199938
          ],
          [
            14.572506,
            46.199787
          ],
          [
            14.571759,
            46.199561
          ],
          [
            14.571217,
            46.199427
          ],
          [
            14.569646,
            46.199136
          ],
          [
            14.568236,
            46.198839
          ],
          [
            14.568084,
            46.198797
          ],
          [
            14.56769,
            46.198665
          ],
          [
            14.567309,
            46.198519
          ],
          [
            14.566533,
            46.198212
          ],
          [
            14.56602,
            46.198026
          ],
          [
            14.56577,
            46.197955
          ],
          [
            14.565295,
            46.197853
          ],
          [
            14.563589,
            46.197499
          ],
          [
            14.563416,
            46.197462
          ],
          [
            14.562482,
            46.197273
          ],
          [
            14.56123,
            46.196982
          ],
          [
            14.560073,
            46.196676
          ],
          [
            14.559808,
            46.196618
          ],
          [
            14.559543,
            46.196579
          ],
          [
            14.558522,
            46.196491
          ],
          [
            14.557931,
            46.196461
          ],
          [
            14.557429,
            46.196446
          ],
          [
            14.554808,
            46.196432
          ],
          [
            14.554427,
            46.196404
          ],
          [
            14.554142,
            46.196339
          ],
          [
            14.55395,
            46.196262
          ],
          [
            14.55358,
            46.196072
          ],
          [
            14.553324,
            46.195968
          ],
          [
            14.553154,
            46.195921
          ],
          [
            14.552979,
            46.195892
          ],
          [
            14.550416,
            46.195616
          ],
          [
            14.550324,
            46.195604
          ],
          [
            14.550003,
            46.195536
          ],
          [
            14.549833,
            46.195485
          ],
          [
            14.54964,
            46.195402
          ],
          [
            14.549097,
            46.195033
          ],
          [
            14.548984,
            46.194981
          ],
          [
            14.548891,
            46.19496
          ],
          [
            14.548808,
            46.194959
          ],
          [
            14.548466,
            46.19498
          ],
          [
            14.548219,
            46.194982
          ],
          [
            14.548124,
            46.194965
          ],
          [
            14.547862,
            46.194868
          ],
          [
            14.547605,
            46.194752
          ],
          [
            14.547427,
            46.194714
          ],
          [
            14.54728,
            46.194711
          ],
          [
            14.54715,
            46.194733
          ],
          [
            14.54709,
            46.194743
          ],
          [
            14.546247,
            46.194898
          ],
          [
            14.545518,
            46.19498
          ],
          [
            14.545225,
            46.195029
          ],
          [
            14.544678,
            46.195156
          ],
          [
            14.544537,
            46.195203
          ],
          [
            14.544429,
            46.195258
          ],
          [
            14.544282,
            46.195315
          ],
          [
            14.544211,
            46.195326
          ],
          [
            14.543793,
            46.195303
          ],
          [
            14.543549,
            46.195285
          ],
          [
            14.54283,
            46.195263
          ],
          [
            14.542504,
            46.195232
          ],
          [
            14.542277,
            46.195192
          ],
          [
            14.542109,
            46.195143
          ],
          [
            14.542074,
            46.195134
          ],
          [
            14.541927,
            46.195087
          ],
          [
            14.541515,
            46.194974
          ],
          [
            14.541226,
            46.194901
          ],
          [
            14.540581,
            46.194766
          ],
          [
            14.539594,
            46.194619
          ],
          [
            14.538935,
            46.194553
          ],
          [
            14.538524,
            46.194525
          ],
          [
            14.537728,
            46.194473
          ],
          [
            14.536551,
            46.194421
          ],
          [
            14.535406,
            46.194363
          ],
          [
            14.532841,
            46.1942
          ],
          [
            14.530094,
            46.193833
          ],
          [
            14.529116,
            46.193698
          ],
          [
            14.527527,
            46.193435
          ],
          [
            14.52594,
            46.193137
          ],
          [
            14.522994,
            46.19262
          ],
          [
            14.522445,
            46.19252
          ],
          [
            14.522178,
            46.192467
          ],
          [
            14.52127,
            46.192292
          ],
          [
            14.519805,
            46.192025
          ],
          [
            14.51968,
            46.192003
          ],
          [
            14.518999,
            46.191904
          ],
          [
            14.518155,
            46.191803
          ],
          [
            14.514698,
            46.191524
          ],
          [
            14.510711,
            46.191143
          ],
          [
            14.509809,
            46.191038
          ],
          [
            14.509626,
            46.191005
          ],
          [
            14.509032,
            46.190865
          ],
          [
            14.508695,
            46.190802
          ],
          [
            14.507766,
            46.190681
          ],
          [
            14.507515,
            46.190645
          ],
          [
            14.507262,
            46.1906
          ],
          [
            14.506814,
            46.19049
          ],
          [
            14.50574,
            46.190121
          ],
          [
            14.505034,
            46.189839
          ],
          [
            14.504611,
            46.189635
          ],
          [
            14.504223,
            46.189436
          ],
          [
            14.503595,
            46.189064
          ],
          [
            14.503022,
            46.188691
          ],
          [
            14.502515,
            46.188306
          ],
          [
            14.501823,
            46.187684
          ],
          [
            14.501341,
            46.187171
          ],
          [
            14.500231,
            46.185817
          ],
          [
            14.499732,
            46.18531
          ],
          [
            14.49918,
            46.184882
          ],
          [
            14.498708,
            46.184576
          ],
          [
            14.498421,
            46.184415
          ],
          [
            14.498208,
            46.184296
          ],
          [
            14.496985,
            46.183758
          ],
          [
            14.496301,
            46.183519
          ],
          [
            14.495402,
            46.183284
          ],
          [
            14.495169,
            46.183237
          ],
          [
            14.494789,
            46.183162
          ],
          [
            14.494092,
            46.183059
          ],
          [
            14.493165,
            46.182999
          ],
          [
            14.492543,
            46.183001
          ],
          [
            14.491933,
            46.183033
          ],
          [
            14.491296,
            46.183104
          ],
          [
            14.49066,
            46.183205
          ],
          [
            14.490133,
            46.183312
          ],
          [
            14.489578,
            46.183455
          ],
          [
            14.488803,
            46.1837
          ],
          [
            14.487892,
            46.18405
          ],
          [
            14.487014,
            46.184365
          ],
          [
            14.486589,
            46.184481
          ],
          [
            14.486193,
            46.184558
          ],
          [
            14.485897,
            46.1846
          ],
          [
            14.485527,
            46.184639
          ],
          [
            14.485071,
            46.184658
          ],
          [
            14.484672,
            46.184647
          ],
          [
            14.484258,
            46.184617
          ],
          [
            14.483811,
            46.184565
          ],
          [
            14.483352,
            46.184472
          ],
          [
            14.482618,
            46.184274
          ],
          [
            14.482516,
            46.184244
          ],
          [
            14.482201,
            46.184144
          ],
          [
            14.481598,
            46.183903
          ],
          [
            14.480313,
            46.183321
          ],
          [
            14.4795,
            46.182976
          ],
          [
            14.479493,
            46.182918
          ],
          [
            14.479563,
            46.182786
          ],
          [
            14.479821,
            46.1826
          ],
          [
            14.480031,
            46.182429
          ],
          [
            14.480149,
            46.182362
          ],
          [
            14.480432,
            46.182258
          ],
          [
            14.480734,
            46.182207
          ],
          [
            14.481067,
            46.182207
          ],
          [
            14.48142,
            46.182273
          ],
          [
            14.481845,
            46.182384
          ],
          [
            14.482495,
            46.18253
          ],
          [
            14.482889,
            46.18259
          ],
          [
            14.483217,
            46.182588
          ],
          [
            14.483378,
            46.182561
          ],
          [
            14.483646,
            46.182472
          ],
          [
            14.48386,
            46.182344
          ],
          [
            14.484024,
            46.182175
          ],
          [
            14.484184,
            46.181872
          ],
          [
            14.484338,
            46.181726
          ],
          [
            14.485197,
            46.179569
          ],
          [
            14.485369,
            46.179011
          ],
          [
            14.485635,
            46.178018
          ],
          [
            14.485865,
            46.176935
          ],
          [
            14.486045,
            46.175735
          ],
          [
            14.48612,
            46.175003
          ],
          [
            14.486178,
            46.17374
          ],
          [
            14.486151,
            46.172693
          ],
          [
            14.486068,
            46.171602
          ],
          [
            14.485982,
            46.170928
          ],
          [
            14.485729,
            46.169537
          ],
          [
            14.485376,
            46.16816
          ],
          [
            14.484998,
            46.16695
          ],
          [
            14.484779,
            46.166353
          ],
          [
            14.484546,
            46.165744
          ],
          [
            14.483716,
            46.16381
          ],
          [
            14.482861,
            46.161964
          ],
          [
            14.479808,
            46.155554
          ],
          [
            14.478228,
            46.15217
          ],
          [
            14.477435,
            46.150418
          ],
          [
            14.476703,
            46.148645
          ],
          [
            14.476455,
            46.147889
          ],
          [
            14.476224,
            46.147057
          ],
          [
            14.476054,
            46.146202
          ],
          [
            14.475956,
            46.145454
          ],
          [
            14.475898,
            46.144479
          ],
          [
            14.475892,
            46.143795
          ],
          [
            14.47593,
            46.143155
          ],
          [
            14.475996,
            46.142548
          ],
          [
            14.476091,
            46.141933
          ],
          [
            14.476353,
            46.140837
          ],
          [
            14.476527,
            46.140247
          ],
          [
            14.476688,
            46.139763
          ],
          [
            14.477138,
            46.138608
          ],
          [
            14.477654,
            46.137594
          ],
          [
            14.478073,
            46.136894
          ],
          [
            14.478425,
            46.136341
          ],
          [
            14.480198,
            46.133716
          ],
          [
            14.480851,
            46.132643
          ],
          [
            14.481385,
            46.131586
          ],
          [
            14.481757,
            46.130627
          ],
          [
            14.481943,
            46.129987
          ],
          [
            14.482095,
            46.129288
          ],
          [
            14.482174,
            46.12875
          ],
          [
            14.482226,
            46.128138
          ],
          [
            14.48224,
            46.12747
          ],
          [
            14.482206,
            46.126802
          ],
          [
            14.482146,
            46.126303
          ],
          [
            14.481991,
            46.125476
          ],
          [
            14.481764,
            46.124656
          ],
          [
            14.481583,
            46.124161
          ],
          [
            14.481296,
            46.123479
          ],
          [
            14.480796,
            46.122528
          ],
          [
            14.480194,
            46.121608
          ],
          [
            14.479623,
            46.120873
          ],
          [
            14.479129,
            46.120315
          ],
          [
            14.478739,
            46.119913
          ],
          [
            14.477895,
            46.119138
          ],
          [
            14.476444,
            46.117941
          ],
          [
            14.475861,
            46.117437
          ],
          [
            14.475011,
            46.116621
          ],
          [
            14.474391,
            46.115923
          ],
          [
            14.473776,
            46.115126
          ],
          [
            14.473227,
            46.11427
          ],
          [
            14.4728,
            46.113472
          ],
          [
            14.472515,
            46.11283
          ],
          [
            14.47219,
            46.111906
          ],
          [
            14.47171,
            46.110282
          ],
          [
            14.471385,
            46.109264
          ],
          [
            14.471022,
            46.108313
          ],
          [
            14.47049,
            46.107123
          ],
          [
            14.470062,
            46.10628
          ],
          [
            14.469372,
            46.105077
          ],
          [
            14.468553,
            46.103826
          ],
          [
            14.467922,
            46.102968
          ],
          [
            14.467178,
            46.102045
          ],
          [
            14.465908,
            46.100557
          ],
          [
            14.463338,
            46.097634
          ],
          [
            14.462446,
            46.096589
          ],
          [
            14.462173,
            46.096226
          ],
          [
            14.46191,
            46.095833
          ],
          [
            14.461505,
            46.095184
          ],
          [
            14.461175,
            46.094563
          ],
          [
            14.460871,
            46.093871
          ],
          [
            14.460612,
            46.093191
          ],
          [
            14.460424,
            46.092631
          ],
          [
            14.460218,
            46.091833
          ],
          [
            14.460089,
            46.091115
          ],
          [
            14.460005,
            46.090436
          ],
          [
            14.459943,
            46.088885
          ],
          [
            14.459966,
            46.088253
          ],
          [
            14.460193,
            46.086465
          ],
          [
            14.460306,
            46.085263
          ],
          [
            14.460397,
            46.083439
          ],
          [
            14.460404,
            46.08178
          ],
          [
            14.460343,
            46.080289
          ],
          [
            14.460211,
            46.078721
          ],
          [
            14.460082,
            46.077639
          ],
          [
            14.459886,
            46.076374
          ],
          [
            14.459518,
            46.074511
          ],
          [
            14.459284,
            46.073529
          ],
          [
            14.459038,
            46.072609
          ],
          [
            14.4585,
            46.070847
          ],
          [
            14.458144,
            46.069817
          ],
          [
            14.456294,
            46.064696
          ],
          [
            14.455541,
            46.062612
          ],
          [
            14.454822,
            46.060624
          ],
          [
            14.453754,
            46.057666
          ],
          [
            14.452967,
            46.055503
          ],
          [
            14.452856,
            46.055207
          ],
          [
            14.452723,
            46.054868
          ],
          [
            14.452389,
            46.054099
          ],
          [
            14.452011,
            46.053357
          ],
          [
            14.451734,
            46.052866
          ],
          [
            14.451201,
            46.052025
          ],
          [
            14.450905,
            46.051595
          ],
          [
            14.450465,
            46.051021
          ],
          [
            14.449715,
            46.050138
          ],
          [
            14.448074,
            46.048349
          ],
          [
            14.447534,
            46.047671
          ],
          [
            14.447478,
            46.047592
          ],
          [
            14.447146,
            46.047068
          ],
          [
            14.446855,
            46.046471
          ],
          [
            14.446652,
            46.045858
          ],
          [
            14.446536,
            46.045232
          ],
          [
            14.44651,
            46.044787
          ],
          [
            14.446512,
            46.044609
          ],
          [
            14.446531,
            46.044275
          ],
          [
            14.446594,
            46.043846
          ],
          [
            14.446719,
            46.043368
          ],
          [
            14.446826,
            46.043054
          ],
          [
            14.447117,
            46.042439
          ],
          [
            14.44768,
            46.041504
          ],
          [
            14.447785,
            46.04117
          ],
          [
            14.448091,
            46.040456
          ],
          [
            14.448319,
            46.039674
          ],
          [
            14.44841,
            46.039195
          ],
          [
            14.448449,
            46.038876
          ],
          [
            14.448474,
            46.038551
          ],
          [
            14.448479,
            46.038068
          ],
          [
            14.448405,
            46.037266
          ],
          [
            14.448227,
            46.036471
          ],
          [
            14.448006,
            46.035844
          ],
          [
            14.447654,
            46.035076
          ],
          [
            14.447279,
            46.03431
          ],
          [
            14.447235,
            46.03411
          ],
          [
            14.447242,
            46.034011
          ],
          [
            14.44672,
            46.032869
          ],
          [
            14.44638,
            46.032123
          ],
          [
            14.445986,
            46.031357
          ],
          [
            14.445562,
            46.030736
          ],
          [
            14.445207,
            46.030328
          ],
          [
            14.444937,
            46.030067
          ],
          [
            14.444652,
            46.029822
          ],
          [
            14.444343,
            46.029586
          ],
          [
            14.444012,
            46.029364
          ],
          [
            14.443487,
            46.029056
          ],
          [
            14.44255,
            46.028602
          ],
          [
            14.441372,
            46.028099
          ],
          [
            14.440231,
            46.027653
          ],
          [
            14.439544,
            46.027403
          ],
          [
            14.437891,
            46.026836
          ],
          [
            14.43607,
            46.026268
          ],
          [
            14.434926,
            46.02594
          ],
          [
            14.433639,
            46.025599
          ],
          [
            14.432249,
            46.025258
          ],
          [
            14.430061,
            46.02477
          ],
          [
            14.428292,
            46.024401
          ],
          [
            14.425888,
            46.023956
          ],
          [
            14.423642,
            46.023558
          ],
          [
            14.406082,
            46.020523
          ],
          [
            14.39739,
            46.019038
          ],
          [
            14.392659,
            46.01821
          ],
          [
            14.390306,
            46.017719
          ],
          [
            14.389213,
            46.017454
          ],
          [
            14.388155,
            46.017149
          ],
          [
            14.386763,
            46.016695
          ],
          [
            14.385433,
            46.016189
          ],
          [
            14.383976,
            46.015507
          ],
          [
            14.382589,
            46.014806
          ],
          [
            14.380244,
            46.01344
          ],
          [
            14.37469,
            46.010009
          ],
          [
            14.373202,
            46.009137
          ],
          [
            14.371824,
            46.008405
          ],
          [
            14.370831,
            46.007937
          ],
          [
            14.369675,
            46.007457
          ],
          [
            14.368429,
            46.007031
          ],
          [
            14.367151,
            46.006616
          ],
          [
            14.366551,
            46.006455
          ],
          [
            14.365898,
            46.006292
          ],
          [
            14.36526,
            46.006151
          ],
          [
            14.364046,
            46.005921
          ],
          [
            14.362701,
            46.005703
          ],
          [
            14.358184,
            46.005086
          ],
          [
            14.357346,
            46.004954
          ],
          [
            14.355926,
            46.004691
          ],
          [
            14.354915,
            46.004503
          ],
          [
            14.353297,
            46.00412
          ],
          [
            14.351721,
            46.003663
          ],
          [
            14.350081,
            46.003102
          ],
          [
            14.348447,
            46.002479
          ],
          [
            14.345911,
            46.001458
          ],
          [
            14.342525,
            45.999887
          ],
          [
            14.338883,
            45.998079
          ],
          [
            14.336556,
            45.996859
          ],
          [
            14.334088,
            45.995523
          ],
          [
            14.33058,
            45.993513
          ],
          [
            14.327068,
            45.991377
          ],
          [
            14.324383,
            45.989682
          ],
          [
            14.323131,
            45.988849
          ],
          [
            14.321855,
            45.987947
          ],
          [
            14.318163,
            45.985144
          ],
          [
            14.316853,
            45.984118
          ],
          [
            14.315637,
            45.983106
          ],
          [
            14.313845,
            45.981575
          ],
          [
            14.312519,
            45.980379
          ],
          [
            14.31187,
            45.979795
          ],
          [
            14.310775,
            45.978742
          ],
          [
            14.310029,
            45.977982
          ],
          [
            14.309047,
            45.976884
          ],
          [
            14.308475,
            45.976187
          ],
          [
            14.307894,
            45.975405
          ],
          [
            14.306847,
            45.973877
          ],
          [
            14.306414,
            45.973136
          ],
          [
            14.305986,
            45.972342
          ],
          [
            14.305766,
            45.971864
          ],
          [
            14.305445,
            45.971135
          ],
          [
            14.305255,
            45.970598
          ],
          [
            14.305201,
            45.970411
          ],
          [
            14.304935,
            45.969489
          ],
          [
            14.304756,
            45.968622
          ],
          [
            14.304653,
            45.967936
          ],
          [
            14.30456,
            45.966739
          ],
          [
            14.304571,
            45.965827
          ],
          [
            14.304618,
            45.965185
          ],
          [
            14.304708,
            45.964441
          ],
          [
            14.304902,
            45.963469
          ],
          [
            14.305403,
            45.961384
          ],
          [
            14.305563,
            45.960581
          ],
          [
            14.305679,
            45.959621
          ],
          [
            14.305701,
            45.959208
          ],
          [
            14.305691,
            45.958468
          ],
          [
            14.30563,
            45.957777
          ],
          [
            14.30545,
            45.956772
          ],
          [
            14.305236,
            45.956013
          ],
          [
            14.305083,
            45.955573
          ],
          [
            14.304902,
            45.955117
          ],
          [
            14.304661,
            45.954583
          ],
          [
            14.304436,
            45.954147
          ],
          [
            14.304181,
            45.953706
          ],
          [
            14.303791,
            45.953105
          ],
          [
            14.303241,
            45.952365
          ],
          [
            14.30245,
            45.951449
          ],
          [
            14.301612,
            45.950657
          ],
          [
            14.301125,
            45.95024
          ],
          [
            14.300522,
            45.949771
          ],
          [
            14.300031,
            45.949417
          ],
          [
            14.29919,
            45.948867
          ],
          [
            14.298316,
            45.94836
          ],
          [
            14.297385,
            45.947883
          ],
          [
            14.296262,
            45.947382
          ],
          [
            14.295583,
            45.947114
          ],
          [
            14.294753,
            45.946819
          ],
          [
            14.294123,
            45.946617
          ],
          [
            14.292804,
            45.946257
          ],
          [
            14.291937,
            45.946063
          ],
          [
            14.291275,
            45.94593
          ],
          [
            14.290578,
            45.945814
          ],
          [
            14.289655,
            45.945688
          ],
          [
            14.287167,
            45.945403
          ],
          [
            14.286002,
            45.945236
          ],
          [
            14.285153,
            45.945083
          ],
          [
            14.284489,
            45.944939
          ],
          [
            14.284014,
            45.944827
          ],
          [
            14.282936,
            45.944527
          ],
          [
            14.281865,
            45.944172
          ],
          [
            14.281037,
            45.943852
          ],
          [
            14.280408,
            45.943575
          ],
          [
            14.279986,
            45.943364
          ],
          [
            14.279524,
            45.943103
          ],
          [
            14.279001,
            45.942758
          ],
          [
            14.278572,
            45.942432
          ],
          [
            14.278259,
            45.942165
          ],
          [
            14.277888,
            45.94181
          ],
          [
            14.277423,
            45.941273
          ],
          [
            14.277152,
            45.940899
          ],
          [
            14.276388,
            45.939612
          ],
          [
            14.276122,
            45.939203
          ],
          [
            14.27568,
            45.938621
          ],
          [
            14.275183,
            45.938079
          ],
          [
            14.273501,
            45.936538
          ],
          [
            14.272869,
            45.935902
          ],
          [
            14.272602,
            45.935598
          ],
          [
            14.272081,
            45.934921
          ],
          [
            14.271802,
            45.934473
          ],
          [
            14.271607,
            45.934147
          ],
          [
            14.271244,
            45.93338
          ],
          [
            14.270879,
            45.932451
          ],
          [
            14.270689,
            45.931857
          ],
          [
            14.270448,
            45.930933
          ],
          [
            14.270054,
            45.928775
          ],
          [
            14.26986,
            45.927825
          ],
          [
            14.269668,
            45.927081
          ],
          [
            14.269403,
            45.926201
          ],
          [
            14.268904,
            45.924835
          ],
          [
            14.268286,
            45.923457
          ],
          [
            14.267978,
            45.922857
          ],
          [
            14.267744,
            45.922421
          ],
          [
            14.267075,
            45.921293
          ],
          [
            14.26654,
            45.920485
          ],
          [
            14.266033,
            45.919775
          ],
          [
            14.265501,
            45.919084
          ],
          [
            14.265025,
            45.918501
          ],
          [
            14.263355,
            45.916556
          ],
          [
            14.262448,
            45.915468
          ],
          [
            14.261678,
            45.914484
          ],
          [
            14.261015,
            45.913583
          ],
          [
            14.260434,
            45.912758
          ],
          [
            14.259756,
            45.911734
          ],
          [
            14.259217,
            45.910866
          ],
          [
            14.258701,
            45.909984
          ],
          [
            14.25859,
            45.909793
          ],
          [
            14.257774,
            45.908253
          ],
          [
            14.257421,
            45.907508
          ],
          [
            14.257052,
            45.906649
          ],
          [
            14.256875,
            45.906177
          ],
          [
            14.256635,
            45.905517
          ],
          [
            14.256406,
            45.904804
          ],
          [
            14.256124,
            45.903728
          ],
          [
            14.255894,
            45.902716
          ],
          [
            14.255788,
            45.902056
          ],
          [
            14.255692,
            45.901422
          ],
          [
            14.255616,
            45.900055
          ],
          [
            14.25561,
            45.898424
          ],
          [
            14.255851,
            45.896454
          ],
          [
            14.255962,
            45.895689
          ],
          [
            14.256097,
            45.895062
          ],
          [
            14.256382,
            45.89394
          ],
          [
            14.256769,
            45.892764
          ],
          [
            14.256984,
            45.89218
          ],
          [
            14.257425,
            45.891234
          ],
          [
            14.257777,
            45.890481
          ],
          [
            14.258133,
            45.889798
          ],
          [
            14.258609,
            45.888962
          ],
          [
            14.25931,
            45.887841
          ],
          [
            14.260042,
            45.886789
          ],
          [
            14.260782,
            45.885674
          ],
          [
            14.2613,
            45.884834
          ],
          [
            14.261683,
            45.884113
          ],
          [
            14.261878,
            45.883636
          ],
          [
            14.262008,
            45.883372
          ],
          [
            14.262335,
            45.882415
          ],
          [
            14.262483,
            45.881788
          ],
          [
            14.262588,
            45.881231
          ],
          [
            14.262663,
            45.880528
          ],
          [
            14.262754,
            45.878236
          ],
          [
            14.262778,
            45.87791
          ],
          [
            14.262849,
            45.877417
          ],
          [
            14.26299,
            45.876829
          ],
          [
            14.263163,
            45.876306
          ],
          [
            14.263352,
            45.87584
          ],
          [
            14.263663,
            45.875236
          ],
          [
            14.26391,
            45.874834
          ],
          [
            14.26424,
            45.874361
          ],
          [
            14.264894,
            45.87358
          ],
          [
            14.265626,
            45.872869
          ],
          [
            14.266793,
            45.871843
          ],
          [
            14.267771,
            45.870936
          ],
          [
            14.268522,
            45.870132
          ],
          [
            14.269076,
            45.86945
          ],
          [
            14.269483,
            45.868866
          ],
          [
            14.269765,
            45.868418
          ],
          [
            14.270051,
            45.867915
          ],
          [
            14.270355,
            45.867307
          ],
          [
            14.271156,
            45.865485
          ],
          [
            14.271333,
            45.864999
          ],
          [
            14.271942,
            45.863861
          ],
          [
            14.272145,
            45.863507
          ],
          [
            14.272418,
            45.863079
          ],
          [
            14.272785,
            45.86256
          ],
          [
            14.273318,
            45.861886
          ],
          [
            14.27396,
            45.861165
          ],
          [
            14.275831,
            45.859196
          ],
          [
            14.281006,
            45.853924
          ],
          [
            14.281982,
            45.85289
          ],
          [
            14.282796,
            45.85199
          ],
          [
            14.283582,
            45.851055
          ],
          [
            14.285398,
            45.848783
          ],
          [
            14.286044,
            45.848017
          ],
          [
            14.286608,
            45.847386
          ],
          [
            14.287216,
            45.846777
          ],
          [
            14.289617,
            45.844594
          ],
          [
            14.290474,
            45.84375
          ],
          [
            14.291355,
            45.842776
          ],
          [
            14.292025,
            45.84194
          ],
          [
            14.292332,
            45.841514
          ],
          [
            14.292931,
            45.840589
          ],
          [
            14.293566,
            45.839412
          ],
          [
            14.29389,
            45.838695
          ],
          [
            14.294097,
            45.838174
          ],
          [
            14.294269,
            45.837654
          ],
          [
            14.294563,
            45.836607
          ],
          [
            14.294671,
            45.836051
          ],
          [
            14.294764,
            45.835563
          ],
          [
            14.294835,
            45.834977
          ],
          [
            14.294877,
            45.834531
          ],
          [
            14.294888,
            45.834038
          ],
          [
            14.29487,
            45.833535
          ],
          [
            14.294824,
            45.833134
          ],
          [
            14.294751,
            45.832736
          ],
          [
            14.294644,
            45.832335
          ],
          [
            14.294507,
            45.831937
          ],
          [
            14.29426,
            45.831398
          ],
          [
            14.293996,
            45.830917
          ],
          [
            14.293606,
            45.830303
          ],
          [
            14.293172,
            45.82975
          ],
          [
            14.292919,
            45.829475
          ],
          [
            14.2921,
            45.828722
          ],
          [
            14.290962,
            45.827829
          ],
          [
            14.290259,
            45.827329
          ],
          [
            14.289331,
            45.826616
          ],
          [
            14.288872,
            45.826238
          ],
          [
            14.288461,
            45.825861
          ],
          [
            14.288024,
            45.825428
          ],
          [
            14.287455,
            45.824811
          ],
          [
            14.286906,
            45.824084
          ],
          [
            14.286587,
            45.823654
          ],
          [
            14.286412,
            45.823368
          ],
          [
            14.286058,
            45.822685
          ],
          [
            14.285844,
            45.82221
          ],
          [
            14.285618,
            45.82159
          ],
          [
            14.285503,
            45.821193
          ],
          [
            14.285353,
            45.820516
          ],
          [
            14.285264,
            45.819764
          ],
          [
            14.285227,
            45.81892
          ],
          [
            14.285239,
            45.818615
          ],
          [
            14.285314,
            45.817887
          ],
          [
            14.285407,
            45.817394
          ],
          [
            14.285534,
            45.816896
          ],
          [
            14.285814,
            45.815916
          ],
          [
            14.286055,
            45.814984
          ],
          [
            14.286167,
            45.814389
          ],
          [
            14.286193,
            45.813732
          ],
          [
            14.286136,
            45.813156
          ],
          [
            14.286039,
            45.812782
          ],
          [
            14.285915,
            45.812404
          ],
          [
            14.285637,
            45.811727
          ],
          [
            14.285292,
            45.811182
          ],
          [
            14.285061,
            45.810859
          ],
          [
            14.284793,
            45.810548
          ],
          [
            14.283958,
            45.809757
          ],
          [
            14.283404,
            45.809346
          ],
          [
            14.282318,
            45.808643
          ],
          [
            14.280821,
            45.807803
          ],
          [
            14.279871,
            45.807315
          ],
          [
            14.279393,
            45.807093
          ],
          [
            14.278008,
            45.806524
          ],
          [
            14.277098,
            45.806176
          ],
          [
            14.276447,
            45.805957
          ],
          [
            14.274502,
            45.805354
          ],
          [
            14.271814,
            45.804613
          ],
          [
            14.26928,
            45.803858
          ],
          [
            14.26793,
            45.803374
          ],
          [
            14.266549,
            45.802816
          ],
          [
            14.264634,
            45.802001
          ],
          [
            14.26193,
            45.800816
          ],
          [
            14.260733,
            45.80032
          ],
          [
            14.259326,
            45.799815
          ],
          [
            14.2585,
            45.799553
          ],
          [
            14.257178,
            45.799205
          ],
          [
            14.255574,
            45.798875
          ],
          [
            14.252977,
            45.798469
          ],
          [
            14.243613,
            45.797154
          ],
          [
            14.241079,
            45.796737
          ],
          [
            14.239928,
            45.796492
          ],
          [
            14.238536,
            45.796161
          ],
          [
            14.237303,
            45.795811
          ],
          [
            14.236273,
            45.795482
          ],
          [
            14.235141,
            45.795074
          ],
          [
            14.23478,
            45.794932
          ],
          [
            14.233664,
            45.794459
          ],
          [
            14.232561,
            45.79394
          ],
          [
            14.23186,
            45.793579
          ],
          [
            14.23056,
            45.792832
          ],
          [
            14.229972,
            45.79245
          ],
          [
            14.229437,
            45.7921
          ],
          [
            14.228389,
            45.791343
          ],
          [
            14.227307,
            45.790433
          ],
          [
            14.226787,
            45.789962
          ],
          [
            14.226123,
            45.789301
          ],
          [
            14.225409,
            45.788514
          ],
          [
            14.224801,
            45.787768
          ],
          [
            14.223846,
            45.786385
          ],
          [
            14.223255,
            45.785359
          ],
          [
            14.222885,
            45.78458
          ],
          [
            14.222696,
            45.784133
          ],
          [
            14.222442,
            45.783419
          ],
          [
            14.22222,
            45.782709
          ],
          [
            14.222054,
            45.782053
          ],
          [
            14.221937,
            45.781452
          ],
          [
            14.221747,
            45.77994
          ],
          [
            14.221736,
            45.779318
          ],
          [
            14.221758,
            45.778653
          ],
          [
            14.221826,
            45.777813
          ],
          [
            14.221919,
            45.777091
          ],
          [
            14.222302,
            45.775031
          ],
          [
            14.222401,
            45.774366
          ],
          [
            14.222468,
            45.773682
          ],
          [
            14.222477,
            45.773021
          ],
          [
            14.22241,
            45.772313
          ],
          [
            14.222294,
            45.77172
          ],
          [
            14.222118,
            45.771102
          ],
          [
            14.221875,
            45.770506
          ],
          [
            14.221559,
            45.769922
          ],
          [
            14.221135,
            45.76925
          ],
          [
            14.220773,
            45.768758
          ],
          [
            14.220348,
            45.768274
          ],
          [
            14.219884,
            45.767805
          ],
          [
            14.219452,
            45.767429
          ],
          [
            14.218539,
            45.76674
          ],
          [
            14.218068,
            45.76643
          ],
          [
            14.217327,
            45.765998
          ],
          [
            14.216557,
            45.765597
          ],
          [
            14.215117,
            45.764931
          ],
          [
            14.213734,
            45.764375
          ],
          [
            14.213217,
            45.764183
          ],
          [
            14.21107,
            45.763471
          ],
          [
            14.208603,
            45.76276
          ],
          [
            14.206616,
            45.762214
          ],
          [
            14.205281,
            45.761888
          ],
          [
            14.203787,
            45.761554
          ],
          [
            14.203041,
            45.761391
          ],
          [
            14.201036,
            45.761002
          ],
          [
            14.199801,
            45.760787
          ],
          [
            14.198497,
            45.760583
          ],
          [
            14.1964,
            45.760278
          ],
          [
            14.192883,
            45.759886
          ],
          [
            14.190528,
            45.759716
          ],
          [
            14.188353,
            45.759606
          ],
          [
            14.186496,
            45.759554
          ],
          [
            14.184646,
            45.759532
          ],
          [
            14.181697,
            45.759536
          ],
          [
            14.181206,
            45.759547
          ],
          [
            14.176722,
            45.759632
          ],
          [
            14.173019,
            45.759812
          ],
          [
            14.169343,
            45.760075
          ],
          [
            14.166928,
            45.760279
          ],
          [
            14.162118,
            45.760781
          ],
          [
            14.159735,
            45.761096
          ],
          [
            14.157476,
            45.761405
          ],
          [
            14.15409,
            45.761937
          ],
          [
            14.151617,
            45.762352
          ],
          [
            14.149008,
            45.762805
          ],
          [
            14.143555,
            45.76371
          ],
          [
            14.141244,
            45.764058
          ],
          [
            14.138926,
            45.764377
          ],
          [
            14.137142,
            45.764592
          ],
          [
            14.135355,
            45.764767
          ],
          [
            14.131865,
            45.765015
          ],
          [
            14.130201,
            45.765084
          ],
          [
            14.128524,
            45.765126
          ],
          [
            14.126694,
            45.765134
          ],
          [
            14.124869,
            45.765117
          ],
          [
            14.122023,
            45.765005
          ],
          [
            14.117445,
            45.764629
          ],
          [
            14.116385,
            45.764522
          ],
          [
            14.115329,
            45.764386
          ],
          [
            14.112765,
            45.764025
          ],
          [
            14.110359,
            45.763595
          ],
          [
            14.10833,
            45.763182
          ],
          [
            14.106303,
            45.762742
          ],
          [
            14.101154,
            45.761511
          ],
          [
            14.099102,
            45.761036
          ],
          [
            14.097121,
            45.760607
          ],
          [
            14.095335,
            45.760248
          ],
          [
            14.093479,
            45.759937
          ],
          [
            14.092128,
            45.759745
          ],
          [
            14.090749,
            45.759552
          ],
          [
            14.089621,
            45.759436
          ],
          [
            14.086537,
            45.759192
          ],
          [
            14.084785,
            45.759109
          ],
          [
            14.0832,
            45.759096
          ],
          [
            14.080008,
            45.759118
          ],
          [
            14.078494,
            45.759179
          ],
          [
            14.077178,
            45.759258
          ],
          [
            14.074676,
            45.759453
          ],
          [
            14.071866,
            45.759688
          ],
          [
            14.07022,
            45.759789
          ],
          [
            14.069286,
            45.759824
          ],
          [
            14.067234,
            45.759861
          ],
          [
            14.065002,
            45.759833
          ],
          [
            14.064206,
            45.759806
          ],
          [
            14.06341,
            45.759768
          ],
          [
            14.061558,
            45.75963
          ],
          [
            14.060536,
            45.759522
          ],
          [
            14.059262,
            45.759349
          ],
          [
            14.058378,
            45.759154
          ],
          [
            14.057689,
            45.758976
          ],
          [
            14.056551,
            45.758627
          ],
          [
            14.056239,
            45.758518
          ],
          [
            14.055378,
            45.75815
          ],
          [
            14.054741,
            45.757843
          ],
          [
            14.054309,
            45.757601
          ],
          [
            14.053685,
            45.757226
          ],
          [
            14.051873,
            45.755954
          ],
          [
            14.050905,
            45.755332
          ],
          [
            14.050075,
            45.754878
          ],
          [
            14.049456,
            45.754587
          ],
          [
            14.048985,
            45.75438
          ],
          [
            14.048139,
            45.753983
          ],
          [
            14.047233,
            45.753532
          ],
          [
            14.046159,
            45.752896
          ],
          [
            14.045226,
            45.752257
          ],
          [
            14.044337,
            45.751491
          ],
          [
            14.043986,
            45.751124
          ],
          [
            14.043492,
            45.750527
          ],
          [
            14.0432,
            45.750118
          ],
          [
            14.042947,
            45.749732
          ],
          [
            14.042689,
            45.749273
          ],
          [
            14.041748,
            45.74712
          ],
          [
            14.041363,
            45.746389
          ],
          [
            14.040948,
            45.745787
          ],
          [
            14.040406,
            45.745123
          ],
          [
            14.040136,
            45.744837
          ],
          [
            14.039708,
            45.744427
          ],
          [
            14.039302,
            45.744078
          ],
          [
            14.038827,
            45.743716
          ],
          [
            14.038264,
            45.743326
          ],
          [
            14.037285,
            45.742716
          ],
          [
            14.036145,
            45.742073
          ],
          [
            14.03507,
            45.741508
          ],
          [
            14.032884,
            45.740469
          ],
          [
            14.03153,
            45.73989
          ],
          [
            14.02612,
            45.737524
          ],
          [
            14.025328,
            45.737149
          ],
          [
            14.024377,
            45.736616
          ],
          [
            14.023262,
            45.735917
          ],
          [
            14.022857,
            45.735645
          ],
          [
            14.022309,
            45.735227
          ],
          [
            14.021802,
            45.734796
          ],
          [
            14.020866,
            45.733857
          ],
          [
            14.020363,
            45.733305
          ],
          [
            14.019688,
            45.732473
          ],
          [
            14.01866,
            45.730828
          ],
          [
            14.017654,
            45.729139
          ],
          [
            14.016876,
            45.728056
          ],
          [
            14.016468,
            45.727537
          ],
          [
            14.015932,
            45.726904
          ],
          [
            14.014547,
            45.725413
          ],
          [
            14.01394,
            45.724912
          ],
          [
            14.012783,
            45.724029
          ],
          [
            14.011004,
            45.722848
          ],
          [
            14.010441,
            45.722494
          ],
          [
            14.008998,
            45.72163
          ],
          [
            14.008665,
            45.721428
          ],
          [
            14.00737,
            45.720671
          ],
          [
            14.007094,
            45.720512
          ],
          [
            14.006834,
            45.720346
          ],
          [
            14.005815,
            45.719661
          ],
          [
            14.005114,
            45.719084
          ],
          [
            14.004544,
            45.71857
          ],
          [
            14.004137,
            45.718152
          ],
          [
            14.003681,
            45.717617
          ],
          [
            14.003363,
            45.717199
          ],
          [
            14.003153,
            45.716894
          ],
          [
            14.002804,
            45.716308
          ],
          [
            14.002426,
            45.715542
          ],
          [
            14.002277,
            45.715134
          ],
          [
            14.002145,
            45.714743
          ],
          [
            14.002045,
            45.714332
          ],
          [
            14.001943,
            45.713862
          ],
          [
            14.001891,
            45.713437
          ],
          [
            14.001867,
            45.713056
          ],
          [
            14.001862,
            45.712392
          ],
          [
            14.001933,
            45.710385
          ],
          [
            14.001906,
            45.709883
          ],
          [
            14.001845,
            45.709351
          ],
          [
            14.001742,
            45.708817
          ],
          [
            14.001524,
            45.708093
          ],
          [
            14.001227,
            45.70737
          ],
          [
            14.001003,
            45.70693
          ],
          [
            14.000748,
            45.70649
          ],
          [
            14.00033,
            45.705877
          ],
          [
            14.000074,
            45.705558
          ],
          [
            13.999479,
            45.704898
          ],
          [
            13.998723,
            45.704192
          ],
          [
            13.998138,
            45.703722
          ],
          [
            13.997208,
            45.703086
          ],
          [
            13.995954,
            45.702391
          ],
          [
            13.99553,
            45.702201
          ],
          [
            13.994597,
            45.701828
          ],
          [
            13.993687,
            45.701507
          ],
          [
            13.993251,
            45.701381
          ],
          [
            13.992038,
            45.701093
          ],
          [
            13.98889,
            45.700529
          ],
          [
            13.988217,
            45.700395
          ],
          [
            13.987181,
            45.700141
          ],
          [
            13.986477,
            45.699924
          ],
          [
            13.985431,
            45.699532
          ],
          [
            13.985118,
            45.699387
          ],
          [
            13.984374,
            45.69898
          ],
          [
            13.983468,
            45.698399
          ],
          [
            13.982709,
            45.697835
          ],
          [
            13.982165,
            45.6974
          ],
          [
            13.981873,
            45.69723
          ],
          [
            13.981477,
            45.69691
          ],
          [
            13.981122,
            45.696652
          ],
          [
            13.980646,
            45.69635
          ],
          [
            13.980226,
            45.696117
          ],
          [
            13.979785,
            45.695886
          ],
          [
            13.97912,
            45.695575
          ],
          [
            13.978429,
            45.695296
          ],
          [
            13.977746,
            45.695057
          ],
          [
            13.977083,
            45.694855
          ],
          [
            13.976553,
            45.694714
          ],
          [
            13.976029,
            45.694598
          ],
          [
            13.975117,
            45.694427
          ],
          [
            13.974269,
            45.694318
          ],
          [
            13.973273,
            45.694246
          ],
          [
            13.97261,
            45.694225
          ],
          [
            13.971868,
            45.69423
          ],
          [
            13.971097,
            45.694264
          ],
          [
            13.970378,
            45.694329
          ],
          [
            13.969649,
            45.694425
          ],
          [
            13.96925,
            45.694485
          ],
          [
            13.96848,
            45.69463
          ],
          [
            13.96774,
            45.69481
          ],
          [
            13.967354,
            45.69492
          ],
          [
            13.964658,
            45.695767
          ],
          [
            13.961124,
            45.696985
          ],
          [
            13.959695,
            45.697494
          ],
          [
            13.945089,
            45.702456
          ],
          [
            13.944129,
            45.702757
          ],
          [
            13.943108,
            45.703105
          ],
          [
            13.94122,
            45.703746
          ],
          [
            13.938812,
            45.704592
          ],
          [
            13.938557,
            45.704676
          ],
          [
            13.936482,
            45.70536
          ],
          [
            13.931352,
            45.707105
          ],
          [
            13.929951,
            45.707564
          ],
          [
            13.927109,
            45.708448
          ],
          [
            13.925665,
            45.708862
          ],
          [
            13.924139,
            45.709283
          ],
          [
            13.920746,
            45.710151
          ],
          [
            13.919537,
            45.71043
          ],
          [
            13.915179,
            45.711365
          ],
          [
            13.911672,
            45.711974
          ],
          [
            13.9097,
            45.712284
          ],
          [
            13.907477,
            45.712592
          ],
          [
            13.905264,
            45.712868
          ],
          [
            13.902994,
            45.713114
          ],
          [
            13.90182,
            45.713232
          ],
          [
            13.899437,
            45.713424
          ],
          [
            13.896142,
            45.713606
          ],
          [
            13.893359,
            45.713716
          ],
          [
            13.890552,
            45.713763
          ],
          [
            13.887134,
            45.713739
          ],
          [
            13.885642,
            45.713705
          ],
          [
            13.882961,
            45.713619
          ],
          [
            13.881091,
            45.713599
          ],
          [
            13.879444,
            45.713624
          ],
          [
            13.878066,
            45.713685
          ],
          [
            13.877148,
            45.713764
          ],
          [
            13.876768,
            45.7138
          ],
          [
            13.874923,
            45.71403
          ],
          [
            13.872809,
            45.714416
          ],
          [
            13.872157,
            45.714548
          ],
          [
            13.870972,
            45.714753
          ],
          [
            13.869544,
            45.714944
          ],
          [
            13.868697,
            45.715012
          ],
          [
            13.867729,
            45.715045
          ],
          [
            13.865686,
            45.715006
          ],
          [
            13.865173,
            45.714976
          ],
          [
            13.864674,
            45.714925
          ],
          [
            13.863747,
            45.714771
          ],
          [
            13.862822,
            45.714592
          ],
          [
            13.861883,
            45.714366
          ],
          [
            13.861434,
            45.714256
          ],
          [
            13.860942,
            45.714103
          ],
          [
            13.859989,
            45.713725
          ],
          [
            13.859185,
            45.713351
          ],
          [
            13.858786,
            45.713125
          ],
          [
            13.858367,
            45.712907
          ],
          [
            13.857583,
            45.712427
          ],
          [
            13.857201,
            45.71214
          ],
          [
            13.856188,
            45.711438
          ],
          [
            13.854174,
            45.709966
          ],
          [
            13.852132,
            45.708473
          ],
          [
            13.851887,
            45.7083
          ],
          [
            13.851666,
            45.708145
          ],
          [
            13.850847,
            45.707571
          ],
          [
            13.849892,
            45.706938
          ],
          [
            13.849529,
            45.706708
          ],
          [
            13.847558,
            45.705525
          ],
          [
            13.846863,
            45.705134
          ],
          [
            13.845996,
            45.704672
          ],
          [
            13.844646,
            45.703977
          ],
          [
            13.84336,
            45.70336
          ],
          [
            13.842264,
            45.702884
          ],
          [
            13.841119,
            45.702387
          ],
          [
            13.839602,
            45.701734
          ],
          [
            13.839113,
            45.701524
          ],
          [
            13.838311,
            45.701237
          ],
          [
            13.837603,
            45.701006
          ],
          [
            13.837201,
            45.70088
          ],
          [
            13.83681,
            45.700734
          ],
          [
            13.836132,
            45.700443
          ],
          [
            13.835851,
            45.700295
          ],
          [
            13.835407,
            45.700058
          ],
          [
            13.834428,
            45.69963
          ],
          [
            13.833584,
            45.699267
          ],
          [
            13.8332,
            45.699099
          ],
          [
            13.832588,
            45.698902
          ],
          [
            13.832316,
            45.698836
          ],
          [
            13.832113,
            45.698804
          ],
          [
            13.831927,
            45.698802
          ],
          [
            13.8318,
            45.698814
          ],
          [
            13.831467,
            45.698948
          ],
          [
            13.831365,
            45.69909
          ],
          [
            13.831295,
            45.699313
          ],
          [
            13.831296,
            45.699432
          ],
          [
            13.831346,
            45.699557
          ],
          [
            13.831429,
            45.699659
          ],
          [
            13.831535,
            45.699748
          ],
          [
            13.831785,
            45.699898
          ],
          [
            13.831992,
            45.699984
          ],
          [
            13.832704,
            45.70028
          ],
          [
            13.832865,
            45.70032
          ],
          [
            13.833191,
            45.700331
          ],
          [
            13.833346,
            45.700302
          ],
          [
            13.8336,
            45.700196
          ],
          [
            13.83377,
            45.70005
          ],
          [
            13.833858,
            45.699895
          ],
          [
            13.833912,
            45.699676
          ],
          [
            13.833916,
            45.699529
          ],
          [
            13.833878,
            45.699328
          ],
          [
            13.833816,
            45.699178
          ],
          [
            13.833589,
            45.698819
          ],
          [
            13.832922,
            45.697942
          ],
          [
            13.831229,
            45.695763
          ],
          [
            13.830834,
            45.695352
          ],
          [
            13.830584,
            45.695157
          ],
          [
            13.830366,
            45.695033
          ],
          [
            13.830216,
            45.694932
          ],
          [
            13.82968,
            45.694673
          ],
          [
            13.829473,
            45.694588
          ],
          [
            13.828991,
            45.694427
          ],
          [
            13.828519,
            45.694313
          ],
          [
            13.828128,
            45.694253
          ],
          [
            13.827695,
            45.694222
          ],
          [
            13.827296,
            45.694214
          ],
          [
            13.826838,
            45.69423
          ],
          [
            13.82608,
            45.694336
          ],
          [
            13.825428,
            45.694475
          ],
          [
            13.824667,
            45.69466
          ],
          [
            13.824179,
            45.694778
          ],
          [
            13.823633,
            45.694887
          ],
          [
            13.823011,
            45.694982
          ],
          [
            13.822327,
            45.695039
          ],
          [
            13.821246,
            45.695038
          ],
          [
            13.820475,
            45.694965
          ],
          [
            13.819749,
            45.694834
          ],
          [
            13.819063,
            45.694682
          ],
          [
            13.818185,
            45.694459
          ],
          [
            13.815285,
            45.693651
          ],
          [
            13.814698,
            45.693487
          ],
          [
            13.814524,
            45.693438
          ],
          [
            13.811837,
            45.692844
          ],
          [
            13.81116,
            45.692732
          ],
          [
            13.810845,
            45.692704
          ],
          [
            13.810553,
            45.692707
          ],
          [
            13.810253,
            45.69272
          ],
          [
            13.809716,
            45.692775
          ],
          [
            13.809198,
            45.692885
          ],
          [
            13.808983,
            45.692969
          ],
          [
            13.808501,
            45.693199
          ],
          [
            13.808254,
            45.693372
          ],
          [
            13.807847,
            45.693694
          ],
          [
            13.807456,
            45.694065
          ],
          [
            13.807298,
            45.694259
          ],
          [
            13.80692,
            45.694806
          ],
          [
            13.806793,
            45.695034
          ],
          [
            13.806241,
            45.696047
          ],
          [
            13.805958,
            45.696549
          ],
          [
            13.805671,
            45.697005
          ],
          [
            13.805258,
            45.697556
          ],
          [
            13.804717,
            45.698193
          ],
          [
            13.803381,
            45.699315
          ],
          [
            13.802016,
            45.70022
          ],
          [
            13.801246,
            45.7007
          ],
          [
            13.800609,
            45.701045
          ],
          [
            13.799745,
            45.701427
          ],
          [
            13.799211,
            45.701642
          ],
          [
            13.798535,
            45.701885
          ],
          [
            13.797859,
            45.702098
          ],
          [
            13.797207,
            45.702279
          ],
          [
            13.79655,
            45.702441
          ],
          [
            13.795233,
            45.702694
          ],
          [
            13.794478,
            45.702796
          ],
          [
            13.793733,
            45.702878
          ],
          [
            13.792725,
            45.702928
          ],
          [
            13.791758,
            45.702956
          ],
          [
            13.790881,
            45.702936
          ],
          [
            13.788706,
            45.702783
          ],
          [
            13.788034,
            45.702702
          ],
          [
            13.785411,
            45.702294
          ],
          [
            13.783147,
            45.701871
          ],
          [
            13.782691,
            45.70178
          ],
          [
            13.778305,
            45.700933
          ],
          [
            13.776988,
            45.700714
          ],
          [
            13.775536,
            45.700498
          ],
          [
            13.77444,
            45.700381
          ],
          [
            13.774178,
            45.700358
          ],
          [
            13.772911,
            45.700253
          ],
          [
            13.772216,
            45.700214
          ],
          [
            13.770368,
            45.700157
          ],
          [
            13.768401,
            45.700168
          ],
          [
            13.766615,
            45.700269
          ],
          [
            13.765702,
            45.700339
          ],
          [
            13.765006,
            45.700405
          ],
          [
            13.763659,
            45.700577
          ],
          [
            13.762977,
            45.700675
          ],
          [
            13.761766,
            45.700883
          ],
          [
            13.759051,
            45.701469
          ],
          [
            13.757774,
            45.70178
          ],
          [
            13.757162,
            45.701937
          ],
          [
            13.753132,
            45.7029
          ],
          [
            13.752091,
            45.70317
          ],
          [
            13.751561,
            45.703325
          ],
          [
            13.751097,
            45.703486
          ],
          [
            13.750434,
            45.703743
          ],
          [
            13.749632,
            45.704128
          ],
          [
            13.748883,
            45.704571
          ],
          [
            13.748001,
            45.705205
          ],
          [
            13.746127,
            45.706776
          ],
          [
            13.745272,
            45.707362
          ],
          [
            13.737892,
            45.71263
          ],
          [
            13.73682,
            45.713358
          ],
          [
            13.730857,
            45.71751
          ],
          [
            13.728968,
            45.718762
          ],
          [
            13.726713,
            45.720211
          ],
          [
            13.720893,
            45.723931
          ],
          [
            13.715489,
            45.727411
          ],
          [
            13.691686,
            45.742646
          ],
          [
            13.690725,
            45.743235
          ],
          [
            13.68975,
            45.743807
          ],
          [
            13.680643,
            45.749089
          ],
          [
            13.679605,
            45.749722
          ],
          [
            13.679074,
            45.750077
          ],
          [
            13.678588,
            45.750428
          ],
          [
            13.677661,
            45.751163
          ],
          [
            13.676769,
            45.751982
          ],
          [
            13.676011,
            45.752752
          ],
          [
            13.675596,
            45.753245
          ],
          [
            13.675204,
            45.753752
          ],
          [
            13.673932,
            45.755555
          ],
          [
            13.672141,
            45.757957
          ],
          [
            13.671662,
            45.758487
          ],
          [
            13.671238,
            45.758864
          ],
          [
            13.671087,
            45.758993
          ],
          [
            13.67055,
            45.759362
          ],
          [
            13.67007,
            45.759646
          ],
          [
            13.669824,
            45.759767
          ],
          [
            13.669162,
            45.760066
          ],
          [
            13.668575,
            45.76029
          ],
          [
            13.666678,
            45.76094
          ],
          [
            13.662419,
            45.762389
          ],
          [
            13.659614,
            45.763312
          ],
          [
            13.654738,
            45.764812
          ],
          [
            13.652892,
            45.765392
          ],
          [
            13.651079,
            45.765987
          ],
          [
            13.650622,
            45.766158
          ],
          [
            13.650022,
            45.766422
          ],
          [
            13.649373,
            45.766763
          ],
          [
            13.64889,
            45.767048
          ],
          [
            13.648139,
            45.767549
          ],
          [
            13.647433,
            45.768114
          ],
          [
            13.645566,
            45.76979
          ],
          [
            13.644256,
            45.77095
          ],
          [
            13.643529,
            45.771539
          ],
          [
            13.643415,
            45.771649
          ],
          [
            13.64297,
            45.772065
          ],
          [
            13.642531,
            45.772426
          ],
          [
            13.642305,
            45.772589
          ],
          [
            13.641727,
            45.772958
          ],
          [
            13.641045,
            45.773327
          ],
          [
            13.640386,
            45.773595
          ],
          [
            13.639678,
            45.773832
          ],
          [
            13.639181,
            45.773958
          ],
          [
            13.638456,
            45.774097
          ],
          [
            13.637426,
            45.774225
          ],
          [
            13.6313,
            45.774731
          ],
          [
            13.615385,
            45.775769
          ],
          [
            13.614559,
            45.775839
          ],
          [
            13.61394,
            45.775918
          ],
          [
            13.613096,
            45.776063
          ],
          [
            13.612148,
            45.776247
          ],
          [
            13.611734,
            45.776329
          ],
          [
            13.610034,
            45.776656
          ],
          [
            13.607615,
            45.777128
          ],
          [
            13.605489,
            45.777571
          ],
          [
            13.603718,
            45.777922
          ],
          [
            13.603042,
            45.778108
          ],
          [
            13.602726,
            45.778214
          ],
          [
            13.602161,
            45.778426
          ],
          [
            13.601712,
            45.778634
          ],
          [
            13.601317,
            45.77884
          ],
          [
            13.600912,
            45.779075
          ],
          [
            13.600212,
            45.779583
          ],
          [
            13.599828,
            45.779927
          ],
          [
            13.599527,
            45.780243
          ],
          [
            13.599227,
            45.780616
          ],
          [
            13.596791,
            45.784164
          ],
          [
            13.594254,
            45.787916
          ],
          [
            13.59388,
            45.788445
          ],
          [
            13.593491,
            45.788917
          ],
          [
            13.5933,
            45.789117
          ],
          [
            13.592719,
            45.789658
          ],
          [
            13.592186,
            45.790082
          ],
          [
            13.591582,
            45.790488
          ],
          [
            13.589786,
            45.791577
          ],
          [
            13.589455,
            45.791795
          ],
          [
            13.588539,
            45.792477
          ],
          [
            13.588123,
            45.792845
          ],
          [
            13.587732,
            45.793227
          ],
          [
            13.58711,
            45.793972
          ],
          [
            13.584958,
            45.796953
          ],
          [
            13.583654,
            45.798893
          ],
          [
            13.583324,
            45.799426
          ],
          [
            13.582386,
            45.800922
          ],
          [
            13.581867,
            45.801675
          ],
          [
            13.581437,
            45.802194
          ],
          [
            13.58117,
            45.802485
          ],
          [
            13.580769,
            45.80287
          ],
          [
            13.580356,
            45.803212
          ],
          [
            13.579591,
            45.803793
          ],
          [
            13.579212,
            45.804082
          ],
          [
            13.578959,
            45.80431
          ],
          [
            13.578892,
            45.804379
          ],
          [
            13.5788,
            45.804526
          ],
          [
            13.5786,
            45.804859
          ],
          [
            13.578485,
            45.804989
          ],
          [
            13.578227,
            45.805196
          ],
          [
            13.578039,
            45.805351
          ],
          [
            13.577714,
            45.80552
          ],
          [
            13.577068,
            45.805819
          ],
          [
            13.576328,
            45.806313
          ],
          [
            13.575655,
            45.80683
          ],
          [
            13.575205,
            45.807143
          ],
          [
            13.574758,
            45.807427
          ],
          [
            13.573961,
            45.807852
          ],
          [
            13.573492,
            45.808057
          ],
          [
            13.572655,
            45.808364
          ],
          [
            13.571955,
            45.808558
          ],
          [
            13.571263,
            45.808714
          ],
          [
            13.567517,
            45.809369
          ],
          [
            13.566316,
            45.809598
          ],
          [
            13.565488,
            45.809821
          ],
          [
            13.564688,
            45.810099
          ],
          [
            13.564344,
            45.81024
          ],
          [
            13.563957,
            45.810419
          ],
          [
            13.563253,
            45.810802
          ],
          [
            13.562925,
            45.811007
          ],
          [
            13.562447,
            45.811358
          ],
          [
            13.562001,
            45.81172
          ],
          [
            13.559417,
            45.813966
          ],
          [
            13.558896,
            45.814344
          ],
          [
            13.558184,
            45.814769
          ],
          [
            13.557902,
            45.814911
          ],
          [
            13.557293,
            45.815176
          ],
          [
            13.556594,
            45.815417
          ],
          [
            13.556222,
            45.815519
          ],
          [
            13.555616,
            45.815655
          ],
          [
            13.555288,
            45.815712
          ],
          [
            13.55469,
            45.815796
          ],
          [
            13.554071,
            45.815843
          ],
          [
            13.553222,
            45.815852
          ],
          [
            13.552183,
            45.815793
          ],
          [
            13.550639,
            45.815668
          ],
          [
            13.549629,
            45.815634
          ],
          [
            13.549047,
            45.815637
          ],
          [
            13.548472,
            45.815655
          ],
          [
            13.547326,
            45.815729
          ],
          [
            13.546609,
            45.815806
          ],
          [
            13.5459,
            45.815907
          ],
          [
            13.5452,
            45.816029
          ],
          [
            13.544521,
            45.816172
          ],
          [
            13.543869,
            45.81633
          ],
          [
            13.542935,
            45.816596
          ],
          [
            13.534131,
            45.819516
          ],
          [
            13.533111,
            45.819889
          ],
          [
            13.531649,
            45.820505
          ],
          [
            13.530308,
            45.821149
          ],
          [
            13.529557,
            45.821555
          ],
          [
            13.528439,
            45.82222
          ],
          [
            13.527716,
            45.822691
          ],
          [
            13.526939,
            45.823243
          ],
          [
            13.526189,
            45.823826
          ],
          [
            13.525494,
            45.824411
          ],
          [
            13.523888,
            45.825911
          ],
          [
            13.523539,
            45.826204
          ],
          [
            13.522666,
            45.826859
          ],
          [
            13.522216,
            45.827163
          ],
          [
            13.52174,
            45.827455
          ],
          [
            13.519607,
            45.828619
          ],
          [
            13.519231,
            45.828839
          ],
          [
            13.518292,
            45.829441
          ],
          [
            13.517369,
            45.830143
          ],
          [
            13.516812,
            45.830639
          ],
          [
            13.516301,
            45.831151
          ],
          [
            13.515818,
            45.831696
          ],
          [
            13.515367,
            45.832287
          ],
          [
            13.515164,
            45.832579
          ],
          [
            13.514891,
            45.833024
          ],
          [
            13.513644,
            45.835292
          ],
          [
            13.513376,
            45.835748
          ],
          [
            13.512813,
            45.836562
          ],
          [
            13.512255,
            45.837282
          ],
          [
            13.511607,
            45.837977
          ],
          [
            13.5109,
            45.838637
          ],
          [
            13.51053,
            45.838951
          ],
          [
            13.509851,
            45.839473
          ],
          [
            13.509485,
            45.839728
          ],
          [
            13.508363,
            45.840431
          ],
          [
            13.507561,
            45.840865
          ],
          [
            13.506918,
            45.841156
          ],
          [
            13.506284,
            45.841405
          ],
          [
            13.505601,
            45.84163
          ],
          [
            13.504905,
            45.841834
          ],
          [
            13.504025,
            45.84207
          ],
          [
            13.503134,
            45.842291
          ],
          [
            13.501311,
            45.842705
          ],
          [
            13.499662,
            45.843033
          ],
          [
            13.498653,
            45.843173
          ],
          [
            13.49756,
            45.843271
          ],
          [
            13.496994,
            45.843284
          ],
          [
            13.495939,
            45.84326
          ],
          [
            13.49541,
            45.84323
          ],
          [
            13.494362,
            45.843143
          ],
          [
            13.493529,
            45.843043
          ],
          [
            13.492975,
            45.842955
          ],
          [
            13.491458,
            45.84268
          ],
          [
            13.491262,
            45.842645
          ],
          [
            13.490135,
            45.842432
          ],
          [
            13.489533,
            45.842342
          ],
          [
            13.4884,
            45.842252
          ],
          [
            13.487847,
            45.842235
          ],
          [
            13.48709,
            45.842238
          ],
          [
            13.48592,
            45.842316
          ],
          [
            13.485264,
            45.842398
          ],
          [
            13.484659,
            45.842496
          ],
          [
            13.483719,
            45.842699
          ],
          [
            13.482638,
            45.843006
          ],
          [
            13.481976,
            45.843241
          ],
          [
            13.481411,
            45.843464
          ],
          [
            13.476447,
            45.845546
          ],
          [
            13.47068,
            45.847907
          ],
          [
            13.463293,
            45.850901
          ],
          [
            13.46246,
            45.851214
          ],
          [
            13.461732,
            45.851469
          ],
          [
            13.461,
            45.851697
          ],
          [
            13.460295,
            45.851895
          ],
          [
            13.459334,
            45.852123
          ],
          [
            13.458426,
            45.852307
          ],
          [
            13.45728,
            45.852491
          ],
          [
            13.447783,
            45.853927
          ],
          [
            13.445697,
            45.854223
          ],
          [
            13.442786,
            45.854595
          ],
          [
            13.436524,
            45.855542
          ],
          [
            13.43549,
            45.855746
          ],
          [
            13.433744,
            45.856192
          ],
          [
            13.433211,
            45.856355
          ],
          [
            13.432319,
            45.856664
          ],
          [
            13.431872,
            45.85684
          ],
          [
            13.424563,
            45.859853
          ],
          [
            13.422664,
            45.860693
          ],
          [
            13.421491,
            45.861213
          ],
          [
            13.418711,
            45.862401
          ],
          [
            13.410594,
            45.865749
          ],
          [
            13.409187,
            45.866319
          ],
          [
            13.404944,
            45.86797
          ],
          [
            13.402116,
            45.869139
          ],
          [
            13.401484,
            45.86938
          ],
          [
            13.40084,
            45.86961
          ],
          [
            13.399523,
            45.870034
          ],
          [
            13.398203,
            45.870392
          ],
          [
            13.336725,
            45.885675
          ],
          [
            13.315777,
            45.89086
          ],
          [
            13.307679,
            45.892634
          ],
          [
            13.305855,
            45.893029
          ],
          [
            13.305636,
            45.893079
          ],
          [
            13.300723,
            45.894154
          ],
          [
            13.296652,
            45.89505
          ],
          [
            13.294036,
            45.895617
          ],
          [
            13.29349,
            45.895722
          ],
          [
            13.291032,
            45.896376
          ],
          [
            13.290521,
            45.896518
          ],
          [
            13.289177,
            45.896883
          ],
          [
            13.288434,
            45.897004
          ],
          [
            13.287834,
            45.897062
          ],
          [
            13.286853,
            45.897062
          ],
          [
            13.286519,
            45.89705
          ],
          [
            13.286061,
            45.897009
          ],
          [
            13.285636,
            45.896938
          ],
          [
            13.285333,
            45.896864
          ],
          [
            13.284566,
            45.896673
          ],
          [
            13.283547,
            45.896239
          ],
          [
            13.28275,
            45.895705
          ],
          [
            13.282367,
            45.895387
          ],
          [
            13.281114,
            45.894245
          ],
          [
            13.280339,
            45.893541
          ],
          [
            13.279655,
            45.893005
          ],
          [
            13.278822,
            45.892423
          ],
          [
            13.278086,
            45.891965
          ],
          [
            13.277252,
            45.8915
          ],
          [
            13.264617,
            45.884709
          ],
          [
            13.263135,
            45.883935
          ],
          [
            13.260879,
            45.882849
          ],
          [
            13.259364,
            45.88218
          ],
          [
            13.256856,
            45.881148
          ],
          [
            13.255855,
            45.880803
          ],
          [
            13.253522,
            45.879903
          ],
          [
            13.252195,
            45.879421
          ],
          [
            13.233709,
            45.872646
          ],
          [
            13.227269,
            45.870308
          ],
          [
            13.224552,
            45.86931
          ],
          [
            13.220018,
            45.867612
          ],
          [
            13.217438,
            45.866669
          ],
          [
            13.215181,
            45.86589
          ],
          [
            13.213242,
            45.865248
          ],
          [
            13.209937,
            45.86426
          ],
          [
            13.177973,
            45.854659
          ],
          [
            13.176918,
            45.854373
          ],
          [
            13.174259,
            45.853559
          ],
          [
            13.170406,
            45.852315
          ],
          [
            13.169324,
            45.851962
          ],
          [
            13.161341,
            45.849338
          ],
          [
            13.152587,
            45.846502
          ],
          [
            13.151755,
            45.846202
          ],
          [
            13.15146,
            45.846103
          ],
          [
            13.139552,
            45.842227
          ],
          [
            13.139337,
            45.842151
          ],
          [
            13.131436,
            45.839569
          ],
          [
            13.129425,
            45.838882
          ],
          [
            13.122877,
            45.836772
          ],
          [
            13.118052,
            45.835174
          ],
          [
            13.115214,
            45.834273
          ],
          [
            13.11374,
            45.83386
          ],
          [
            13.110916,
            45.833128
          ],
          [
            13.10664,
            45.832223
          ],
          [
            13.103546,
            45.831702
          ],
          [
            13.10265,
            45.831579
          ],
          [
            13.100117,
            45.831181
          ],
          [
            13.099966,
            45.831158
          ],
          [
            13.095146,
            45.8305
          ],
          [
            13.091642,
            45.829978
          ],
          [
            13.087696,
            45.829425
          ],
          [
            13.086286,
            45.829223
          ],
          [
            13.07866,
            45.828119
          ],
          [
            13.075233,
            45.827608
          ],
          [
            13.071149,
            45.827032
          ],
          [
            13.067908,
            45.826534
          ],
          [
            13.061498,
            45.825624
          ],
          [
            13.053966,
            45.824513
          ],
          [
            13.052029,
            45.824189
          ],
          [
            13.050253,
            45.82385
          ],
          [
            13.048904,
            45.823544
          ],
          [
            13.047538,
            45.823206
          ],
          [
            13.04404,
            45.82227
          ],
          [
            13.035343,
            45.819762
          ],
          [
            13.033679,
            45.819346
          ],
          [
            13.032727,
            45.819142
          ],
          [
            13.031778,
            45.818962
          ],
          [
            13.030707,
            45.818801
          ],
          [
            13.028956,
            45.818598
          ],
          [
            13.022846,
            45.818089
          ],
          [
            13.015718,
            45.817489
          ],
          [
            13.009855,
            45.817005
          ],
          [
            13.007275,
            45.816751
          ],
          [
            13.004051,
            45.816334
          ],
          [
            12.997966,
            45.815456
          ],
          [
            12.994715,
            45.814962
          ],
          [
            12.987961,
            45.813706
          ],
          [
            12.981286,
            45.812513
          ],
          [
            12.975821,
            45.811518
          ],
          [
            12.972458,
            45.810866
          ],
          [
            12.970306,
            45.810425
          ],
          [
            12.967506,
            45.809891
          ],
          [
            12.96589,
            45.809628
          ],
          [
            12.964364,
            45.809427
          ],
          [
            12.96283,
            45.809275
          ],
          [
            12.953274,
            45.808505
          ],
          [
            12.937168,
            45.807241
          ],
          [
            12.934575,
            45.807012
          ],
          [
            12.922996,
            45.806178
          ],
          [
            12.922664,
            45.806155
          ],
          [
            12.91856,
            45.805809
          ],
          [
            12.913206,
            45.805251
          ],
          [
            12.910039,
            45.805041
          ],
          [
            12.908655,
            45.804986
          ],
          [
            12.906527,
            45.804921
          ],
          [
            12.904717,
            45.804904
          ],
          [
            12.902914,
            45.804915
          ],
          [
            12.901487,
            45.804946
          ],
          [
            12.8983,
            45.805075
          ],
          [
            12.896568,
            45.80513
          ],
          [
            12.894829,
            45.805162
          ],
          [
            12.893634,
            45.805153
          ],
          [
            12.892134,
            45.805135
          ],
          [
            12.889636,
            45.805047
          ],
          [
            12.888448,
            45.804974
          ],
          [
            12.886296,
            45.804814
          ],
          [
            12.884832,
            45.804672
          ],
          [
            12.88338,
            45.804511
          ],
          [
            12.881464,
            45.804261
          ],
          [
            12.879007,
            45.803875
          ],
          [
            12.877948,
            45.80368
          ],
          [
            12.869233,
            45.802093
          ],
          [
            12.850853,
            45.798705
          ],
          [
            12.850531,
            45.798644
          ],
          [
            12.850221,
            45.798587
          ],
          [
            12.849933,
            45.798532
          ],
          [
            12.845734,
            45.797761
          ],
          [
            12.845577,
            45.797732
          ],
          [
            12.84336,
            45.797317
          ],
          [
            12.841896,
            45.797034
          ],
          [
            12.840042,
            45.796613
          ],
          [
            12.837398,
            45.795956
          ],
          [
            12.835472,
            45.795416
          ],
          [
            12.833592,
            45.794837
          ],
          [
            12.825659,
            45.792295
          ],
          [
            12.823928,
            45.791771
          ],
          [
            12.822735,
            45.791434
          ],
          [
            12.821228,
            45.791041
          ],
          [
            12.819353,
            45.790594
          ],
          [
            12.817579,
            45.790206
          ],
          [
            12.81628,
            45.789948
          ],
          [
            12.814983,
            45.789711
          ],
          [
            12.812515,
            45.789316
          ],
          [
            12.810575,
            45.789055
          ],
          [
            12.807744,
            45.788701
          ],
          [
            12.806792,
            45.788581
          ],
          [
            12.804939,
            45.788342
          ],
          [
            12.803089,
            45.788081
          ],
          [
            12.800821,
            45.787717
          ],
          [
            12.79856,
            45.787299
          ],
          [
            12.796149,
            45.786802
          ],
          [
            12.793748,
            45.786245
          ],
          [
            12.791717,
            45.785726
          ],
          [
            12.789539,
            45.785114
          ],
          [
            12.787634,
            45.784528
          ],
          [
            12.785529,
            45.783846
          ],
          [
            12.783607,
            45.783174
          ],
          [
            12.783274,
            45.783055
          ],
          [
            12.779825,
            45.781696
          ],
          [
            12.779547,
            45.781577
          ],
          [
            12.777102,
            45.780504
          ],
          [
            12.775802,
            45.779892
          ],
          [
            12.774508,
            45.77926
          ],
          [
            12.772566,
            45.77826
          ],
          [
            12.767377,
            45.775436
          ],
          [
            12.764942,
            45.774103
          ],
          [
            12.764352,
            45.773778
          ],
          [
            12.749635,
            45.765699
          ],
          [
            12.748217,
            45.764876
          ],
          [
            12.746559,
            45.763863
          ],
          [
            12.742421,
            45.761187
          ],
          [
            12.736623,
            45.757402
          ],
          [
            12.735055,
            45.756426
          ],
          [
            12.73387,
            45.75572
          ],
          [
            12.73267,
            45.755036
          ],
          [
            12.731069,
            45.754189
          ],
          [
            12.729485,
            45.753403
          ],
          [
            12.728258,
            45.75282
          ],
          [
            12.727595,
            45.75252
          ],
          [
            12.725973,
            45.751818
          ],
          [
            12.724963,
            45.751402
          ],
          [
            12.722885,
            45.7506
          ],
          [
            12.720563,
            45.749782
          ],
          [
            12.690864,
            45.740324
          ],
          [
            12.688001,
            45.739413
          ],
          [
            12.68784,
            45.739363
          ],
          [
            12.684365,
            45.738252
          ],
          [
            12.67809,
            45.736252
          ],
          [
            12.676543,
            45.73576
          ],
          [
            12.674816,
            45.735223
          ],
          [
            12.673066,
            45.734666
          ],
          [
            12.654266,
            45.728659
          ],
          [
            12.652348,
            45.728026
          ],
          [
            12.650339,
            45.727297
          ],
          [
            12.64837,
            45.726538
          ],
          [
            12.646456,
            45.72575
          ],
          [
            12.644674,
            45.724967
          ],
          [
            12.643247,
            45.724305
          ],
          [
            12.641824,
            45.723621
          ],
          [
            12.640488,
            45.722939
          ],
          [
            12.639163,
            45.722239
          ],
          [
            12.636912,
            45.720964
          ],
          [
            12.63294,
            45.718645
          ],
          [
            12.61979,
            45.711028
          ],
          [
            12.619509,
            45.710876
          ],
          [
            12.618335,
            45.710226
          ],
          [
            12.616748,
            45.709395
          ],
          [
            12.614736,
            45.70841
          ],
          [
            12.613348,
            45.707753
          ],
          [
            12.611424,
            45.706917
          ],
          [
            12.609872,
            45.706266
          ],
          [
            12.608293,
            45.705652
          ],
          [
            12.605835,
            45.704744
          ],
          [
            12.600637,
            45.702894
          ],
          [
            12.593724,
            45.700403
          ],
          [
            12.593442,
            45.7003
          ],
          [
            12.591075,
            45.699449
          ],
          [
            12.588723,
            45.698551
          ],
          [
            12.586215,
            45.697507
          ],
          [
            12.584414,
            45.696721
          ],
          [
            12.583401,
            45.696252
          ],
          [
            12.568603,
            45.689206
          ],
          [
            12.568315,
            45.689063
          ],
          [
            12.53064,
            45.671113
          ],
          [
            12.529477,
            45.670552
          ],
          [
            12.526373,
            45.669152
          ],
          [
            12.524471,
            45.668343
          ],
          [
            12.524372,
            45.668299
          ],
          [
            12.521959,
            45.667296
          ],
          [
            12.521773,
            45.667227
          ],
          [
            12.518816,
            45.666066
          ],
          [
            12.514898,
            45.664483
          ],
          [
            12.510501,
            45.662595
          ],
          [
            12.505184,
            45.660092
          ],
          [
            12.501278,
            45.658387
          ],
          [
            12.487452,
            45.652517
          ],
          [
            12.4841,
            45.65114
          ],
          [
            12.480826,
            45.64973
          ],
          [
            12.47876,
            45.648756
          ],
          [
            12.477536,
            45.648155
          ],
          [
            12.474687,
            45.64661
          ],
          [
            12.471504,
            45.644788
          ],
          [
            12.450845,
            45.633309
          ],
          [
            12.449688,
            45.632684
          ],
          [
            12.448528,
            45.632081
          ],
          [
            12.448312,
            45.631971
          ],
          [
            12.444933,
            45.630388
          ],
          [
            12.432159,
            45.624542
          ],
          [
            12.430121,
            45.623583
          ],
          [
            12.42467,
            45.621117
          ],
          [
            12.424365,
            45.620974
          ],
          [
            12.418562,
            45.61832
          ],
          [
            12.41576,
            45.617019
          ],
          [
            12.414683,
            45.616497
          ],
          [
            12.413582,
            45.615931
          ],
          [
            12.411961,
            45.61507
          ],
          [
            12.40083,
            45.608932
          ],
          [
            12.385302,
            45.600365
          ],
          [
            12.384318,
            45.599782
          ],
          [
            12.382874,
            45.598902
          ],
          [
            12.38133,
            45.597919
          ],
          [
            12.379985,
            45.597024
          ],
          [
            12.372292,
            45.591723
          ],
          [
            12.371854,
            45.591409
          ],
          [
            12.368526,
            45.589122
          ],
          [
            12.366121,
            45.587439
          ],
          [
            12.363347,
            45.585533
          ],
          [
            12.361054,
            45.583984
          ],
          [
            12.360318,
            45.583453
          ],
          [
            12.355559,
            45.580194
          ],
          [
            12.354,
            45.579252
          ],
          [
            12.352138,
            45.578154
          ],
          [
            12.349983,
            45.576913
          ],
          [
            12.348899,
            45.576413
          ],
          [
            12.348328,
            45.57615
          ],
          [
            12.346545,
            45.5754
          ],
          [
            12.345552,
            45.575033
          ],
          [
            12.345156,
            45.57494
          ],
          [
            12.344649,
            45.574869
          ],
          [
            12.343128,
            45.574751
          ],
          [
            12.342671,
            45.574677
          ],
          [
            12.342356,
            45.574597
          ],
          [
            12.342034,
            45.574489
          ],
          [
            12.341734,
            45.574348
          ],
          [
            12.341456,
            45.574185
          ],
          [
            12.341132,
            45.573937
          ],
          [
            12.34091,
            45.573697
          ],
          [
            12.340719,
            45.573389
          ],
          [
            12.34058,
            45.573076
          ],
          [
            12.340327,
            45.572303
          ],
          [
            12.340206,
            45.572015
          ],
          [
            12.340064,
            45.571789
          ],
          [
            12.339786,
            45.571513
          ],
          [
            12.339653,
            45.571413
          ],
          [
            12.339208,
            45.571141
          ],
          [
            12.338716,
            45.570868
          ],
          [
            12.336873,
            45.569845
          ],
          [
            12.335634,
            45.569158
          ],
          [
            12.333636,
            45.56805
          ],
          [
            12.333265,
            45.567838
          ],
          [
            12.332025,
            45.567116
          ],
          [
            12.331118,
            45.566632
          ],
          [
            12.328591,
            45.565234
          ],
          [
            12.328035,
            45.564929
          ],
          [
            12.324777,
            45.563142
          ],
          [
            12.321852,
            45.561507
          ],
          [
            12.319368,
            45.559923
          ],
          [
            12.316476,
            45.557929
          ],
          [
            12.308708,
            45.552109
          ],
          [
            12.306784,
            45.550692
          ],
          [
            12.304698,
            45.549259
          ],
          [
            12.303335,
            45.54842
          ],
          [
            12.301634,
            45.547403
          ],
          [
            12.300779,
            45.546936
          ],
          [
            12.299811,
            45.546418
          ],
          [
            12.297752,
            45.545311
          ],
          [
            12.297154,
            45.544968
          ],
          [
            12.286587,
            45.539384
          ],
          [
            12.283929,
            45.537978
          ],
          [
            12.283359,
            45.537676
          ],
          [
            12.279808,
            45.535797
          ],
          [
            12.279702,
            45.535741
          ],
          [
            12.279257,
            45.535505
          ],
          [
            12.278872,
            45.535301
          ],
          [
            12.278291,
            45.534993
          ],
          [
            12.277188,
            45.534408
          ],
          [
            12.276904,
            45.534257
          ],
          [
            12.276768,
            45.534185
          ],
          [
            12.27633,
            45.533953
          ],
          [
            12.276186,
            45.533877
          ],
          [
            12.272536,
            45.531945
          ],
          [
            12.271017,
            45.531137
          ],
          [
            12.269498,
            45.530329
          ],
          [
            12.269102,
            45.530114
          ],
          [
            12.267841,
            45.529439
          ],
          [
            12.265213,
            45.528036
          ],
          [
            12.264408,
            45.52761
          ],
          [
            12.262006,
            45.526266
          ],
          [
            12.26059,
            45.525413
          ],
          [
            12.258472,
            45.524055
          ],
          [
            12.257574,
            45.523451
          ],
          [
            12.252597,
            45.520137
          ],
          [
            12.252083,
            45.519792
          ],
          [
            12.251883,
            45.519656
          ],
          [
            12.250738,
            45.518903
          ],
          [
            12.249645,
            45.518215
          ],
          [
            12.248096,
            45.517292
          ],
          [
            12.246092,
            45.51619
          ],
          [
            12.244719,
            45.515479
          ],
          [
            12.244238,
            45.515226
          ],
          [
            12.243436,
            45.514783
          ],
          [
            12.238161,
            45.511515
          ],
          [
            12.23765,
            45.511157
          ],
          [
            12.237113,
            45.51071
          ],
          [
            12.236532,
            45.510099
          ],
          [
            12.236091,
            45.509519
          ],
          [
            12.235462,
            45.508515
          ],
          [
            12.235181,
            45.508054
          ],
          [
            12.233912,
            45.505978
          ],
          [
            12.232425,
            45.503504
          ],
          [
            12.232034,
            45.502731
          ],
          [
            12.231709,
            45.50201
          ],
          [
            12.231604,
            45.501726
          ],
          [
            12.231416,
            45.501097
          ],
          [
            12.230828,
            45.499515
          ],
          [
            12.230733,
            45.499264
          ],
          [
            12.230525,
            45.498816
          ],
          [
            12.230323,
            45.498465
          ],
          [
            12.230112,
            45.498123
          ],
          [
            12.229887,
            45.49781
          ],
          [
            12.229758,
            45.497629
          ],
          [
            12.229428,
            45.497261
          ],
          [
            12.229117,
            45.496927
          ],
          [
            12.228569,
            45.49642
          ],
          [
            12.225212,
            45.493776
          ],
          [
            12.224995,
            45.49361
          ],
          [
            12.224147,
            45.49295
          ],
          [
            12.223366,
            45.492318
          ],
          [
            12.222238,
            45.491359
          ],
          [
            12.221892,
            45.49101
          ],
          [
            12.221097,
            45.49006
          ],
          [
            12.220776,
            45.489599
          ],
          [
            12.220527,
            45.48918
          ],
          [
            12.220187,
            45.488484
          ],
          [
            12.219984,
            45.487971
          ],
          [
            12.219012,
            45.484796
          ],
          [
            12.21846,
            45.482997
          ],
          [
            12.218407,
            45.482813
          ],
          [
            12.218248,
            45.482575
          ],
          [
            12.21801,
            45.48203
          ],
          [
            12.217806,
            45.481623
          ],
          [
            12.217602,
            45.481336
          ],
          [
            12.217363,
            45.481097
          ],
          [
            12.216543,
            45.480302
          ],
          [
            12.21618,
            45.479946
          ],
          [
            12.216077,
            45.479822
          ],
          [
            12.21597,
            45.479611
          ],
          [
            12.215961,
            45.479449
          ],
          [
            12.216027,
            45.479283
          ],
          [
            12.216102,
            45.479201
          ],
          [
            12.216257,
            45.479103
          ],
          [
            12.216543,
            45.479016
          ],
          [
            12.216661,
            45.479012
          ],
          [
            12.216839,
            45.479047
          ],
          [
            12.217065,
            45.479132
          ],
          [
            12.217206,
            45.479223
          ],
          [
            12.217446,
            45.479453
          ],
          [
            12.217763,
            45.47983
          ],
          [
            12.218342,
            45.480457
          ],
          [
            12.218714,
            45.480786
          ],
          [
            12.219067,
            45.481031
          ],
          [
            12.219592,
            45.481359
          ],
          [
            12.220041,
            45.481582
          ],
          [
            12.220668,
            45.481804
          ],
          [
            12.221672,
            45.482134
          ],
          [
            12.223054,
            45.482569
          ],
          [
            12.223587,
            45.482685
          ],
          [
            12.223957,
            45.482735
          ],
          [
            12.224377,
            45.482762
          ],
          [
            12.224819,
            45.482763
          ],
          [
            12.225367,
            45.482727
          ],
          [
            12.225812,
            45.482659
          ],
          [
            12.226151,
            45.482575
          ],
          [
            12.227009,
            45.48234
          ],
          [
            12.228007,
            45.482041
          ],
          [
            12.230823,
            45.481314
          ],
          [
            12.232389,
            45.480891
          ],
          [
            12.234181,
            45.480452
          ],
          [
            12.235637,
            45.480122
          ],
          [
            12.23845,
            45.479579
          ],
          [
            12.239021,
            45.47946
          ],
          [
            12.239687,
            45.479321
          ],
          [
            12.240573,
            45.479155
          ],
          [
            12.243197,
            45.478658
          ],
          [
            12.244861,
            45.478327
          ],
          [
            12.246043,
            45.47804
          ],
          [
            12.247122,
            45.477694
          ],
          [
            12.247602,
            45.477522
          ],
          [
            12.248477,
            45.477175
          ],
          [
            12.248522,
            45.477117
          ],
          [
            12.24908,
            45.476852
          ],
          [
            12.249925,
            45.476391
          ],
          [
            12.250122,
            45.476265
          ],
          [
            12.250453,
            45.476053
          ],
          [
            12.251323,
            45.475472
          ],
          [
            12.251964,
            45.475012
          ],
          [
            12.252748,
            45.474358
          ],
          [
            12.253466,
            45.473788
          ],
          [
            12.254016,
            45.473395
          ],
          [
            12.255203,
            45.472602
          ],
          [
            12.255495,
            45.472424
          ],
          [
            12.255943,
            45.472186
          ],
          [
            12.256638,
            45.471853
          ],
          [
            12.257891,
            45.471328
          ],
          [
            12.258329,
            45.471162
          ],
          [
            12.259781,
            45.470689
          ],
          [
            12.26012,
            45.470593
          ],
          [
            12.261427,
            45.470299
          ],
          [
            12.263491,
            45.469944
          ],
          [
            12.264579,
            45.469765
          ],
          [
            12.26477,
            45.469734
          ],
          [
            12.266003,
            45.469494
          ],
          [
            12.267237,
            45.469236
          ],
          [
            12.268591,
            45.468928
          ],
          [
            12.269516,
            45.468692
          ],
          [
            12.270156,
            45.468511
          ],
          [
            12.270411,
            45.468422
          ],
          [
            12.27077,
            45.468279
          ],
          [
            12.271302,
            45.468015
          ],
          [
            12.272538,
            45.467261
          ],
          [
            12.272806,
            45.467077
          ],
          [
            12.273665,
            45.466552
          ],
          [
            12.274471,
            45.466094
          ],
          [
            12.275143,
            45.465792
          ],
          [
            12.275622,
            45.465594
          ],
          [
            12.276753,
            45.465276
          ],
          [
            12.277949,
            45.465072
          ],
          [
            12.27817,
            45.465027
          ],
          [
            12.278426,
            45.464952
          ],
          [
            12.278898,
            45.464772
          ],
          [
            12.280203,
            45.464107
          ],
          [
            12.297382,
            45.454434
          ],
          [
            12.306432,
            45.449357
          ],
          [
            12.30966,
            45.447529
          ],
          [
            12.309962,
            45.447331
          ],
          [
            12.310559,
            45.446881
          ],
          [
            12.311045,
            45.446552
          ],
          [
            12.313949,
            45.444924
          ],
          [
            12.314279,
            45.444714
          ],
          [
            12.314545,
            45.44447
          ],
          [
            12.314781,
            45.444172
          ],
          [
            12.314906,
            45.443972
          ],
          [
            12.315067,
            45.44359
          ],
          [
            12.315111,
            45.443388
          ],
          [
            12.315159,
            45.442886
          ],
          [
            12.315182,
            45.442568
          ],
          [
            12.315236,
            45.441787
          ],
          [
            12.315239,
            45.441753
          ],
          [
            12.315277,
            45.441497
          ],
          [
            12.315311,
            45.441316
          ],
          [
            12.315373,
            45.441131
          ],
          [
            12.315449,
            45.440985
          ],
          [
            12.315483,
            45.440923
          ],
          [
            12.315553,
            45.440803
          ],
          [
            12.315855,
            45.440463
          ],
          [
            12.315919,
            45.440397
          ],
          [
            12.316634,
            45.439642
          ],
          [
            12.316895,
            45.439423
          ],
          [
            12.317229,
            45.439145
          ],
          [
            12.317488,
            45.438928
          ],
          [
            12.317898,
            45.438727
          ],
          [
            12.318094,
            45.438581
          ],
          [
            12.318415,
            45.438398
          ],
          [
            12.31779,
            45.437826
          ],
          [
            12.317777,
            45.437721
          ],
          [
            12.317819,
            45.437642
          ],
          [
            12.317907,
            45.437668
          ],
          [
            12.317928,
            45.437712
          ],
          [
            12.317891,
            45.437772
          ],
          [
            12.317901,
            45.437825
          ],
          [
            12.318088,
            45.43799
          ]
        ]
      }
    },
    {
      "type": "Feature",
      "properties": {
        "mode": "walk",
        "fromStopIndex": 1,
        "toStopIndex": 4,
        "fromName": "Piazzale Roma",
        "toName": "Piazzale Roma",
        "waypointNames": [
          "Piazzale Roma",
          "Rialto Bridge & Grand Canal",
          "St. Mark's Square",
          "Piazzale Roma"
        ],
        "distanceMeters": 4263.4,
        "durationSeconds": 3337.4
      },
      "geometry": {
        "type": "LineString",
        "coordinates": [
          [
            12.318088,
            45.43799
          ],
          [
            12.318313,
            45.438189
          ],
          [
            12.318392,
            45.438142
          ],
          [
            12.318467,
            45.438213
          ],
          [
            12.318591,
            45.438222
          ],
          [
            12.318709,
            45.438229
          ],
          [
            12.318734,
            45.438073
          ],
          [
            12.318774,
            45.438016
          ],
          [
            12.318809,
            45.437998
          ],
          [
            12.319266,
            45.43784
          ],
          [
            12.319238,
            45.437797
          ],
          [
            12.319262,
            45.43779
          ],
          [
            12.319412,
            45.437782
          ],
          [
            12.319544,
            45.43779
          ],
          [
            12.319553,
            45.437791
          ],
          [
            12.319729,
            45.437813
          ],
          [
            12.319742,
            45.437815
          ],
          [
            12.319952,
            45.437843
          ],
          [
            12.320035,
            45.437855
          ],
          [
            12.320244,
            45.437886
          ],
          [
            12.320299,
            45.437895
          ],
          [
            12.320348,
            45.437902
          ],
          [
            12.320452,
            45.437917
          ],
          [
            12.320623,
            45.437972
          ],
          [
            12.320856,
            45.437947
          ],
          [
            12.321097,
            45.437901
          ],
          [
            12.321139,
            45.437894
          ],
          [
            12.321167,
            45.437895
          ],
          [
            12.321215,
            45.437873
          ],
          [
            12.321282,
            45.437843
          ],
          [
            12.321332,
            45.437821
          ],
          [
            12.321431,
            45.437905
          ],
          [
            12.32153,
            45.437934
          ],
          [
            12.321766,
            45.437841
          ],
          [
            12.321835,
            45.437931
          ],
          [
            12.321945,
            45.437949
          ],
          [
            12.322012,
            45.437958
          ],
          [
            12.322897,
            45.438037
          ],
          [
            12.322919,
            45.438035
          ],
          [
            12.322993,
            45.438025
          ],
          [
            12.323021,
            45.438029
          ],
          [
            12.323409,
            45.43792
          ],
          [
            12.323457,
            45.437901
          ],
          [
            12.324348,
            45.437393
          ],
          [
            12.324281,
            45.437279
          ],
          [
            12.324322,
            45.437236
          ],
          [
            12.32458,
            45.4371
          ],
          [
            12.324775,
            45.437029
          ],
          [
            12.325109,
            45.436899
          ],
          [
            12.325242,
            45.436806
          ],
          [
            12.325339,
            45.436771
          ],
          [
            12.325643,
            45.43666
          ],
          [
            12.325817,
            45.436596
          ],
          [
            12.325916,
            45.43656
          ],
          [
            12.326091,
            45.436506
          ],
          [
            12.326357,
            45.436436
          ],
          [
            12.326434,
            45.436479
          ],
          [
            12.326471,
            45.43646
          ],
          [
            12.326824,
            45.436287
          ],
          [
            12.326954,
            45.436222
          ],
          [
            12.327005,
            45.43627
          ],
          [
            12.327184,
            45.436193
          ],
          [
            12.32719,
            45.436201
          ],
          [
            12.327497,
            45.43607
          ],
          [
            12.32755,
            45.43614
          ],
          [
            12.32758,
            45.436127
          ],
          [
            12.327618,
            45.43611
          ],
          [
            12.327664,
            45.436091
          ],
          [
            12.327652,
            45.436074
          ],
          [
            12.327795,
            45.436015
          ],
          [
            12.327875,
            45.435985
          ],
          [
            12.328229,
            45.435858
          ],
          [
            12.32823,
            45.435849
          ],
          [
            12.328295,
            45.435845
          ],
          [
            12.328343,
            45.435843
          ],
          [
            12.328488,
            45.435927
          ],
          [
            12.328485,
            45.435933
          ],
          [
            12.32844,
            45.43602
          ],
          [
            12.32839,
            45.436115
          ],
          [
            12.328481,
            45.436173
          ],
          [
            12.328396,
            45.436286
          ],
          [
            12.328581,
            45.436398
          ],
          [
            12.328348,
            45.436505
          ],
          [
            12.328306,
            45.436525
          ],
          [
            12.328637,
            45.436696
          ],
          [
            12.328794,
            45.436766
          ],
          [
            12.328973,
            45.436832
          ],
          [
            12.329007,
            45.436842
          ],
          [
            12.329041,
            45.436858
          ],
          [
            12.329106,
            45.436882
          ],
          [
            12.329173,
            45.436908
          ],
          [
            12.32948,
            45.436986
          ],
          [
            12.329702,
            45.437028
          ],
          [
            12.329963,
            45.437077
          ],
          [
            12.330041,
            45.43711
          ],
          [
            12.330204,
            45.437173
          ],
          [
            12.330398,
            45.437181
          ],
          [
            12.330438,
            45.437189
          ],
          [
            12.330455,
            45.437189
          ],
          [
            12.33049,
            45.437189
          ],
          [
            12.33053,
            45.437189
          ],
          [
            12.33057,
            45.437189
          ],
          [
            12.330588,
            45.437188
          ],
          [
            12.330615,
            45.437189
          ],
          [
            12.330644,
            45.43719
          ],
          [
            12.330655,
            45.43719
          ],
          [
            12.3307,
            45.437191
          ],
          [
            12.330728,
            45.437191
          ],
          [
            12.330744,
            45.437189
          ],
          [
            12.330805,
            45.437177
          ],
          [
            12.330876,
            45.437192
          ],
          [
            12.331148,
            45.43726
          ],
          [
            12.33115,
            45.437279
          ],
          [
            12.331233,
            45.437317
          ],
          [
            12.331369,
            45.437378
          ],
          [
            12.331475,
            45.437426
          ],
          [
            12.331566,
            45.437467
          ],
          [
            12.331642,
            45.437498
          ],
          [
            12.331703,
            45.437452
          ],
          [
            12.331731,
            45.437457
          ],
          [
            12.331831,
            45.437511
          ],
          [
            12.332245,
            45.437755
          ],
          [
            12.332258,
            45.437763
          ],
          [
            12.332321,
            45.437805
          ],
          [
            12.332354,
            45.437783
          ],
          [
            12.332506,
            45.437754
          ],
          [
            12.33254,
            45.437748
          ],
          [
            12.332545,
            45.437752
          ],
          [
            12.33289,
            45.437923
          ],
          [
            12.333203,
            45.437701
          ],
          [
            12.333317,
            45.437657
          ],
          [
            12.333558,
            45.437712
          ],
          [
            12.333909,
            45.437222
          ],
          [
            12.333911,
            45.437178
          ],
          [
            12.333961,
            45.437114
          ],
          [
            12.334254,
            45.436749
          ],
          [
            12.334303,
            45.436703
          ],
          [
            12.334203,
            45.436657
          ],
          [
            12.334607,
            45.436243
          ],
          [
            12.33499,
            45.435813
          ],
          [
            12.335006,
            45.435799
          ],
          [
            12.335109,
            45.435777
          ],
          [
            12.335246,
            45.435777
          ],
          [
            12.335472,
            45.435812
          ],
          [
            12.335597,
            45.435718
          ],
          [
            12.33562,
            45.435707
          ],
          [
            12.335696,
            45.435588
          ],
          [
            12.335739,
            45.435495
          ],
          [
            12.335763,
            45.435167
          ],
          [
            12.335839,
            45.435168
          ],
          [
            12.335879,
            45.434966
          ],
          [
            12.335876,
            45.434953
          ],
          [
            12.335874,
            45.434942
          ],
          [
            12.33589,
            45.434934
          ],
          [
            12.336038,
            45.434812
          ],
          [
            12.336214,
            45.434653
          ],
          [
            12.336326,
            45.434566
          ],
          [
            12.336597,
            45.434344
          ],
          [
            12.336706,
            45.434301
          ],
          [
            12.336742,
            45.434287
          ],
          [
            12.336918,
            45.434074
          ],
          [
            12.337037,
            45.434133
          ],
          [
            12.337135,
            45.434183
          ],
          [
            12.33715,
            45.434176
          ],
          [
            12.337202,
            45.434116
          ],
          [
            12.337242,
            45.434073
          ],
          [
            12.337294,
            45.434015
          ],
          [
            12.337309,
            45.433999
          ],
          [
            12.337313,
            45.433994
          ],
          [
            12.337371,
            45.433913
          ],
          [
            12.337546,
            45.433984
          ],
          [
            12.337371,
            45.433913
          ],
          [
            12.337313,
            45.433994
          ],
          [
            12.337309,
            45.433999
          ],
          [
            12.337294,
            45.434015
          ],
          [
            12.337242,
            45.434073
          ],
          [
            12.337202,
            45.434116
          ],
          [
            12.33715,
            45.434176
          ],
          [
            12.337135,
            45.434183
          ],
          [
            12.337037,
            45.434133
          ],
          [
            12.336918,
            45.434074
          ],
          [
            12.336742,
            45.434287
          ],
          [
            12.336706,
            45.434301
          ],
          [
            12.336597,
            45.434344
          ],
          [
            12.336326,
            45.434566
          ],
          [
            12.336214,
            45.434653
          ],
          [
            12.336038,
            45.434812
          ],
          [
            12.33589,
            45.434934
          ],
          [
            12.335874,
            45.434942
          ],
          [
            12.335876,
            45.434953
          ],
          [
            12.335879,
            45.434966
          ],
          [
            12.335839,
            45.435168
          ],
          [
            12.335763,
            45.435167
          ],
          [
            12.335739,
            45.435495
          ],
          [
            12.335696,
            45.435588
          ],
          [
            12.33562,
            45.435707
          ],
          [
            12.335597,
            45.435718
          ],
          [
            12.335472,
            45.435812
          ],
          [
            12.335246,
            45.435777
          ],
          [
            12.335109,
            45.435777
          ],
          [
            12.335006,
            45.435799
          ],
          [
            12.33499,
            45.435813
          ],
          [
            12.334607,
            45.436243
          ],
          [
            12.334203,
            45.436657
          ],
          [
            12.334303,
            45.436703
          ],
          [
            12.334254,
            45.436749
          ],
          [
            12.333961,
            45.437114
          ],
          [
            12.333911,
            45.437178
          ],
          [
            12.333909,
            45.437222
          ],
          [
            12.333558,
            45.437712
          ],
          [
            12.333317,
            45.437657
          ],
          [
            12.333203,
            45.437701
          ],
          [
            12.33289,
            45.437923
          ],
          [
            12.332545,
            45.437752
          ],
          [
            12.33254,
            45.437748
          ],
          [
            12.332506,
            45.437754
          ],
          [
            12.332354,
            45.437783
          ],
          [
            12.332321,
            45.437805
          ],
          [
            12.332258,
            45.437763
          ],
          [
            12.332245,
            45.437755
          ],
          [
            12.331831,
            45.437511
          ],
          [
            12.331731,
            45.437457
          ],
          [
            12.331703,
            45.437452
          ],
          [
            12.331642,
            45.437498
          ],
          [
            12.331566,
            45.437467
          ],
          [
            12.331475,
            45.437426
          ],
          [
            12.331369,
            45.437378
          ],
          [
            12.331233,
            45.437317
          ],
          [
            12.33115,
            45.437279
          ],
          [
            12.331148,
            45.43726
          ],
          [
            12.330876,
            45.437192
          ],
          [
            12.330805,
            45.437177
          ],
          [
            12.330744,
            45.437189
          ],
          [
            12.330728,
            45.437191
          ],
          [
            12.3307,
            45.437191
          ],
          [
            12.330655,
            45.43719
          ],
          [
            12.330644,
            45.43719
          ],
          [
            12.330615,
            45.437189
          ],
          [
            12.330588,
            45.437188
          ],
          [
            12.33057,
            45.437189
          ],
          [
            12.33053,
            45.437189
          ],
          [
            12.33049,
            45.437189
          ],
          [
            12.330455,
            45.437189
          ],
          [
            12.330438,
            45.437189
          ],
          [
            12.330398,
            45.437181
          ],
          [
            12.330204,
            45.437173
          ],
          [
            12.330041,
            45.43711
          ],
          [
            12.329963,
            45.437077
          ],
          [
            12.329702,
            45.437028
          ],
          [
            12.32948,
            45.436986
          ],
          [
            12.329173,
            45.436908
          ],
          [
            12.329106,
            45.436882
          ],
          [
            12.329041,
            45.436858
          ],
          [
            12.329007,
            45.436842
          ],
          [
            12.328973,
            45.436832
          ],
          [
            12.328794,
            45.436766
          ],
          [
            12.328637,
            45.436696
          ],
          [
            12.328306,
            45.436525
          ],
          [
            12.328348,
            45.436505
          ],
          [
            12.328581,
            45.436398
          ],
          [
            12.328396,
            45.436286
          ],
          [
            12.328234,
            45.436169
          ],
          [
            12.328199,
            45.436147
          ],
          [
            12.328143,
            45.436112
          ],
          [
            12.328109,
            45.436122
          ],
          [
            12.327985,
            45.436176
          ],
          [
            12.327977,
            45.436179
          ],
          [
            12.327966,
            45.436183
          ],
          [
            12.32786,
            45.436228
          ],
          [
            12.327727,
            45.436065
          ],
          [
            12.327664,
            45.436091
          ],
          [
            12.327618,
            45.43611
          ],
          [
            12.32758,
            45.436127
          ],
          [
            12.32755,
            45.43614
          ],
          [
            12.327497,
            45.43607
          ],
          [
            12.32719,
            45.436201
          ],
          [
            12.327184,
            45.436193
          ],
          [
            12.327005,
            45.43627
          ],
          [
            12.326954,
            45.436222
          ],
          [
            12.326824,
            45.436287
          ],
          [
            12.326471,
            45.43646
          ],
          [
            12.326434,
            45.436479
          ],
          [
            12.326357,
            45.436436
          ],
          [
            12.326091,
            45.436506
          ],
          [
            12.325916,
            45.43656
          ],
          [
            12.325817,
            45.436596
          ],
          [
            12.325643,
            45.43666
          ],
          [
            12.325339,
            45.436771
          ],
          [
            12.325242,
            45.436806
          ],
          [
            12.325109,
            45.436899
          ],
          [
            12.324775,
            45.437029
          ],
          [
            12.32458,
            45.4371
          ],
          [
            12.324322,
            45.437236
          ],
          [
            12.324281,
            45.437279
          ],
          [
            12.324348,
            45.437393
          ],
          [
            12.323457,
            45.437901
          ],
          [
            12.323409,
            45.43792
          ],
          [
            12.323021,
            45.438029
          ],
          [
            12.322993,
            45.438025
          ],
          [
            12.322919,
            45.438035
          ],
          [
            12.322897,
            45.438037
          ],
          [
            12.322012,
            45.437958
          ],
          [
            12.321945,
            45.437949
          ],
          [
            12.321835,
            45.437931
          ],
          [
            12.321766,
            45.437841
          ],
          [
            12.32153,
            45.437934
          ],
          [
            12.321431,
            45.437905
          ],
          [
            12.321332,
            45.437821
          ],
          [
            12.321282,
            45.437843
          ],
          [
            12.321215,
            45.437873
          ],
          [
            12.321167,
            45.437895
          ],
          [
            12.321139,
            45.437894
          ],
          [
            12.321097,
            45.437901
          ],
          [
            12.320856,
            45.437947
          ],
          [
            12.320623,
            45.437972
          ],
          [
            12.320452,
            45.437917
          ],
          [
            12.320348,
            45.437902
          ],
          [
            12.320299,
            45.437895
          ],
          [
            12.320244,
            45.437886
          ],
          [
            12.320035,
            45.437855
          ],
          [
            12.319952,
            45.437843
          ],
          [
            12.319742,
            45.437815
          ],
          [
            12.319729,
            45.437813
          ],
          [
            12.319553,
            45.437791
          ],
          [
            12.319544,
            45.43779
          ],
          [
            12.319412,
            45.437782
          ],
          [
            12.319262,
            45.43779
          ],
          [
            12.319238,
            45.437797
          ],
          [
            12.319266,
            45.43784
          ],
          [
            12.318809,
            45.437998
          ],
          [
            12.318774,
            45.438016
          ],
          [
            12.318734,
            45.438073
          ],
          [
            12.318709,
            45.438229
          ],
          [
            12.318591,
            45.438222
          ],
          [
            12.318467,
            45.438213
          ],
          [
            12.318392,
            45.438142
          ],
          [
            12.318313,
            45.438189
          ],
          [
            12.318088,
            45.43799
          ]
        ]
      }
    },
    {
      "type": "Feature",
      "properties": {
        "mode": "drive",
        "fromStopIndex": 4,
        "toStopIndex": 5,
        "fromName": "Piazzale Roma",
        "toName": "Brescia",
        "waypointNames": [
          "Piazzale Roma",
          "Brescia"
        ],
        "distanceMeters": 189450.3,
        "durationSeconds": 7072.9
      },
      "geometry": {
        "type": "LineString",
        "coordinates": [
          [
            12.318088,
            45.43799
          ],
          [
            12.318313,
            45.438189
          ],
          [
            12.318442,
            45.438276
          ],
          [
            12.31851,
            45.438373
          ],
          [
            12.318568,
            45.43839
          ],
          [
            12.318583,
            45.43841
          ],
          [
            12.31858,
            45.438446
          ],
          [
            12.318535,
            45.43848
          ],
          [
            12.317878,
            45.438839
          ],
          [
            12.317495,
            45.43908
          ],
          [
            12.317015,
            45.439444
          ],
          [
            12.316979,
            45.439473
          ],
          [
            12.316725,
            45.439691
          ],
          [
            12.316612,
            45.439801
          ],
          [
            12.316499,
            45.439914
          ],
          [
            12.315996,
            45.44044
          ],
          [
            12.315912,
            45.440533
          ],
          [
            12.31563,
            45.440868
          ],
          [
            12.3155,
            45.441081
          ],
          [
            12.315401,
            45.441482
          ],
          [
            12.31538,
            45.441632
          ],
          [
            12.315349,
            45.44179
          ],
          [
            12.315272,
            45.442605
          ],
          [
            12.315268,
            45.44289
          ],
          [
            12.31523,
            45.44339
          ],
          [
            12.315106,
            45.443808
          ],
          [
            12.314927,
            45.444142
          ],
          [
            12.314648,
            45.444493
          ],
          [
            12.314359,
            45.444751
          ],
          [
            12.314019,
            45.444978
          ],
          [
            12.311493,
            45.446402
          ],
          [
            12.311181,
            45.446574
          ],
          [
            12.310627,
            45.446927
          ],
          [
            12.310039,
            45.447387
          ],
          [
            12.309755,
            45.447568
          ],
          [
            12.280268,
            45.464168
          ],
          [
            12.27843,
            45.465116
          ],
          [
            12.27678,
            45.466016
          ],
          [
            12.276242,
            45.466289
          ],
          [
            12.275239,
            45.466766
          ],
          [
            12.275123,
            45.466815
          ],
          [
            12.27478,
            45.466966
          ],
          [
            12.272742,
            45.467743
          ],
          [
            12.271545,
            45.468152
          ],
          [
            12.270351,
            45.468534
          ],
          [
            12.269137,
            45.468873
          ],
          [
            12.268596,
            45.46901
          ],
          [
            12.266708,
            45.469428
          ],
          [
            12.265198,
            45.469739
          ],
          [
            12.264599,
            45.469841
          ],
          [
            12.263512,
            45.470021
          ],
          [
            12.261538,
            45.47035
          ],
          [
            12.260164,
            45.470656
          ],
          [
            12.259815,
            45.470754
          ],
          [
            12.258553,
            45.471169
          ],
          [
            12.258046,
            45.471351
          ],
          [
            12.257353,
            45.471641
          ],
          [
            12.256402,
            45.472078
          ],
          [
            12.255604,
            45.472483
          ],
          [
            12.25527,
            45.472683
          ],
          [
            12.254105,
            45.47345
          ],
          [
            12.25354,
            45.473846
          ],
          [
            12.253092,
            45.474181
          ],
          [
            12.252809,
            45.474424
          ],
          [
            12.252301,
            45.474853
          ],
          [
            12.251797,
            45.47524
          ],
          [
            12.250519,
            45.476105
          ],
          [
            12.250213,
            45.476308
          ],
          [
            12.249282,
            45.47684
          ],
          [
            12.248424,
            45.477249
          ],
          [
            12.24769,
            45.477576
          ],
          [
            12.246562,
            45.47796
          ],
          [
            12.245782,
            45.478188
          ],
          [
            12.244929,
            45.478396
          ],
          [
            12.244672,
            45.478483
          ],
          [
            12.243123,
            45.478824
          ],
          [
            12.240597,
            45.47937
          ],
          [
            12.237594,
            45.479989
          ],
          [
            12.23676,
            45.480161
          ],
          [
            12.235483,
            45.480423
          ],
          [
            12.233417,
            45.480863
          ],
          [
            12.230432,
            45.481484
          ],
          [
            12.227768,
            45.482196
          ],
          [
            12.226771,
            45.48249
          ],
          [
            12.225791,
            45.482743
          ],
          [
            12.22537,
            45.482803
          ],
          [
            12.224794,
            45.48284
          ],
          [
            12.224347,
            45.482844
          ],
          [
            12.224063,
            45.482822
          ],
          [
            12.223653,
            45.482767
          ],
          [
            12.222985,
            45.482631
          ],
          [
            12.218081,
            45.481058
          ],
          [
            12.217189,
            45.480756
          ],
          [
            12.216704,
            45.480571
          ],
          [
            12.216462,
            45.480446
          ],
          [
            12.216225,
            45.480294
          ],
          [
            12.216056,
            45.480132
          ],
          [
            12.215918,
            45.479946
          ],
          [
            12.215822,
            45.479741
          ],
          [
            12.21579,
            45.479585
          ],
          [
            12.215785,
            45.479416
          ],
          [
            12.215834,
            45.478867
          ],
          [
            12.215717,
            45.478386
          ],
          [
            12.215586,
            45.477998
          ],
          [
            12.215449,
            45.47776
          ],
          [
            12.214797,
            45.476658
          ],
          [
            12.21457,
            45.47633
          ],
          [
            12.214119,
            45.475879
          ],
          [
            12.213741,
            45.475622
          ],
          [
            12.213452,
            45.475466
          ],
          [
            12.213248,
            45.475375
          ],
          [
            12.212876,
            45.475243
          ],
          [
            12.212632,
            45.475175
          ],
          [
            12.212275,
            45.475118
          ],
          [
            12.212163,
            45.475112
          ],
          [
            12.21211,
            45.475103
          ],
          [
            12.211849,
            45.475029
          ],
          [
            12.211627,
            45.474912
          ],
          [
            12.211445,
            45.474762
          ],
          [
            12.211312,
            45.474584
          ],
          [
            12.211306,
            45.474568
          ],
          [
            12.210975,
            45.474281
          ],
          [
            12.210752,
            45.474178
          ],
          [
            12.210601,
            45.474138
          ],
          [
            12.210161,
            45.474063
          ],
          [
            12.207092,
            45.473658
          ],
          [
            12.206316,
            45.473526
          ],
          [
            12.204963,
            45.473248
          ],
          [
            12.203123,
            45.472768
          ],
          [
            12.200068,
            45.472128
          ],
          [
            12.196536,
            45.471344
          ],
          [
            12.195709,
            45.471234
          ],
          [
            12.193554,
            45.470859
          ],
          [
            12.19306,
            45.470752
          ],
          [
            12.192604,
            45.470576
          ],
          [
            12.192269,
            45.470479
          ],
          [
            12.19127,
            45.470211
          ],
          [
            12.175434,
            45.467021
          ],
          [
            12.171884,
            45.466289
          ],
          [
            12.16822,
            45.465535
          ],
          [
            12.166514,
            45.465186
          ],
          [
            12.135748,
            45.458894
          ],
          [
            12.135214,
            45.458784
          ],
          [
            12.128149,
            45.457346
          ],
          [
            12.127839,
            45.457282
          ],
          [
            12.119478,
            45.455567
          ],
          [
            12.118403,
            45.45535
          ],
          [
            12.117244,
            45.455114
          ],
          [
            12.110279,
            45.453685
          ],
          [
            12.107179,
            45.453051
          ],
          [
            12.099489,
            45.451473
          ],
          [
            12.098961,
            45.451365
          ],
          [
            12.098279,
            45.451226
          ],
          [
            12.095929,
            45.450738
          ],
          [
            12.094586,
            45.450481
          ],
          [
            12.093025,
            45.45017
          ],
          [
            12.091499,
            45.449951
          ],
          [
            12.09102,
            45.449869
          ],
          [
            12.087497,
            45.449159
          ],
          [
            12.087037,
            45.449115
          ],
          [
            12.086578,
            45.449131
          ],
          [
            12.085634,
            45.449254
          ],
          [
            12.08529,
            45.44928
          ],
          [
            12.085028,
            45.449284
          ],
          [
            12.084799,
            45.449271
          ],
          [
            12.084564,
            45.449239
          ],
          [
            12.084136,
            45.44914
          ],
          [
            12.083614,
            45.448937
          ],
          [
            12.081755,
            45.448152
          ],
          [
            12.080981,
            45.447879
          ],
          [
            12.080099,
            45.447615
          ],
          [
            12.078794,
            45.447308
          ],
          [
            12.07784,
            45.447032
          ],
          [
            12.073842,
            45.446213
          ],
          [
            12.062341,
            45.443858
          ],
          [
            12.058257,
            45.443
          ],
          [
            12.046974,
            45.44068
          ],
          [
            12.00649,
            45.43235
          ],
          [
            12.005167,
            45.432075
          ],
          [
            11.979151,
            45.426701
          ],
          [
            11.976572,
            45.42617
          ],
          [
            11.970146,
            45.424843
          ],
          [
            11.969306,
            45.424675
          ],
          [
            11.963386,
            45.423465
          ],
          [
            11.96114,
            45.422998
          ],
          [
            11.960611,
            45.422893
          ],
          [
            11.959452,
            45.422634
          ],
          [
            11.956409,
            45.421994
          ],
          [
            11.949073,
            45.420483
          ],
          [
            11.945742,
            45.419794
          ],
          [
            11.94552,
            45.419757
          ],
          [
            11.943895,
            45.419427
          ],
          [
            11.943052,
            45.419306
          ],
          [
            11.942473,
            45.419248
          ],
          [
            11.942128,
            45.419221
          ],
          [
            11.941423,
            45.419211
          ],
          [
            11.940871,
            45.419223
          ],
          [
            11.940279,
            45.419254
          ],
          [
            11.939898,
            45.419291
          ],
          [
            11.939054,
            45.419413
          ],
          [
            11.938694,
            45.419476
          ],
          [
            11.938251,
            45.419576
          ],
          [
            11.937426,
            45.419793
          ],
          [
            11.936939,
            45.419952
          ],
          [
            11.936438,
            45.420138
          ],
          [
            11.935946,
            45.420345
          ],
          [
            11.93548,
            45.420572
          ],
          [
            11.933116,
            45.421877
          ],
          [
            11.930499,
            45.423276
          ],
          [
            11.927139,
            45.425069
          ],
          [
            11.926644,
            45.425325
          ],
          [
            11.925439,
            45.425966
          ],
          [
            11.919126,
            45.429315
          ],
          [
            11.918527,
            45.429613
          ],
          [
            11.91794,
            45.429881
          ],
          [
            11.917005,
            45.43028
          ],
          [
            11.911338,
            45.432543
          ],
          [
            11.902735,
            45.435944
          ],
          [
            11.895724,
            45.43836
          ],
          [
            11.893306,
            45.439189
          ],
          [
            11.892975,
            45.439303
          ],
          [
            11.890191,
            45.440258
          ],
          [
            11.888968,
            45.440622
          ],
          [
            11.888361,
            45.440794
          ],
          [
            11.887498,
            45.441002
          ],
          [
            11.886593,
            45.4412
          ],
          [
            11.885983,
            45.441314
          ],
          [
            11.885514,
            45.441402
          ],
          [
            11.871702,
            45.444006
          ],
          [
            11.86965,
            45.444393
          ],
          [
            11.863405,
            45.445577
          ],
          [
            11.862108,
            45.445819
          ],
          [
            11.850345,
            45.448039
          ],
          [
            11.849478,
            45.448193
          ],
          [
            11.848622,
            45.448321
          ],
          [
            11.845031,
            45.448812
          ],
          [
            11.84485,
            45.448837
          ],
          [
            11.842317,
            45.449181
          ],
          [
            11.83956,
            45.449559
          ],
          [
            11.838268,
            45.449757
          ],
          [
            11.836152,
            45.450057
          ],
          [
            11.831087,
            45.450756
          ],
          [
            11.830504,
            45.450835
          ],
          [
            11.828117,
            45.451159
          ],
          [
            11.827622,
            45.451226
          ],
          [
            11.794163,
            45.455766
          ],
          [
            11.793414,
            45.455885
          ],
          [
            11.79194,
            45.456158
          ],
          [
            11.790515,
            45.456492
          ],
          [
            11.789878,
            45.456657
          ],
          [
            11.789255,
            45.456841
          ],
          [
            11.765609,
            45.46396
          ],
          [
            11.764125,
            45.464353
          ],
          [
            11.76276,
            45.464638
          ],
          [
            11.746504,
            45.4673
          ],
          [
            11.738099,
            45.468668
          ],
          [
            11.736946,
            45.468876
          ],
          [
            11.735808,
            45.469125
          ],
          [
            11.734449,
            45.469467
          ],
          [
            11.733152,
            45.46986
          ],
          [
            11.730147,
            45.470834
          ],
          [
            11.725118,
            45.472475
          ],
          [
            11.710523,
            45.477207
          ],
          [
            11.706259,
            45.478587
          ],
          [
            11.691742,
            45.483303
          ],
          [
            11.690841,
            45.483599
          ],
          [
            11.689974,
            45.483921
          ],
          [
            11.686531,
            45.485208
          ],
          [
            11.686339,
            45.485279
          ],
          [
            11.680163,
            45.487587
          ],
          [
            11.67904,
            45.487958
          ],
          [
            11.678121,
            45.488234
          ],
          [
            11.662642,
            45.492488
          ],
          [
            11.660868,
            45.492994
          ],
          [
            11.657895,
            45.493998
          ],
          [
            11.637236,
            45.501211
          ],
          [
            11.635943,
            45.501641
          ],
          [
            11.631957,
            45.502799
          ],
          [
            11.626401,
            45.50439
          ],
          [
            11.612568,
            45.50841
          ],
          [
            11.609988,
            45.509172
          ],
          [
            11.607587,
            45.509895
          ],
          [
            11.606528,
            45.510206
          ],
          [
            11.606266,
            45.510283
          ],
          [
            11.59791,
            45.512702
          ],
          [
            11.585411,
            45.516352
          ],
          [
            11.583929,
            45.516749
          ],
          [
            11.583148,
            45.516907
          ],
          [
            11.582067,
            45.517059
          ],
          [
            11.581464,
            45.517117
          ],
          [
            11.580865,
            45.517154
          ],
          [
            11.58019,
            45.517174
          ],
          [
            11.579519,
            45.517165
          ],
          [
            11.57825,
            45.517093
          ],
          [
            11.577766,
            45.517056
          ],
          [
            11.572829,
            45.516709
          ],
          [
            11.570152,
            45.516518
          ],
          [
            11.569042,
            45.516411
          ],
          [
            11.567811,
            45.516264
          ],
          [
            11.567396,
            45.516216
          ],
          [
            11.566126,
            45.516093
          ],
          [
            11.565706,
            45.51606
          ],
          [
            11.564429,
            45.515971
          ],
          [
            11.560294,
            45.515769
          ],
          [
            11.558999,
            45.515765
          ],
          [
            11.558482,
            45.515777
          ],
          [
            11.556052,
            45.515869
          ],
          [
            11.554732,
            45.515862
          ],
          [
            11.553297,
            45.515792
          ],
          [
            11.552016,
            45.515755
          ],
          [
            11.55136,
            45.515754
          ],
          [
            11.550751,
            45.515769
          ],
          [
            11.549033,
            45.515876
          ],
          [
            11.541547,
            45.516456
          ],
          [
            11.536244,
            45.516879
          ],
          [
            11.532958,
            45.517124
          ],
          [
            11.530658,
            45.517322
          ],
          [
            11.529577,
            45.517457
          ],
          [
            11.52739,
            45.517797
          ],
          [
            11.526015,
            45.517963
          ],
          [
            11.524726,
            45.518074
          ],
          [
            11.523463,
            45.518131
          ],
          [
            11.522163,
            45.518141
          ],
          [
            11.511987,
            45.518087
          ],
          [
            11.509889,
            45.518073
          ],
          [
            11.507486,
            45.518037
          ],
          [
            11.507462,
            45.518036
          ],
          [
            11.503306,
            45.517941
          ],
          [
            11.502472,
            45.517888
          ],
          [
            11.501858,
            45.517817
          ],
          [
            11.500802,
            45.51765
          ],
          [
            11.499687,
            45.517376
          ],
          [
            11.499184,
            45.517229
          ],
          [
            11.498149,
            45.516883
          ],
          [
            11.497857,
            45.516782
          ],
          [
            11.493263,
            45.515213
          ],
          [
            11.488709,
            45.513572
          ],
          [
            11.487039,
            45.512985
          ],
          [
            11.485072,
            45.512261
          ],
          [
            11.481253,
            45.510899
          ],
          [
            11.476931,
            45.509337
          ],
          [
            11.472995,
            45.508013
          ],
          [
            11.472696,
            45.507903
          ],
          [
            11.470399,
            45.50707
          ],
          [
            11.469712,
            45.50684
          ],
          [
            11.468676,
            45.506518
          ],
          [
            11.468365,
            45.506434
          ],
          [
            11.468002,
            45.506328
          ],
          [
            11.466832,
            45.506044
          ],
          [
            11.464549,
            45.505532
          ],
          [
            11.463407,
            45.505254
          ],
          [
            11.462555,
            45.505021
          ],
          [
            11.461709,
            45.50476
          ],
          [
            11.460638,
            45.504401
          ],
          [
            11.459596,
            45.504001
          ],
          [
            11.458078,
            45.503364
          ],
          [
            11.457094,
            45.50289
          ],
          [
            11.456146,
            45.502391
          ],
          [
            11.455677,
            45.502123
          ],
          [
            11.45438,
            45.501283
          ],
          [
            11.453965,
            45.500984
          ],
          [
            11.453015,
            45.500234
          ],
          [
            11.45212,
            45.499454
          ],
          [
            11.449736,
            45.497306
          ],
          [
            11.447559,
            45.495405
          ],
          [
            11.443017,
            45.491368
          ],
          [
            11.441676,
            45.490145
          ],
          [
            11.438361,
            45.487237
          ],
          [
            11.433689,
            45.483069
          ],
          [
            11.431615,
            45.481252
          ],
          [
            11.42944,
            45.479302
          ],
          [
            11.42875,
            45.478642
          ],
          [
            11.427909,
            45.477918
          ],
          [
            11.426613,
            45.476766
          ],
          [
            11.425657,
            45.475955
          ],
          [
            11.424359,
            45.474964
          ],
          [
            11.423916,
            45.474652
          ],
          [
            11.422337,
            45.473663
          ],
          [
            11.418426,
            45.471282
          ],
          [
            11.416923,
            45.470311
          ],
          [
            11.414983,
            45.469025
          ],
          [
            11.406764,
            45.463374
          ],
          [
            11.405903,
            45.462695
          ],
          [
            11.401735,
            45.45921
          ],
          [
            11.401263,
            45.458832
          ],
          [
            11.400358,
            45.458142
          ],
          [
            11.399161,
            45.457336
          ],
          [
            11.398571,
            45.456968
          ],
          [
            11.397951,
            45.456619
          ],
          [
            11.396806,
            45.456033
          ],
          [
            11.395683,
            45.455501
          ],
          [
            11.393408,
            45.454584
          ],
          [
            11.39213,
            45.454055
          ],
          [
            11.391483,
            45.453771
          ],
          [
            11.389976,
            45.453023
          ],
          [
            11.389367,
            45.452697
          ],
          [
            11.388781,
            45.452349
          ],
          [
            11.387931,
            45.451812
          ],
          [
            11.387005,
            45.451169
          ],
          [
            11.381133,
            45.446703
          ],
          [
            11.380308,
            45.44608
          ],
          [
            11.379471,
            45.445478
          ],
          [
            11.378835,
            45.445057
          ],
          [
            11.377748,
            45.4444
          ],
          [
            11.376618,
            45.443793
          ],
          [
            11.375275,
            45.443153
          ],
          [
            11.373934,
            45.442597
          ],
          [
            11.372881,
            45.44222
          ],
          [
            11.37184,
            45.441884
          ],
          [
            11.370972,
            45.441633
          ],
          [
            11.365975,
            45.440371
          ],
          [
            11.364361,
            45.439883
          ],
          [
            11.363055,
            45.439421
          ],
          [
            11.359054,
            45.437738
          ],
          [
            11.353715,
            45.435446
          ],
          [
            11.348725,
            45.4333
          ],
          [
            11.345766,
            45.432002
          ],
          [
            11.341661,
            45.43026
          ],
          [
            11.336902,
            45.428192
          ],
          [
            11.330005,
            45.425247
          ],
          [
            11.325612,
            45.42336
          ],
          [
            11.324695,
            45.422968
          ],
          [
            11.320182,
            45.421025
          ],
          [
            11.319232,
            45.420633
          ],
          [
            11.318257,
            45.420265
          ],
          [
            11.317479,
            45.42
          ],
          [
            11.31668,
            45.419755
          ],
          [
            11.315883,
            45.41953
          ],
          [
            11.315097,
            45.419331
          ],
          [
            11.297925,
            45.415285
          ],
          [
            11.297571,
            45.415199
          ],
          [
            11.284896,
            45.412207
          ],
          [
            11.284378,
            45.41208
          ],
          [
            11.274466,
            45.409749
          ],
          [
            11.273558,
            45.409561
          ],
          [
            11.272532,
            45.40938
          ],
          [
            11.270814,
            45.409144
          ],
          [
            11.269345,
            45.409015
          ],
          [
            11.26801,
            45.408953
          ],
          [
            11.260168,
            45.408787
          ],
          [
            11.259195,
            45.408784
          ],
          [
            11.257668,
            45.408833
          ],
          [
            11.256839,
            45.408891
          ],
          [
            11.254695,
            45.409093
          ],
          [
            11.253751,
            45.409185
          ],
          [
            11.252842,
            45.409277
          ],
          [
            11.248304,
            45.409716
          ],
          [
            11.240602,
            45.410469
          ],
          [
            11.236629,
            45.410819
          ],
          [
            11.233607,
            45.411114
          ],
          [
            11.233383,
            45.411135
          ],
          [
            11.228891,
            45.411565
          ],
          [
            11.227603,
            45.411665
          ],
          [
            11.225903,
            45.411829
          ],
          [
            11.196655,
            45.41468
          ],
          [
            11.194685,
            45.414888
          ],
          [
            11.193669,
            45.415016
          ],
          [
            11.191617,
            45.415363
          ],
          [
            11.189672,
            45.415762
          ],
          [
            11.176757,
            45.418724
          ],
          [
            11.175621,
            45.418959
          ],
          [
            11.174958,
            45.419075
          ],
          [
            11.173514,
            45.419277
          ],
          [
            11.172793,
            45.419361
          ],
          [
            11.172074,
            45.419429
          ],
          [
            11.170319,
            45.419532
          ],
          [
            11.161153,
            45.419959
          ],
          [
            11.154003,
            45.4204
          ],
          [
            11.14857,
            45.420884
          ],
          [
            11.145599,
            45.421124
          ],
          [
            11.144537,
            45.421208
          ],
          [
            11.135256,
            45.421967
          ],
          [
            11.134513,
            45.422016
          ],
          [
            11.13383,
            45.422038
          ],
          [
            11.133083,
            45.422055
          ],
          [
            11.131729,
            45.422053
          ],
          [
            11.131001,
            45.422023
          ],
          [
            11.129412,
            45.421923
          ],
          [
            11.128687,
            45.421849
          ],
          [
            11.127206,
            45.421658
          ],
          [
            11.12586,
            45.421425
          ],
          [
            11.125065,
            45.421257
          ],
          [
            11.123312,
            45.420846
          ],
          [
            11.122696,
            45.420653
          ],
          [
            11.122195,
            45.420503
          ],
          [
            11.121576,
            45.420295
          ],
          [
            11.119259,
            45.41948
          ],
          [
            11.117573,
            45.41885
          ],
          [
            11.110266,
            45.416273
          ],
          [
            11.108626,
            45.415734
          ],
          [
            11.106979,
            45.415262
          ],
          [
            11.094648,
            45.411968
          ],
          [
            11.093532,
            45.411672
          ],
          [
            11.086519,
            45.409797
          ],
          [
            11.074398,
            45.40655
          ],
          [
            11.073305,
            45.406274
          ],
          [
            11.072016,
            45.405997
          ],
          [
            11.070284,
            45.405704
          ],
          [
            11.069005,
            45.405543
          ],
          [
            11.068395,
            45.405485
          ],
          [
            11.060405,
            45.404829
          ],
          [
            11.055492,
            45.404444
          ],
          [
            11.040884,
            45.403023
          ],
          [
            11.03977,
            45.402893
          ],
          [
            11.038694,
            45.402796
          ],
          [
            11.037501,
            45.402709
          ],
          [
            11.035799,
            45.40263
          ],
          [
            11.034107,
            45.402498
          ],
          [
            11.032713,
            45.402354
          ],
          [
            11.028339,
            45.401923
          ],
          [
            11.027299,
            45.401817
          ],
          [
            11.026145,
            45.401678
          ],
          [
            11.02383,
            45.401371
          ],
          [
            11.022672,
            45.401239
          ],
          [
            11.00971,
            45.399964
          ],
          [
            11.007318,
            45.399712
          ],
          [
            11.00141,
            45.399135
          ],
          [
            10.999222,
            45.39896
          ],
          [
            10.996179,
            45.398758
          ],
          [
            10.994253,
            45.398575
          ],
          [
            10.993563,
            45.398507
          ],
          [
            10.991002,
            45.398243
          ],
          [
            10.985536,
            45.397447
          ],
          [
            10.984333,
            45.397314
          ],
          [
            10.983034,
            45.3972
          ],
          [
            10.982182,
            45.397146
          ],
          [
            10.980554,
            45.397085
          ],
          [
            10.979601,
            45.397076
          ],
          [
            10.979292,
            45.397085
          ],
          [
            10.977155,
            45.397148
          ],
          [
            10.97383,
            45.397288
          ],
          [
            10.964477,
            45.397682
          ],
          [
            10.963604,
            45.397707
          ],
          [
            10.962237,
            45.397778
          ],
          [
            10.961359,
            45.39784
          ],
          [
            10.958685,
            45.39813
          ],
          [
            10.958411,
            45.398165
          ],
          [
            10.95707,
            45.398335
          ],
          [
            10.955733,
            45.398532
          ],
          [
            10.95405,
            45.398854
          ],
          [
            10.928471,
            45.404033
          ],
          [
            10.927345,
            45.40426
          ],
          [
            10.926734,
            45.404396
          ],
          [
            10.925259,
            45.404776
          ],
          [
            10.92245,
            45.405539
          ],
          [
            10.920048,
            45.406198
          ],
          [
            10.913277,
            45.408063
          ],
          [
            10.91023,
            45.408866
          ],
          [
            10.907346,
            45.409652
          ],
          [
            10.904024,
            45.41056
          ],
          [
            10.899512,
            45.411791
          ],
          [
            10.898385,
            45.412076
          ],
          [
            10.897011,
            45.412384
          ],
          [
            10.896129,
            45.412558
          ],
          [
            10.895137,
            45.412737
          ],
          [
            10.894053,
            45.412913
          ],
          [
            10.892878,
            45.413073
          ],
          [
            10.891823,
            45.413197
          ],
          [
            10.88988,
            45.41337
          ],
          [
            10.864097,
            45.41486
          ],
          [
            10.861658,
            45.415009
          ],
          [
            10.860693,
            45.415091
          ],
          [
            10.859171,
            45.41525
          ],
          [
            10.857827,
            45.415429
          ],
          [
            10.856926,
            45.41557
          ],
          [
            10.85448,
            45.415998
          ],
          [
            10.852349,
            45.416389
          ],
          [
            10.847554,
            45.41722
          ],
          [
            10.846299,
            45.41742
          ],
          [
            10.844652,
            45.417635
          ],
          [
            10.843726,
            45.417739
          ],
          [
            10.84275,
            45.417825
          ],
          [
            10.841555,
            45.417905
          ],
          [
            10.839554,
            45.417994
          ],
          [
            10.837922,
            45.417998
          ],
          [
            10.836472,
            45.417964
          ],
          [
            10.835011,
            45.417893
          ],
          [
            10.829752,
            45.417513
          ],
          [
            10.824388,
            45.417116
          ],
          [
            10.814437,
            45.416382
          ],
          [
            10.813366,
            45.416332
          ],
          [
            10.812362,
            45.416312
          ],
          [
            10.811114,
            45.416324
          ],
          [
            10.810183,
            45.416356
          ],
          [
            10.80917,
            45.416425
          ],
          [
            10.80407,
            45.416947
          ],
          [
            10.79947,
            45.417452
          ],
          [
            10.79514,
            45.417975
          ],
          [
            10.79376,
            45.418191
          ],
          [
            10.791211,
            45.41867
          ],
          [
            10.79,
            45.418939
          ],
          [
            10.787592,
            45.419545
          ],
          [
            10.786267,
            45.419912
          ],
          [
            10.784947,
            45.420312
          ],
          [
            10.783633,
            45.420744
          ],
          [
            10.781552,
            45.421489
          ],
          [
            10.776218,
            45.423593
          ],
          [
            10.775326,
            45.423919
          ],
          [
            10.774417,
            45.424216
          ],
          [
            10.773518,
            45.424481
          ],
          [
            10.772464,
            45.42476
          ],
          [
            10.771476,
            45.424988
          ],
          [
            10.770474,
            45.425187
          ],
          [
            10.768805,
            45.425454
          ],
          [
            10.767962,
            45.425552
          ],
          [
            10.75713,
            45.426668
          ],
          [
            10.74408,
            45.427992
          ],
          [
            10.743939,
            45.428007
          ],
          [
            10.73218,
            45.429206
          ],
          [
            10.730543,
            45.429343
          ],
          [
            10.729471,
            45.429415
          ],
          [
            10.727985,
            45.429478
          ],
          [
            10.725714,
            45.42953
          ],
          [
            10.710122,
            45.429434
          ],
          [
            10.708008,
            45.429418
          ],
          [
            10.701831,
            45.429383
          ],
          [
            10.69977,
            45.429363
          ],
          [
            10.689705,
            45.429304
          ],
          [
            10.687747,
            45.429367
          ],
          [
            10.686456,
            45.429428
          ],
          [
            10.68517,
            45.429516
          ],
          [
            10.682605,
            45.429657
          ],
          [
            10.673694,
            45.430245
          ],
          [
            10.673385,
            45.430262
          ],
          [
            10.663609,
            45.430906
          ],
          [
            10.647781,
            45.43192
          ],
          [
            10.640363,
            45.432414
          ],
          [
            10.634765,
            45.432706
          ],
          [
            10.629677,
            45.432941
          ],
          [
            10.616036,
            45.433619
          ],
          [
            10.609562,
            45.433937
          ],
          [
            10.604072,
            45.434216
          ],
          [
            10.601058,
            45.434377
          ],
          [
            10.600225,
            45.434436
          ],
          [
            10.597665,
            45.434772
          ],
          [
            10.595754,
            45.435088
          ],
          [
            10.590131,
            45.436131
          ],
          [
            10.584783,
            45.437151
          ],
          [
            10.577588,
            45.438467
          ],
          [
            10.550912,
            45.443433
          ],
          [
            10.54297,
            45.444892
          ],
          [
            10.538431,
            45.445763
          ],
          [
            10.537509,
            45.445975
          ],
          [
            10.536204,
            45.446301
          ],
          [
            10.534542,
            45.446777
          ],
          [
            10.531762,
            45.447638
          ],
          [
            10.531125,
            45.447826
          ],
          [
            10.529625,
            45.44823
          ],
          [
            10.528376,
            45.448522
          ],
          [
            10.526925,
            45.448826
          ],
          [
            10.526258,
            45.448953
          ],
          [
            10.524554,
            45.449224
          ],
          [
            10.523675,
            45.449351
          ],
          [
            10.522252,
            45.449511
          ],
          [
            10.515626,
            45.450153
          ],
          [
            10.501331,
            45.45152
          ],
          [
            10.492584,
            45.452442
          ],
          [
            10.483702,
            45.453509
          ],
          [
            10.480475,
            45.45369
          ],
          [
            10.476492,
            45.45384
          ],
          [
            10.474123,
            45.454021
          ],
          [
            10.470175,
            45.454514
          ],
          [
            10.467222,
            45.455153
          ],
          [
            10.453807,
            45.458488
          ],
          [
            10.451232,
            45.459048
          ],
          [
            10.432295,
            45.462948
          ],
          [
            10.430707,
            45.463166
          ],
          [
            10.428684,
            45.463407
          ],
          [
            10.423607,
            45.463835
          ],
          [
            10.415441,
            45.464496
          ],
          [
            10.402912,
            45.465488
          ],
          [
            10.401888,
            45.465569
          ],
          [
            10.400316,
            45.465719
          ],
          [
            10.399196,
            45.46587
          ],
          [
            10.394308,
            45.466663
          ],
          [
            10.386768,
            45.467924
          ],
          [
            10.384566,
            45.468327
          ],
          [
            10.383777,
            45.468488
          ],
          [
            10.37718,
            45.469979
          ],
          [
            10.371319,
            45.471301
          ],
          [
            10.329002,
            45.480842
          ],
          [
            10.32235,
            45.482341
          ],
          [
            10.315367,
            45.48391
          ],
          [
            10.306142,
            45.486212
          ],
          [
            10.300333,
            45.487666
          ],
          [
            10.292022,
            45.489743
          ],
          [
            10.290518,
            45.490143
          ],
          [
            10.289814,
            45.490355
          ],
          [
            10.276289,
            45.494769
          ],
          [
            10.275057,
            45.495165
          ],
          [
            10.274016,
            45.495467
          ],
          [
            10.250796,
            45.502003
          ],
          [
            10.249545,
            45.502334
          ],
          [
            10.248533,
            45.502573
          ],
          [
            10.243412,
            45.503743
          ],
          [
            10.238398,
            45.504884
          ],
          [
            10.234219,
            45.505804
          ],
          [
            10.233361,
            45.505956
          ],
          [
            10.231646,
            45.506207
          ],
          [
            10.228477,
            45.506621
          ],
          [
            10.227088,
            45.506862
          ],
          [
            10.226271,
            45.507032
          ],
          [
            10.225454,
            45.507223
          ],
          [
            10.224453,
            45.507498
          ],
          [
            10.223539,
            45.507764
          ],
          [
            10.222539,
            45.508101
          ],
          [
            10.221383,
            45.50853
          ],
          [
            10.220688,
            45.508815
          ],
          [
            10.220016,
            45.509112
          ],
          [
            10.217973,
            45.510053
          ],
          [
            10.217768,
            45.510147
          ],
          [
            10.215708,
            45.511097
          ],
          [
            10.215488,
            45.511199
          ],
          [
            10.203438,
            45.516738
          ],
          [
            10.201168,
            45.517766
          ],
          [
            10.200126,
            45.51815
          ],
          [
            10.199236,
            45.518418
          ],
          [
            10.19836,
            45.518624
          ],
          [
            10.197456,
            45.518792
          ],
          [
            10.19649,
            45.51892
          ],
          [
            10.195203,
            45.519062
          ],
          [
            10.188996,
            45.519771
          ],
          [
            10.182114,
            45.520527
          ],
          [
            10.178539,
            45.520934
          ],
          [
            10.177297,
            45.521144
          ],
          [
            10.175989,
            45.52142
          ],
          [
            10.174615,
            45.521742
          ],
          [
            10.173247,
            45.522155
          ],
          [
            10.172384,
            45.522442
          ],
          [
            10.171448,
            45.522781
          ],
          [
            10.170458,
            45.523171
          ],
          [
            10.169403,
            45.523666
          ],
          [
            10.167373,
            45.524608
          ],
          [
            10.167253,
            45.52468
          ],
          [
            10.167106,
            45.5248
          ],
          [
            10.166977,
            45.52498
          ],
          [
            10.166914,
            45.525166
          ],
          [
            10.166937,
            45.525379
          ],
          [
            10.16699,
            45.525521
          ],
          [
            10.167074,
            45.52567
          ],
          [
            10.167394,
            45.526141
          ],
          [
            10.167542,
            45.526526
          ],
          [
            10.167522,
            45.526774
          ],
          [
            10.167951,
            45.527388
          ],
          [
            10.168169,
            45.527715
          ],
          [
            10.16821,
            45.527767
          ],
          [
            10.168315,
            45.527803
          ],
          [
            10.168435,
            45.527896
          ],
          [
            10.168641,
            45.528032
          ],
          [
            10.168885,
            45.528283
          ],
          [
            10.169019,
            45.528352
          ],
          [
            10.169149,
            45.528379
          ],
          [
            10.169243,
            45.528376
          ],
          [
            10.169605,
            45.528282
          ],
          [
            10.170934,
            45.527557
          ],
          [
            10.171054,
            45.527494
          ],
          [
            10.171851,
            45.527061
          ],
          [
            10.172551,
            45.526751
          ],
          [
            10.17342,
            45.526358
          ],
          [
            10.174022,
            45.526057
          ],
          [
            10.17426,
            45.525923
          ],
          [
            10.174465,
            45.525771
          ],
          [
            10.174485,
            45.525663
          ],
          [
            10.174538,
            45.525561
          ],
          [
            10.174621,
            45.525467
          ],
          [
            10.174731,
            45.525389
          ],
          [
            10.174845,
            45.525335
          ],
          [
            10.174971,
            45.525296
          ],
          [
            10.175106,
            45.525275
          ],
          [
            10.175295,
            45.525276
          ],
          [
            10.175464,
            45.525306
          ],
          [
            10.175649,
            45.525379
          ],
          [
            10.175796,
            45.525487
          ],
          [
            10.175893,
            45.525619
          ],
          [
            10.175931,
            45.525765
          ],
          [
            10.175924,
            45.525862
          ],
          [
            10.17589,
            45.525956
          ],
          [
            10.175808,
            45.526566
          ],
          [
            10.175896,
            45.526828
          ],
          [
            10.176685,
            45.528431
          ],
          [
            10.177164,
            45.529477
          ],
          [
            10.177247,
            45.529667
          ],
          [
            10.177287,
            45.529874
          ],
          [
            10.178686,
            45.532801
          ],
          [
            10.179217,
            45.533808
          ],
          [
            10.179569,
            45.534397
          ],
          [
            10.180535,
            45.536036
          ],
          [
            10.181348,
            45.537417
          ],
          [
            10.181749,
            45.538191
          ],
          [
            10.18219,
            45.539185
          ],
          [
            10.18278,
            45.540671
          ],
          [
            10.183393,
            45.54216
          ],
          [
            10.183516,
            45.542428
          ],
          [
            10.183742,
            45.542906
          ],
          [
            10.184242,
            45.543843
          ],
          [
            10.184704,
            45.544659
          ],
          [
            10.184985,
            45.545206
          ],
          [
            10.185181,
            45.545544
          ],
          [
            10.185371,
            45.545819
          ],
          [
            10.185589,
            45.54609
          ],
          [
            10.1859,
            45.546423
          ],
          [
            10.186492,
            45.546937
          ],
          [
            10.186834,
            45.547198
          ],
          [
            10.187248,
            45.547452
          ],
          [
            10.187704,
            45.547704
          ],
          [
            10.189936,
            45.54882
          ],
          [
            10.191164,
            45.549434
          ],
          [
            10.19166,
            45.549671
          ],
          [
            10.192353,
            45.549975
          ],
          [
            10.193382,
            45.550481
          ],
          [
            10.19431,
            45.550946
          ],
          [
            10.194837,
            45.551247
          ],
          [
            10.19698,
            45.552245
          ],
          [
            10.19937,
            45.553427
          ],
          [
            10.199708,
            45.553618
          ],
          [
            10.200263,
            45.553982
          ],
          [
            10.20077,
            45.55437
          ],
          [
            10.201115,
            45.554672
          ],
          [
            10.201357,
            45.55491
          ],
          [
            10.201596,
            45.555211
          ],
          [
            10.201991,
            45.555846
          ],
          [
            10.202105,
            45.556022
          ],
          [
            10.202557,
            45.556537
          ],
          [
            10.203926,
            45.557923
          ],
          [
            10.204465,
            45.558407
          ],
          [
            10.204817,
            45.558667
          ],
          [
            10.204846,
            45.558688
          ],
          [
            10.205143,
            45.558901
          ],
          [
            10.205502,
            45.559128
          ],
          [
            10.205807,
            45.559298
          ],
          [
            10.20626,
            45.559519
          ],
          [
            10.206818,
            45.559748
          ],
          [
            10.206928,
            45.559792
          ],
          [
            10.207251,
            45.55992
          ],
          [
            10.207471,
            45.559958
          ],
          [
            10.2082,
            45.560161
          ],
          [
            10.209266,
            45.56039
          ],
          [
            10.210159,
            45.560474
          ],
          [
            10.211015,
            45.560506
          ],
          [
            10.211576,
            45.560492
          ],
          [
            10.21238,
            45.560418
          ],
          [
            10.213364,
            45.560265
          ],
          [
            10.213873,
            45.560182
          ],
          [
            10.213924,
            45.560115
          ],
          [
            10.214005,
            45.560084
          ],
          [
            10.214096,
            45.560086
          ],
          [
            10.214188,
            45.560132
          ],
          [
            10.217251,
            45.559651
          ],
          [
            10.218053,
            45.559528
          ],
          [
            10.219026,
            45.559376
          ],
          [
            10.219093,
            45.559301
          ],
          [
            10.219218,
            45.559281
          ],
          [
            10.219325,
            45.559326
          ],
          [
            10.220822,
            45.55909
          ],
          [
            10.225422,
            45.558365
          ],
          [
            10.226251,
            45.558238
          ],
          [
            10.22657,
            45.558178
          ],
          [
            10.226844,
            45.558098
          ],
          [
            10.227323,
            45.557948
          ],
          [
            10.22752,
            45.557905
          ],
          [
            10.227779,
            45.557889
          ],
          [
            10.22786,
            45.557904
          ],
          [
            10.228003,
            45.558015
          ],
          [
            10.228035,
            45.558239
          ],
          [
            10.228042,
            45.558291
          ],
          [
            10.228085,
            45.558665
          ],
          [
            10.228087,
            45.558694
          ],
          [
            10.228146,
            45.559183
          ],
          [
            10.228254,
            45.560123
          ],
          [
            10.228292,
            45.560488
          ],
          [
            10.228299,
            45.560553
          ],
          [
            10.228408,
            45.561568
          ],
          [
            10.228428,
            45.561759
          ],
          [
            10.228442,
            45.561894
          ],
          [
            10.228477,
            45.562216
          ],
          [
            10.228492,
            45.562358
          ],
          [
            10.228545,
            45.562859
          ],
          [
            10.22862,
            45.563507
          ],
          [
            10.228705,
            45.563909
          ],
          [
            10.228768,
            45.564116
          ],
          [
            10.228837,
            45.56421
          ],
          [
            10.22891,
            45.56426
          ],
          [
            10.22896,
            45.564274
          ],
          [
            10.229532,
            45.564198
          ],
          [
            10.229711,
            45.564162
          ],
          [
            10.229727,
            45.564147
          ],
          [
            10.229772,
            45.564129
          ],
          [
            10.229848,
            45.564136
          ],
          [
            10.229969,
            45.564127
          ],
          [
            10.230698,
            45.563971
          ],
          [
            10.231109,
            45.563893
          ],
          [
            10.231346,
            45.563834
          ],
          [
            10.232432,
            45.563633
          ],
          [
            10.232586,
            45.563605
          ],
          [
            10.234031,
            45.563338
          ],
          [
            10.235145,
            45.563132
          ],
          [
            10.235166,
            45.563102
          ],
          [
            10.23526,
            45.563066
          ],
          [
            10.235342,
            45.563074
          ],
          [
            10.235373,
            45.563087
          ],
          [
            10.235403,
            45.563111
          ],
          [
            10.235425,
            45.563171
          ],
          [
            10.235413,
            45.563204
          ],
          [
            10.235462,
            45.563348
          ],
          [
            10.235555,
            45.563513
          ],
          [
            10.235562,
            45.563616
          ],
          [
            10.235726,
            45.563924
          ],
          [
            10.235833,
            45.564122
          ],
          [
            10.236084,
            45.564555
          ],
          [
            10.236273,
            45.564866
          ],
          [
            10.236373,
            45.56503
          ],
          [
            10.236466,
            45.565187
          ],
          [
            10.236766,
            45.565692
          ]
        ]
      }
    }
  ]
}
