{
  "type": "FeatureCollection",
  "properties": {
    "dayNumber": 2,
    "title": "Germany, Czechia & Austria"
  },
  "features": [
    {
      "type": "Feature",
      "properties": {
        "mode": "drive",
        "fromStopIndex": 0,
        "toStopIndex": 2,
        "fromName": "Munich Airport",
        "toName": "Vienna",
        "waypointNames": [
          "Munich Airport",
          "MOLO Lipno",
          "Vienna"
        ],
        "distanceMeters": 467421.9,
        "durationSeconds": 22082.9
      },
      "geometry": {
        "type": "LineString",
        "coordinates": [
          [
            11.786674,
            48.353631
          ],
          [
            11.786688,
            48.353537
          ],
          [
            11.786928,
            48.353552
          ],
          [
            11.787145,
            48.353566
          ],
          [
            11.787078,
            48.353998
          ],
          [
            11.78706,
            48.354106
          ],
          [
            11.787049,
            48.354173
          ],
          [
            11.787004,
            48.354464
          ],
          [
            11.786974,
            48.354641
          ],
          [
            11.786945,
            48.354814
          ],
          [
            11.786913,
            48.355
          ],
          [
            11.786808,
            48.355631
          ],
          [
            11.786802,
            48.35567
          ],
          [
            11.78676,
            48.355903
          ],
          [
            11.786747,
            48.355991
          ],
          [
            11.786656,
            48.356539
          ],
          [
            11.786535,
            48.357189
          ],
          [
            11.786474,
            48.357525
          ],
          [
            11.786458,
            48.357606
          ],
          [
            11.786424,
            48.357755
          ],
          [
            11.786415,
            48.35781
          ],
          [
            11.786391,
            48.357907
          ],
          [
            11.78636,
            48.358054
          ],
          [
            11.786353,
            48.358227
          ],
          [
            11.786405,
            48.358455
          ],
          [
            11.786546,
            48.358698
          ],
          [
            11.786587,
            48.358769
          ],
          [
            11.78679,
            48.359018
          ],
          [
            11.78684,
            48.359056
          ],
          [
            11.78697,
            48.35911
          ],
          [
            11.787228,
            48.359138
          ],
          [
            11.788034,
            48.3591
          ],
          [
            11.788164,
            48.359108
          ],
          [
            11.788232,
            48.359121
          ],
          [
            11.78832,
            48.359166
          ],
          [
            11.788384,
            48.359263
          ],
          [
            11.788518,
            48.359304
          ],
          [
            11.788862,
            48.359421
          ],
          [
            11.788931,
            48.359386
          ],
          [
            11.789039,
            48.359366
          ],
          [
            11.789154,
            48.359378
          ],
          [
            11.789227,
            48.359408
          ],
          [
            11.789291,
            48.359464
          ],
          [
            11.789669,
            48.359402
          ],
          [
            11.789908,
            48.359381
          ],
          [
            11.790102,
            48.359396
          ],
          [
            11.791523,
            48.359636
          ],
          [
            11.792242,
            48.359741
          ],
          [
            11.792904,
            48.359789
          ],
          [
            11.793771,
            48.359855
          ],
          [
            11.794519,
            48.359911
          ],
          [
            11.795372,
            48.359978
          ],
          [
            11.799769,
            48.360313
          ],
          [
            11.802674,
            48.360533
          ],
          [
            11.804293,
            48.360655
          ],
          [
            11.805047,
            48.36068
          ],
          [
            11.805216,
            48.360686
          ],
          [
            11.805449,
            48.360672
          ],
          [
            11.805546,
            48.360639
          ],
          [
            11.805596,
            48.360591
          ],
          [
            11.805666,
            48.360557
          ],
          [
            11.805749,
            48.360539
          ],
          [
            11.805902,
            48.360554
          ],
          [
            11.806017,
            48.360622
          ],
          [
            11.806057,
            48.36072
          ],
          [
            11.806155,
            48.360764
          ],
          [
            11.80664,
            48.360857
          ],
          [
            11.807674,
            48.361021
          ],
          [
            11.818034,
            48.361814
          ],
          [
            11.819116,
            48.361902
          ],
          [
            11.82695,
            48.362504
          ],
          [
            11.827846,
            48.362549
          ],
          [
            11.828576,
            48.362545
          ],
          [
            11.828998,
            48.362513
          ],
          [
            11.82945,
            48.362459
          ],
          [
            11.829902,
            48.362376
          ],
          [
            11.83046,
            48.362239
          ],
          [
            11.831492,
            48.361825
          ],
          [
            11.832052,
            48.361537
          ],
          [
            11.832814,
            48.361065
          ],
          [
            11.834051,
            48.360207
          ],
          [
            11.834463,
            48.359947
          ],
          [
            11.834773,
            48.359777
          ],
          [
            11.835265,
            48.359554
          ],
          [
            11.835737,
            48.359381
          ],
          [
            11.836096,
            48.359268
          ],
          [
            11.83657,
            48.359145
          ],
          [
            11.837167,
            48.359024
          ],
          [
            11.837684,
            48.358949
          ],
          [
            11.838248,
            48.358901
          ],
          [
            11.838823,
            48.358879
          ],
          [
            11.839158,
            48.358887
          ],
          [
            11.840194,
            48.358961
          ],
          [
            11.841994,
            48.359281
          ],
          [
            11.84703,
            48.360207
          ],
          [
            11.848117,
            48.360394
          ],
          [
            11.848533,
            48.360446
          ],
          [
            11.849015,
            48.360457
          ],
          [
            11.84989,
            48.360448
          ],
          [
            11.850387,
            48.360371
          ],
          [
            11.850797,
            48.360227
          ],
          [
            11.851156,
            48.360062
          ],
          [
            11.851507,
            48.359831
          ],
          [
            11.851741,
            48.3596
          ],
          [
            11.851988,
            48.359279
          ],
          [
            11.852142,
            48.359027
          ],
          [
            11.852281,
            48.358721
          ],
          [
            11.852372,
            48.35844
          ],
          [
            11.85251,
            48.357593
          ],
          [
            11.852566,
            48.358182
          ],
          [
            11.852641,
            48.359043
          ],
          [
            11.852674,
            48.359394
          ],
          [
            11.852711,
            48.359811
          ],
          [
            11.852918,
            48.362164
          ],
          [
            11.852973,
            48.362804
          ],
          [
            11.853328,
            48.366855
          ],
          [
            11.853492,
            48.368225
          ],
          [
            11.853627,
            48.369011
          ],
          [
            11.853796,
            48.369701
          ],
          [
            11.85383,
            48.369821
          ],
          [
            11.853876,
            48.369995
          ],
          [
            11.854135,
            48.37069
          ],
          [
            11.854233,
            48.370939
          ],
          [
            11.854286,
            48.371057
          ],
          [
            11.854623,
            48.371735
          ],
          [
            11.855124,
            48.372585
          ],
          [
            11.855745,
            48.373458
          ],
          [
            11.857798,
            48.37595
          ],
          [
            11.858445,
            48.376789
          ],
          [
            11.858748,
            48.377219
          ],
          [
            11.859028,
            48.377658
          ],
          [
            11.859538,
            48.37854
          ],
          [
            11.859948,
            48.379383
          ],
          [
            11.860188,
            48.37998
          ],
          [
            11.860399,
            48.380593
          ],
          [
            11.860559,
            48.381154
          ],
          [
            11.860688,
            48.381736
          ],
          [
            11.860824,
            48.38254
          ],
          [
            11.860891,
            48.383386
          ],
          [
            11.860904,
            48.384379
          ],
          [
            11.860807,
            48.385366
          ],
          [
            11.860649,
            48.386256
          ],
          [
            11.860354,
            48.38737
          ],
          [
            11.859841,
            48.388912
          ],
          [
            11.858442,
            48.392983
          ],
          [
            11.858033,
            48.394172
          ],
          [
            11.857747,
            48.395004
          ],
          [
            11.857684,
            48.395202
          ],
          [
            11.857604,
            48.395435
          ],
          [
            11.857638,
            48.395604
          ],
          [
            11.857679,
            48.395682
          ],
          [
            11.85791,
            48.395845
          ],
          [
            11.858638,
            48.39598
          ],
          [
            11.858855,
            48.396042
          ],
          [
            11.85906,
            48.396161
          ],
          [
            11.859178,
            48.396299
          ],
          [
            11.859259,
            48.396443
          ],
          [
            11.859305,
            48.396684
          ],
          [
            11.859384,
            48.396892
          ],
          [
            11.859513,
            48.397038
          ],
          [
            11.85966,
            48.397153
          ],
          [
            11.860187,
            48.397411
          ],
          [
            11.863308,
            48.39817
          ],
          [
            11.86477,
            48.398526
          ],
          [
            11.865066,
            48.398597
          ],
          [
            11.865437,
            48.398686
          ],
          [
            11.8659,
            48.398798
          ],
          [
            11.870162,
            48.399952
          ],
          [
            11.870471,
            48.40003
          ],
          [
            11.873837,
            48.400947
          ],
          [
            11.874052,
            48.401005
          ],
          [
            11.876953,
            48.401856
          ],
          [
            11.883549,
            48.403862
          ],
          [
            11.890011,
            48.405884
          ],
          [
            11.897833,
            48.408546
          ],
          [
            11.89959,
            48.409168
          ],
          [
            11.899976,
            48.409304
          ],
          [
            11.903923,
            48.410702
          ],
          [
            11.906187,
            48.411533
          ],
          [
            11.91281,
            48.414166
          ],
          [
            11.915162,
            48.415161
          ],
          [
            11.919962,
            48.417389
          ],
          [
            11.924725,
            48.419716
          ],
          [
            11.927227,
            48.420993
          ],
          [
            11.931205,
            48.423173
          ],
          [
            11.933879,
            48.424712
          ],
          [
            11.938409,
            48.427456
          ],
          [
            11.940448,
            48.42876
          ],
          [
            11.942382,
            48.43003
          ],
          [
            11.94687,
            48.433115
          ],
          [
            11.949088,
            48.434818
          ],
          [
            11.951119,
            48.436386
          ],
          [
            11.952201,
            48.437222
          ],
          [
            11.955175,
            48.43967
          ],
          [
            11.956802,
            48.441068
          ],
          [
            11.959153,
            48.443137
          ],
          [
            11.96016,
            48.444091
          ],
          [
            11.961806,
            48.445669
          ],
          [
            11.962205,
            48.446055
          ],
          [
            11.963455,
            48.447286
          ],
          [
            11.965125,
            48.448993
          ],
          [
            11.969298,
            48.453539
          ],
          [
            11.973094,
            48.458021
          ],
          [
            11.975932,
            48.461438
          ],
          [
            11.976397,
            48.461999
          ],
          [
            11.976746,
            48.462443
          ],
          [
            11.976836,
            48.462556
          ],
          [
            11.986457,
            48.474039
          ],
          [
            11.98963,
            48.47785
          ],
          [
            11.990905,
            48.479376
          ],
          [
            11.992186,
            48.480911
          ],
          [
            11.993296,
            48.482244
          ],
          [
            11.995104,
            48.484418
          ],
          [
            12.002971,
            48.493823
          ],
          [
            12.006201,
            48.497694
          ],
          [
            12.007331,
            48.499015
          ],
          [
            12.007813,
            48.499521
          ],
          [
            12.008326,
            48.500016
          ],
          [
            12.009275,
            48.500834
          ],
          [
            12.010018,
            48.501374
          ],
          [
            12.010784,
            48.501903
          ],
          [
            12.011526,
            48.502356
          ],
          [
            12.012295,
            48.502793
          ],
          [
            12.013568,
            48.50342
          ],
          [
            12.014902,
            48.503996
          ],
          [
            12.016385,
            48.504559
          ],
          [
            12.017902,
            48.505092
          ],
          [
            12.019266,
            48.505548
          ],
          [
            12.020651,
            48.505984
          ],
          [
            12.023429,
            48.506781
          ],
          [
            12.024863,
            48.507161
          ],
          [
            12.026311,
            48.507506
          ],
          [
            12.027794,
            48.507842
          ],
          [
            12.029286,
            48.50816
          ],
          [
            12.031092,
            48.5085
          ],
          [
            12.032926,
            48.508825
          ],
          [
            12.036341,
            48.509306
          ],
          [
            12.039404,
            48.509715
          ],
          [
            12.041049,
            48.509966
          ],
          [
            12.042834,
            48.510284
          ],
          [
            12.0446,
            48.510651
          ],
          [
            12.046272,
            48.511061
          ],
          [
            12.04868,
            48.51175
          ],
          [
            12.049919,
            48.512155
          ],
          [
            12.051126,
            48.51258
          ],
          [
            12.052312,
            48.513035
          ],
          [
            12.053467,
            48.513506
          ],
          [
            12.054744,
            48.514085
          ],
          [
            12.055991,
            48.514681
          ],
          [
            12.057183,
            48.51531
          ],
          [
            12.058347,
            48.51596
          ],
          [
            12.059688,
            48.516791
          ],
          [
            12.06097,
            48.517643
          ],
          [
            12.062171,
            48.518533
          ],
          [
            12.063321,
            48.519444
          ],
          [
            12.064305,
            48.520309
          ],
          [
            12.065236,
            48.52119
          ],
          [
            12.066091,
            48.522095
          ],
          [
            12.066917,
            48.523011
          ],
          [
            12.067678,
            48.52397
          ],
          [
            12.068393,
            48.524936
          ],
          [
            12.068787,
            48.525525
          ],
          [
            12.069616,
            48.526911
          ],
          [
            12.070106,
            48.527855
          ],
          [
            12.070553,
            48.528815
          ],
          [
            12.070748,
            48.529301
          ],
          [
            12.071043,
            48.530068
          ],
          [
            12.071408,
            48.531208
          ],
          [
            12.071764,
            48.532659
          ],
          [
            12.071829,
            48.533049
          ],
          [
            12.0719,
            48.533475
          ],
          [
            12.072039,
            48.534621
          ],
          [
            12.072097,
            48.53544
          ],
          [
            12.07212,
            48.536138
          ],
          [
            12.072103,
            48.536855
          ],
          [
            12.072083,
            48.537305
          ],
          [
            12.071997,
            48.538271
          ],
          [
            12.071863,
            48.539307
          ],
          [
            12.071823,
            48.539596
          ],
          [
            12.071355,
            48.542609
          ],
          [
            12.071289,
            48.543256
          ],
          [
            12.071203,
            48.54444
          ],
          [
            12.071221,
            48.545642
          ],
          [
            12.071304,
            48.546665
          ],
          [
            12.07154,
            48.548035
          ],
          [
            12.071768,
            48.548955
          ],
          [
            12.07194,
            48.549535
          ],
          [
            12.072227,
            48.550361
          ],
          [
            12.072407,
            48.550797
          ],
          [
            12.072867,
            48.551823
          ],
          [
            12.07333,
            48.552709
          ],
          [
            12.073824,
            48.55354
          ],
          [
            12.074441,
            48.554452
          ],
          [
            12.075187,
            48.555444
          ],
          [
            12.075923,
            48.556317
          ],
          [
            12.07652,
            48.556946
          ],
          [
            12.077141,
            48.557565
          ],
          [
            12.0782,
            48.558542
          ],
          [
            12.078921,
            48.559141
          ],
          [
            12.080195,
            48.560098
          ],
          [
            12.08104,
            48.560684
          ],
          [
            12.082059,
            48.561338
          ],
          [
            12.083628,
            48.562261
          ],
          [
            12.085885,
            48.563453
          ],
          [
            12.087665,
            48.564295
          ],
          [
            12.089643,
            48.565144
          ],
          [
            12.089966,
            48.56527
          ],
          [
            12.091816,
            48.565958
          ],
          [
            12.092568,
            48.566216
          ],
          [
            12.093149,
            48.56642
          ],
          [
            12.094628,
            48.566887
          ],
          [
            12.094957,
            48.56698
          ],
          [
            12.095425,
            48.567118
          ],
          [
            12.097433,
            48.567663
          ],
          [
            12.099459,
            48.568139
          ],
          [
            12.101255,
            48.568504
          ],
          [
            12.102465,
            48.568721
          ],
          [
            12.104326,
            48.569012
          ],
          [
            12.106155,
            48.569246
          ],
          [
            12.107579,
            48.569397
          ],
          [
            12.110981,
            48.569679
          ],
          [
            12.113887,
            48.569901
          ],
          [
            12.115853,
            48.570072
          ],
          [
            12.118803,
            48.570404
          ],
          [
            12.120246,
            48.570601
          ],
          [
            12.12168,
            48.570812
          ],
          [
            12.123274,
            48.571075
          ],
          [
            12.12485,
            48.571364
          ],
          [
            12.127195,
            48.571843
          ],
          [
            12.129498,
            48.572373
          ],
          [
            12.130396,
            48.572597
          ],
          [
            12.131161,
            48.572806
          ],
          [
            12.131421,
            48.572877
          ],
          [
            12.132926,
            48.57329
          ],
          [
            12.134464,
            48.57374
          ],
          [
            12.135619,
            48.574112
          ],
          [
            12.135877,
            48.574195
          ],
          [
            12.137263,
            48.574647
          ],
          [
            12.139864,
            48.575552
          ],
          [
            12.145252,
            48.577408
          ],
          [
            12.14712,
            48.578014
          ],
          [
            12.149003,
            48.57859
          ],
          [
            12.15089,
            48.579146
          ],
          [
            12.152797,
            48.57968
          ],
          [
            12.156058,
            48.58054
          ],
          [
            12.159287,
            48.581317
          ],
          [
            12.159953,
            48.581471
          ],
          [
            12.161143,
            48.581738
          ],
          [
            12.161506,
            48.581819
          ],
          [
            12.164333,
            48.582405
          ],
          [
            12.166234,
            48.582769
          ],
          [
            12.167178,
            48.582946
          ],
          [
            12.169149,
            48.583291
          ],
          [
            12.171299,
            48.583642
          ],
          [
            12.17318,
            48.583927
          ],
          [
            12.175005,
            48.584185
          ],
          [
            12.178789,
            48.584658
          ],
          [
            12.180886,
            48.584884
          ],
          [
            12.185038,
            48.5853
          ],
          [
            12.185526,
            48.585352
          ],
          [
            12.186717,
            48.585471
          ],
          [
            12.188238,
            48.585659
          ],
          [
            12.188764,
            48.585716
          ],
          [
            12.189423,
            48.585808
          ],
          [
            12.191686,
            48.586138
          ],
          [
            12.194413,
            48.586599
          ],
          [
            12.195615,
            48.586824
          ],
          [
            12.197284,
            48.587169
          ],
          [
            12.198878,
            48.587525
          ],
          [
            12.200416,
            48.587885
          ],
          [
            12.202029,
            48.588294
          ],
          [
            12.203928,
            48.58881
          ],
          [
            12.205781,
            48.589348
          ],
          [
            12.207649,
            48.589952
          ],
          [
            12.210948,
            48.591093
          ],
          [
            12.213885,
            48.592249
          ],
          [
            12.215328,
            48.592848
          ],
          [
            12.218164,
            48.594136
          ],
          [
            12.220289,
            48.595188
          ],
          [
            12.221838,
            48.596012
          ],
          [
            12.223357,
            48.596852
          ],
          [
            12.225118,
            48.597851
          ],
          [
            12.227612,
            48.599282
          ],
          [
            12.229513,
            48.600328
          ],
          [
            12.231099,
            48.60117
          ],
          [
            12.231572,
            48.601404
          ],
          [
            12.233504,
            48.602345
          ],
          [
            12.234438,
            48.60277
          ],
          [
            12.23536,
            48.603191
          ],
          [
            12.236568,
            48.603717
          ],
          [
            12.236733,
            48.603763
          ],
          [
            12.238593,
            48.604542
          ],
          [
            12.238902,
            48.604687
          ],
          [
            12.240605,
            48.605348
          ],
          [
            12.242341,
            48.605983
          ],
          [
            12.243962,
            48.606544
          ],
          [
            12.246184,
            48.607264
          ],
          [
            12.248506,
            48.607952
          ],
          [
            12.250748,
            48.608568
          ],
          [
            12.252918,
            48.609112
          ],
          [
            12.256995,
            48.61002
          ],
          [
            12.262909,
            48.611258
          ],
          [
            12.266069,
            48.611955
          ],
          [
            12.269227,
            48.612668
          ],
          [
            12.274768,
            48.613963
          ],
          [
            12.281313,
            48.615603
          ],
          [
            12.283264,
            48.616109
          ],
          [
            12.286956,
            48.617095
          ],
          [
            12.289736,
            48.617859
          ],
          [
            12.294414,
            48.619194
          ],
          [
            12.296843,
            48.619912
          ],
          [
            12.300809,
            48.6211
          ],
          [
            12.306898,
            48.623011
          ],
          [
            12.311332,
            48.624476
          ],
          [
            12.314542,
            48.625561
          ],
          [
            12.316104,
            48.626104
          ],
          [
            12.318785,
            48.627009
          ],
          [
            12.320741,
            48.627645
          ],
          [
            12.323705,
            48.628566
          ],
          [
            12.325595,
            48.629128
          ],
          [
            12.327664,
            48.629707
          ],
          [
            12.330204,
            48.630386
          ],
          [
            12.333692,
            48.631254
          ],
          [
            12.336427,
            48.631885
          ],
          [
            12.33868,
            48.632374
          ],
          [
            12.340951,
            48.632832
          ],
          [
            12.343221,
            48.633267
          ],
          [
            12.345566,
            48.633685
          ],
          [
            12.34753,
            48.63399
          ],
          [
            12.349512,
            48.634272
          ],
          [
            12.35073,
            48.634426
          ],
          [
            12.353717,
            48.634749
          ],
          [
            12.355954,
            48.634941
          ],
          [
            12.363659,
            48.635475
          ],
          [
            12.365961,
            48.635678
          ],
          [
            12.368848,
            48.635967
          ],
          [
            12.370909,
            48.636208
          ],
          [
            12.372996,
            48.636474
          ],
          [
            12.375126,
            48.636781
          ],
          [
            12.37722,
            48.637109
          ],
          [
            12.379376,
            48.637487
          ],
          [
            12.381536,
            48.637877
          ],
          [
            12.386368,
            48.638848
          ],
          [
            12.390426,
            48.639633
          ],
          [
            12.394527,
            48.640364
          ],
          [
            12.399275,
            48.641171
          ],
          [
            12.39946,
            48.6412
          ],
          [
            12.403705,
            48.64186
          ],
          [
            12.409006,
            48.642624
          ],
          [
            12.41136,
            48.642937
          ],
          [
            12.415834,
            48.643497
          ],
          [
            12.419924,
            48.643971
          ],
          [
            12.422218,
            48.644273
          ],
          [
            12.424553,
            48.644602
          ],
          [
            12.426958,
            48.644982
          ],
          [
            12.429351,
            48.645385
          ],
          [
            12.430205,
            48.645545
          ],
          [
            12.433193,
            48.646119
          ],
          [
            12.43548,
            48.646596
          ],
          [
            12.436095,
            48.646723
          ],
          [
            12.438282,
            48.647218
          ],
          [
            12.442058,
            48.648143
          ],
          [
            12.445741,
            48.64914
          ],
          [
            12.447765,
            48.649729
          ],
          [
            12.450222,
            48.650475
          ],
          [
            12.453171,
            48.651448
          ],
          [
            12.454922,
            48.652055
          ],
          [
            12.455319,
            48.652194
          ],
          [
            12.455562,
            48.65228
          ],
          [
            12.457393,
            48.652905
          ],
          [
            12.458617,
            48.653325
          ],
          [
            12.46031,
            48.653882
          ],
          [
            12.462312,
            48.654509
          ],
          [
            12.46408,
            48.655023
          ],
          [
            12.465662,
            48.655457
          ],
          [
            12.468315,
            48.656131
          ],
          [
            12.470882,
            48.656719
          ],
          [
            12.472686,
            48.65709
          ],
          [
            12.473624,
            48.657277
          ],
          [
            12.47649,
            48.657785
          ],
          [
            12.477847,
            48.657995
          ],
          [
            12.479207,
            48.658192
          ],
          [
            12.481802,
            48.658531
          ],
          [
            12.48444,
            48.658813
          ],
          [
            12.486123,
            48.658962
          ],
          [
            12.487803,
            48.659083
          ],
          [
            12.490643,
            48.659244
          ],
          [
            12.502743,
            48.659725
          ],
          [
            12.505472,
            48.659862
          ],
          [
            12.507776,
            48.660002
          ],
          [
            12.510579,
            48.660238
          ],
          [
            12.512717,
            48.660462
          ],
          [
            12.515758,
            48.660853
          ],
          [
            12.517619,
            48.661138
          ],
          [
            12.518424,
            48.661277
          ],
          [
            12.520891,
            48.66172
          ],
          [
            12.523297,
            48.662232
          ],
          [
            12.525914,
            48.662856
          ],
          [
            12.528238,
            48.663491
          ],
          [
            12.530483,
            48.664158
          ],
          [
            12.532885,
            48.664939
          ],
          [
            12.536559,
            48.666188
          ],
          [
            12.536829,
            48.666287
          ],
          [
            12.539329,
            48.667129
          ],
          [
            12.54114,
            48.667695
          ],
          [
            12.542967,
            48.668228
          ],
          [
            12.545434,
            48.668879
          ],
          [
            12.547933,
            48.669473
          ],
          [
            12.562823,
            48.672747
          ],
          [
            12.562929,
            48.672771
          ],
          [
            12.565812,
            48.673396
          ],
          [
            12.570204,
            48.674322
          ],
          [
            12.574581,
            48.675223
          ],
          [
            12.587244,
            48.677705
          ],
          [
            12.6035,
            48.680859
          ],
          [
            12.606049,
            48.68134
          ],
          [
            12.608934,
            48.681887
          ],
          [
            12.611199,
            48.682306
          ],
          [
            12.614174,
            48.682818
          ],
          [
            12.615934,
            48.683098
          ],
          [
            12.617554,
            48.68334
          ],
          [
            12.620358,
            48.683718
          ],
          [
            12.622187,
            48.683943
          ],
          [
            12.624977,
            48.684243
          ],
          [
            12.627243,
            48.68446
          ],
          [
            12.628533,
            48.684567
          ],
          [
            12.631207,
            48.684849
          ],
          [
            12.633085,
            48.685096
          ],
          [
            12.635124,
            48.685397
          ],
          [
            12.637114,
            48.685738
          ],
          [
            12.63872,
            48.686039
          ],
          [
            12.640904,
            48.686503
          ],
          [
            12.643137,
            48.687025
          ],
          [
            12.645462,
            48.687639
          ],
          [
            12.64663,
            48.687969
          ],
          [
            12.649426,
            48.688796
          ],
          [
            12.650542,
            48.689107
          ],
          [
            12.651971,
            48.689478
          ],
          [
            12.653392,
            48.689821
          ],
          [
            12.654875,
            48.690164
          ],
          [
            12.658006,
            48.690802
          ],
          [
            12.659572,
            48.691141
          ],
          [
            12.66066,
            48.691396
          ],
          [
            12.66345,
            48.69211
          ],
          [
            12.665894,
            48.692805
          ],
          [
            12.667172,
            48.693203
          ],
          [
            12.668713,
            48.693723
          ],
          [
            12.670458,
            48.694326
          ],
          [
            12.671097,
            48.694567
          ],
          [
            12.672373,
            48.69505
          ],
          [
            12.674893,
            48.696097
          ],
          [
            12.677158,
            48.697118
          ],
          [
            12.679084,
            48.698067
          ],
          [
            12.680393,
            48.698738
          ],
          [
            12.682204,
            48.699745
          ],
          [
            12.683957,
            48.700795
          ],
          [
            12.685857,
            48.702013
          ],
          [
            12.68771,
            48.70327
          ],
          [
            12.689551,
            48.704479
          ],
          [
            12.691418,
            48.705658
          ],
          [
            12.694726,
            48.707646
          ],
          [
            12.697046,
            48.708959
          ],
          [
            12.699008,
            48.71003
          ],
          [
            12.701203,
            48.711185
          ],
          [
            12.703383,
            48.712278
          ],
          [
            12.71309,
            48.716965
          ],
          [
            12.714963,
            48.717896
          ],
          [
            12.717143,
            48.719023
          ],
          [
            12.719474,
            48.720324
          ],
          [
            12.720894,
            48.72118
          ],
          [
            12.722278,
            48.722052
          ],
          [
            12.723803,
            48.723146
          ],
          [
            12.725345,
            48.724365
          ],
          [
            12.726179,
            48.725096
          ],
          [
            12.726915,
            48.7258
          ],
          [
            12.72747,
            48.726349
          ],
          [
            12.728051,
            48.726982
          ],
          [
            12.728994,
            48.728179
          ],
          [
            12.72948,
            48.728889
          ],
          [
            12.729719,
            48.729257
          ],
          [
            12.73033,
            48.730363
          ],
          [
            12.731079,
            48.732009
          ],
          [
            12.73118,
            48.732257
          ],
          [
            12.73239,
            48.735368
          ],
          [
            12.732888,
            48.736545
          ],
          [
            12.73347,
            48.737703
          ],
          [
            12.73409,
            48.738712
          ],
          [
            12.734512,
            48.739289
          ],
          [
            12.735239,
            48.74018
          ],
          [
            12.735988,
            48.74098
          ],
          [
            12.737057,
            48.741971
          ],
          [
            12.738356,
            48.742971
          ],
          [
            12.739016,
            48.743432
          ],
          [
            12.74038,
            48.744284
          ],
          [
            12.741814,
            48.745028
          ],
          [
            12.74283,
            48.745493
          ],
          [
            12.744491,
            48.746169
          ],
          [
            12.745637,
            48.746562
          ],
          [
            12.747189,
            48.74705
          ],
          [
            12.749825,
            48.747846
          ],
          [
            12.75071,
            48.748116
          ],
          [
            12.752812,
            48.7488
          ],
          [
            12.753719,
            48.749119
          ],
          [
            12.754616,
            48.749447
          ],
          [
            12.755555,
            48.749813
          ],
          [
            12.756472,
            48.750195
          ],
          [
            12.757467,
            48.75065
          ],
          [
            12.758427,
            48.751116
          ],
          [
            12.759457,
            48.751666
          ],
          [
            12.760777,
            48.752426
          ],
          [
            12.762326,
            48.753419
          ],
          [
            12.763238,
            48.754079
          ],
          [
            12.764205,
            48.754827
          ],
          [
            12.765493,
            48.755905
          ],
          [
            12.766735,
            48.756992
          ],
          [
            12.778266,
            48.767372
          ],
          [
            12.779496,
            48.768473
          ],
          [
            12.780758,
            48.769562
          ],
          [
            12.782555,
            48.770952
          ],
          [
            12.783511,
            48.771607
          ],
          [
            12.784499,
            48.772245
          ],
          [
            12.78613,
            48.773199
          ],
          [
            12.788069,
            48.774208
          ],
          [
            12.789105,
            48.774682
          ],
          [
            12.790174,
            48.775146
          ],
          [
            12.791278,
            48.775591
          ],
          [
            12.792423,
            48.776013
          ],
          [
            12.79356,
            48.776402
          ],
          [
            12.794737,
            48.776773
          ],
          [
            12.795908,
            48.777107
          ],
          [
            12.797103,
            48.777427
          ],
          [
            12.798354,
            48.777716
          ],
          [
            12.799624,
            48.777989
          ],
          [
            12.811778,
            48.780256
          ],
          [
            12.813269,
            48.780546
          ],
          [
            12.814747,
            48.780852
          ],
          [
            12.817498,
            48.781534
          ],
          [
            12.81866,
            48.781881
          ],
          [
            12.819792,
            48.782248
          ],
          [
            12.820874,
            48.782643
          ],
          [
            12.82191,
            48.783045
          ],
          [
            12.823089,
            48.783544
          ],
          [
            12.824221,
            48.784061
          ],
          [
            12.825796,
            48.78486
          ],
          [
            12.827442,
            48.785816
          ],
          [
            12.828291,
            48.78637
          ],
          [
            12.829116,
            48.786935
          ],
          [
            12.830728,
            48.788134
          ],
          [
            12.832566,
            48.789571
          ],
          [
            12.834172,
            48.790841
          ],
          [
            12.834961,
            48.791438
          ],
          [
            12.835195,
            48.791608
          ],
          [
            12.835887,
            48.792108
          ],
          [
            12.837166,
            48.792978
          ],
          [
            12.837362,
            48.793109
          ],
          [
            12.838813,
            48.794014
          ],
          [
            12.839593,
            48.794457
          ],
          [
            12.841687,
            48.795584
          ],
          [
            12.843026,
            48.796236
          ],
          [
            12.844764,
            48.797026
          ],
          [
            12.846878,
            48.797882
          ],
          [
            12.848846,
            48.798586
          ],
          [
            12.8495,
            48.798806
          ],
          [
            12.851403,
            48.799408
          ],
          [
            12.853272,
            48.79992
          ],
          [
            12.855253,
            48.800398
          ],
          [
            12.856441,
            48.800658
          ],
          [
            12.858567,
            48.801066
          ],
          [
            12.860616,
            48.801393
          ],
          [
            12.862912,
            48.801681
          ],
          [
            12.865009,
            48.801883
          ],
          [
            12.866223,
            48.801963
          ],
          [
            12.868108,
            48.802059
          ],
          [
            12.868976,
            48.802087
          ],
          [
            12.870051,
            48.8021
          ],
          [
            12.872002,
            48.802093
          ],
          [
            12.873043,
            48.802064
          ],
          [
            12.875092,
            48.801968
          ],
          [
            12.87644,
            48.801874
          ],
          [
            12.878774,
            48.801648
          ],
          [
            12.879947,
            48.8015
          ],
          [
            12.881598,
            48.801264
          ],
          [
            12.883725,
            48.800901
          ],
          [
            12.886462,
            48.800326
          ],
          [
            12.888413,
            48.799843
          ],
          [
            12.88954,
            48.799539
          ],
          [
            12.89513,
            48.797962
          ],
          [
            12.89595,
            48.797772
          ],
          [
            12.896316,
            48.797689
          ],
          [
            12.897816,
            48.79741
          ],
          [
            12.898842,
            48.797268
          ],
          [
            12.899701,
            48.797172
          ],
          [
            12.900574,
            48.797101
          ],
          [
            12.901451,
            48.797051
          ],
          [
            12.902407,
            48.797026
          ],
          [
            12.903592,
            48.797027
          ],
          [
            12.904344,
            48.797063
          ],
          [
            12.9049,
            48.797104
          ],
          [
            12.905277,
            48.797124
          ],
          [
            12.906796,
            48.797298
          ],
          [
            12.90765,
            48.797422
          ],
          [
            12.908485,
            48.797578
          ],
          [
            12.90968,
            48.797836
          ],
          [
            12.910923,
            48.798162
          ],
          [
            12.911806,
            48.798438
          ],
          [
            12.91263,
            48.798738
          ],
          [
            12.913442,
            48.799042
          ],
          [
            12.914238,
            48.799389
          ],
          [
            12.915006,
            48.799749
          ],
          [
            12.915845,
            48.800194
          ],
          [
            12.916648,
            48.800658
          ],
          [
            12.917275,
            48.801061
          ],
          [
            12.917877,
            48.801483
          ],
          [
            12.918902,
            48.80226
          ],
          [
            12.92571,
            48.8079
          ],
          [
            12.926701,
            48.808698
          ],
          [
            12.928029,
            48.809709
          ],
          [
            12.929182,
            48.810551
          ],
          [
            12.930921,
            48.811751
          ],
          [
            12.933559,
            48.813493
          ],
          [
            12.934552,
            48.814163
          ],
          [
            12.935435,
            48.814788
          ],
          [
            12.935694,
            48.814881
          ],
          [
            12.936478,
            48.815372
          ],
          [
            12.937196,
            48.815797
          ],
          [
            12.937716,
            48.816068
          ],
          [
            12.938342,
            48.81635
          ],
          [
            12.939127,
            48.816624
          ],
          [
            12.939577,
            48.816749
          ],
          [
            12.940036,
            48.81685
          ],
          [
            12.94065,
            48.816963
          ],
          [
            12.941354,
            48.817044
          ],
          [
            12.941794,
            48.817069
          ],
          [
            12.942234,
            48.817074
          ],
          [
            12.943076,
            48.817054
          ],
          [
            12.943622,
            48.816998
          ],
          [
            12.944843,
            48.816809
          ],
          [
            12.945009,
            48.816808
          ],
          [
            12.946219,
            48.816532
          ],
          [
            12.947012,
            48.816354
          ],
          [
            12.947326,
            48.81633
          ],
          [
            12.949181,
            48.815859
          ],
          [
            12.950373,
            48.815551
          ],
          [
            12.956273,
            48.8141
          ],
          [
            12.958821,
            48.813387
          ],
          [
            12.960944,
            48.812728
          ],
          [
            12.963014,
            48.812013
          ],
          [
            12.963971,
            48.81165
          ],
          [
            12.965885,
            48.810864
          ],
          [
            12.967746,
            48.810039
          ],
          [
            12.973985,
            48.807157
          ],
          [
            12.975047,
            48.806653
          ],
          [
            12.976679,
            48.805789
          ],
          [
            12.978941,
            48.804499
          ],
          [
            12.981912,
            48.802744
          ],
          [
            12.98307,
            48.802088
          ],
          [
            12.985419,
            48.800796
          ],
          [
            12.988285,
            48.799305
          ],
          [
            12.990434,
            48.798162
          ],
          [
            12.996493,
            48.794736
          ],
          [
            12.998821,
            48.793441
          ],
          [
            13.001208,
            48.792202
          ],
          [
            13.002994,
            48.791349
          ],
          [
            13.005696,
            48.7902
          ],
          [
            13.008325,
            48.789086
          ],
          [
            13.009713,
            48.788506
          ],
          [
            13.010881,
            48.787994
          ],
          [
            13.01292,
            48.787045
          ],
          [
            13.014293,
            48.786362
          ],
          [
            13.014986,
            48.785988
          ],
          [
            13.015651,
            48.785639
          ],
          [
            13.017648,
            48.784496
          ],
          [
            13.017929,
            48.784329
          ],
          [
            13.019119,
            48.783599
          ],
          [
            13.024458,
            48.779971
          ],
          [
            13.026467,
            48.778632
          ],
          [
            13.028538,
            48.777304
          ],
          [
            13.031466,
            48.775527
          ],
          [
            13.035216,
            48.773504
          ],
          [
            13.03543,
            48.773395
          ],
          [
            13.037762,
            48.772243
          ],
          [
            13.03961,
            48.771369
          ],
          [
            13.041319,
            48.770586
          ],
          [
            13.042559,
            48.770059
          ],
          [
            13.045562,
            48.768757
          ],
          [
            13.046052,
            48.768535
          ],
          [
            13.046284,
            48.768433
          ],
          [
            13.047339,
            48.767968
          ],
          [
            13.050854,
            48.766413
          ],
          [
            13.053595,
            48.765069
          ],
          [
            13.055639,
            48.763988
          ],
          [
            13.05644,
            48.763537
          ],
          [
            13.05949,
            48.761714
          ],
          [
            13.061681,
            48.760334
          ],
          [
            13.063653,
            48.759064
          ],
          [
            13.064956,
            48.758273
          ],
          [
            13.066264,
            48.757546
          ],
          [
            13.067715,
            48.756807
          ],
          [
            13.068684,
            48.75635
          ],
          [
            13.069922,
            48.755805
          ],
          [
            13.070179,
            48.75569
          ],
          [
            13.071133,
            48.755311
          ],
          [
            13.072024,
            48.754983
          ],
          [
            13.072691,
            48.754735
          ],
          [
            13.074927,
            48.753996
          ],
          [
            13.076178,
            48.753643
          ],
          [
            13.079793,
            48.752751
          ],
          [
            13.083849,
            48.751862
          ],
          [
            13.085186,
            48.751538
          ],
          [
            13.087809,
            48.750812
          ],
          [
            13.089167,
            48.750397
          ],
          [
            13.090507,
            48.74994
          ],
          [
            13.093292,
            48.748904
          ],
          [
            13.095963,
            48.747808
          ],
          [
            13.100654,
            48.745517
          ],
          [
            13.10227,
            48.744766
          ],
          [
            13.103292,
            48.744311
          ],
          [
            13.104318,
            48.743879
          ],
          [
            13.10617,
            48.743138
          ],
          [
            13.107471,
            48.742649
          ],
          [
            13.110191,
            48.741734
          ],
          [
            13.114216,
            48.740429
          ],
          [
            13.115803,
            48.739874
          ],
          [
            13.116588,
            48.739573
          ],
          [
            13.118103,
            48.738976
          ],
          [
            13.120577,
            48.737921
          ],
          [
            13.1229,
            48.736836
          ],
          [
            13.125156,
            48.735643
          ],
          [
            13.12721,
            48.734466
          ],
          [
            13.128148,
            48.733884
          ],
          [
            13.129326,
            48.733131
          ],
          [
            13.131422,
            48.731686
          ],
          [
            13.133093,
            48.730384
          ],
          [
            13.134229,
            48.729461
          ],
          [
            13.13502,
            48.728782
          ],
          [
            13.135739,
            48.728134
          ],
          [
            13.136155,
            48.727769
          ],
          [
            13.137126,
            48.726852
          ],
          [
            13.138496,
            48.725645
          ],
          [
            13.139445,
            48.72494
          ],
          [
            13.14078,
            48.724115
          ],
          [
            13.141824,
            48.723564
          ],
          [
            13.1429,
            48.723082
          ],
          [
            13.144136,
            48.722646
          ],
          [
            13.145392,
            48.72224
          ],
          [
            13.146975,
            48.721877
          ],
          [
            13.148969,
            48.72145
          ],
          [
            13.150123,
            48.721171
          ],
          [
            13.151272,
            48.720849
          ],
          [
            13.152444,
            48.720459
          ],
          [
            13.152939,
            48.720274
          ],
          [
            13.15338,
            48.720096
          ],
          [
            13.154276,
            48.719702
          ],
          [
            13.155508,
            48.719086
          ],
          [
            13.155762,
            48.718945
          ],
          [
            13.156634,
            48.718407
          ],
          [
            13.157448,
            48.717846
          ],
          [
            13.158197,
            48.71726
          ],
          [
            13.158566,
            48.716941
          ],
          [
            13.159403,
            48.716151
          ],
          [
            13.160096,
            48.715443
          ],
          [
            13.163221,
            48.71223
          ],
          [
            13.164758,
            48.710721
          ],
          [
            13.165425,
            48.710093
          ],
          [
            13.165911,
            48.709701
          ],
          [
            13.166185,
            48.709487
          ],
          [
            13.166969,
            48.708916
          ],
          [
            13.167753,
            48.708403
          ],
          [
            13.169351,
            48.707531
          ],
          [
            13.170226,
            48.707102
          ],
          [
            13.171219,
            48.706669
          ],
          [
            13.172068,
            48.706318
          ],
          [
            13.172995,
            48.705986
          ],
          [
            13.174013,
            48.705658
          ],
          [
            13.174998,
            48.705374
          ],
          [
            13.175941,
            48.705132
          ],
          [
            13.176993,
            48.704899
          ],
          [
            13.178165,
            48.704688
          ],
          [
            13.179765,
            48.704432
          ],
          [
            13.180855,
            48.704277
          ],
          [
            13.181749,
            48.70412
          ],
          [
            13.182617,
            48.703953
          ],
          [
            13.183532,
            48.703725
          ],
          [
            13.184441,
            48.703449
          ],
          [
            13.185231,
            48.703169
          ],
          [
            13.186182,
            48.702779
          ],
          [
            13.187116,
            48.702335
          ],
          [
            13.188488,
            48.701472
          ],
          [
            13.189899,
            48.700447
          ],
          [
            13.190785,
            48.699523
          ],
          [
            13.191779,
            48.698265
          ],
          [
            13.192755,
            48.696861
          ],
          [
            13.193896,
            48.695312
          ],
          [
            13.194504,
            48.694592
          ],
          [
            13.195052,
            48.694026
          ],
          [
            13.196312,
            48.692865
          ],
          [
            13.197714,
            48.691751
          ],
          [
            13.199308,
            48.690699
          ],
          [
            13.200841,
            48.689827
          ],
          [
            13.202358,
            48.68914
          ],
          [
            13.203449,
            48.688669
          ],
          [
            13.20434,
            48.688322
          ],
          [
            13.204637,
            48.688212
          ],
          [
            13.205361,
            48.687955
          ],
          [
            13.206132,
            48.687704
          ],
          [
            13.207628,
            48.687264
          ],
          [
            13.209485,
            48.686758
          ],
          [
            13.210947,
            48.686341
          ],
          [
            13.212095,
            48.68595
          ],
          [
            13.212897,
            48.685647
          ],
          [
            13.213643,
            48.685333
          ],
          [
            13.214961,
            48.684692
          ],
          [
            13.216689,
            48.683676
          ],
          [
            13.219803,
            48.681455
          ],
          [
            13.221678,
            48.680278
          ],
          [
            13.222958,
            48.679584
          ],
          [
            13.223767,
            48.679167
          ],
          [
            13.224825,
            48.67868
          ],
          [
            13.226945,
            48.677871
          ],
          [
            13.228528,
            48.677365
          ],
          [
            13.230239,
            48.676922
          ],
          [
            13.231211,
            48.676698
          ],
          [
            13.232765,
            48.676402
          ],
          [
            13.233979,
            48.676211
          ],
          [
            13.235031,
            48.676073
          ],
          [
            13.239042,
            48.675646
          ],
          [
            13.240728,
            48.675445
          ],
          [
            13.241917,
            48.675274
          ],
          [
            13.243325,
            48.675042
          ],
          [
            13.245052,
            48.67471
          ],
          [
            13.24653,
            48.674377
          ],
          [
            13.247826,
            48.674053
          ],
          [
            13.249313,
            48.673641
          ],
          [
            13.250336,
            48.673326
          ],
          [
            13.252077,
            48.672747
          ],
          [
            13.25298,
            48.672403
          ],
          [
            13.25499,
            48.67159
          ],
          [
            13.25565,
            48.671295
          ],
          [
            13.25717,
            48.67058
          ],
          [
            13.258319,
            48.669978
          ],
          [
            13.258371,
            48.669892
          ],
          [
            13.258642,
            48.669709
          ],
          [
            13.258836,
            48.669511
          ],
          [
            13.258947,
            48.66937
          ],
          [
            13.25905,
            48.66919
          ],
          [
            13.259126,
            48.668942
          ],
          [
            13.259184,
            48.668609
          ],
          [
            13.25925,
            48.668377
          ],
          [
            13.259379,
            48.668132
          ],
          [
            13.2603,
            48.667085
          ],
          [
            13.260399,
            48.667006
          ],
          [
            13.260822,
            48.667096
          ],
          [
            13.26138,
            48.667143
          ],
          [
            13.261824,
            48.667144
          ],
          [
            13.262265,
            48.667111
          ],
          [
            13.262574,
            48.667068
          ],
          [
            13.2633,
            48.666951
          ],
          [
            13.263803,
            48.666845
          ],
          [
            13.264331,
            48.666705
          ],
          [
            13.264796,
            48.666575
          ],
          [
            13.265374,
            48.666412
          ],
          [
            13.265879,
            48.666271
          ],
          [
            13.266703,
            48.666098
          ],
          [
            13.266897,
            48.666068
          ],
          [
            13.267253,
            48.666019
          ],
          [
            13.267861,
            48.665971
          ],
          [
            13.268272,
            48.665962
          ],
          [
            13.26872,
            48.665986
          ],
          [
            13.268902,
            48.666009
          ],
          [
            13.269276,
            48.66606
          ],
          [
            13.269644,
            48.666136
          ],
          [
            13.270185,
            48.666287
          ],
          [
            13.270272,
            48.666318
          ],
          [
            13.270957,
            48.66657
          ],
          [
            13.271307,
            48.666744
          ],
          [
            13.272107,
            48.667233
          ],
          [
            13.272534,
            48.667561
          ],
          [
            13.27295,
            48.667986
          ],
          [
            13.273296,
            48.66841
          ],
          [
            13.273605,
            48.668956
          ],
          [
            13.273727,
            48.669241
          ],
          [
            13.273837,
            48.669651
          ],
          [
            13.273914,
            48.670105
          ],
          [
            13.273978,
            48.670887
          ],
          [
            13.274012,
            48.671548
          ],
          [
            13.274035,
            48.672459
          ],
          [
            13.274167,
            48.674861
          ],
          [
            13.274276,
            48.67527
          ],
          [
            13.274399,
            48.675576
          ],
          [
            13.274655,
            48.675933
          ],
          [
            13.274981,
            48.676353
          ],
          [
            13.275261,
            48.676587
          ],
          [
            13.275705,
            48.676877
          ],
          [
            13.27608,
            48.677084
          ],
          [
            13.276625,
            48.677302
          ],
          [
            13.27704,
            48.677442
          ],
          [
            13.2775,
            48.677565
          ],
          [
            13.27793,
            48.677636
          ],
          [
            13.278742,
            48.677799
          ],
          [
            13.280037,
            48.678065
          ],
          [
            13.280588,
            48.678186
          ],
          [
            13.281123,
            48.678324
          ],
          [
            13.281882,
            48.678619
          ],
          [
            13.282068,
            48.678709
          ],
          [
            13.282589,
            48.678983
          ],
          [
            13.283903,
            48.679762
          ],
          [
            13.284957,
            48.680306
          ],
          [
            13.285936,
            48.680609
          ],
          [
            13.286551,
            48.680767
          ],
          [
            13.287059,
            48.680869
          ],
          [
            13.28764,
            48.680963
          ],
          [
            13.287836,
            48.680997
          ],
          [
            13.288624,
            48.681044
          ],
          [
            13.289635,
            48.681039
          ],
          [
            13.290469,
            48.680981
          ],
          [
            13.291162,
            48.680889
          ],
          [
            13.293096,
            48.680588
          ],
          [
            13.294232,
            48.68041
          ],
          [
            13.29519,
            48.68026
          ],
          [
            13.295466,
            48.68021
          ],
          [
            13.295859,
            48.680149
          ],
          [
            13.296472,
            48.680047
          ],
          [
            13.29676,
            48.67987
          ],
          [
            13.29701,
            48.679646
          ],
          [
            13.29736,
            48.679338
          ],
          [
            13.297649,
            48.679091
          ],
          [
            13.298021,
            48.678761
          ],
          [
            13.298464,
            48.678466
          ],
          [
            13.29887,
            48.678263
          ],
          [
            13.299511,
            48.678066
          ],
          [
            13.299938,
            48.677935
          ],
          [
            13.300309,
            48.677839
          ],
          [
            13.301839,
            48.677458
          ],
          [
            13.302722,
            48.677243
          ],
          [
            13.303468,
            48.677059
          ],
          [
            13.303812,
            48.676993
          ],
          [
            13.304215,
            48.67697
          ],
          [
            13.304592,
            48.676975
          ],
          [
            13.305511,
            48.67701
          ],
          [
            13.308195,
            48.677106
          ],
          [
            13.308535,
            48.677107
          ],
          [
            13.30908,
            48.677059
          ],
          [
            13.309388,
            48.677002
          ],
          [
            13.309752,
            48.676903
          ],
          [
            13.310234,
            48.676673
          ],
          [
            13.310442,
            48.676586
          ],
          [
            13.31061,
            48.676538
          ],
          [
            13.311028,
            48.676441
          ],
          [
            13.315798,
            48.675564
          ],
          [
            13.316941,
            48.675199
          ],
          [
            13.31737,
            48.675078
          ],
          [
            13.317715,
            48.674995
          ],
          [
            13.319025,
            48.674737
          ],
          [
            13.319836,
            48.674593
          ],
          [
            13.32128,
            48.674315
          ],
          [
            13.322985,
            48.673923
          ],
          [
            13.325627,
            48.673105
          ],
          [
            13.326211,
            48.67293
          ],
          [
            13.326511,
            48.672835
          ],
          [
            13.326915,
            48.67264
          ],
          [
            13.327977,
            48.672049
          ],
          [
            13.328495,
            48.671875
          ],
          [
            13.330517,
            48.671344
          ],
          [
            13.331005,
            48.671259
          ],
          [
            13.332746,
            48.671133
          ],
          [
            13.333043,
            48.671048
          ],
          [
            13.333494,
            48.670805
          ],
          [
            13.333726,
            48.670666
          ],
          [
            13.334391,
            48.670321
          ],
          [
            13.335453,
            48.669837
          ],
          [
            13.335956,
            48.669475
          ],
          [
            13.336093,
            48.669339
          ],
          [
            13.33634,
            48.669015
          ],
          [
            13.336474,
            48.668761
          ],
          [
            13.33666,
            48.668528
          ],
          [
            13.336895,
            48.668357
          ],
          [
            13.337001,
            48.668301
          ],
          [
            13.337159,
            48.668237
          ],
          [
            13.337484,
            48.668144
          ],
          [
            13.338053,
            48.66805
          ],
          [
            13.338367,
            48.667967
          ],
          [
            13.338558,
            48.667904
          ],
          [
            13.338784,
            48.667798
          ],
          [
            13.339006,
            48.66764
          ],
          [
            13.339218,
            48.667445
          ],
          [
            13.339769,
            48.666819
          ],
          [
            13.339986,
            48.666639
          ],
          [
            13.340408,
            48.666381
          ],
          [
            13.340746,
            48.666212
          ],
          [
            13.340968,
            48.66611
          ],
          [
            13.341226,
            48.666027
          ],
          [
            13.342354,
            48.665825
          ],
          [
            13.342708,
            48.665759
          ],
          [
            13.343077,
            48.665662
          ],
          [
            13.343832,
            48.665552
          ],
          [
            13.343958,
            48.665538
          ],
          [
            13.344355,
            48.665539
          ],
          [
            13.344579,
            48.66555
          ],
          [
            13.345649,
            48.665654
          ],
          [
            13.345867,
            48.665656
          ],
          [
            13.346769,
            48.665625
          ],
          [
            13.347131,
            48.665597
          ],
          [
            13.347488,
            48.665524
          ],
          [
            13.34773,
            48.665452
          ],
          [
            13.348701,
            48.665057
          ],
          [
            13.348999,
            48.664868
          ],
          [
            13.349496,
            48.664393
          ],
          [
            13.349702,
            48.664258
          ],
          [
            13.349891,
            48.664163
          ],
          [
            13.350132,
            48.66406
          ],
          [
            13.350374,
            48.663995
          ],
          [
            13.351035,
            48.663838
          ],
          [
            13.351553,
            48.663735
          ],
          [
            13.352425,
            48.663557
          ],
          [
            13.352641,
            48.66353
          ],
          [
            13.353175,
            48.663497
          ],
          [
            13.35332,
            48.663466
          ],
          [
            13.353561,
            48.663382
          ],
          [
            13.353694,
            48.663311
          ],
          [
            13.353814,
            48.663208
          ],
          [
            13.353893,
            48.663111
          ],
          [
            13.354007,
            48.662889
          ],
          [
            13.35435,
            48.661817
          ],
          [
            13.354534,
            48.661556
          ],
          [
            13.355039,
            48.661095
          ],
          [
            13.35528,
            48.660922
          ],
          [
            13.355666,
            48.660741
          ],
          [
            13.356046,
            48.66061
          ],
          [
            13.357292,
            48.660366
          ],
          [
            13.359699,
            48.659831
          ],
          [
            13.360311,
            48.659669
          ],
          [
            13.360717,
            48.659489
          ],
          [
            13.361227,
            48.659048
          ],
          [
            13.362086,
            48.65824
          ],
          [
            13.363192,
            48.657199
          ],
          [
            13.363627,
            48.657022
          ],
          [
            13.363849,
            48.65695
          ],
          [
            13.364107,
            48.656856
          ],
          [
            13.364703,
            48.656572
          ],
          [
            13.365678,
            48.656121
          ],
          [
            13.366001,
            48.655996
          ],
          [
            13.366599,
            48.655813
          ],
          [
            13.367271,
            48.65566
          ],
          [
            13.367817,
            48.655511
          ],
          [
            13.3681,
            48.655407
          ],
          [
            13.368833,
            48.655075
          ],
          [
            13.369659,
            48.654708
          ],
          [
            13.369922,
            48.654633
          ],
          [
            13.370162,
            48.654586
          ],
          [
            13.370369,
            48.654553
          ],
          [
            13.371515,
            48.654445
          ],
          [
            13.372001,
            48.654357
          ],
          [
            13.372369,
            48.654228
          ],
          [
            13.372819,
            48.653985
          ],
          [
            13.373091,
            48.653879
          ],
          [
            13.37374,
            48.65367
          ],
          [
            13.37433,
            48.653459
          ],
          [
            13.374748,
            48.653341
          ],
          [
            13.375346,
            48.653215
          ],
          [
            13.37614,
            48.653001
          ],
          [
            13.376348,
            48.652958
          ],
          [
            13.376911,
            48.652858
          ],
          [
            13.377786,
            48.652757
          ],
          [
            13.378256,
            48.652648
          ],
          [
            13.379608,
            48.652283
          ],
          [
            13.379787,
            48.65221
          ],
          [
            13.379896,
            48.652132
          ],
          [
            13.380184,
            48.651821
          ],
          [
            13.380307,
            48.65173
          ],
          [
            13.38041,
            48.651671
          ],
          [
            13.381021,
            48.651436
          ],
          [
            13.381235,
            48.651336
          ],
          [
            13.381508,
            48.651152
          ],
          [
            13.381974,
            48.650711
          ],
          [
            13.382638,
            48.650392
          ],
          [
            13.382859,
            48.650295
          ],
          [
            13.383032,
            48.650257
          ],
          [
            13.383331,
            48.650224
          ],
          [
            13.38378,
            48.650215
          ],
          [
            13.384025,
            48.650166
          ],
          [
            13.384184,
            48.650072
          ],
          [
            13.384406,
            48.649857
          ],
          [
            13.384604,
            48.649603
          ],
          [
            13.384699,
            48.64938
          ],
          [
            13.384892,
            48.649097
          ],
          [
            13.385897,
            48.648253
          ],
          [
            13.386456,
            48.647892
          ],
          [
            13.387015,
            48.647603
          ],
          [
            13.387163,
            48.64752
          ],
          [
            13.38751,
            48.647286
          ],
          [
            13.387473,
            48.647261
          ],
          [
            13.387441,
            48.647195
          ],
          [
            13.387451,
            48.647161
          ],
          [
            13.387516,
            48.647107
          ],
          [
            13.387619,
            48.64709
          ],
          [
            13.387671,
            48.647098
          ],
          [
            13.387749,
            48.647146
          ],
          [
            13.387769,
            48.647205
          ],
          [
            13.387737,
            48.647262
          ],
          [
            13.387915,
            48.647376
          ],
          [
            13.388012,
            48.647482
          ],
          [
            13.388205,
            48.647813
          ],
          [
            13.388376,
            48.648021
          ],
          [
            13.388468,
            48.648093
          ],
          [
            13.388579,
            48.648149
          ],
          [
            13.388817,
            48.648244
          ],
          [
            13.389117,
            48.648337
          ],
          [
            13.389271,
            48.648418
          ],
          [
            13.389415,
            48.648519
          ],
          [
            13.389565,
            48.648665
          ],
          [
            13.389987,
            48.649154
          ],
          [
            13.390312,
            48.649581
          ],
          [
            13.391331,
            48.650235
          ],
          [
            13.392282,
            48.650923
          ],
          [
            13.392566,
            48.651089
          ],
          [
            13.392795,
            48.651185
          ],
          [
            13.393112,
            48.651268
          ],
          [
            13.393948,
            48.651359
          ],
          [
            13.395484,
            48.651541
          ],
          [
            13.396242,
            48.651593
          ],
          [
            13.396449,
            48.651587
          ],
          [
            13.398702,
            48.651181
          ],
          [
            13.399111,
            48.651125
          ],
          [
            13.399515,
            48.651105
          ],
          [
            13.399846,
            48.65112
          ],
          [
            13.40029,
            48.651186
          ],
          [
            13.403666,
            48.651903
          ],
          [
            13.404026,
            48.651979
          ],
          [
            13.405714,
            48.652348
          ],
          [
            13.406006,
            48.652463
          ],
          [
            13.406876,
            48.652934
          ],
          [
            13.407286,
            48.653146
          ],
          [
            13.40759,
            48.65328
          ],
          [
            13.408441,
            48.653481
          ],
          [
            13.40871,
            48.653322
          ],
          [
            13.40917,
            48.653145
          ],
          [
            13.409345,
            48.653079
          ],
          [
            13.409642,
            48.652915
          ],
          [
            13.409837,
            48.652768
          ],
          [
            13.409995,
            48.652639
          ],
          [
            13.410185,
            48.652461
          ],
          [
            13.410569,
            48.652082
          ],
          [
            13.410697,
            48.651929
          ],
          [
            13.413043,
            48.652401
          ],
          [
            13.414055,
            48.652612
          ],
          [
            13.415535,
            48.652917
          ],
          [
            13.415907,
            48.652972
          ],
          [
            13.416764,
            48.653016
          ],
          [
            13.418033,
            48.653063
          ],
          [
            13.420291,
            48.653143
          ],
          [
            13.420609,
            48.65314
          ],
          [
            13.422185,
            48.653052
          ],
          [
            13.42251,
            48.653054
          ],
          [
            13.422766,
            48.65308
          ],
          [
            13.422958,
            48.653116
          ],
          [
            13.423247,
            48.653206
          ],
          [
            13.423462,
            48.653317
          ],
          [
            13.423655,
            48.653452
          ],
          [
            13.423751,
            48.653543
          ],
          [
            13.423878,
            48.653712
          ],
          [
            13.424122,
            48.654274
          ],
          [
            13.424308,
            48.654756
          ],
          [
            13.424417,
            48.654941
          ],
          [
            13.42451,
            48.655044
          ],
          [
            13.424729,
            48.655198
          ],
          [
            13.425048,
            48.655334
          ],
          [
            13.425347,
            48.655404
          ],
          [
            13.426092,
            48.65551
          ],
          [
            13.426362,
            48.655567
          ],
          [
            13.426665,
            48.655679
          ],
          [
            13.427289,
            48.655998
          ],
          [
            13.427416,
            48.656074
          ],
          [
            13.427523,
            48.656168
          ],
          [
            13.427611,
            48.656316
          ],
          [
            13.427799,
            48.656754
          ],
          [
            13.427944,
            48.656937
          ],
          [
            13.42805,
            48.657014
          ],
          [
            13.429432,
            48.657756
          ],
          [
            13.429771,
            48.657988
          ],
          [
            13.430363,
            48.658492
          ],
          [
            13.430524,
            48.658598
          ],
          [
            13.430707,
            48.658673
          ],
          [
            13.43093,
            48.658709
          ],
          [
            13.431189,
            48.658684
          ],
          [
            13.431396,
            48.658612
          ],
          [
            13.431843,
            48.658396
          ],
          [
            13.433089,
            48.65785
          ],
          [
            13.43555,
            48.656779
          ],
          [
            13.437686,
            48.656145
          ],
          [
            13.437914,
            48.656087
          ],
          [
            13.43808,
            48.656066
          ],
          [
            13.439567,
            48.656024
          ],
          [
            13.439667,
            48.656026
          ],
          [
            13.439959,
            48.656061
          ],
          [
            13.439993,
            48.656069
          ],
          [
            13.440296,
            48.656157
          ],
          [
            13.441056,
            48.656388
          ],
          [
            13.44197,
            48.656669
          ],
          [
            13.442172,
            48.656716
          ],
          [
            13.4424,
            48.656724
          ],
          [
            13.442655,
            48.656684
          ],
          [
            13.442797,
            48.656632
          ],
          [
            13.442969,
            48.656494
          ],
          [
            13.443032,
            48.656391
          ],
          [
            13.443363,
            48.655564
          ],
          [
            13.443699,
            48.654915
          ],
          [
            13.443887,
            48.654723
          ],
          [
            13.444717,
            48.654017
          ],
          [
            13.445377,
            48.653525
          ],
          [
            13.445644,
            48.653275
          ],
          [
            13.446252,
            48.652615
          ],
          [
            13.44636,
            48.652528
          ],
          [
            13.44647,
            48.652467
          ],
          [
            13.44657,
            48.652431
          ],
          [
            13.446695,
            48.652408
          ],
          [
            13.446975,
            48.652445
          ],
          [
            13.447365,
            48.65257
          ],
          [
            13.449022,
            48.653275
          ],
          [
            13.44921,
            48.653317
          ],
          [
            13.449426,
            48.653326
          ],
          [
            13.449608,
            48.653296
          ],
          [
            13.449795,
            48.653229
          ],
          [
            13.450331,
            48.652982
          ],
          [
            13.450694,
            48.652925
          ],
          [
            13.450981,
            48.652916
          ],
          [
            13.45166,
            48.652944
          ],
          [
            13.452218,
            48.653011
          ],
          [
            13.452624,
            48.653043
          ],
          [
            13.453969,
            48.652971
          ],
          [
            13.454451,
            48.652994
          ],
          [
            13.455251,
            48.65311
          ],
          [
            13.455473,
            48.653176
          ],
          [
            13.457615,
            48.654087
          ],
          [
            13.457895,
            48.654158
          ],
          [
            13.458795,
            48.654324
          ],
          [
            13.459267,
            48.654449
          ],
          [
            13.45968,
            48.654621
          ],
          [
            13.460108,
            48.654876
          ],
          [
            13.460394,
            48.655124
          ],
          [
            13.460547,
            48.655292
          ],
          [
            13.460666,
            48.655463
          ],
          [
            13.460765,
            48.655736
          ],
          [
            13.460923,
            48.65643
          ],
          [
            13.461052,
            48.65692
          ],
          [
            13.46111,
            48.657056
          ],
          [
            13.461257,
            48.657289
          ],
          [
            13.461463,
            48.657508
          ],
          [
            13.461712,
            48.657682
          ],
          [
            13.462027,
            48.657831
          ],
          [
            13.462448,
            48.657947
          ],
          [
            13.463038,
            48.658081
          ],
          [
            13.463346,
            48.658211
          ],
          [
            13.46348,
            48.658292
          ],
          [
            13.463594,
            48.658387
          ],
          [
            13.463679,
            48.658477
          ],
          [
            13.463773,
            48.658663
          ],
          [
            13.463779,
            48.658918
          ],
          [
            13.463718,
            48.659083
          ],
          [
            13.463655,
            48.659183
          ],
          [
            13.462061,
            48.660907
          ],
          [
            13.46194,
            48.661085
          ],
          [
            13.461865,
            48.661245
          ],
          [
            13.461809,
            48.661429
          ],
          [
            13.461801,
            48.661619
          ],
          [
            13.461827,
            48.661792
          ],
          [
            13.461892,
            48.661968
          ],
          [
            13.461986,
            48.662113
          ],
          [
            13.462149,
            48.662299
          ],
          [
            13.462534,
            48.662584
          ],
          [
            13.462626,
            48.66264
          ],
          [
            13.462716,
            48.662694
          ],
          [
            13.463921,
            48.663509
          ],
          [
            13.464251,
            48.663715
          ],
          [
            13.464767,
            48.66395
          ],
          [
            13.465142,
            48.664073
          ],
          [
            13.465619,
            48.664162
          ],
          [
            13.466011,
            48.664206
          ],
          [
            13.467064,
            48.664231
          ],
          [
            13.467797,
            48.664254
          ],
          [
            13.468248,
            48.664328
          ],
          [
            13.468411,
            48.664383
          ],
          [
            13.468839,
            48.664528
          ],
          [
            13.469151,
            48.664729
          ],
          [
            13.469335,
            48.664911
          ],
          [
            13.469913,
            48.665807
          ],
          [
            13.470049,
            48.666048
          ],
          [
            13.470145,
            48.666268
          ],
          [
            13.470186,
            48.666486
          ],
          [
            13.470145,
            48.667141
          ],
          [
            13.470147,
            48.667722
          ],
          [
            13.470196,
            48.667929
          ],
          [
            13.470302,
            48.668136
          ],
          [
            13.47046,
            48.668315
          ],
          [
            13.470662,
            48.66849
          ],
          [
            13.471129,
            48.668787
          ],
          [
            13.471207,
            48.668832
          ],
          [
            13.473103,
            48.66997
          ],
          [
            13.474248,
            48.670661
          ],
          [
            13.474415,
            48.670753
          ],
          [
            13.474773,
            48.670886
          ],
          [
            13.474902,
            48.670919
          ],
          [
            13.475234,
            48.670941
          ],
          [
            13.475448,
            48.670922
          ],
          [
            13.476403,
            48.670768
          ],
          [
            13.476713,
            48.670756
          ],
          [
            13.476888,
            48.670771
          ],
          [
            13.477188,
            48.67082
          ],
          [
            13.477416,
            48.67091
          ],
          [
            13.477637,
            48.670718
          ],
          [
            13.477894,
            48.67054
          ],
          [
            13.478302,
            48.670338
          ],
          [
            13.478699,
            48.670193
          ],
          [
            13.480242,
            48.669676
          ],
          [
            13.481253,
            48.669401
          ],
          [
            13.481813,
            48.669299
          ],
          [
            13.482183,
            48.669264
          ],
          [
            13.483312,
            48.669224
          ],
          [
            13.483433,
            48.669193
          ],
          [
            13.483421,
            48.669115
          ],
          [
            13.48347,
            48.669043
          ],
          [
            13.483568,
            48.668999
          ],
          [
            13.483687,
            48.668994
          ],
          [
            13.48378,
            48.669022
          ],
          [
            13.483845,
            48.669076
          ],
          [
            13.483862,
            48.669168
          ],
          [
            13.483792,
            48.669249
          ],
          [
            13.484132,
            48.669537
          ],
          [
            13.484414,
            48.669702
          ],
          [
            13.484653,
            48.669805
          ],
          [
            13.485063,
            48.669891
          ],
          [
            13.485548,
            48.669918
          ],
          [
            13.485887,
            48.669919
          ],
          [
            13.486245,
            48.669897
          ],
          [
            13.486527,
            48.669864
          ],
          [
            13.486841,
            48.669799
          ],
          [
            13.486937,
            48.669766
          ],
          [
            13.487111,
            48.669612
          ],
          [
            13.487084,
            48.669511
          ],
          [
            13.487161,
            48.669421
          ],
          [
            13.487228,
            48.669394
          ],
          [
            13.487333,
            48.669387
          ],
          [
            13.487454,
            48.669416
          ],
          [
            13.487517,
            48.669471
          ],
          [
            13.487974,
            48.669512
          ],
          [
            13.488775,
            48.669374
          ],
          [
            13.489048,
            48.669334
          ],
          [
            13.489701,
            48.669281
          ],
          [
            13.490348,
            48.669264
          ],
          [
            13.490735,
            48.669231
          ],
          [
            13.491155,
            48.669146
          ],
          [
            13.494101,
            48.668245
          ],
          [
            13.494557,
            48.66815
          ],
          [
            13.496182,
            48.667869
          ],
          [
            13.497586,
            48.667596
          ],
          [
            13.499112,
            48.66728
          ],
          [
            13.499761,
            48.667181
          ],
          [
            13.500058,
            48.667183
          ],
          [
            13.500566,
            48.667244
          ],
          [
            13.501984,
            48.667551
          ],
          [
            13.502481,
            48.667635
          ],
          [
            13.50276,
            48.667662
          ],
          [
            13.503287,
            48.667685
          ],
          [
            13.504322,
            48.667652
          ],
          [
            13.505186,
            48.667668
          ],
          [
            13.505557,
            48.667682
          ],
          [
            13.507101,
            48.667735
          ],
          [
            13.50724,
            48.667737
          ],
          [
            13.508576,
            48.667771
          ],
          [
            13.509354,
            48.667804
          ],
          [
            13.509415,
            48.667808
          ],
          [
            13.509838,
            48.667833
          ],
          [
            13.510265,
            48.667874
          ],
          [
            13.510529,
            48.667918
          ],
          [
            13.510799,
            48.668013
          ],
          [
            13.511472,
            48.668329
          ],
          [
            13.511592,
            48.668375
          ],
          [
            13.511831,
            48.668436
          ],
          [
            13.511983,
            48.668456
          ],
          [
            13.512146,
            48.668464
          ],
          [
            13.512691,
            48.668425
          ],
          [
            13.512889,
            48.66841
          ],
          [
            13.513351,
            48.668372
          ],
          [
            13.514264,
            48.668321
          ],
          [
            13.514545,
            48.668327
          ],
          [
            13.514776,
            48.668342
          ],
          [
            13.515406,
            48.668353
          ],
          [
            13.515884,
            48.668337
          ],
          [
            13.516163,
            48.668318
          ],
          [
            13.516732,
            48.668284
          ],
          [
            13.517712,
            48.668222
          ],
          [
            13.51789,
            48.668212
          ],
          [
            13.51887,
            48.668159
          ],
          [
            13.519745,
            48.668101
          ],
          [
            13.521441,
            48.667931
          ],
          [
            13.521917,
            48.667878
          ],
          [
            13.522312,
            48.667806
          ],
          [
            13.522584,
            48.667791
          ],
          [
            13.522967,
            48.667833
          ],
          [
            13.523115,
            48.667831
          ],
          [
            13.523534,
            48.667736
          ],
          [
            13.523788,
            48.667642
          ],
          [
            13.523872,
            48.667652
          ],
          [
            13.523919,
            48.667674
          ],
          [
            13.52411,
            48.667859
          ],
          [
            13.524382,
            48.66813
          ],
          [
            13.524607,
            48.668391
          ],
          [
            13.524819,
            48.668542
          ],
          [
            13.524988,
            48.668618
          ],
          [
            13.525205,
            48.66868
          ],
          [
            13.525637,
            48.668763
          ],
          [
            13.526364,
            48.668837
          ],
          [
            13.526748,
            48.668896
          ],
          [
            13.526919,
            48.668946
          ],
          [
            13.527075,
            48.669013
          ],
          [
            13.527485,
            48.669261
          ],
          [
            13.528649,
            48.670044
          ],
          [
            13.529609,
            48.670713
          ],
          [
            13.529746,
            48.670828
          ],
          [
            13.53047,
            48.67181
          ],
          [
            13.530693,
            48.672058
          ],
          [
            13.531687,
            48.672849
          ],
          [
            13.531833,
            48.672994
          ],
          [
            13.532151,
            48.673411
          ],
          [
            13.532369,
            48.673602
          ],
          [
            13.532624,
            48.673722
          ],
          [
            13.532867,
            48.673786
          ],
          [
            13.533039,
            48.673803
          ],
          [
            13.534012,
            48.673787
          ],
          [
            13.534225,
            48.673752
          ],
          [
            13.5347,
            48.673608
          ],
          [
            13.535155,
            48.673503
          ],
          [
            13.535651,
            48.673408
          ],
          [
            13.535887,
            48.673352
          ],
          [
            13.53601,
            48.673305
          ],
          [
            13.536216,
            48.673185
          ],
          [
            13.536753,
            48.672886
          ],
          [
            13.536905,
            48.672811
          ],
          [
            13.537133,
            48.672731
          ],
          [
            13.537244,
            48.672712
          ],
          [
            13.537439,
            48.672723
          ],
          [
            13.537778,
            48.672831
          ],
          [
            13.538628,
            48.673333
          ],
          [
            13.538885,
            48.673518
          ],
          [
            13.538985,
            48.673628
          ],
          [
            13.539584,
            48.674846
          ],
          [
            13.539848,
            48.675478
          ],
          [
            13.53997,
            48.675636
          ],
          [
            13.54013,
            48.675772
          ],
          [
            13.540339,
            48.675881
          ],
          [
            13.540598,
            48.675953
          ],
          [
            13.540827,
            48.675982
          ],
          [
            13.541111,
            48.675945
          ],
          [
            13.541326,
            48.675895
          ],
          [
            13.541504,
            48.675819
          ],
          [
            13.542559,
            48.675345
          ],
          [
            13.542806,
            48.675284
          ],
          [
            13.543135,
            48.675241
          ],
          [
            13.546035,
            48.675304
          ],
          [
            13.547878,
            48.675342
          ],
          [
            13.548843,
            48.675367
          ],
          [
            13.549388,
            48.675362
          ],
          [
            13.5521,
            48.675216
          ],
          [
            13.553061,
            48.675188
          ],
          [
            13.553873,
            48.675244
          ],
          [
            13.554633,
            48.675321
          ],
          [
            13.55533,
            48.675361
          ],
          [
            13.556187,
            48.675318
          ],
          [
            13.557058,
            48.675163
          ],
          [
            13.557849,
            48.674926
          ],
          [
            13.558506,
            48.674642
          ],
          [
            13.559161,
            48.674273
          ],
          [
            13.55968,
            48.673896
          ],
          [
            13.563037,
            48.671273
          ],
          [
            13.566183,
            48.668835
          ],
          [
            13.566582,
            48.668463
          ],
          [
            13.566911,
            48.668066
          ],
          [
            13.567328,
            48.667436
          ],
          [
            13.567427,
            48.667189
          ],
          [
            13.567575,
            48.666819
          ],
          [
            13.56798,
            48.66562
          ],
          [
            13.568618,
            48.665071
          ],
          [
            13.569514,
            48.664599
          ],
          [
            13.570983,
            48.664057
          ],
          [
            13.572248,
            48.662967
          ],
          [
            13.573028,
            48.661772
          ],
          [
            13.573256,
            48.661515
          ],
          [
            13.574155,
            48.660843
          ],
          [
            13.574615,
            48.660613
          ],
          [
            13.575381,
            48.660187
          ],
          [
            13.575753,
            48.659893
          ],
          [
            13.575873,
            48.659719
          ],
          [
            13.576091,
            48.65919
          ],
          [
            13.576232,
            48.658975
          ],
          [
            13.576408,
            48.658804
          ],
          [
            13.577327,
            48.65808
          ],
          [
            13.577655,
            48.657881
          ],
          [
            13.57784,
            48.657797
          ],
          [
            13.578163,
            48.657709
          ],
          [
            13.578375,
            48.657686
          ],
          [
            13.578596,
            48.65767
          ],
          [
            13.579717,
            48.657658
          ],
          [
            13.579834,
            48.657655
          ],
          [
            13.581599,
            48.657646
          ],
          [
            13.582995,
            48.657686
          ],
          [
            13.583612,
            48.657719
          ],
          [
            13.584559,
            48.65777
          ],
          [
            13.584973,
            48.657834
          ],
          [
            13.585171,
            48.657898
          ],
          [
            13.585431,
            48.658013
          ],
          [
            13.585979,
            48.658325
          ],
          [
            13.586354,
            48.65846
          ],
          [
            13.58806,
            48.65892
          ],
          [
            13.588575,
            48.659049
          ],
          [
            13.588767,
            48.659082
          ],
          [
            13.589079,
            48.659098
          ],
          [
            13.589337,
            48.65908
          ],
          [
            13.589526,
            48.659049
          ],
          [
            13.589834,
            48.65896
          ],
          [
            13.589979,
            48.658907
          ],
          [
            13.590397,
            48.658676
          ],
          [
            13.590551,
            48.658566
          ],
          [
            13.591024,
            48.65813
          ],
          [
            13.59119,
            48.65801
          ],
          [
            13.591611,
            48.657784
          ],
          [
            13.592105,
            48.657473
          ],
          [
            13.592423,
            48.657194
          ],
          [
            13.592548,
            48.65704
          ],
          [
            13.592766,
            48.656702
          ],
          [
            13.592892,
            48.656588
          ],
          [
            13.593013,
            48.656508
          ],
          [
            13.593401,
            48.656316
          ],
          [
            13.594514,
            48.65597
          ],
          [
            13.595229,
            48.655655
          ],
          [
            13.595573,
            48.655549
          ],
          [
            13.595769,
            48.655519
          ],
          [
            13.595988,
            48.65551
          ],
          [
            13.596632,
            48.65553
          ],
          [
            13.596906,
            48.655519
          ],
          [
            13.597192,
            48.655488
          ],
          [
            13.597698,
            48.655387
          ],
          [
            13.598171,
            48.65523
          ],
          [
            13.598611,
            48.655022
          ],
          [
            13.599293,
            48.654609
          ],
          [
            13.600239,
            48.653987
          ],
          [
            13.600463,
            48.653884
          ],
          [
            13.600708,
            48.65382
          ],
          [
            13.601053,
            48.653775
          ],
          [
            13.601334,
            48.65376
          ],
          [
            13.602622,
            48.653693
          ],
          [
            13.603794,
            48.653666
          ],
          [
            13.605352,
            48.653481
          ],
          [
            13.606275,
            48.653353
          ],
          [
            13.607252,
            48.653193
          ],
          [
            13.607465,
            48.653159
          ],
          [
            13.607867,
            48.653101
          ],
          [
            13.60815,
            48.653086
          ],
          [
            13.609288,
            48.653102
          ],
          [
            13.609448,
            48.653111
          ],
          [
            13.609655,
            48.653157
          ],
          [
            13.60985,
            48.653265
          ],
          [
            13.610388,
            48.653721
          ],
          [
            13.610502,
            48.653798
          ],
          [
            13.61063,
            48.653866
          ],
          [
            13.610852,
            48.653955
          ],
          [
            13.611179,
            48.654025
          ],
          [
            13.612918,
            48.654195
          ],
          [
            13.613131,
            48.654235
          ],
          [
            13.613338,
            48.654296
          ],
          [
            13.61389,
            48.654545
          ],
          [
            13.614381,
            48.654718
          ],
          [
            13.615706,
            48.654994
          ],
          [
            13.615892,
            48.655053
          ],
          [
            13.61617,
            48.655226
          ],
          [
            13.616288,
            48.655328
          ],
          [
            13.616706,
            48.655864
          ],
          [
            13.616839,
            48.655977
          ],
          [
            13.617022,
            48.656117
          ],
          [
            13.617751,
            48.656598
          ],
          [
            13.61803,
            48.656751
          ],
          [
            13.618223,
            48.656828
          ],
          [
            13.618458,
            48.656902
          ],
          [
            13.61893,
            48.657003
          ],
          [
            13.61914,
            48.657024
          ],
          [
            13.620094,
            48.657056
          ],
          [
            13.62068,
            48.657152
          ],
          [
            13.621067,
            48.657222
          ],
          [
            13.621554,
            48.657325
          ],
          [
            13.621694,
            48.65734
          ],
          [
            13.621848,
            48.657336
          ],
          [
            13.622006,
            48.657309
          ],
          [
            13.622122,
            48.657256
          ],
          [
            13.622319,
            48.657105
          ],
          [
            13.622896,
            48.65649
          ],
          [
            13.623154,
            48.656239
          ],
          [
            13.623508,
            48.656027
          ],
          [
            13.623783,
            48.65591
          ],
          [
            13.623888,
            48.655884
          ],
          [
            13.623872,
            48.655779
          ],
          [
            13.623879,
            48.655381
          ],
          [
            13.623903,
            48.655235
          ],
          [
            13.624008,
            48.655109
          ],
          [
            13.624171,
            48.65498
          ],
          [
            13.624553,
            48.654751
          ],
          [
            13.624675,
            48.654705
          ],
          [
            13.625184,
            48.654591
          ],
          [
            13.625362,
            48.65473
          ],
          [
            13.625452,
            48.654837
          ],
          [
            13.625621,
            48.655122
          ],
          [
            13.625822,
            48.655632
          ],
          [
            13.625966,
            48.655868
          ],
          [
            13.626089,
            48.656005
          ],
          [
            13.626308,
            48.656188
          ],
          [
            13.626823,
            48.656446
          ],
          [
            13.629264,
            48.657598
          ],
          [
            13.630156,
            48.658025
          ],
          [
            13.630511,
            48.65823
          ],
          [
            13.630648,
            48.658328
          ],
          [
            13.630923,
            48.658583
          ],
          [
            13.631013,
            48.658694
          ],
          [
            13.631137,
            48.658888
          ],
          [
            13.631221,
            48.659073
          ],
          [
            13.631338,
            48.659437
          ],
          [
            13.63148,
            48.660067
          ],
          [
            13.631532,
            48.660295
          ],
          [
            13.631659,
            48.660511
          ],
          [
            13.631752,
            48.660604
          ],
          [
            13.631855,
            48.660684
          ],
          [
            13.631977,
            48.66075
          ],
          [
            13.632129,
            48.66081
          ],
          [
            13.632403,
            48.660867
          ],
          [
            13.632627,
            48.660885
          ],
          [
            13.632748,
            48.66088
          ],
          [
            13.633124,
            48.660834
          ],
          [
            13.634956,
            48.660378
          ],
          [
            13.635646,
            48.660263
          ],
          [
            13.636292,
            48.660183
          ],
          [
            13.636944,
            48.660137
          ],
          [
            13.637358,
            48.660139
          ],
          [
            13.63773,
            48.660147
          ],
          [
            13.638447,
            48.660205
          ],
          [
            13.638683,
            48.660232
          ],
          [
            13.639102,
            48.660317
          ],
          [
            13.639496,
            48.660428
          ],
          [
            13.639736,
            48.660517
          ],
          [
            13.639955,
            48.660601
          ],
          [
            13.641079,
            48.661131
          ],
          [
            13.641507,
            48.661291
          ],
          [
            13.642005,
            48.661428
          ],
          [
            13.642429,
            48.661515
          ],
          [
            13.642985,
            48.661588
          ],
          [
            13.643598,
            48.661612
          ],
          [
            13.645322,
            48.661548
          ],
          [
            13.646112,
            48.661568
          ],
          [
            13.646839,
            48.661641
          ],
          [
            13.647949,
            48.661851
          ],
          [
            13.648502,
            48.662007
          ],
          [
            13.649158,
            48.662252
          ],
          [
            13.65184,
            48.663347
          ],
          [
            13.653882,
            48.664194
          ],
          [
            13.654329,
            48.664367
          ],
          [
            13.654796,
            48.664521
          ],
          [
            13.65516,
            48.664615
          ],
          [
            13.655859,
            48.664727
          ],
          [
            13.656307,
            48.664759
          ],
          [
            13.656738,
            48.664754
          ],
          [
            13.657259,
            48.664712
          ],
          [
            13.65769,
            48.664642
          ],
          [
            13.658064,
            48.664551
          ],
          [
            13.658502,
            48.664416
          ],
          [
            13.65983,
            48.66396
          ],
          [
            13.659921,
            48.66393
          ],
          [
            13.662118,
            48.663181
          ],
          [
            13.662515,
            48.663067
          ],
          [
            13.66274,
            48.663031
          ],
          [
            13.663145,
            48.662943
          ],
          [
            13.663467,
            48.662891
          ],
          [
            13.663838,
            48.662887
          ],
          [
            13.664185,
            48.662931
          ],
          [
            13.664419,
            48.662983
          ],
          [
            13.664638,
            48.66305
          ],
          [
            13.664847,
            48.663136
          ],
          [
            13.665034,
            48.663235
          ],
          [
            13.66538,
            48.663485
          ],
          [
            13.665946,
            48.664115
          ],
          [
            13.666108,
            48.664267
          ],
          [
            13.666558,
            48.664579
          ],
          [
            13.666884,
            48.664738
          ],
          [
            13.66726,
            48.664876
          ],
          [
            13.667719,
            48.664988
          ],
          [
            13.669664,
            48.665305
          ],
          [
            13.670302,
            48.665422
          ],
          [
            13.670975,
            48.665627
          ],
          [
            13.672135,
            48.666109
          ],
          [
            13.672586,
            48.666262
          ],
          [
            13.673342,
            48.666466
          ],
          [
            13.674228,
            48.666588
          ],
          [
            13.674781,
            48.666615
          ],
          [
            13.675274,
            48.66662
          ],
          [
            13.676613,
            48.6666
          ],
          [
            13.677837,
            48.666604
          ],
          [
            13.678128,
            48.666617
          ],
          [
            13.678709,
            48.66668
          ],
          [
            13.679301,
            48.66679
          ],
          [
            13.679936,
            48.666957
          ],
          [
            13.680479,
            48.667127
          ],
          [
            13.681087,
            48.667278
          ],
          [
            13.681727,
            48.667375
          ],
          [
            13.682032,
            48.66741
          ],
          [
            13.682359,
            48.667428
          ],
          [
            13.68289,
            48.667431
          ],
          [
            13.683245,
            48.667413
          ],
          [
            13.683833,
            48.667353
          ],
          [
            13.684506,
            48.66724
          ],
          [
            13.685583,
            48.667011
          ],
          [
            13.686877,
            48.666737
          ],
          [
            13.688467,
            48.666406
          ],
          [
            13.688939,
            48.666301
          ],
          [
            13.688991,
            48.666287
          ],
          [
            13.689243,
            48.666231
          ],
          [
            13.689487,
            48.666227
          ],
          [
            13.690091,
            48.666268
          ],
          [
            13.690451,
            48.666273
          ],
          [
            13.690741,
            48.66626
          ],
          [
            13.691887,
            48.666176
          ],
          [
            13.692134,
            48.666191
          ],
          [
            13.692396,
            48.666241
          ],
          [
            13.692628,
            48.666326
          ],
          [
            13.692819,
            48.666434
          ],
          [
            13.692958,
            48.666542
          ],
          [
            13.693078,
            48.666756
          ],
          [
            13.693151,
            48.666988
          ],
          [
            13.693169,
            48.667242
          ],
          [
            13.69315,
            48.667427
          ],
          [
            13.693051,
            48.667726
          ],
          [
            13.692941,
            48.667932
          ],
          [
            13.692739,
            48.668297
          ],
          [
            13.692651,
            48.668507
          ],
          [
            13.692621,
            48.668825
          ],
          [
            13.69265,
            48.669006
          ],
          [
            13.692717,
            48.669195
          ],
          [
            13.692814,
            48.669355
          ],
          [
            13.692988,
            48.66956
          ],
          [
            13.69379,
            48.670274
          ],
          [
            13.693971,
            48.670516
          ],
          [
            13.69404,
            48.670646
          ],
          [
            13.69414,
            48.670951
          ],
          [
            13.694172,
            48.671491
          ],
          [
            13.694165,
            48.67171
          ],
          [
            13.694251,
            48.672071
          ],
          [
            13.694308,
            48.672226
          ],
          [
            13.694455,
            48.672492
          ],
          [
            13.694601,
            48.672673
          ],
          [
            13.694773,
            48.672845
          ],
          [
            13.695193,
            48.673142
          ],
          [
            13.695733,
            48.673394
          ],
          [
            13.696051,
            48.673502
          ],
          [
            13.69694,
            48.673733
          ],
          [
            13.697747,
            48.673939
          ],
          [
            13.698603,
            48.674159
          ],
          [
            13.699492,
            48.674403
          ],
          [
            13.70128,
            48.674887
          ],
          [
            13.701693,
            48.675018
          ],
          [
            13.702131,
            48.675183
          ],
          [
            13.702458,
            48.675326
          ],
          [
            13.702919,
            48.675557
          ],
          [
            13.703146,
            48.675691
          ],
          [
            13.703608,
            48.675998
          ],
          [
            13.703939,
            48.67626
          ],
          [
            13.704207,
            48.676506
          ],
          [
            13.704545,
            48.676879
          ],
          [
            13.704695,
            48.677068
          ],
          [
            13.704911,
            48.6774
          ],
          [
            13.705137,
            48.677858
          ],
          [
            13.705214,
            48.678072
          ],
          [
            13.705318,
            48.678492
          ],
          [
            13.70535,
            48.678708
          ],
          [
            13.705416,
            48.679887
          ],
          [
            13.705513,
            48.680327
          ],
          [
            13.705599,
            48.680563
          ],
          [
            13.705812,
            48.680923
          ],
          [
            13.70596,
            48.681106
          ],
          [
            13.706338,
            48.681458
          ],
          [
            13.706731,
            48.681722
          ],
          [
            13.707072,
            48.681897
          ],
          [
            13.707339,
            48.682005
          ],
          [
            13.707826,
            48.682155
          ],
          [
            13.708305,
            48.682255
          ],
          [
            13.708626,
            48.6823
          ],
          [
            13.710088,
            48.682401
          ],
          [
            13.710977,
            48.682456
          ],
          [
            13.713463,
            48.682616
          ],
          [
            13.715277,
            48.68273
          ],
          [
            13.715714,
            48.682773
          ],
          [
            13.716065,
            48.682825
          ],
          [
            13.716527,
            48.682917
          ],
          [
            13.716977,
            48.683041
          ],
          [
            13.717659,
            48.683277
          ],
          [
            13.718226,
            48.683523
          ],
          [
            13.718607,
            48.683682
          ],
          [
            13.719103,
            48.683848
          ],
          [
            13.719646,
            48.683982
          ],
          [
            13.719832,
            48.684009
          ],
          [
            13.720957,
            48.684075
          ],
          [
            13.721436,
            48.684109
          ],
          [
            13.721735,
            48.684147
          ],
          [
            13.721953,
            48.684217
          ],
          [
            13.72216,
            48.684332
          ],
          [
            13.722667,
            48.684612
          ],
          [
            13.722772,
            48.684645
          ],
          [
            13.723225,
            48.684693
          ],
          [
            13.723446,
            48.684731
          ],
          [
            13.72366,
            48.684814
          ],
          [
            13.72396,
            48.684965
          ],
          [
            13.724233,
            48.685144
          ],
          [
            13.724823,
            48.685631
          ],
          [
            13.724952,
            48.68571
          ],
          [
            13.725182,
            48.68582
          ],
          [
            13.725523,
            48.685934
          ],
          [
            13.726012,
            48.685991
          ],
          [
            13.728197,
            48.685966
          ],
          [
            13.729024,
            48.685954
          ],
          [
            13.732077,
            48.685893
          ],
          [
            13.732387,
            48.685887
          ],
          [
            13.733071,
            48.685866
          ],
          [
            13.733714,
            48.685805
          ],
          [
            13.734507,
            48.685675
          ],
          [
            13.73481,
            48.685607
          ],
          [
            13.73545,
            48.685425
          ],
          [
            13.737433,
            48.684679
          ],
          [
            13.738134,
            48.684483
          ],
          [
            13.73835,
            48.684429
          ],
          [
            13.738988,
            48.68431
          ],
          [
            13.739268,
            48.684276
          ],
          [
            13.739584,
            48.684249
          ],
          [
            13.740387,
            48.684215
          ],
          [
            13.7413,
            48.684257
          ],
          [
            13.741953,
            48.684333
          ],
          [
            13.742584,
            48.684453
          ],
          [
            13.744066,
            48.68486
          ],
          [
            13.744615,
            48.684986
          ],
          [
            13.745091,
            48.685061
          ],
          [
            13.745805,
            48.685095
          ],
          [
            13.746304,
            48.685072
          ],
          [
            13.74658,
            48.685041
          ],
          [
            13.746883,
            48.684991
          ],
          [
            13.747189,
            48.684916
          ],
          [
            13.747999,
            48.684682
          ],
          [
            13.74923,
            48.68428
          ],
          [
            13.749491,
            48.684211
          ],
          [
            13.750143,
            48.684089
          ],
          [
            13.750759,
            48.684033
          ],
          [
            13.751393,
            48.68403
          ],
          [
            13.752071,
            48.684088
          ],
          [
            13.752555,
            48.68417
          ],
          [
            13.753046,
            48.684296
          ],
          [
            13.753559,
            48.684474
          ],
          [
            13.754085,
            48.684696
          ],
          [
            13.754788,
            48.685049
          ],
          [
            13.755239,
            48.685329
          ],
          [
            13.755683,
            48.68566
          ],
          [
            13.75589,
            48.685817
          ],
          [
            13.75629,
            48.686199
          ],
          [
            13.757317,
            48.687422
          ],
          [
            13.757677,
            48.687741
          ],
          [
            13.757939,
            48.687935
          ],
          [
            13.758449,
            48.68824
          ],
          [
            13.758729,
            48.688374
          ],
          [
            13.760218,
            48.688981
          ],
          [
            13.761442,
            48.689472
          ],
          [
            13.762386,
            48.689835
          ],
          [
            13.762919,
            48.689963
          ],
          [
            13.763447,
            48.690034
          ],
          [
            13.764134,
            48.690056
          ],
          [
            13.765705,
            48.690019
          ],
          [
            13.767617,
            48.689931
          ],
          [
            13.767829,
            48.689922
          ],
          [
            13.770461,
            48.68984
          ],
          [
            13.770954,
            48.68986
          ],
          [
            13.77144,
            48.689923
          ],
          [
            13.771964,
            48.690026
          ],
          [
            13.772436,
            48.690142
          ],
          [
            13.772821,
            48.690258
          ],
          [
            13.773306,
            48.690453
          ],
          [
            13.774796,
            48.69115
          ],
          [
            13.775576,
            48.691468
          ],
          [
            13.776529,
            48.691794
          ],
          [
            13.776965,
            48.691911
          ],
          [
            13.777691,
            48.692071
          ],
          [
            13.778683,
            48.692245
          ],
          [
            13.779314,
            48.692321
          ],
          [
            13.780081,
            48.692378
          ],
          [
            13.781686,
            48.692439
          ],
          [
            13.782403,
            48.692481
          ],
          [
            13.782998,
            48.692564
          ],
          [
            13.783425,
            48.692656
          ],
          [
            13.783804,
            48.692757
          ],
          [
            13.784301,
            48.69293
          ],
          [
            13.78461,
            48.693056
          ],
          [
            13.785003,
            48.693246
          ],
          [
            13.785298,
            48.693421
          ],
          [
            13.785595,
            48.693615
          ],
          [
            13.785815,
            48.693789
          ],
          [
            13.786263,
            48.694225
          ],
          [
            13.786587,
            48.694663
          ],
          [
            13.786868,
            48.695193
          ],
          [
            13.786919,
            48.695376
          ],
          [
            13.786982,
            48.695621
          ],
          [
            13.787012,
            48.695847
          ],
          [
            13.787047,
            48.696401
          ],
          [
            13.787117,
            48.697629
          ],
          [
            13.787189,
            48.698682
          ],
          [
            13.787218,
            48.698829
          ],
          [
            13.787336,
            48.699074
          ],
          [
            13.787516,
            48.699354
          ],
          [
            13.787641,
            48.699496
          ],
          [
            13.78783,
            48.699657
          ],
          [
            13.78824,
            48.699905
          ],
          [
            13.78875,
            48.700149
          ],
          [
            13.789412,
            48.700456
          ],
          [
            13.790242,
            48.700842
          ],
          [
            13.790655,
            48.701027
          ],
          [
            13.791276,
            48.701306
          ],
          [
            13.791472,
            48.701429
          ],
          [
            13.791759,
            48.701719
          ],
          [
            13.792748,
            48.702727
          ],
          [
            13.792915,
            48.702851
          ],
          [
            13.7931,
            48.702922
          ],
          [
            13.793289,
            48.702957
          ],
          [
            13.793673,
            48.702988
          ],
          [
            13.793798,
            48.702999
          ],
          [
            13.794098,
            48.703023
          ],
          [
            13.794414,
            48.703049
          ],
          [
            13.794542,
            48.702879
          ],
          [
            13.794657,
            48.702725
          ],
          [
            13.794849,
            48.702479
          ],
          [
            13.795166,
            48.702175
          ],
          [
            13.795227,
            48.702094
          ],
          [
            13.795306,
            48.701957
          ],
          [
            13.795342,
            48.701796
          ],
          [
            13.79528,
            48.701107
          ],
          [
            13.795329,
            48.700936
          ],
          [
            13.795469,
            48.700775
          ],
          [
            13.795551,
            48.700711
          ],
          [
            13.795685,
            48.700629
          ],
          [
            13.796355,
            48.700303
          ],
          [
            13.796555,
            48.700135
          ],
          [
            13.796629,
            48.699997
          ],
          [
            13.796652,
            48.699882
          ],
          [
            13.79663,
            48.699736
          ],
          [
            13.796501,
            48.699365
          ],
          [
            13.796506,
            48.699265
          ],
          [
            13.796552,
            48.699179
          ],
          [
            13.796623,
            48.699115
          ],
          [
            13.796825,
            48.699029
          ],
          [
            13.797003,
            48.699014
          ],
          [
            13.797216,
            48.699056
          ],
          [
            13.797338,
            48.699118
          ],
          [
            13.798201,
            48.699705
          ],
          [
            13.798622,
            48.699951
          ],
          [
            13.799236,
            48.700264
          ],
          [
            13.800234,
            48.7008
          ],
          [
            13.800556,
            48.700933
          ],
          [
            13.801708,
            48.701346
          ],
          [
            13.802054,
            48.701444
          ],
          [
            13.802279,
            48.701486
          ],
          [
            13.802637,
            48.701526
          ],
          [
            13.803078,
            48.701521
          ],
          [
            13.803785,
            48.701447
          ],
          [
            13.8041,
            48.701404
          ],
          [
            13.804439,
            48.701338
          ],
          [
            13.804776,
            48.701243
          ],
          [
            13.805377,
            48.701
          ],
          [
            13.805634,
            48.70092
          ],
          [
            13.805882,
            48.700849
          ],
          [
            13.806471,
            48.700721
          ],
          [
            13.806806,
            48.700673
          ],
          [
            13.807288,
            48.700629
          ],
          [
            13.808386,
            48.700554
          ],
          [
            13.809417,
            48.700545
          ],
          [
            13.809822,
            48.700557
          ],
          [
            13.81102,
            48.700632
          ],
          [
            13.811543,
            48.70069
          ],
          [
            13.812164,
            48.700785
          ],
          [
            13.813161,
            48.700973
          ],
          [
            13.813351,
            48.701011
          ],
          [
            13.813486,
            48.701037
          ],
          [
            13.813608,
            48.701062
          ],
          [
            13.813783,
            48.701097
          ],
          [
            13.813908,
            48.701121
          ],
          [
            13.814277,
            48.701197
          ],
          [
            13.814455,
            48.701231
          ],
          [
            13.815283,
            48.701417
          ],
          [
            13.816314,
            48.701699
          ],
          [
            13.816465,
            48.701724
          ],
          [
            13.816779,
            48.701739
          ],
          [
            13.817076,
            48.701702
          ],
          [
            13.817369,
            48.701603
          ],
          [
            13.817806,
            48.701394
          ],
          [
            13.818056,
            48.701248
          ],
          [
            13.818186,
            48.701153
          ],
          [
            13.819082,
            48.700335
          ],
          [
            13.819209,
            48.700237
          ],
          [
            13.819472,
            48.700089
          ],
          [
            13.81978,
            48.699961
          ],
          [
            13.819976,
            48.6999
          ],
          [
            13.820352,
            48.699816
          ],
          [
            13.820557,
            48.699786
          ],
          [
            13.820757,
            48.699769
          ],
          [
            13.821181,
            48.69977
          ],
          [
            13.821536,
            48.699812
          ],
          [
            13.821699,
            48.699851
          ],
          [
            13.821982,
            48.699955
          ],
          [
            13.822235,
            48.7001
          ],
          [
            13.822948,
            48.700606
          ],
          [
            13.823369,
            48.700855
          ],
          [
            13.823804,
            48.701063
          ],
          [
            13.824325,
            48.701268
          ],
          [
            13.824817,
            48.701417
          ],
          [
            13.82554,
            48.701579
          ],
          [
            13.825726,
            48.70161
          ],
          [
            13.826092,
            48.701644
          ],
          [
            13.826452,
            48.701637
          ],
          [
            13.826791,
            48.701589
          ],
          [
            13.827152,
            48.701491
          ],
          [
            13.827489,
            48.701376
          ],
          [
            13.827751,
            48.701291
          ],
          [
            13.828091,
            48.701209
          ],
          [
            13.828499,
            48.701158
          ],
          [
            13.828974,
            48.701144
          ],
          [
            13.830557,
            48.701183
          ],
          [
            13.831003,
            48.701194
          ],
          [
            13.831451,
            48.701218
          ],
          [
            13.832238,
            48.701316
          ],
          [
            13.834657,
            48.701814
          ],
          [
            13.836757,
            48.702241
          ],
          [
            13.836793,
            48.702247
          ],
          [
            13.837198,
            48.702306
          ],
          [
            13.837589,
            48.702332
          ],
          [
            13.838091,
            48.702332
          ],
          [
            13.839168,
            48.702281
          ],
          [
            13.839406,
            48.702284
          ],
          [
            13.839825,
            48.702316
          ],
          [
            13.840192,
            48.702358
          ],
          [
            13.840621,
            48.702402
          ],
          [
            13.841136,
            48.702424
          ],
          [
            13.844251,
            48.702315
          ],
          [
            13.845737,
            48.702278
          ],
          [
            13.846026,
            48.702286
          ],
          [
            13.847616,
            48.702392
          ],
          [
            13.847989,
            48.702371
          ],
          [
            13.848987,
            48.70218
          ],
          [
            13.850129,
            48.701984
          ],
          [
            13.850544,
            48.701932
          ],
          [
            13.850978,
            48.701944
          ],
          [
            13.85155,
            48.702049
          ],
          [
            13.852998,
            48.702364
          ],
          [
            13.854379,
            48.702726
          ],
          [
            13.854497,
            48.702759
          ],
          [
            13.855006,
            48.702899
          ],
          [
            13.855396,
            48.702981
          ],
          [
            13.855812,
            48.703025
          ],
          [
            13.857214,
            48.703102
          ],
          [
            13.857597,
            48.703159
          ],
          [
            13.858106,
            48.703296
          ],
          [
            13.858505,
            48.703473
          ],
          [
            13.860622,
            48.704542
          ],
          [
            13.861024,
            48.704779
          ],
          [
            13.86135,
            48.705011
          ],
          [
            13.861835,
            48.705424
          ],
          [
            13.862509,
            48.706017
          ],
          [
            13.862679,
            48.706165
          ],
          [
            13.863034,
            48.706466
          ],
          [
            13.863207,
            48.706578
          ],
          [
            13.863452,
            48.706701
          ],
          [
            13.863777,
            48.706795
          ],
          [
            13.864024,
            48.70684
          ],
          [
            13.864051,
            48.706844
          ],
          [
            13.864234,
            48.706868
          ],
          [
            13.864471,
            48.706901
          ],
          [
            13.864883,
            48.706969
          ],
          [
            13.864969,
            48.707001
          ],
          [
            13.865111,
            48.7071
          ],
          [
            13.865316,
            48.707003
          ],
          [
            13.865655,
            48.706891
          ],
          [
            13.865851,
            48.706851
          ],
          [
            13.867189,
            48.706716
          ],
          [
            13.867739,
            48.706655
          ],
          [
            13.868307,
            48.706532
          ],
          [
            13.868533,
            48.706466
          ],
          [
            13.868973,
            48.706307
          ],
          [
            13.869502,
            48.706057
          ],
          [
            13.869911,
            48.7058
          ],
          [
            13.871261,
            48.704811
          ],
          [
            13.871521,
            48.704569
          ],
          [
            13.871639,
            48.704431
          ],
          [
            13.872052,
            48.703888
          ],
          [
            13.872355,
            48.703441
          ],
          [
            13.872512,
            48.703129
          ],
          [
            13.872626,
            48.702778
          ],
          [
            13.872665,
            48.702594
          ],
          [
            13.87268,
            48.702247
          ],
          [
            13.872658,
            48.701413
          ],
          [
            13.872699,
            48.701037
          ],
          [
            13.872815,
            48.700729
          ],
          [
            13.872965,
            48.700518
          ],
          [
            13.873821,
            48.699791
          ],
          [
            13.87434,
            48.699491
          ],
          [
            13.874901,
            48.699242
          ],
          [
            13.875543,
            48.698972
          ],
          [
            13.875992,
            48.698766
          ],
          [
            13.87636,
            48.69856
          ],
          [
            13.877515,
            48.69785
          ],
          [
            13.878095,
            48.69747
          ],
          [
            13.878282,
            48.697332
          ],
          [
            13.878956,
            48.696811
          ],
          [
            13.879109,
            48.696671
          ],
          [
            13.879344,
            48.696445
          ],
          [
            13.879414,
            48.696378
          ],
          [
            13.879672,
            48.696147
          ],
          [
            13.879828,
            48.696008
          ],
          [
            13.87999,
            48.695806
          ],
          [
            13.880067,
            48.695739
          ],
          [
            13.880175,
            48.695674
          ],
          [
            13.880342,
            48.695617
          ],
          [
            13.880523,
            48.695583
          ],
          [
            13.880833,
            48.695526
          ],
          [
            13.8812,
            48.695458
          ],
          [
            13.881582,
            48.695386
          ],
          [
            13.881865,
            48.695311
          ],
          [
            13.882083,
            48.695236
          ],
          [
            13.882226,
            48.695179
          ],
          [
            13.882431,
            48.695091
          ],
          [
            13.882479,
            48.69507
          ],
          [
            13.882742,
            48.694946
          ],
          [
            13.883026,
            48.69481
          ],
          [
            13.883354,
            48.694627
          ],
          [
            13.883683,
            48.694446
          ],
          [
            13.884053,
            48.694284
          ],
          [
            13.884307,
            48.694191
          ],
          [
            13.884507,
            48.694175
          ],
          [
            13.884732,
            48.694204
          ],
          [
            13.885201,
            48.694266
          ],
          [
            13.885773,
            48.694304
          ],
          [
            13.886128,
            48.694308
          ],
          [
            13.887448,
            48.694323
          ],
          [
            13.887835,
            48.694305
          ],
          [
            13.888148,
            48.694253
          ],
          [
            13.888547,
            48.694128
          ],
          [
            13.888842,
            48.69399
          ],
          [
            13.889164,
            48.693793
          ],
          [
            13.890074,
            48.693223
          ],
          [
            13.890385,
            48.693027
          ],
          [
            13.890429,
            48.692995
          ],
          [
            13.890674,
            48.692763
          ],
          [
            13.890985,
            48.692298
          ],
          [
            13.891183,
            48.69206
          ],
          [
            13.891389,
            48.691897
          ],
          [
            13.891584,
            48.691784
          ],
          [
            13.892309,
            48.691427
          ],
          [
            13.892868,
            48.691156
          ],
          [
            13.893607,
            48.690794
          ],
          [
            13.893994,
            48.690605
          ],
          [
            13.894561,
            48.69033
          ],
          [
            13.895797,
            48.689721
          ],
          [
            13.896012,
            48.689604
          ],
          [
            13.896294,
            48.689417
          ],
          [
            13.896312,
            48.689401
          ],
          [
            13.896539,
            48.689214
          ],
          [
            13.89698,
            48.688783
          ],
          [
            13.897058,
            48.688681
          ],
          [
            13.897157,
            48.688494
          ],
          [
            13.897224,
            48.688222
          ],
          [
            13.897198,
            48.68768
          ],
          [
            13.897233,
            48.687536
          ],
          [
            13.897293,
            48.687435
          ],
          [
            13.897458,
            48.687276
          ],
          [
            13.897613,
            48.687189
          ],
          [
            13.897841,
            48.687129
          ],
          [
            13.897996,
            48.687105
          ],
          [
            13.898327,
            48.687056
          ],
          [
            13.89861,
            48.687018
          ],
          [
            13.89888,
            48.686979
          ],
          [
            13.898982,
            48.686965
          ],
          [
            13.899069,
            48.686952
          ],
          [
            13.899158,
            48.68694
          ],
          [
            13.899311,
            48.686918
          ],
          [
            13.899654,
            48.686868
          ],
          [
            13.899883,
            48.686836
          ],
          [
            13.900107,
            48.686804
          ],
          [
            13.900201,
            48.68679
          ],
          [
            13.900376,
            48.686764
          ],
          [
            13.90068,
            48.686715
          ],
          [
            13.900954,
            48.68664
          ],
          [
            13.901116,
            48.686574
          ],
          [
            13.901368,
            48.686465
          ],
          [
            13.901863,
            48.68625
          ],
          [
            13.902057,
            48.686142
          ],
          [
            13.902165,
            48.686038
          ],
          [
            13.902259,
            48.685835
          ],
          [
            13.902397,
            48.685515
          ],
          [
            13.902437,
            48.685452
          ],
          [
            13.902759,
            48.685013
          ],
          [
            13.903191,
            48.684439
          ],
          [
            13.903411,
            48.684078
          ],
          [
            13.90378,
            48.683011
          ],
          [
            13.90402,
            48.682298
          ],
          [
            13.904039,
            48.68224
          ],
          [
            13.904168,
            48.681858
          ],
          [
            13.90429,
            48.681537
          ],
          [
            13.904505,
            48.681138
          ],
          [
            13.904649,
            48.680937
          ],
          [
            13.904996,
            48.680545
          ],
          [
            13.905384,
            48.680201
          ],
          [
            13.905816,
            48.679905
          ],
          [
            13.906007,
            48.679795
          ],
          [
            13.906667,
            48.679473
          ],
          [
            13.907326,
            48.679224
          ],
          [
            13.907381,
            48.679205
          ],
          [
            13.907753,
            48.679072
          ],
          [
            13.908369,
            48.678835
          ],
          [
            13.908716,
            48.67868
          ],
          [
            13.9088,
            48.678641
          ],
          [
            13.908956,
            48.678562
          ],
          [
            13.909357,
            48.678333
          ],
          [
            13.909581,
            48.678213
          ],
          [
            13.909781,
            48.678121
          ],
          [
            13.909739,
            48.678038
          ],
          [
            13.909795,
            48.677958
          ],
          [
            13.909894,
            48.677926
          ],
          [
            13.90995,
            48.677927
          ],
          [
            13.910048,
            48.677961
          ],
          [
            13.911126,
            48.677417
          ],
          [
            13.911392,
            48.677282
          ],
          [
            13.911604,
            48.677175
          ],
          [
            13.912439,
            48.676746
          ],
          [
            13.912812,
            48.676556
          ],
          [
            13.913616,
            48.676171
          ],
          [
            13.914782,
            48.675687
          ],
          [
            13.915555,
            48.67542
          ],
          [
            13.916283,
            48.675202
          ],
          [
            13.916874,
            48.675048
          ],
          [
            13.917868,
            48.67482
          ],
          [
            13.918687,
            48.674643
          ],
          [
            13.919503,
            48.67449
          ],
          [
            13.922521,
            48.673891
          ],
          [
            13.922596,
            48.673875
          ],
          [
            13.92304,
            48.673784
          ],
          [
            13.923958,
            48.673596
          ],
          [
            13.924262,
            48.673516
          ],
          [
            13.924582,
            48.673406
          ],
          [
            13.925112,
            48.673169
          ],
          [
            13.925354,
            48.673037
          ],
          [
            13.925808,
            48.672742
          ],
          [
            13.926178,
            48.672392
          ],
          [
            13.92662,
            48.671906
          ],
          [
            13.927116,
            48.671353
          ],
          [
            13.927308,
            48.671172
          ],
          [
            13.927408,
            48.671085
          ],
          [
            13.927713,
            48.670863
          ],
          [
            13.927822,
            48.670795
          ],
          [
            13.927924,
            48.670736
          ],
          [
            13.928081,
            48.670646
          ],
          [
            13.928792,
            48.67024
          ],
          [
            13.928946,
            48.670153
          ],
          [
            13.92899,
            48.670126
          ],
          [
            13.929156,
            48.670031
          ],
          [
            13.929228,
            48.669989
          ],
          [
            13.932756,
            48.667957
          ],
          [
            13.93302,
            48.667828
          ],
          [
            13.933272,
            48.667737
          ],
          [
            13.933679,
            48.667635
          ],
          [
            13.934105,
            48.667582
          ],
          [
            13.934545,
            48.667567
          ],
          [
            13.935511,
            48.66757
          ],
          [
            13.936164,
            48.66752
          ],
          [
            13.936507,
            48.667468
          ],
          [
            13.936802,
            48.667402
          ],
          [
            13.937252,
            48.667272
          ],
          [
            13.937541,
            48.667162
          ],
          [
            13.938005,
            48.666937
          ],
          [
            13.938812,
            48.666471
          ],
          [
            13.939038,
            48.666357
          ],
          [
            13.939448,
            48.666194
          ],
          [
            13.940022,
            48.666028
          ],
          [
            13.940616,
            48.66593
          ],
          [
            13.941103,
            48.665892
          ],
          [
            13.941658,
            48.665902
          ],
          [
            13.942593,
            48.665961
          ],
          [
            13.943083,
            48.665926
          ],
          [
            13.943488,
            48.665833
          ],
          [
            13.943676,
            48.665766
          ],
          [
            13.943868,
            48.665677
          ],
          [
            13.944044,
            48.665577
          ],
          [
            13.944184,
            48.665474
          ],
          [
            13.944291,
            48.665382
          ],
          [
            13.944458,
            48.665194
          ],
          [
            13.944485,
            48.665148
          ],
          [
            13.944691,
            48.6647
          ],
          [
            13.945166,
            48.663419
          ],
          [
            13.94527,
            48.663085
          ],
          [
            13.945328,
            48.662818
          ],
          [
            13.945381,
            48.662358
          ],
          [
            13.945413,
            48.662105
          ],
          [
            13.945488,
            48.661771
          ],
          [
            13.945608,
            48.661479
          ],
          [
            13.945668,
            48.661365
          ],
          [
            13.945897,
            48.661042
          ],
          [
            13.946182,
            48.660749
          ],
          [
            13.946482,
            48.660511
          ],
          [
            13.946651,
            48.660398
          ],
          [
            13.94706,
            48.660177
          ],
          [
            13.947258,
            48.660089
          ],
          [
            13.947726,
            48.659918
          ],
          [
            13.948148,
            48.65979
          ],
          [
            13.948267,
            48.659756
          ],
          [
            13.948446,
            48.659705
          ],
          [
            13.94881,
            48.659601
          ],
          [
            13.948934,
            48.659561
          ],
          [
            13.949016,
            48.659536
          ],
          [
            13.949634,
            48.659304
          ],
          [
            13.950061,
            48.659111
          ],
          [
            13.95054,
            48.65885
          ],
          [
            13.950975,
            48.658562
          ],
          [
            13.951346,
            48.658269
          ],
          [
            13.95179,
            48.657832
          ],
          [
            13.952095,
            48.657456
          ],
          [
            13.952302,
            48.657132
          ],
          [
            13.952908,
            48.655873
          ],
          [
            13.953076,
            48.655633
          ],
          [
            13.953226,
            48.655462
          ],
          [
            13.953537,
            48.655179
          ],
          [
            13.953742,
            48.655033
          ],
          [
            13.954127,
            48.654807
          ],
          [
            13.954376,
            48.654693
          ],
          [
            13.954858,
            48.654508
          ],
          [
            13.955572,
            48.654293
          ],
          [
            13.95582,
            48.654232
          ],
          [
            13.95656,
            48.654083
          ],
          [
            13.956927,
            48.654025
          ],
          [
            13.95738,
            48.65397
          ],
          [
            13.958039,
            48.653903
          ],
          [
            13.958126,
            48.653894
          ],
          [
            13.958775,
            48.6538
          ],
          [
            13.959195,
            48.653705
          ],
          [
            13.959678,
            48.653558
          ],
          [
            13.960155,
            48.653359
          ],
          [
            13.960577,
            48.653126
          ],
          [
            13.961061,
            48.652795
          ],
          [
            13.961225,
            48.652668
          ],
          [
            13.962267,
            48.651923
          ],
          [
            13.963185,
            48.65128
          ],
          [
            13.963539,
            48.651
          ],
          [
            13.963797,
            48.650758
          ],
          [
            13.964119,
            48.650392
          ],
          [
            13.964395,
            48.649957
          ],
          [
            13.964583,
            48.64958
          ],
          [
            13.964741,
            48.6496
          ],
          [
            13.964871,
            48.649598
          ],
          [
            13.965083,
            48.649561
          ],
          [
            13.965587,
            48.649374
          ],
          [
            13.965819,
            48.649301
          ],
          [
            13.966371,
            48.649175
          ],
          [
            13.966555,
            48.649133
          ],
          [
            13.966652,
            48.649113
          ],
          [
            13.967437,
            48.648939
          ],
          [
            13.967647,
            48.648892
          ],
          [
            13.968813,
            48.648623
          ],
          [
            13.969325,
            48.648489
          ],
          [
            13.969794,
            48.648337
          ],
          [
            13.970406,
            48.648114
          ],
          [
            13.970588,
            48.648041
          ],
          [
            13.971041,
            48.647819
          ],
          [
            13.971133,
            48.647778
          ],
          [
            13.972348,
            48.647449
          ],
          [
            13.972455,
            48.647401
          ],
          [
            13.972508,
            48.647351
          ],
          [
            13.972538,
            48.647296
          ],
          [
            13.972543,
            48.647227
          ],
          [
            13.972482,
            48.647093
          ],
          [
            13.972743,
            48.647036
          ],
          [
            13.973003,
            48.647028
          ],
          [
            13.973361,
            48.647069
          ],
          [
            13.973612,
            48.647096
          ],
          [
            13.974007,
            48.647113
          ],
          [
            13.974359,
            48.647123
          ],
          [
            13.974581,
            48.647115
          ],
          [
            13.97513,
            48.647057
          ],
          [
            13.975533,
            48.64697
          ],
          [
            13.97577,
            48.646903
          ],
          [
            13.976223,
            48.646764
          ],
          [
            13.976626,
            48.646677
          ],
          [
            13.976902,
            48.646651
          ],
          [
            13.977403,
            48.646674
          ],
          [
            13.978082,
            48.646734
          ],
          [
            13.97821,
            48.646745
          ],
          [
            13.978368,
            48.646756
          ],
          [
            13.978603,
            48.646749
          ],
          [
            13.978786,
            48.646723
          ],
          [
            13.979181,
            48.646633
          ],
          [
            13.979228,
            48.64662
          ],
          [
            13.979356,
            48.646576
          ],
          [
            13.979584,
            48.646449
          ],
          [
            13.980013,
            48.646143
          ],
          [
            13.980158,
            48.646076
          ],
          [
            13.980286,
            48.646073
          ],
          [
            13.980415,
            48.646116
          ],
          [
            13.980493,
            48.646194
          ],
          [
            13.980505,
            48.646245
          ],
          [
            13.980471,
            48.646369
          ],
          [
            13.980293,
            48.646738
          ],
          [
            13.980278,
            48.646927
          ],
          [
            13.980403,
            48.647246
          ],
          [
            13.980473,
            48.647361
          ],
          [
            13.980569,
            48.647476
          ],
          [
            13.980886,
            48.647781
          ],
          [
            13.981322,
            48.648111
          ],
          [
            13.983085,
            48.649243
          ],
          [
            13.983488,
            48.649475
          ],
          [
            13.983943,
            48.649694
          ],
          [
            13.984011,
            48.649726
          ],
          [
            13.984147,
            48.649792
          ],
          [
            13.984339,
            48.649885
          ],
          [
            13.98457,
            48.650003
          ],
          [
            13.984685,
            48.650064
          ],
          [
            13.984717,
            48.650082
          ],
          [
            13.985033,
            48.650264
          ],
          [
            13.985135,
            48.650326
          ],
          [
            13.986043,
            48.650885
          ],
          [
            13.986416,
            48.651116
          ],
          [
            13.986527,
            48.651179
          ],
          [
            13.986687,
            48.65126
          ],
          [
            13.987906,
            48.651848
          ],
          [
            13.988137,
            48.651968
          ],
          [
            13.989064,
            48.652404
          ],
          [
            13.989242,
            48.652448
          ],
          [
            13.989575,
            48.652445
          ],
          [
            13.989876,
            48.652425
          ],
          [
            13.992941,
            48.652204
          ],
          [
            13.993439,
            48.652167
          ],
          [
            13.993772,
            48.652144
          ],
          [
            13.995324,
            48.652025
          ],
          [
            13.995492,
            48.652012
          ],
          [
            13.996921,
            48.651904
          ],
          [
            13.998645,
            48.651779
          ],
          [
            13.999258,
            48.651749
          ],
          [
            13.999535,
            48.651754
          ],
          [
            13.999982,
            48.651798
          ],
          [
            14.000489,
            48.651887
          ],
          [
            14.001244,
            48.652098
          ],
          [
            14.006086,
            48.653553
          ],
          [
            14.006402,
            48.653663
          ],
          [
            14.006593,
            48.653767
          ],
          [
            14.006678,
            48.653834
          ],
          [
            14.006799,
            48.653982
          ],
          [
            14.006901,
            48.65421
          ],
          [
            14.00694,
            48.654307
          ],
          [
            14.006966,
            48.65437
          ],
          [
            14.007065,
            48.654539
          ],
          [
            14.007297,
            48.654746
          ],
          [
            14.007696,
            48.655013
          ],
          [
            14.00799,
            48.655205
          ],
          [
            14.008336,
            48.655431
          ],
          [
            14.008672,
            48.65569
          ],
          [
            14.008898,
            48.655893
          ],
          [
            14.010081,
            48.65696
          ],
          [
            14.013506,
            48.660129
          ],
          [
            14.016308,
            48.662693
          ],
          [
            14.017032,
            48.663379
          ],
          [
            14.018573,
            48.664787
          ],
          [
            14.018909,
            48.665118
          ],
          [
            14.019441,
            48.665539
          ],
          [
            14.021788,
            48.667093
          ],
          [
            14.024876,
            48.669088
          ],
          [
            14.028564,
            48.671385
          ],
          [
            14.029525,
            48.672049
          ],
          [
            14.032268,
            48.673891
          ],
          [
            14.032604,
            48.674114
          ],
          [
            14.034244,
            48.675189
          ],
          [
            14.034302,
            48.675224
          ],
          [
            14.035241,
            48.675858
          ],
          [
            14.036618,
            48.676777
          ],
          [
            14.037398,
            48.677301
          ],
          [
            14.037874,
            48.677622
          ],
          [
            14.038351,
            48.677928
          ],
          [
            14.038706,
            48.678041
          ],
          [
            14.042155,
            48.678636
          ],
          [
            14.042655,
            48.67875
          ],
          [
            14.049519,
            48.680577
          ],
          [
            14.050164,
            48.680752
          ],
          [
            14.05449,
            48.681916
          ],
          [
            14.054884,
            48.682145
          ],
          [
            14.056403,
            48.683172
          ],
          [
            14.056592,
            48.683198
          ],
          [
            14.056762,
            48.683175
          ],
          [
            14.056901,
            48.683118
          ],
          [
            14.057067,
            48.682913
          ],
          [
            14.058614,
            48.68044
          ],
          [
            14.059326,
            48.679235
          ],
          [
            14.061588,
            48.675583
          ],
          [
            14.062372,
            48.674325
          ],
          [
            14.062466,
            48.674189
          ],
          [
            14.062636,
            48.67401
          ],
          [
            14.062846,
            48.673828
          ],
          [
            14.063505,
            48.67342
          ],
          [
            14.063706,
            48.673327
          ],
          [
            14.064297,
            48.67313
          ],
          [
            14.064936,
            48.672988
          ],
          [
            14.068408,
            48.672425
          ],
          [
            14.068908,
            48.672341
          ],
          [
            14.070067,
            48.672155
          ],
          [
            14.070784,
            48.671996
          ],
          [
            14.074568,
            48.670917
          ],
          [
            14.076904,
            48.670275
          ],
          [
            14.079266,
            48.669605
          ],
          [
            14.080293,
            48.669342
          ],
          [
            14.081233,
            48.669162
          ],
          [
            14.082428,
            48.669032
          ],
          [
            14.084392,
            48.668913
          ],
          [
            14.085808,
            48.66879
          ],
          [
            14.086115,
            48.668751
          ],
          [
            14.089529,
            48.668176
          ],
          [
            14.090551,
            48.668026
          ],
          [
            14.091343,
            48.66794
          ],
          [
            14.091735,
            48.667911
          ],
          [
            14.094274,
            48.66781
          ],
          [
            14.095692,
            48.667732
          ],
          [
            14.097017,
            48.667689
          ],
          [
            14.098497,
            48.667732
          ],
          [
            14.098891,
            48.667729
          ],
          [
            14.099419,
            48.667699
          ],
          [
            14.100679,
            48.667556
          ],
          [
            14.102887,
            48.667146
          ],
          [
            14.103484,
            48.667042
          ],
          [
            14.103803,
            48.666963
          ],
          [
            14.10537,
            48.666506
          ],
          [
            14.106063,
            48.666277
          ],
          [
            14.106956,
            48.665917
          ],
          [
            14.107627,
            48.66558
          ],
          [
            14.108074,
            48.665304
          ],
          [
            14.108546,
            48.664981
          ],
          [
            14.109473,
            48.6643
          ],
          [
            14.109944,
            48.663976
          ],
          [
            14.110149,
            48.663858
          ],
          [
            14.110622,
            48.663631
          ],
          [
            14.110929,
            48.663516
          ],
          [
            14.111347,
            48.663386
          ],
          [
            14.111601,
            48.663324
          ],
          [
            14.112184,
            48.663235
          ],
          [
            14.112562,
            48.663206
          ],
          [
            14.113195,
            48.663186
          ],
          [
            14.118443,
            48.663294
          ],
          [
            14.119344,
            48.663285
          ],
          [
            14.120116,
            48.66324
          ],
          [
            14.120446,
            48.663189
          ],
          [
            14.120762,
            48.663107
          ],
          [
            14.121213,
            48.662915
          ],
          [
            14.121662,
            48.662654
          ],
          [
            14.122415,
            48.662183
          ],
          [
            14.122849,
            48.661967
          ],
          [
            14.125617,
            48.660739
          ],
          [
            14.126752,
            48.660257
          ],
          [
            14.127571,
            48.65989
          ],
          [
            14.127928,
            48.659711
          ],
          [
            14.128221,
            48.659524
          ],
          [
            14.128629,
            48.659177
          ],
          [
            14.129513,
            48.658288
          ],
          [
            14.130291,
            48.65749
          ],
          [
            14.13061,
            48.657278
          ],
          [
            14.130853,
            48.657147
          ],
          [
            14.131029,
            48.657072
          ],
          [
            14.131151,
            48.657017
          ],
          [
            14.131345,
            48.65696
          ],
          [
            14.131654,
            48.656897
          ],
          [
            14.132014,
            48.65685
          ],
          [
            14.132138,
            48.65684
          ],
          [
            14.132335,
            48.656824
          ],
          [
            14.132688,
            48.656825
          ],
          [
            14.133089,
            48.656869
          ],
          [
            14.133662,
            48.657007
          ],
          [
            14.134792,
            48.657357
          ],
          [
            14.135506,
            48.657553
          ],
          [
            14.136571,
            48.657793
          ],
          [
            14.136929,
            48.657842
          ],
          [
            14.137616,
            48.657899
          ],
          [
            14.138853,
            48.65789
          ],
          [
            14.139485,
            48.657831
          ],
          [
            14.139737,
            48.657792
          ],
          [
            14.140416,
            48.657637
          ],
          [
            14.140666,
            48.657551
          ],
          [
            14.141185,
            48.657371
          ],
          [
            14.141461,
            48.657257
          ],
          [
            14.143381,
            48.656467
          ],
          [
            14.143488,
            48.656427
          ],
          [
            14.143848,
            48.656296
          ],
          [
            14.144371,
            48.656159
          ],
          [
            14.145478,
            48.655935
          ],
          [
            14.145596,
            48.655912
          ],
          [
            14.146953,
            48.655664
          ],
          [
            14.147886,
            48.655511
          ],
          [
            14.148481,
            48.655432
          ],
          [
            14.149113,
            48.655425
          ],
          [
            14.149651,
            48.655471
          ],
          [
            14.150076,
            48.655552
          ],
          [
            14.150407,
            48.655635
          ],
          [
            14.150522,
            48.655663
          ],
          [
            14.153046,
            48.656331
          ],
          [
            14.155194,
            48.656871
          ],
          [
            14.155784,
            48.657031
          ],
          [
            14.155925,
            48.657068
          ],
          [
            14.157009,
            48.657351
          ],
          [
            14.158119,
            48.657604
          ],
          [
            14.158541,
            48.657661
          ],
          [
            14.158896,
            48.657665
          ],
          [
            14.159081,
            48.657648
          ],
          [
            14.159498,
            48.657564
          ],
          [
            14.159737,
            48.657471
          ],
          [
            14.159959,
            48.657356
          ],
          [
            14.160165,
            48.657212
          ],
          [
            14.160326,
            48.657039
          ],
          [
            14.160411,
            48.656913
          ],
          [
            14.160523,
            48.656608
          ],
          [
            14.160597,
            48.65616
          ],
          [
            14.160714,
            48.655681
          ],
          [
            14.160876,
            48.655403
          ],
          [
            14.161187,
            48.65507
          ],
          [
            14.161531,
            48.654744
          ],
          [
            14.161701,
            48.654521
          ],
          [
            14.161845,
            48.65412
          ],
          [
            14.161929,
            48.653524
          ],
          [
            14.161995,
            48.65329
          ],
          [
            14.162063,
            48.653148
          ],
          [
            14.162161,
            48.653008
          ],
          [
            14.162358,
            48.652746
          ],
          [
            14.164218,
            48.65106
          ],
          [
            14.164561,
            48.650706
          ],
          [
            14.164776,
            48.650443
          ],
          [
            14.164917,
            48.650212
          ],
          [
            14.165021,
            48.650033
          ],
          [
            14.165145,
            48.649742
          ],
          [
            14.165173,
            48.649628
          ],
          [
            14.165179,
            48.649225
          ],
          [
            14.165105,
            48.648992
          ],
          [
            14.1648,
            48.648519
          ],
          [
            14.163979,
            48.647564
          ],
          [
            14.163719,
            48.647176
          ],
          [
            14.163649,
            48.646943
          ],
          [
            14.163639,
            48.646714
          ],
          [
            14.16369,
            48.646465
          ],
          [
            14.163832,
            48.646211
          ],
          [
            14.163977,
            48.646021
          ],
          [
            14.164967,
            48.645118
          ],
          [
            14.165462,
            48.644584
          ],
          [
            14.166378,
            48.643595
          ],
          [
            14.166732,
            48.643186
          ],
          [
            14.167316,
            48.642586
          ],
          [
            14.167552,
            48.642392
          ],
          [
            14.167897,
            48.642144
          ],
          [
            14.168288,
            48.641924
          ],
          [
            14.170219,
            48.64115
          ],
          [
            14.170459,
            48.641018
          ],
          [
            14.170699,
            48.640861
          ],
          [
            14.170882,
            48.640717
          ],
          [
            14.171149,
            48.640415
          ],
          [
            14.171362,
            48.640086
          ],
          [
            14.171914,
            48.639093
          ],
          [
            14.172272,
            48.638369
          ],
          [
            14.172375,
            48.638063
          ],
          [
            14.172458,
            48.637686
          ],
          [
            14.172493,
            48.637386
          ],
          [
            14.17256,
            48.636857
          ],
          [
            14.172556,
            48.636364
          ],
          [
            14.172473,
            48.63479
          ],
          [
            14.172425,
            48.634581
          ],
          [
            14.172319,
            48.634324
          ],
          [
            14.172218,
            48.634187
          ],
          [
            14.172099,
            48.634076
          ],
          [
            14.171961,
            48.633966
          ],
          [
            14.171744,
            48.633834
          ],
          [
            14.170838,
            48.633437
          ],
          [
            14.170592,
            48.633313
          ],
          [
            14.170399,
            48.633179
          ],
          [
            14.170126,
            48.632859
          ],
          [
            14.170042,
            48.632635
          ],
          [
            14.170025,
            48.632484
          ],
          [
            14.170035,
            48.632104
          ],
          [
            14.17004,
            48.632009
          ],
          [
            14.170059,
            48.631693
          ],
          [
            14.170062,
            48.631421
          ],
          [
            14.170041,
            48.631305
          ],
          [
            14.169946,
            48.631289
          ],
          [
            14.169888,
            48.631237
          ],
          [
            14.169883,
            48.631205
          ],
          [
            14.169934,
            48.631139
          ],
          [
            14.17003,
            48.631118
          ],
          [
            14.170124,
            48.631144
          ],
          [
            14.170248,
            48.631084
          ],
          [
            14.170647,
            48.630804
          ],
          [
            14.171021,
            48.63066
          ],
          [
            14.171631,
            48.630497
          ],
          [
            14.17404,
            48.629885
          ],
          [
            14.175,
            48.629667
          ],
          [
            14.175905,
            48.629552
          ],
          [
            14.176367,
            48.629494
          ],
          [
            14.181534,
            48.629208
          ],
          [
            14.182476,
            48.629156
          ],
          [
            14.183173,
            48.629084
          ],
          [
            14.183791,
            48.628887
          ],
          [
            14.184287,
            48.628578
          ],
          [
            14.185582,
            48.627333
          ],
          [
            14.18646,
            48.626802
          ],
          [
            14.187273,
            48.626463
          ],
          [
            14.189533,
            48.625535
          ],
          [
            14.190195,
            48.625356
          ],
          [
            14.19095,
            48.625226
          ],
          [
            14.192684,
            48.625031
          ],
          [
            14.193901,
            48.62495
          ],
          [
            14.195109,
            48.625123
          ],
          [
            14.195626,
            48.62525
          ],
          [
            14.197664,
            48.625982
          ],
          [
            14.199207,
            48.626527
          ],
          [
            14.199949,
            48.62676
          ],
          [
            14.200515,
            48.626876
          ],
          [
            14.201868,
            48.627074
          ],
          [
            14.20257,
            48.627153
          ],
          [
            14.203221,
            48.627184
          ],
          [
            14.203779,
            48.627173
          ],
          [
            14.207403,
            48.626865
          ],
          [
            14.207519,
            48.626854
          ],
          [
            14.207875,
            48.62682
          ],
          [
            14.208472,
            48.626724
          ],
          [
            14.210203,
            48.626318
          ],
          [
            14.210718,
            48.62627
          ],
          [
            14.211176,
            48.626313
          ],
          [
            14.211939,
            48.626522
          ],
          [
            14.213524,
            48.627365
          ],
          [
            14.214076,
            48.627659
          ],
          [
            14.21423,
            48.627741
          ],
          [
            14.214977,
            48.628143
          ],
          [
            14.216161,
            48.628829
          ],
          [
            14.216844,
            48.6293
          ],
          [
            14.217836,
            48.629911
          ],
          [
            14.219553,
            48.630686
          ],
          [
            14.220214,
            48.630992
          ],
          [
            14.221834,
            48.631779
          ],
          [
            14.222343,
            48.631932
          ],
          [
            14.224436,
            48.632458
          ],
          [
            14.225273,
            48.632581
          ],
          [
            14.22592,
            48.632618
          ],
          [
            14.226961,
            48.632613
          ],
          [
            14.228195,
            48.632675
          ],
          [
            14.229508,
            48.632816
          ],
          [
            14.230285,
            48.632802
          ],
          [
            14.231401,
            48.632725
          ],
          [
            14.232519,
            48.632533
          ],
          [
            14.233045,
            48.632401
          ],
          [
            14.234831,
            48.631651
          ],
          [
            14.235497,
            48.631415
          ],
          [
            14.235781,
            48.631417
          ],
          [
            14.235996,
            48.631463
          ],
          [
            14.23618,
            48.63153
          ],
          [
            14.236368,
            48.631647
          ],
          [
            14.237669,
            48.633727
          ],
          [
            14.237907,
            48.634135
          ],
          [
            14.237953,
            48.634268
          ],
          [
            14.237987,
            48.634396
          ],
          [
            14.238,
            48.634638
          ],
          [
            14.237963,
            48.634886
          ],
          [
            14.237861,
            48.635144
          ],
          [
            14.237501,
            48.635555
          ],
          [
            14.2373,
            48.635729
          ],
          [
            14.237023,
            48.635921
          ],
          [
            14.23686,
            48.636013
          ],
          [
            14.236544,
            48.636132
          ],
          [
            14.236208,
            48.636228
          ],
          [
            14.235878,
            48.636294
          ],
          [
            14.232964,
            48.636705
          ],
          [
            14.232869,
            48.636719
          ],
          [
            14.231446,
            48.636907
          ],
          [
            14.230476,
            48.637034
          ],
          [
            14.229552,
            48.637142
          ],
          [
            14.228656,
            48.637272
          ],
          [
            14.228223,
            48.637369
          ],
          [
            14.22785,
            48.637475
          ],
          [
            14.227481,
            48.637614
          ],
          [
            14.227127,
            48.637763
          ],
          [
            14.226856,
            48.6379
          ],
          [
            14.226453,
            48.638133
          ],
          [
            14.226349,
            48.63821
          ],
          [
            14.22639,
            48.638288
          ],
          [
            14.226324,
            48.638359
          ],
          [
            14.226227,
            48.638373
          ],
          [
            14.226154,
            48.638355
          ],
          [
            14.226051,
            48.638423
          ],
          [
            14.225726,
            48.638756
          ],
          [
            14.225407,
            48.639141
          ],
          [
            14.22525,
            48.639414
          ],
          [
            14.225132,
            48.639632
          ],
          [
            14.224654,
            48.640687
          ],
          [
            14.224437,
            48.640645
          ],
          [
            14.224114,
            48.640512
          ],
          [
            14.224416,
            48.639844
          ],
          [
            14.224114,
            48.640512
          ],
          [
            14.224437,
            48.640645
          ],
          [
            14.224654,
            48.640687
          ],
          [
            14.225132,
            48.639632
          ],
          [
            14.22525,
            48.639414
          ],
          [
            14.225407,
            48.639141
          ],
          [
            14.225726,
            48.638756
          ],
          [
            14.226051,
            48.638423
          ],
          [
            14.226154,
            48.638355
          ],
          [
            14.226114,
            48.638319
          ],
          [
            14.226099,
            48.63827
          ],
          [
            14.226151,
            48.638203
          ],
          [
            14.226252,
            48.638181
          ],
          [
            14.226349,
            48.63821
          ],
          [
            14.226453,
            48.638133
          ],
          [
            14.226856,
            48.6379
          ],
          [
            14.227127,
            48.637763
          ],
          [
            14.227481,
            48.637614
          ],
          [
            14.22785,
            48.637475
          ],
          [
            14.228223,
            48.637369
          ],
          [
            14.228656,
            48.637272
          ],
          [
            14.229552,
            48.637142
          ],
          [
            14.230476,
            48.637034
          ],
          [
            14.231446,
            48.636907
          ],
          [
            14.232869,
            48.636719
          ],
          [
            14.232964,
            48.636705
          ],
          [
            14.235878,
            48.636294
          ],
          [
            14.236208,
            48.636228
          ],
          [
            14.236544,
            48.636132
          ],
          [
            14.23686,
            48.636013
          ],
          [
            14.237023,
            48.635921
          ],
          [
            14.2373,
            48.635729
          ],
          [
            14.237501,
            48.635555
          ],
          [
            14.237861,
            48.635144
          ],
          [
            14.237963,
            48.634886
          ],
          [
            14.238,
            48.634638
          ],
          [
            14.237987,
            48.634396
          ],
          [
            14.237953,
            48.634268
          ],
          [
            14.237907,
            48.634135
          ],
          [
            14.237669,
            48.633727
          ],
          [
            14.236368,
            48.631647
          ],
          [
            14.236393,
            48.631491
          ],
          [
            14.23645,
            48.631361
          ],
          [
            14.236542,
            48.631197
          ],
          [
            14.236687,
            48.631068
          ],
          [
            14.237241,
            48.630948
          ],
          [
            14.237469,
            48.630921
          ],
          [
            14.237792,
            48.630913
          ],
          [
            14.23808,
            48.630921
          ],
          [
            14.238198,
            48.630939
          ],
          [
            14.238581,
            48.631005
          ],
          [
            14.242282,
            48.631949
          ],
          [
            14.242896,
            48.632095
          ],
          [
            14.243317,
            48.632164
          ],
          [
            14.243631,
            48.632172
          ],
          [
            14.243933,
            48.632134
          ],
          [
            14.244149,
            48.632092
          ],
          [
            14.244356,
            48.632032
          ],
          [
            14.244666,
            48.631918
          ],
          [
            14.244887,
            48.631819
          ],
          [
            14.244981,
            48.63176
          ],
          [
            14.245166,
            48.63162
          ],
          [
            14.245371,
            48.631351
          ],
          [
            14.245486,
            48.63113
          ],
          [
            14.245531,
            48.630911
          ],
          [
            14.245549,
            48.630511
          ],
          [
            14.245468,
            48.628667
          ],
          [
            14.245316,
            48.627857
          ],
          [
            14.24501,
            48.627183
          ],
          [
            14.244947,
            48.626385
          ],
          [
            14.244853,
            48.626096
          ],
          [
            14.244477,
            48.625409
          ],
          [
            14.244213,
            48.625033
          ],
          [
            14.243937,
            48.62469
          ],
          [
            14.243726,
            48.624463
          ],
          [
            14.243466,
            48.624243
          ],
          [
            14.242745,
            48.623789
          ],
          [
            14.242574,
            48.623627
          ],
          [
            14.242508,
            48.623523
          ],
          [
            14.242451,
            48.623329
          ],
          [
            14.242473,
            48.623129
          ],
          [
            14.242602,
            48.622564
          ],
          [
            14.242622,
            48.622225
          ],
          [
            14.242507,
            48.621805
          ],
          [
            14.242417,
            48.621575
          ],
          [
            14.242297,
            48.621388
          ],
          [
            14.241978,
            48.620884
          ],
          [
            14.241738,
            48.620422
          ],
          [
            14.241601,
            48.620015
          ],
          [
            14.241558,
            48.619774
          ],
          [
            14.241548,
            48.619573
          ],
          [
            14.241601,
            48.61932
          ],
          [
            14.24165,
            48.619199
          ],
          [
            14.241707,
            48.619058
          ],
          [
            14.241805,
            48.618794
          ],
          [
            14.241977,
            48.618567
          ],
          [
            14.242053,
            48.618496
          ],
          [
            14.242385,
            48.618329
          ],
          [
            14.2428,
            48.618179
          ],
          [
            14.243425,
            48.618011
          ],
          [
            14.244155,
            48.617866
          ],
          [
            14.244308,
            48.617844
          ],
          [
            14.244945,
            48.617746
          ],
          [
            14.245861,
            48.617598
          ],
          [
            14.250526,
            48.616816
          ],
          [
            14.251112,
            48.616742
          ],
          [
            14.25184,
            48.616705
          ],
          [
            14.252278,
            48.616742
          ],
          [
            14.252615,
            48.616801
          ],
          [
            14.253197,
            48.616955
          ],
          [
            14.253454,
            48.617054
          ],
          [
            14.2542,
            48.617355
          ],
          [
            14.255549,
            48.617907
          ],
          [
            14.25595,
            48.618077
          ],
          [
            14.256495,
            48.618341
          ],
          [
            14.256939,
            48.618514
          ],
          [
            14.257744,
            48.618784
          ],
          [
            14.258287,
            48.619009
          ],
          [
            14.259039,
            48.619301
          ],
          [
            14.259415,
            48.619413
          ],
          [
            14.259981,
            48.619549
          ],
          [
            14.260226,
            48.619591
          ],
          [
            14.260546,
            48.619644
          ],
          [
            14.261151,
            48.619737
          ],
          [
            14.26154,
            48.619804
          ],
          [
            14.262366,
            48.619957
          ],
          [
            14.262782,
            48.620035
          ],
          [
            14.263107,
            48.620125
          ],
          [
            14.263443,
            48.620261
          ],
          [
            14.263799,
            48.620441
          ],
          [
            14.266541,
            48.622048
          ],
          [
            14.268242,
            48.622996
          ],
          [
            14.268854,
            48.623293
          ],
          [
            14.269344,
            48.623485
          ],
          [
            14.269702,
            48.623593
          ],
          [
            14.270603,
            48.623819
          ],
          [
            14.27401,
            48.624525
          ],
          [
            14.274818,
            48.624712
          ],
          [
            14.275881,
            48.624986
          ],
          [
            14.276711,
            48.625125
          ],
          [
            14.277482,
            48.625298
          ],
          [
            14.277802,
            48.6254
          ],
          [
            14.278327,
            48.625603
          ],
          [
            14.278669,
            48.625764
          ],
          [
            14.279341,
            48.626114
          ],
          [
            14.279657,
            48.626323
          ],
          [
            14.27995,
            48.626604
          ],
          [
            14.280166,
            48.626932
          ],
          [
            14.28022,
            48.627072
          ],
          [
            14.280268,
            48.627456
          ],
          [
            14.280244,
            48.627805
          ],
          [
            14.280097,
            48.628517
          ],
          [
            14.279806,
            48.629486
          ],
          [
            14.279758,
            48.629729
          ],
          [
            14.279742,
            48.630008
          ],
          [
            14.279786,
            48.630267
          ],
          [
            14.279835,
            48.630383
          ],
          [
            14.280051,
            48.630618
          ],
          [
            14.280253,
            48.630787
          ],
          [
            14.280492,
            48.630935
          ],
          [
            14.280695,
            48.630992
          ],
          [
            14.280912,
            48.631023
          ],
          [
            14.281211,
            48.631041
          ],
          [
            14.281585,
            48.631011
          ],
          [
            14.281835,
            48.63096
          ],
          [
            14.282042,
            48.630891
          ],
          [
            14.28264,
            48.630634
          ],
          [
            14.28314,
            48.630372
          ],
          [
            14.283458,
            48.630151
          ],
          [
            14.283875,
            48.629809
          ],
          [
            14.284146,
            48.629633
          ],
          [
            14.284353,
            48.629532
          ],
          [
            14.284614,
            48.629457
          ],
          [
            14.285145,
            48.629387
          ],
          [
            14.285634,
            48.629371
          ],
          [
            14.287242,
            48.629485
          ],
          [
            14.287663,
            48.629493
          ],
          [
            14.287961,
            48.62948
          ],
          [
            14.2896,
            48.629314
          ],
          [
            14.290354,
            48.629163
          ],
          [
            14.290587,
            48.62909
          ],
          [
            14.290934,
            48.628948
          ],
          [
            14.291066,
            48.628885
          ],
          [
            14.291444,
            48.628653
          ],
          [
            14.291731,
            48.628402
          ],
          [
            14.291872,
            48.628249
          ],
          [
            14.292459,
            48.627469
          ],
          [
            14.292702,
            48.627188
          ],
          [
            14.292987,
            48.626948
          ],
          [
            14.293189,
            48.626815
          ],
          [
            14.293378,
            48.626713
          ],
          [
            14.293772,
            48.626538
          ],
          [
            14.294043,
            48.626454
          ],
          [
            14.294572,
            48.62634
          ],
          [
            14.297269,
            48.626025
          ],
          [
            14.298049,
            48.625919
          ],
          [
            14.298687,
            48.625809
          ],
          [
            14.299234,
            48.625718
          ],
          [
            14.300029,
            48.625533
          ],
          [
            14.301006,
            48.625217
          ],
          [
            14.301651,
            48.62505
          ],
          [
            14.302285,
            48.624988
          ],
          [
            14.302669,
            48.624925
          ],
          [
            14.302851,
            48.624888
          ],
          [
            14.303032,
            48.624814
          ],
          [
            14.303202,
            48.624624
          ],
          [
            14.303294,
            48.624455
          ],
          [
            14.303637,
            48.623699
          ],
          [
            14.303764,
            48.623487
          ],
          [
            14.303895,
            48.623325
          ],
          [
            14.304001,
            48.623229
          ],
          [
            14.304127,
            48.623151
          ],
          [
            14.304312,
            48.623076
          ],
          [
            14.304511,
            48.623017
          ],
          [
            14.30493,
            48.622961
          ],
          [
            14.305005,
            48.622952
          ],
          [
            14.30508,
            48.62294
          ],
          [
            14.305906,
            48.622797
          ],
          [
            14.306364,
            48.62251
          ],
          [
            14.306559,
            48.622371
          ],
          [
            14.306944,
            48.622074
          ],
          [
            14.307061,
            48.62194
          ],
          [
            14.307188,
            48.62174
          ],
          [
            14.307383,
            48.621549
          ],
          [
            14.307791,
            48.621234
          ],
          [
            14.307945,
            48.621153
          ],
          [
            14.308103,
            48.621091
          ],
          [
            14.308528,
            48.620994
          ],
          [
            14.308785,
            48.62091
          ],
          [
            14.308864,
            48.620867
          ],
          [
            14.308955,
            48.620797
          ],
          [
            14.309078,
            48.620645
          ],
          [
            14.30913,
            48.620491
          ],
          [
            14.309112,
            48.620374
          ],
          [
            14.309047,
            48.620265
          ],
          [
            14.308929,
            48.620087
          ],
          [
            14.308834,
            48.619878
          ],
          [
            14.308783,
            48.619706
          ],
          [
            14.30899,
            48.619403
          ],
          [
            14.309408,
            48.61893
          ],
          [
            14.309483,
            48.618853
          ],
          [
            14.309724,
            48.618582
          ],
          [
            14.309871,
            48.618407
          ],
          [
            14.310082,
            48.618159
          ],
          [
            14.310403,
            48.617785
          ],
          [
            14.31071,
            48.617426
          ],
          [
            14.310929,
            48.617189
          ],
          [
            14.311309,
            48.616843
          ],
          [
            14.311428,
            48.616753
          ],
          [
            14.311761,
            48.616561
          ],
          [
            14.312224,
            48.616347
          ],
          [
            14.312323,
            48.616317
          ],
          [
            14.312213,
            48.616243
          ],
          [
            14.31213,
            48.616138
          ],
          [
            14.311969,
            48.615893
          ],
          [
            14.311905,
            48.615759
          ],
          [
            14.311472,
            48.614316
          ],
          [
            14.311477,
            48.614067
          ],
          [
            14.311498,
            48.613637
          ],
          [
            14.311515,
            48.613438
          ],
          [
            14.311548,
            48.613144
          ],
          [
            14.311523,
            48.612883
          ],
          [
            14.311284,
            48.612206
          ],
          [
            14.311257,
            48.611985
          ],
          [
            14.311282,
            48.61177
          ],
          [
            14.311352,
            48.611592
          ],
          [
            14.311477,
            48.611401
          ],
          [
            14.311786,
            48.611079
          ],
          [
            14.312046,
            48.610874
          ],
          [
            14.312625,
            48.610489
          ],
          [
            14.312757,
            48.610369
          ],
          [
            14.312859,
            48.610231
          ],
          [
            14.312931,
            48.610085
          ],
          [
            14.312971,
            48.609935
          ],
          [
            14.312976,
            48.609896
          ],
          [
            14.31303,
            48.609487
          ],
          [
            14.313626,
            48.608438
          ],
          [
            14.313768,
            48.608
          ],
          [
            14.313849,
            48.607137
          ],
          [
            14.313876,
            48.607035
          ],
          [
            14.313948,
            48.606928
          ],
          [
            14.31429,
            48.606611
          ],
          [
            14.314579,
            48.606401
          ],
          [
            14.315648,
            48.605922
          ],
          [
            14.315948,
            48.605722
          ],
          [
            14.316173,
            48.605528
          ],
          [
            14.316335,
            48.605363
          ],
          [
            14.316455,
            48.605205
          ],
          [
            14.316781,
            48.604487
          ],
          [
            14.317057,
            48.604043
          ],
          [
            14.317263,
            48.603778
          ],
          [
            14.317517,
            48.603547
          ],
          [
            14.31785,
            48.603312
          ],
          [
            14.318196,
            48.60312
          ],
          [
            14.320627,
            48.602114
          ],
          [
            14.321291,
            48.601743
          ],
          [
            14.321594,
            48.601503
          ],
          [
            14.321746,
            48.60132
          ],
          [
            14.321848,
            48.601149
          ],
          [
            14.321922,
            48.600914
          ],
          [
            14.321933,
            48.600687
          ],
          [
            14.321884,
            48.600448
          ],
          [
            14.321749,
            48.600196
          ],
          [
            14.321655,
            48.600062
          ],
          [
            14.32103,
            48.59941
          ],
          [
            14.320963,
            48.59934
          ],
          [
            14.3208,
            48.599084
          ],
          [
            14.320764,
            48.598878
          ],
          [
            14.320782,
            48.598608
          ],
          [
            14.32088,
            48.598411
          ],
          [
            14.321254,
            48.597974
          ],
          [
            14.321947,
            48.597372
          ],
          [
            14.322143,
            48.597136
          ],
          [
            14.322275,
            48.596852
          ],
          [
            14.322594,
            48.595362
          ],
          [
            14.322658,
            48.595167
          ],
          [
            14.322745,
            48.594988
          ],
          [
            14.322842,
            48.594871
          ],
          [
            14.322901,
            48.5948
          ],
          [
            14.323656,
            48.594211
          ],
          [
            14.324145,
            48.593793
          ],
          [
            14.324657,
            48.593302
          ],
          [
            14.324993,
            48.59295
          ],
          [
            14.325446,
            48.592522
          ],
          [
            14.325746,
            48.592241
          ],
          [
            14.325964,
            48.591964
          ],
          [
            14.326044,
            48.59178
          ],
          [
            14.326094,
            48.591571
          ],
          [
            14.326103,
            48.591266
          ],
          [
            14.326118,
            48.590814
          ],
          [
            14.326122,
            48.590583
          ],
          [
            14.326131,
            48.590432
          ],
          [
            14.326124,
            48.590052
          ],
          [
            14.326041,
            48.589621
          ],
          [
            14.325966,
            48.589266
          ],
          [
            14.32589,
            48.588943
          ],
          [
            14.325808,
            48.588761
          ],
          [
            14.325687,
            48.58861
          ],
          [
            14.325019,
            48.588086
          ],
          [
            14.324922,
            48.58803
          ],
          [
            14.324237,
            48.587672
          ],
          [
            14.324149,
            48.58764
          ],
          [
            14.323843,
            48.587525
          ],
          [
            14.322927,
            48.587233
          ],
          [
            14.322292,
            48.587018
          ],
          [
            14.322124,
            48.586943
          ],
          [
            14.32197,
            48.586875
          ],
          [
            14.321517,
            48.586623
          ],
          [
            14.321275,
            48.586447
          ],
          [
            14.321006,
            48.58619
          ],
          [
            14.320876,
            48.586024
          ],
          [
            14.320728,
            48.585801
          ],
          [
            14.320624,
            48.585596
          ],
          [
            14.320539,
            48.585323
          ],
          [
            14.320517,
            48.585181
          ],
          [
            14.320455,
            48.584628
          ],
          [
            14.320387,
            48.582979
          ],
          [
            14.320341,
            48.582611
          ],
          [
            14.320271,
            48.582431
          ],
          [
            14.320155,
            48.582212
          ],
          [
            14.319991,
            48.581987
          ],
          [
            14.319361,
            48.581262
          ],
          [
            14.319138,
            48.580982
          ],
          [
            14.318897,
            48.580565
          ],
          [
            14.318817,
            48.580473
          ],
          [
            14.318723,
            48.580419
          ],
          [
            14.318566,
            48.580233
          ],
          [
            14.318466,
            48.579987
          ],
          [
            14.318454,
            48.579907
          ],
          [
            14.318482,
            48.579746
          ],
          [
            14.318474,
            48.579617
          ],
          [
            14.318194,
            48.57906
          ],
          [
            14.318076,
            48.578691
          ],
          [
            14.318049,
            48.578368
          ],
          [
            14.318086,
            48.578107
          ],
          [
            14.318142,
            48.5779
          ],
          [
            14.318244,
            48.577716
          ],
          [
            14.31843,
            48.577443
          ],
          [
            14.319869,
            48.576152
          ],
          [
            14.321059,
            48.575132
          ],
          [
            14.321265,
            48.574865
          ],
          [
            14.321509,
            48.574441
          ],
          [
            14.321603,
            48.574067
          ],
          [
            14.321586,
            48.573754
          ],
          [
            14.321516,
            48.573477
          ],
          [
            14.32133,
            48.573087
          ],
          [
            14.321053,
            48.57265
          ],
          [
            14.32082,
            48.572373
          ],
          [
            14.32051,
            48.57194
          ],
          [
            14.318978,
            48.569896
          ],
          [
            14.318067,
            48.568643
          ],
          [
            14.317932,
            48.568415
          ],
          [
            14.317871,
            48.568156
          ],
          [
            14.317854,
            48.5679
          ],
          [
            14.317887,
            48.5676
          ],
          [
            14.318097,
            48.566876
          ],
          [
            14.318182,
            48.566322
          ],
          [
            14.318153,
            48.565932
          ],
          [
            14.318001,
            48.565466
          ],
          [
            14.317895,
            48.56525
          ],
          [
            14.317708,
            48.564952
          ],
          [
            14.31658,
            48.563339
          ],
          [
            14.316523,
            48.563257
          ],
          [
            14.316408,
            48.563076
          ],
          [
            14.316386,
            48.562913
          ],
          [
            14.316421,
            48.562647
          ],
          [
            14.316391,
            48.562284
          ],
          [
            14.31642,
            48.562131
          ],
          [
            14.316526,
            48.561984
          ],
          [
            14.316636,
            48.561889
          ],
          [
            14.316791,
            48.561778
          ],
          [
            14.31767,
            48.561266
          ],
          [
            14.317842,
            48.561142
          ],
          [
            14.318126,
            48.560879
          ],
          [
            14.318576,
            48.560385
          ],
          [
            14.318893,
            48.560103
          ],
          [
            14.31906,
            48.55998
          ],
          [
            14.319316,
            48.559815
          ],
          [
            14.31982,
            48.559541
          ],
          [
            14.320195,
            48.559376
          ],
          [
            14.32073,
            48.559173
          ],
          [
            14.322759,
            48.558572
          ],
          [
            14.323192,
            48.558415
          ],
          [
            14.323507,
            48.55826
          ],
          [
            14.323682,
            48.55815
          ],
          [
            14.323827,
            48.558039
          ],
          [
            14.324018,
            48.55784
          ],
          [
            14.324135,
            48.557684
          ],
          [
            14.324264,
            48.557418
          ],
          [
            14.32432,
            48.55716
          ],
          [
            14.32432,
            48.557004
          ],
          [
            14.324265,
            48.556737
          ],
          [
            14.324214,
            48.556602
          ],
          [
            14.324147,
            48.556469
          ],
          [
            14.323949,
            48.556219
          ],
          [
            14.323802,
            48.556085
          ],
          [
            14.323448,
            48.555825
          ],
          [
            14.321676,
            48.554711
          ],
          [
            14.320914,
            48.554222
          ],
          [
            14.3206,
            48.553973
          ],
          [
            14.320374,
            48.553721
          ],
          [
            14.320186,
            48.553371
          ],
          [
            14.320129,
            48.553187
          ],
          [
            14.320102,
            48.553016
          ],
          [
            14.320104,
            48.552863
          ],
          [
            14.320174,
            48.55247
          ],
          [
            14.32027,
            48.552109
          ],
          [
            14.320319,
            48.551926
          ],
          [
            14.32036,
            48.551574
          ],
          [
            14.320337,
            48.551285
          ],
          [
            14.320287,
            48.551117
          ],
          [
            14.320115,
            48.550761
          ],
          [
            14.319886,
            48.550483
          ],
          [
            14.319756,
            48.55036
          ],
          [
            14.319428,
            48.550112
          ],
          [
            14.31919,
            48.549982
          ],
          [
            14.318387,
            48.549616
          ],
          [
            14.31822,
            48.549513
          ],
          [
            14.317183,
            48.548741
          ],
          [
            14.316759,
            48.548452
          ],
          [
            14.316466,
            48.548295
          ],
          [
            14.316141,
            48.548145
          ],
          [
            14.315018,
            48.54774
          ],
          [
            14.314452,
            48.547514
          ],
          [
            14.313272,
            48.546906
          ],
          [
            14.312855,
            48.546714
          ],
          [
            14.312317,
            48.546495
          ],
          [
            14.311783,
            48.546326
          ],
          [
            14.311696,
            48.546304
          ],
          [
            14.310651,
            48.54605
          ],
          [
            14.310124,
            48.545872
          ],
          [
            14.30966,
            48.545672
          ],
          [
            14.309384,
            48.545535
          ],
          [
            14.30901,
            48.545321
          ],
          [
            14.308785,
            48.545163
          ],
          [
            14.308153,
            48.544659
          ],
          [
            14.308056,
            48.544577
          ],
          [
            14.306189,
            48.542977
          ],
          [
            14.304701,
            48.541627
          ],
          [
            14.302934,
            48.539984
          ],
          [
            14.3029,
            48.539951
          ],
          [
            14.3015,
            48.538643
          ],
          [
            14.301398,
            48.538548
          ],
          [
            14.300938,
            48.53811
          ],
          [
            14.300323,
            48.537519
          ],
          [
            14.30022,
            48.537415
          ],
          [
            14.299158,
            48.536359
          ],
          [
            14.298632,
            48.535778
          ],
          [
            14.298436,
            48.535541
          ],
          [
            14.297993,
            48.534827
          ],
          [
            14.29754,
            48.533982
          ],
          [
            14.296903,
            48.532786
          ],
          [
            14.296528,
            48.532085
          ],
          [
            14.296165,
            48.531402
          ],
          [
            14.295758,
            48.530624
          ],
          [
            14.295455,
            48.530035
          ],
          [
            14.294995,
            48.52908
          ],
          [
            14.294731,
            48.528657
          ],
          [
            14.294618,
            48.52853
          ],
          [
            14.294534,
            48.528513
          ],
          [
            14.294464,
            48.528479
          ],
          [
            14.294415,
            48.528431
          ],
          [
            14.294392,
            48.528375
          ],
          [
            14.294398,
            48.528318
          ],
          [
            14.294433,
            48.528265
          ],
          [
            14.294493,
            48.528222
          ],
          [
            14.294633,
            48.528187
          ],
          [
            14.294709,
            48.528191
          ],
          [
            14.294844,
            48.528244
          ],
          [
            14.295048,
            48.528233
          ],
          [
            14.295168,
            48.528209
          ],
          [
            14.295569,
            48.528084
          ],
          [
            14.295965,
            48.527917
          ],
          [
            14.296364,
            48.527792
          ],
          [
            14.296845,
            48.527681
          ],
          [
            14.297436,
            48.527599
          ],
          [
            14.298035,
            48.527503
          ],
          [
            14.29847,
            48.527394
          ],
          [
            14.298941,
            48.527227
          ],
          [
            14.299391,
            48.527019
          ],
          [
            14.300162,
            48.526613
          ],
          [
            14.300775,
            48.526285
          ],
          [
            14.301393,
            48.525978
          ],
          [
            14.303483,
            48.524909
          ],
          [
            14.303975,
            48.524657
          ],
          [
            14.304907,
            48.524173
          ],
          [
            14.305244,
            48.523964
          ],
          [
            14.305397,
            48.523835
          ],
          [
            14.305635,
            48.523582
          ],
          [
            14.305766,
            48.523365
          ],
          [
            14.305825,
            48.523245
          ],
          [
            14.305836,
            48.523136
          ],
          [
            14.305957,
            48.52292
          ],
          [
            14.305894,
            48.522857
          ],
          [
            14.305871,
            48.522773
          ],
          [
            14.305881,
            48.522731
          ],
          [
            14.305982,
            48.522628
          ],
          [
            14.305943,
            48.522314
          ],
          [
            14.305671,
            48.521883
          ],
          [
            14.305302,
            48.521445
          ],
          [
            14.304273,
            48.520411
          ],
          [
            14.303769,
            48.519938
          ],
          [
            14.302292,
            48.518628
          ],
          [
            14.301655,
            48.518102
          ],
          [
            14.300883,
            48.517503
          ],
          [
            14.300381,
            48.517149
          ],
          [
            14.299806,
            48.51678
          ],
          [
            14.299433,
            48.516558
          ],
          [
            14.298659,
            48.516136
          ],
          [
            14.296395,
            48.515057
          ],
          [
            14.296008,
            48.514825
          ],
          [
            14.295854,
            48.514714
          ],
          [
            14.295686,
            48.514581
          ],
          [
            14.295409,
            48.514316
          ],
          [
            14.295086,
            48.513865
          ],
          [
            14.295037,
            48.513776
          ],
          [
            14.294886,
            48.513377
          ],
          [
            14.294835,
            48.513011
          ],
          [
            14.294834,
            48.512431
          ],
          [
            14.29484,
            48.51223
          ],
          [
            14.294844,
            48.512074
          ],
          [
            14.294858,
            48.511785
          ],
          [
            14.294859,
            48.511503
          ],
          [
            14.294896,
            48.51069
          ],
          [
            14.29494,
            48.509581
          ],
          [
            14.295013,
            48.507736
          ],
          [
            14.29506,
            48.506571
          ],
          [
            14.295078,
            48.506126
          ],
          [
            14.295081,
            48.506047
          ],
          [
            14.295103,
            48.505498
          ],
          [
            14.295164,
            48.50402
          ],
          [
            14.295221,
            48.5033
          ],
          [
            14.295315,
            48.502884
          ],
          [
            14.295408,
            48.502649
          ],
          [
            14.295621,
            48.50229
          ],
          [
            14.295918,
            48.501949
          ],
          [
            14.296275,
            48.501643
          ],
          [
            14.296776,
            48.501316
          ],
          [
            14.298956,
            48.500126
          ],
          [
            14.299533,
            48.499788
          ],
          [
            14.299902,
            48.499547
          ],
          [
            14.300468,
            48.499088
          ],
          [
            14.300682,
            48.498887
          ],
          [
            14.301032,
            48.498509
          ],
          [
            14.301375,
            48.498054
          ],
          [
            14.301611,
            48.497656
          ],
          [
            14.30173,
            48.497416
          ],
          [
            14.301911,
            48.496942
          ],
          [
            14.302003,
            48.496548
          ],
          [
            14.302018,
            48.496387
          ],
          [
            14.302008,
            48.496071
          ],
          [
            14.301971,
            48.495918
          ],
          [
            14.301836,
            48.495606
          ],
          [
            14.301732,
            48.495452
          ],
          [
            14.301598,
            48.495294
          ],
          [
            14.301307,
            48.495043
          ],
          [
            14.300971,
            48.494838
          ],
          [
            14.300771,
            48.494746
          ],
          [
            14.300265,
            48.494563
          ],
          [
            14.298777,
            48.494135
          ],
          [
            14.297969,
            48.493904
          ],
          [
            14.297602,
            48.493775
          ],
          [
            14.297319,
            48.493623
          ],
          [
            14.297054,
            48.493428
          ],
          [
            14.296854,
            48.493258
          ],
          [
            14.296837,
            48.493244
          ],
          [
            14.296394,
            48.492869
          ],
          [
            14.296259,
            48.492719
          ],
          [
            14.296205,
            48.49263
          ],
          [
            14.296151,
            48.492465
          ],
          [
            14.296162,
            48.492206
          ],
          [
            14.296247,
            48.492039
          ],
          [
            14.296386,
            48.491878
          ],
          [
            14.297675,
            48.490753
          ],
          [
            14.297744,
            48.490675
          ],
          [
            14.297826,
            48.490517
          ],
          [
            14.297852,
            48.490289
          ],
          [
            14.297812,
            48.490148
          ],
          [
            14.297761,
            48.49006
          ],
          [
            14.297698,
            48.489977
          ],
          [
            14.297526,
            48.489826
          ],
          [
            14.297305,
            48.489718
          ],
          [
            14.296785,
            48.489515
          ],
          [
            14.296587,
            48.489382
          ],
          [
            14.296502,
            48.489294
          ],
          [
            14.296399,
            48.489133
          ],
          [
            14.296366,
            48.488955
          ],
          [
            14.296393,
            48.488764
          ],
          [
            14.296473,
            48.488559
          ],
          [
            14.296631,
            48.488297
          ],
          [
            14.297525,
            48.487144
          ],
          [
            14.297653,
            48.486914
          ],
          [
            14.297694,
            48.486782
          ],
          [
            14.297715,
            48.486529
          ],
          [
            14.297695,
            48.486394
          ],
          [
            14.297593,
            48.486113
          ],
          [
            14.297358,
            48.485779
          ],
          [
            14.296846,
            48.485153
          ],
          [
            14.296747,
            48.484902
          ],
          [
            14.296721,
            48.484657
          ],
          [
            14.29673,
            48.484537
          ],
          [
            14.296754,
            48.484412
          ],
          [
            14.29684,
            48.4842
          ],
          [
            14.297516,
            48.483191
          ],
          [
            14.297878,
            48.482586
          ],
          [
            14.298066,
            48.482142
          ],
          [
            14.29811,
            48.481892
          ],
          [
            14.29811,
            48.481645
          ],
          [
            14.298042,
            48.481437
          ],
          [
            14.297895,
            48.481203
          ],
          [
            14.297684,
            48.481009
          ],
          [
            14.297542,
            48.480911
          ],
          [
            14.297232,
            48.480746
          ],
          [
            14.297067,
            48.480677
          ],
          [
            14.29668,
            48.48055
          ],
          [
            14.296241,
            48.480445
          ],
          [
            14.295504,
            48.480288
          ],
          [
            14.293286,
            48.479817
          ],
          [
            14.291888,
            48.479513
          ],
          [
            14.291431,
            48.479371
          ],
          [
            14.291223,
            48.479285
          ],
          [
            14.290986,
            48.479171
          ],
          [
            14.290626,
            48.478948
          ],
          [
            14.290223,
            48.478613
          ],
          [
            14.289892,
            48.478239
          ],
          [
            14.289826,
            48.478163
          ],
          [
            14.289439,
            48.477768
          ],
          [
            14.289027,
            48.47744
          ],
          [
            14.288436,
            48.477081
          ],
          [
            14.287947,
            48.476857
          ],
          [
            14.286819,
            48.476423
          ],
          [
            14.286426,
            48.476226
          ],
          [
            14.285868,
            48.475873
          ],
          [
            14.28538,
            48.475509
          ],
          [
            14.284847,
            48.475123
          ],
          [
            14.284199,
            48.474661
          ],
          [
            14.283478,
            48.47415
          ],
          [
            14.28305,
            48.473874
          ],
          [
            14.282061,
            48.473373
          ],
          [
            14.281814,
            48.473216
          ],
          [
            14.281608,
            48.473019
          ],
          [
            14.281537,
            48.472919
          ],
          [
            14.281118,
            48.472171
          ],
          [
            14.280498,
            48.471446
          ],
          [
            14.280285,
            48.471167
          ],
          [
            14.280109,
            48.47085
          ],
          [
            14.279921,
            48.470414
          ],
          [
            14.279788,
            48.470185
          ],
          [
            14.279613,
            48.470007
          ],
          [
            14.279468,
            48.469913
          ],
          [
            14.279203,
            48.469792
          ],
          [
            14.279021,
            48.46974
          ],
          [
            14.278793,
            48.469693
          ],
          [
            14.278249,
            48.469618
          ],
          [
            14.277266,
            48.469553
          ],
          [
            14.276727,
            48.469499
          ],
          [
            14.276196,
            48.469391
          ],
          [
            14.274785,
            48.469063
          ],
          [
            14.274212,
            48.468908
          ],
          [
            14.273855,
            48.468754
          ],
          [
            14.273579,
            48.468584
          ],
          [
            14.273465,
            48.468498
          ],
          [
            14.273244,
            48.468293
          ],
          [
            14.272821,
            48.467828
          ],
          [
            14.27266,
            48.467679
          ],
          [
            14.272471,
            48.467535
          ],
          [
            14.271635,
            48.466987
          ],
          [
            14.271304,
            48.466767
          ],
          [
            14.271224,
            48.466665
          ],
          [
            14.27123,
            48.466529
          ],
          [
            14.271337,
            48.466254
          ],
          [
            14.271485,
            48.465964
          ],
          [
            14.271675,
            48.465647
          ],
          [
            14.271752,
            48.465493
          ],
          [
            14.271827,
            48.465243
          ],
          [
            14.271841,
            48.465097
          ],
          [
            14.271798,
            48.464634
          ],
          [
            14.271719,
            48.464241
          ],
          [
            14.271605,
            48.463815
          ],
          [
            14.271531,
            48.463564
          ],
          [
            14.271495,
            48.463445
          ],
          [
            14.271355,
            48.463059
          ],
          [
            14.271252,
            48.462837
          ],
          [
            14.271048,
            48.462451
          ],
          [
            14.270917,
            48.46228
          ],
          [
            14.270889,
            48.462245
          ],
          [
            14.269345,
            48.459826
          ],
          [
            14.269287,
            48.459742
          ],
          [
            14.268825,
            48.458979
          ],
          [
            14.268555,
            48.458506
          ],
          [
            14.268418,
            48.458265
          ],
          [
            14.26804,
            48.457564
          ],
          [
            14.267849,
            48.457281
          ],
          [
            14.267614,
            48.457047
          ],
          [
            14.267316,
            48.456826
          ],
          [
            14.266502,
            48.456345
          ],
          [
            14.266183,
            48.456073
          ],
          [
            14.266022,
            48.455849
          ],
          [
            14.265947,
            48.455695
          ],
          [
            14.265894,
            48.455407
          ],
          [
            14.265896,
            48.455261
          ],
          [
            14.265936,
            48.455028
          ],
          [
            14.26608,
            48.454598
          ],
          [
            14.266212,
            48.454362
          ],
          [
            14.26641,
            48.4541
          ],
          [
            14.266669,
            48.453833
          ],
          [
            14.267016,
            48.453572
          ],
          [
            14.26737,
            48.453355
          ],
          [
            14.267808,
            48.453141
          ],
          [
            14.268038,
            48.453052
          ],
          [
            14.268536,
            48.452905
          ],
          [
            14.268807,
            48.452841
          ],
          [
            14.269298,
            48.452759
          ],
          [
            14.269522,
            48.452736
          ],
          [
            14.270015,
            48.452718
          ],
          [
            14.270986,
            48.452742
          ],
          [
            14.271746,
            48.452765
          ],
          [
            14.272035,
            48.45275
          ],
          [
            14.272319,
            48.452707
          ],
          [
            14.272737,
            48.452578
          ],
          [
            14.273114,
            48.452376
          ],
          [
            14.273242,
            48.452275
          ],
          [
            14.273418,
            48.452093
          ],
          [
            14.273549,
            48.451872
          ],
          [
            14.273603,
            48.451703
          ],
          [
            14.27367,
            48.451274
          ],
          [
            14.273726,
            48.45094
          ],
          [
            14.273788,
            48.45077
          ],
          [
            14.273933,
            48.450526
          ],
          [
            14.274047,
            48.450392
          ],
          [
            14.274338,
            48.450126
          ],
          [
            14.274706,
            48.449876
          ],
          [
            14.275278,
            48.449602
          ],
          [
            14.27621,
            48.449235
          ],
          [
            14.276625,
            48.449041
          ],
          [
            14.278304,
            48.448115
          ],
          [
            14.279266,
            48.447632
          ],
          [
            14.280201,
            48.447167
          ],
          [
            14.280388,
            48.447089
          ],
          [
            14.280858,
            48.446955
          ],
          [
            14.2822,
            48.446635
          ],
          [
            14.282525,
            48.446545
          ],
          [
            14.283142,
            48.44633
          ],
          [
            14.283555,
            48.446165
          ],
          [
            14.283842,
            48.446
          ],
          [
            14.284071,
            48.4458
          ],
          [
            14.284241,
            48.445593
          ],
          [
            14.284343,
            48.445364
          ],
          [
            14.284392,
            48.445092
          ],
          [
            14.28436,
            48.444663
          ],
          [
            14.284362,
            48.444433
          ],
          [
            14.284392,
            48.444296
          ],
          [
            14.284488,
            48.444049
          ],
          [
            14.284902,
            48.443271
          ],
          [
            14.285106,
            48.443037
          ],
          [
            14.285231,
            48.44293
          ],
          [
            14.285516,
            48.442738
          ],
          [
            14.285681,
            48.442653
          ],
          [
            14.286046,
            48.442511
          ],
          [
            14.28646,
            48.442412
          ],
          [
            14.287254,
            48.442296
          ],
          [
            14.287607,
            48.442224
          ],
          [
            14.28798,
            48.442106
          ],
          [
            14.288302,
            48.441962
          ],
          [
            14.288482,
            48.441859
          ],
          [
            14.288749,
            48.441664
          ],
          [
            14.288874,
            48.44155
          ],
          [
            14.289048,
            48.441342
          ],
          [
            14.289213,
            48.441086
          ],
          [
            14.289666,
            48.440149
          ],
          [
            14.289843,
            48.439915
          ],
          [
            14.290074,
            48.43969
          ],
          [
            14.290411,
            48.439417
          ],
          [
            14.291135,
            48.438906
          ],
          [
            14.291394,
            48.438745
          ],
          [
            14.291854,
            48.43851
          ],
          [
            14.292574,
            48.438218
          ],
          [
            14.292736,
            48.438136
          ],
          [
            14.292907,
            48.438039
          ],
          [
            14.29316,
            48.437849
          ],
          [
            14.293361,
            48.437646
          ],
          [
            14.29357,
            48.437331
          ],
          [
            14.293679,
            48.437063
          ],
          [
            14.293717,
            48.436868
          ],
          [
            14.293726,
            48.436621
          ],
          [
            14.293613,
            48.435917
          ],
          [
            14.293615,
            48.435705
          ],
          [
            14.293679,
            48.435374
          ],
          [
            14.293785,
            48.435113
          ],
          [
            14.293922,
            48.434884
          ],
          [
            14.294077,
            48.434686
          ],
          [
            14.294385,
            48.434352
          ],
          [
            14.294554,
            48.4341
          ],
          [
            14.294632,
            48.433928
          ],
          [
            14.294828,
            48.433289
          ],
          [
            14.294913,
            48.432821
          ],
          [
            14.29493,
            48.432583
          ],
          [
            14.294929,
            48.432527
          ],
          [
            14.294828,
            48.43129
          ],
          [
            14.294827,
            48.431162
          ],
          [
            14.294827,
            48.430849
          ],
          [
            14.294886,
            48.430345
          ],
          [
            14.294938,
            48.430129
          ],
          [
            14.295,
            48.429838
          ],
          [
            14.295162,
            48.429419
          ],
          [
            14.295298,
            48.429155
          ],
          [
            14.295461,
            48.42886
          ],
          [
            14.295548,
            48.428693
          ],
          [
            14.295713,
            48.428374
          ],
          [
            14.295765,
            48.428272
          ],
          [
            14.296024,
            48.427782
          ],
          [
            14.296094,
            48.427654
          ],
          [
            14.296438,
            48.427044
          ],
          [
            14.296756,
            48.426415
          ],
          [
            14.296866,
            48.426022
          ],
          [
            14.296893,
            48.42562
          ],
          [
            14.296739,
            48.424751
          ],
          [
            14.296701,
            48.424137
          ],
          [
            14.296712,
            48.423844
          ],
          [
            14.296812,
            48.42309
          ],
          [
            14.297073,
            48.422086
          ],
          [
            14.297089,
            48.421915
          ],
          [
            14.297045,
            48.421596
          ],
          [
            14.29692,
            48.421293
          ],
          [
            14.296895,
            48.421242
          ],
          [
            14.296835,
            48.421056
          ],
          [
            14.296841,
            48.42099
          ],
          [
            14.296915,
            48.420889
          ],
          [
            14.296983,
            48.420853
          ],
          [
            14.297147,
            48.420834
          ],
          [
            14.297339,
            48.420896
          ],
          [
            14.297619,
            48.421083
          ],
          [
            14.298797,
            48.422053
          ],
          [
            14.298883,
            48.422105
          ],
          [
            14.298979,
            48.422137
          ],
          [
            14.299074,
            48.422147
          ],
          [
            14.299168,
            48.422143
          ],
          [
            14.299271,
            48.422115
          ],
          [
            14.299388,
            48.422041
          ],
          [
            14.299434,
            48.421989
          ],
          [
            14.299459,
            48.421867
          ],
          [
            14.299437,
            48.42177
          ],
          [
            14.299218,
            48.42126
          ],
          [
            14.298895,
            48.420542
          ],
          [
            14.298693,
            48.420105
          ],
          [
            14.298536,
            48.419845
          ],
          [
            14.298502,
            48.419795
          ],
          [
            14.298151,
            48.419279
          ],
          [
            14.2981,
            48.419203
          ],
          [
            14.298048,
            48.419125
          ],
          [
            14.297723,
            48.418649
          ],
          [
            14.297501,
            48.418415
          ],
          [
            14.2972,
            48.418095
          ],
          [
            14.296984,
            48.417752
          ],
          [
            14.296785,
            48.417371
          ],
          [
            14.296682,
            48.41712
          ],
          [
            14.296629,
            48.416959
          ],
          [
            14.296524,
            48.416455
          ],
          [
            14.29651,
            48.415833
          ],
          [
            14.296448,
            48.415361
          ],
          [
            14.296189,
            48.414282
          ],
          [
            14.295969,
            48.41349
          ],
          [
            14.295925,
            48.413328
          ],
          [
            14.295904,
            48.413055
          ],
          [
            14.29598,
            48.412765
          ],
          [
            14.296046,
            48.412643
          ],
          [
            14.296415,
            48.412128
          ],
          [
            14.296694,
            48.411545
          ],
          [
            14.296792,
            48.411182
          ],
          [
            14.296908,
            48.410466
          ],
          [
            14.297103,
            48.409443
          ],
          [
            14.297315,
            48.408511
          ],
          [
            14.297371,
            48.408124
          ],
          [
            14.297353,
            48.40775
          ],
          [
            14.297259,
            48.407178
          ],
          [
            14.297242,
            48.40695
          ],
          [
            14.297247,
            48.406513
          ],
          [
            14.297301,
            48.406092
          ],
          [
            14.29733,
            48.405925
          ],
          [
            14.297504,
            48.405219
          ],
          [
            14.297877,
            48.404193
          ],
          [
            14.297946,
            48.403815
          ],
          [
            14.297966,
            48.403449
          ],
          [
            14.297995,
            48.402313
          ],
          [
            14.297947,
            48.401689
          ],
          [
            14.297883,
            48.400945
          ],
          [
            14.297923,
            48.400516
          ],
          [
            14.298263,
            48.399552
          ],
          [
            14.298315,
            48.399189
          ],
          [
            14.298308,
            48.398803
          ],
          [
            14.298227,
            48.397775
          ],
          [
            14.298163,
            48.397253
          ],
          [
            14.29815,
            48.39716
          ],
          [
            14.297983,
            48.396291
          ],
          [
            14.297966,
            48.396228
          ],
          [
            14.29778,
            48.395564
          ],
          [
            14.297357,
            48.394444
          ],
          [
            14.297212,
            48.393961
          ],
          [
            14.297186,
            48.393805
          ],
          [
            14.297118,
            48.392782
          ],
          [
            14.297165,
            48.392079
          ],
          [
            14.297125,
            48.391816
          ],
          [
            14.297002,
            48.391339
          ],
          [
            14.296886,
            48.390961
          ],
          [
            14.296528,
            48.390243
          ],
          [
            14.29642,
            48.389861
          ],
          [
            14.296367,
            48.389462
          ],
          [
            14.296329,
            48.389311
          ],
          [
            14.296223,
            48.388648
          ],
          [
            14.296215,
            48.388609
          ],
          [
            14.296108,
            48.388155
          ],
          [
            14.295958,
            48.387779
          ],
          [
            14.295762,
            48.387345
          ],
          [
            14.29515,
            48.385529
          ],
          [
            14.295054,
            48.384991
          ],
          [
            14.294955,
            48.384675
          ],
          [
            14.294792,
            48.384401
          ],
          [
            14.294151,
            48.383592
          ],
          [
            14.29396,
            48.383376
          ],
          [
            14.293481,
            48.382931
          ],
          [
            14.293205,
            48.382569
          ],
          [
            14.293096,
            48.382374
          ],
          [
            14.292987,
            48.38211
          ],
          [
            14.292879,
            48.381657
          ],
          [
            14.292743,
            48.381274
          ],
          [
            14.29269,
            48.381044
          ],
          [
            14.292628,
            48.380385
          ],
          [
            14.292419,
            48.379192
          ],
          [
            14.292345,
            48.37843
          ],
          [
            14.29228,
            48.377734
          ],
          [
            14.29226,
            48.377472
          ],
          [
            14.292253,
            48.377394
          ],
          [
            14.292165,
            48.376653
          ],
          [
            14.292099,
            48.376372
          ],
          [
            14.29205,
            48.376207
          ],
          [
            14.291748,
            48.37541
          ],
          [
            14.291603,
            48.375067
          ],
          [
            14.291405,
            48.374596
          ],
          [
            14.291354,
            48.374481
          ],
          [
            14.2913,
            48.3743
          ],
          [
            14.291289,
            48.374179
          ],
          [
            14.291333,
            48.372961
          ],
          [
            14.291407,
            48.372692
          ],
          [
            14.291578,
            48.372364
          ],
          [
            14.291675,
            48.372105
          ],
          [
            14.291732,
            48.371729
          ],
          [
            14.291705,
            48.371577
          ],
          [
            14.291491,
            48.370953
          ],
          [
            14.291453,
            48.370728
          ],
          [
            14.29145,
            48.370627
          ],
          [
            14.29145,
            48.37055
          ],
          [
            14.291495,
            48.370137
          ],
          [
            14.291518,
            48.370029
          ],
          [
            14.291844,
            48.368948
          ],
          [
            14.292223,
            48.36839
          ],
          [
            14.292286,
            48.368157
          ],
          [
            14.29231,
            48.367481
          ],
          [
            14.292247,
            48.367106
          ],
          [
            14.292135,
            48.366666
          ],
          [
            14.292022,
            48.366321
          ],
          [
            14.291813,
            48.365853
          ],
          [
            14.291542,
            48.365351
          ],
          [
            14.291336,
            48.36476
          ],
          [
            14.291254,
            48.364415
          ],
          [
            14.291158,
            48.364137
          ],
          [
            14.290775,
            48.363453
          ],
          [
            14.290645,
            48.363073
          ],
          [
            14.290392,
            48.360055
          ],
          [
            14.290375,
            48.359802
          ],
          [
            14.290227,
            48.357879
          ],
          [
            14.29022,
            48.357791
          ],
          [
            14.290187,
            48.35719
          ],
          [
            14.290219,
            48.357054
          ],
          [
            14.290304,
            48.35685
          ],
          [
            14.290431,
            48.35654
          ],
          [
            14.290547,
            48.356243
          ],
          [
            14.290636,
            48.355923
          ],
          [
            14.290729,
            48.355403
          ],
          [
            14.290732,
            48.355371
          ],
          [
            14.290763,
            48.354639
          ],
          [
            14.290837,
            48.354272
          ],
          [
            14.290875,
            48.354103
          ],
          [
            14.290955,
            48.353694
          ],
          [
            14.290941,
            48.352992
          ],
          [
            14.290968,
            48.352696
          ],
          [
            14.291013,
            48.352492
          ],
          [
            14.291132,
            48.352227
          ],
          [
            14.291385,
            48.351886
          ],
          [
            14.291499,
            48.351698
          ],
          [
            14.291597,
            48.351469
          ],
          [
            14.291632,
            48.351327
          ],
          [
            14.291774,
            48.350817
          ],
          [
            14.292294,
            48.348942
          ],
          [
            14.292385,
            48.348656
          ],
          [
            14.292509,
            48.348262
          ],
          [
            14.292667,
            48.347792
          ],
          [
            14.292686,
            48.347743
          ],
          [
            14.292758,
            48.347578
          ],
          [
            14.292939,
            48.347243
          ],
          [
            14.29313,
            48.346947
          ],
          [
            14.293189,
            48.346858
          ],
          [
            14.293264,
            48.346748
          ],
          [
            14.293493,
            48.34638
          ],
          [
            14.293693,
            48.345947
          ],
          [
            14.293834,
            48.345474
          ],
          [
            14.293881,
            48.345174
          ],
          [
            14.293924,
            48.344815
          ],
          [
            14.293932,
            48.344395
          ],
          [
            14.29393,
            48.344271
          ],
          [
            14.293928,
            48.344208
          ],
          [
            14.293868,
            48.343499
          ],
          [
            14.293804,
            48.343199
          ],
          [
            14.293741,
            48.343027
          ],
          [
            14.293657,
            48.342847
          ],
          [
            14.29352,
            48.342596
          ],
          [
            14.293345,
            48.34235
          ],
          [
            14.293015,
            48.341912
          ],
          [
            14.29286,
            48.341706
          ],
          [
            14.292755,
            48.341562
          ],
          [
            14.292488,
            48.341186
          ],
          [
            14.292402,
            48.341032
          ],
          [
            14.292278,
            48.34075
          ],
          [
            14.292221,
            48.340538
          ],
          [
            14.292181,
            48.34029
          ],
          [
            14.29218,
            48.340019
          ],
          [
            14.292197,
            48.339868
          ],
          [
            14.292279,
            48.339544
          ],
          [
            14.292389,
            48.339283
          ],
          [
            14.292508,
            48.339071
          ],
          [
            14.292987,
            48.338295
          ],
          [
            14.293113,
            48.338027
          ],
          [
            14.293193,
            48.337748
          ],
          [
            14.293202,
            48.337655
          ],
          [
            14.293208,
            48.337541
          ],
          [
            14.293174,
            48.336691
          ],
          [
            14.293141,
            48.336357
          ],
          [
            14.29308,
            48.336109
          ],
          [
            14.292984,
            48.335782
          ],
          [
            14.292917,
            48.335587
          ],
          [
            14.292834,
            48.335393
          ],
          [
            14.292623,
            48.3351
          ],
          [
            14.292566,
            48.33504
          ],
          [
            14.291289,
            48.333718
          ],
          [
            14.291018,
            48.333515
          ],
          [
            14.290582,
            48.33307
          ],
          [
            14.290496,
            48.33298
          ],
          [
            14.290106,
            48.332572
          ],
          [
            14.289597,
            48.332041
          ],
          [
            14.288967,
            48.33138
          ],
          [
            14.288391,
            48.330739
          ],
          [
            14.287927,
            48.330197
          ],
          [
            14.287587,
            48.329799
          ],
          [
            14.286864,
            48.329068
          ],
          [
            14.286254,
            48.328523
          ],
          [
            14.285301,
            48.327757
          ],
          [
            14.28501,
            48.327503
          ],
          [
            14.284748,
            48.327237
          ],
          [
            14.284502,
            48.326945
          ],
          [
            14.284463,
            48.326873
          ],
          [
            14.284096,
            48.325837
          ],
          [
            14.284016,
            48.325602
          ],
          [
            14.28384,
            48.324945
          ],
          [
            14.283833,
            48.324806
          ],
          [
            14.283853,
            48.324684
          ],
          [
            14.283956,
            48.324437
          ],
          [
            14.284055,
            48.324306
          ],
          [
            14.284302,
            48.324092
          ],
          [
            14.284594,
            48.323939
          ],
          [
            14.284971,
            48.323829
          ],
          [
            14.285277,
            48.323788
          ],
          [
            14.285599,
            48.323774
          ],
          [
            14.287293,
            48.323753
          ],
          [
            14.288441,
            48.323696
          ],
          [
            14.289609,
            48.323598
          ],
          [
            14.290696,
            48.323468
          ],
          [
            14.29157,
            48.323315
          ],
          [
            14.292167,
            48.323164
          ],
          [
            14.292774,
            48.322954
          ],
          [
            14.293386,
            48.322686
          ],
          [
            14.294072,
            48.3223
          ],
          [
            14.294779,
            48.321843
          ],
          [
            14.29527,
            48.321558
          ],
          [
            14.295567,
            48.321367
          ],
          [
            14.296396,
            48.320881
          ],
          [
            14.296733,
            48.320738
          ],
          [
            14.299386,
            48.319194
          ],
          [
            14.300573,
            48.318492
          ],
          [
            14.302534,
            48.317355
          ],
          [
            14.302791,
            48.317206
          ],
          [
            14.304477,
            48.316212
          ],
          [
            14.304786,
            48.316013
          ],
          [
            14.305464,
            48.315531
          ],
          [
            14.306104,
            48.315007
          ],
          [
            14.306982,
            48.314216
          ],
          [
            14.307534,
            48.313775
          ],
          [
            14.308245,
            48.313244
          ],
          [
            14.308716,
            48.312893
          ],
          [
            14.309197,
            48.312505
          ],
          [
            14.309769,
            48.311966
          ],
          [
            14.310096,
            48.31159
          ],
          [
            14.310592,
            48.310874
          ],
          [
            14.312094,
            48.308235
          ],
          [
            14.312546,
            48.307366
          ],
          [
            14.312965,
            48.306457
          ],
          [
            14.313179,
            48.305916
          ],
          [
            14.31359,
            48.304663
          ],
          [
            14.313823,
            48.303937
          ],
          [
            14.314196,
            48.302948
          ],
          [
            14.314648,
            48.301918
          ],
          [
            14.315188,
            48.300853
          ],
          [
            14.315652,
            48.300036
          ],
          [
            14.316259,
            48.299043
          ],
          [
            14.317343,
            48.297253
          ],
          [
            14.317844,
            48.296229
          ],
          [
            14.318211,
            48.295311
          ],
          [
            14.318365,
            48.29485
          ],
          [
            14.318536,
            48.294251
          ],
          [
            14.318691,
            48.293586
          ],
          [
            14.318808,
            48.292936
          ],
          [
            14.318878,
            48.292411
          ],
          [
            14.318932,
            48.291617
          ],
          [
            14.318928,
            48.29079
          ],
          [
            14.318897,
            48.29032
          ],
          [
            14.318845,
            48.289971
          ],
          [
            14.318804,
            48.289745
          ],
          [
            14.318655,
            48.289099
          ],
          [
            14.318612,
            48.28895
          ],
          [
            14.318444,
            48.288468
          ],
          [
            14.318185,
            48.287896
          ],
          [
            14.317941,
            48.28745
          ],
          [
            14.317559,
            48.286886
          ],
          [
            14.317248,
            48.286506
          ],
          [
            14.316985,
            48.286246
          ],
          [
            14.316775,
            48.286069
          ],
          [
            14.316497,
            48.285852
          ],
          [
            14.316037,
            48.285561
          ],
          [
            14.315774,
            48.28542
          ],
          [
            14.315263,
            48.285188
          ],
          [
            14.314885,
            48.285049
          ],
          [
            14.314336,
            48.28488
          ],
          [
            14.313803,
            48.28475
          ],
          [
            14.312668,
            48.284508
          ],
          [
            14.312252,
            48.284418
          ],
          [
            14.312004,
            48.284365
          ],
          [
            14.31029,
            48.283952
          ],
          [
            14.309155,
            48.283635
          ],
          [
            14.308211,
            48.283343
          ],
          [
            14.308005,
            48.28328
          ],
          [
            14.306773,
            48.282879
          ],
          [
            14.30581,
            48.282572
          ],
          [
            14.304506,
            48.282147
          ],
          [
            14.303934,
            48.281939
          ],
          [
            14.303286,
            48.281663
          ],
          [
            14.302857,
            48.281454
          ],
          [
            14.302364,
            48.281178
          ],
          [
            14.301987,
            48.280934
          ],
          [
            14.30156,
            48.280649
          ],
          [
            14.301241,
            48.280443
          ],
          [
            14.301107,
            48.280362
          ],
          [
            14.300561,
            48.280063
          ],
          [
            14.299903,
            48.279742
          ],
          [
            14.299376,
            48.279537
          ],
          [
            14.298969,
            48.279417
          ],
          [
            14.298558,
            48.279328
          ],
          [
            14.298295,
            48.279288
          ],
          [
            14.297822,
            48.279253
          ],
          [
            14.296843,
            48.279256
          ],
          [
            14.296266,
            48.279239
          ],
          [
            14.296078,
            48.279222
          ],
          [
            14.295665,
            48.279146
          ],
          [
            14.295382,
            48.279061
          ],
          [
            14.295125,
            48.278942
          ],
          [
            14.294978,
            48.278846
          ],
          [
            14.294717,
            48.278638
          ],
          [
            14.294603,
            48.278493
          ],
          [
            14.294464,
            48.278214
          ],
          [
            14.294422,
            48.278027
          ],
          [
            14.294424,
            48.277776
          ],
          [
            14.294468,
            48.277334
          ],
          [
            14.294638,
            48.276448
          ],
          [
            14.294691,
            48.276193
          ],
          [
            14.2948,
            48.275674
          ],
          [
            14.294931,
            48.275025
          ],
          [
            14.294969,
            48.274815
          ],
          [
            14.294977,
            48.274769
          ],
          [
            14.294996,
            48.274608
          ],
          [
            14.295076,
            48.27394
          ],
          [
            14.295223,
            48.271026
          ],
          [
            14.295294,
            48.27048
          ],
          [
            14.295353,
            48.270256
          ],
          [
            14.295713,
            48.269288
          ],
          [
            14.296181,
            48.268485
          ],
          [
            14.296615,
            48.267768
          ],
          [
            14.296934,
            48.267042
          ],
          [
            14.297048,
            48.26673
          ],
          [
            14.297163,
            48.266316
          ],
          [
            14.297253,
            48.265766
          ],
          [
            14.297288,
            48.265447
          ],
          [
            14.297294,
            48.265052
          ],
          [
            14.297279,
            48.264381
          ],
          [
            14.297205,
            48.263214
          ],
          [
            14.297206,
            48.262892
          ],
          [
            14.297089,
            48.26108
          ],
          [
            14.296992,
            48.259423
          ],
          [
            14.296964,
            48.258229
          ],
          [
            14.296996,
            48.256444
          ],
          [
            14.2971,
            48.253225
          ],
          [
            14.297188,
            48.250249
          ],
          [
            14.297307,
            48.246396
          ],
          [
            14.297337,
            48.245435
          ],
          [
            14.297402,
            48.243222
          ],
          [
            14.297411,
            48.243051
          ],
          [
            14.297414,
            48.242969
          ],
          [
            14.297421,
            48.242772
          ],
          [
            14.297425,
            48.242531
          ],
          [
            14.297432,
            48.242332
          ],
          [
            14.297454,
            48.241743
          ],
          [
            14.297481,
            48.2408
          ],
          [
            14.297492,
            48.240392
          ],
          [
            14.297495,
            48.24038
          ],
          [
            14.297553,
            48.238502
          ],
          [
            14.297594,
            48.236995
          ],
          [
            14.297695,
            48.233748
          ],
          [
            14.297701,
            48.233557
          ],
          [
            14.297751,
            48.232144
          ],
          [
            14.297809,
            48.231101
          ],
          [
            14.297902,
            48.230372
          ],
          [
            14.297952,
            48.230079
          ],
          [
            14.298013,
            48.229739
          ],
          [
            14.298238,
            48.228811
          ],
          [
            14.29836,
            48.228405
          ],
          [
            14.298821,
            48.227083
          ],
          [
            14.299037,
            48.226427
          ],
          [
            14.299189,
            48.225874
          ],
          [
            14.299249,
            48.225572
          ],
          [
            14.299318,
            48.225006
          ],
          [
            14.29931,
            48.224465
          ],
          [
            14.299213,
            48.223747
          ],
          [
            14.2992,
            48.2232
          ],
          [
            14.299215,
            48.222926
          ],
          [
            14.29929,
            48.222645
          ],
          [
            14.299357,
            48.222496
          ],
          [
            14.299431,
            48.222368
          ],
          [
            14.299612,
            48.222157
          ],
          [
            14.299837,
            48.221974
          ],
          [
            14.300115,
            48.221805
          ],
          [
            14.30032,
            48.221712
          ],
          [
            14.300646,
            48.221607
          ],
          [
            14.300977,
            48.221545
          ],
          [
            14.301176,
            48.221523
          ],
          [
            14.301589,
            48.221518
          ],
          [
            14.301989,
            48.221568
          ],
          [
            14.302177,
            48.221611
          ],
          [
            14.302553,
            48.22173
          ],
          [
            14.302877,
            48.221884
          ],
          [
            14.303058,
            48.221992
          ],
          [
            14.303407,
            48.222241
          ],
          [
            14.304031,
            48.222808
          ],
          [
            14.304402,
            48.223154
          ],
          [
            14.30484,
            48.223544
          ],
          [
            14.305353,
            48.223935
          ],
          [
            14.305993,
            48.224363
          ],
          [
            14.306692,
            48.22478
          ],
          [
            14.307342,
            48.225192
          ],
          [
            14.309967,
            48.226458
          ],
          [
            14.313293,
            48.228058
          ],
          [
            14.321963,
            48.232216
          ],
          [
            14.323443,
            48.232866
          ],
          [
            14.324896,
            48.233384
          ],
          [
            14.32584,
            48.233669
          ],
          [
            14.326672,
            48.233888
          ],
          [
            14.327529,
            48.234086
          ],
          [
            14.328291,
            48.234236
          ],
          [
            14.329804,
            48.234477
          ],
          [
            14.329962,
            48.234499
          ],
          [
            14.338467,
            48.23567
          ],
          [
            14.338677,
            48.235699
          ],
          [
            14.342011,
            48.236149
          ],
          [
            14.343424,
            48.236316
          ],
          [
            14.344717,
            48.236449
          ],
          [
            14.346076,
            48.236538
          ],
          [
            14.346252,
            48.236547
          ],
          [
            14.347893,
            48.23663
          ],
          [
            14.348918,
            48.236651
          ],
          [
            14.349949,
            48.236655
          ],
          [
            14.350804,
            48.236648
          ],
          [
            14.352647,
            48.236587
          ],
          [
            14.354329,
            48.236486
          ],
          [
            14.35627,
            48.236297
          ],
          [
            14.362067,
            48.235614
          ],
          [
            14.367859,
            48.234908
          ],
          [
            14.369054,
            48.234746
          ],
          [
            14.369794,
            48.234626
          ],
          [
            14.369934,
            48.234603
          ],
          [
            14.371806,
            48.234247
          ],
          [
            14.373175,
            48.233931
          ],
          [
            14.373859,
            48.233758
          ],
          [
            14.374319,
            48.233639
          ],
          [
            14.37561,
            48.233261
          ],
          [
            14.3764,
            48.23301
          ],
          [
            14.377462,
            48.232647
          ],
          [
            14.37831,
            48.232337
          ],
          [
            14.379146,
            48.232
          ],
          [
            14.380721,
            48.231314
          ],
          [
            14.381074,
            48.231147
          ],
          [
            14.381819,
            48.230781
          ],
          [
            14.382521,
            48.230411
          ],
          [
            14.383219,
            48.230029
          ],
          [
            14.384075,
            48.229533
          ],
          [
            14.384354,
            48.229369
          ],
          [
            14.39232,
            48.224672
          ],
          [
            14.393853,
            48.223785
          ],
          [
            14.39507,
            48.223124
          ],
          [
            14.397877,
            48.221742
          ],
          [
            14.399606,
            48.220973
          ],
          [
            14.400142,
            48.22075
          ],
          [
            14.400677,
            48.220527
          ],
          [
            14.400806,
            48.220478
          ],
          [
            14.401631,
            48.220157
          ],
          [
            14.402134,
            48.219969
          ],
          [
            14.402814,
            48.219722
          ],
          [
            14.406254,
            48.218474
          ],
          [
            14.406704,
            48.218311
          ],
          [
            14.409017,
            48.21748
          ],
          [
            14.409884,
            48.217165
          ],
          [
            14.410231,
            48.217037
          ],
          [
            14.429941,
            48.209924
          ],
          [
            14.431608,
            48.209321
          ],
          [
            14.432897,
            48.20886
          ],
          [
            14.433246,
            48.208749
          ],
          [
            14.433469,
            48.208676
          ],
          [
            14.435082,
            48.208196
          ],
          [
            14.435763,
            48.20802
          ],
          [
            14.437618,
            48.207607
          ],
          [
            14.439141,
            48.207353
          ],
          [
            14.440206,
            48.207205
          ],
          [
            14.443308,
            48.206863
          ],
          [
            14.443453,
            48.206846
          ],
          [
            14.445335,
            48.206646
          ],
          [
            14.450786,
            48.206056
          ],
          [
            14.452269,
            48.205903
          ],
          [
            14.45467,
            48.205646
          ],
          [
            14.45637,
            48.205438
          ],
          [
            14.457732,
            48.205219
          ],
          [
            14.458965,
            48.204976
          ],
          [
            14.460502,
            48.204623
          ],
          [
            14.461289,
            48.204442
          ],
          [
            14.464428,
            48.203718
          ],
          [
            14.465189,
            48.203546
          ],
          [
            14.466329,
            48.203318
          ],
          [
            14.467341,
            48.203147
          ],
          [
            14.468714,
            48.202952
          ],
          [
            14.473606,
            48.20245
          ],
          [
            14.476256,
            48.202177
          ],
          [
            14.479533,
            48.201851
          ],
          [
            14.483821,
            48.201419
          ],
          [
            14.490769,
            48.200701
          ],
          [
            14.491388,
            48.200639
          ],
          [
            14.511845,
            48.198566
          ],
          [
            14.513324,
            48.198357
          ],
          [
            14.514414,
            48.198161
          ],
          [
            14.515548,
            48.197906
          ],
          [
            14.516529,
            48.197642
          ],
          [
            14.517428,
            48.19736
          ],
          [
            14.518544,
            48.196967
          ],
          [
            14.519237,
            48.196683
          ],
          [
            14.519485,
            48.196577
          ],
          [
            14.519873,
            48.196416
          ],
          [
            14.520845,
            48.19594
          ],
          [
            14.521375,
            48.195663
          ],
          [
            14.521972,
            48.195316
          ],
          [
            14.522613,
            48.19492
          ],
          [
            14.52389,
            48.194067
          ],
          [
            14.5243,
            48.193791
          ],
          [
            14.527787,
            48.191409
          ],
          [
            14.529177,
            48.190461
          ],
          [
            14.5298,
            48.19003
          ],
          [
            14.530178,
            48.189775
          ],
          [
            14.539581,
            48.183347
          ],
          [
            14.540156,
            48.182927
          ],
          [
            14.541319,
            48.182037
          ],
          [
            14.541729,
            48.181702
          ],
          [
            14.542053,
            48.181433
          ],
          [
            14.54257,
            48.180975
          ],
          [
            14.543172,
            48.180407
          ],
          [
            14.543571,
            48.18001
          ],
          [
            14.544304,
            48.179195
          ],
          [
            14.544877,
            48.178478
          ],
          [
            14.545416,
            48.177756
          ],
          [
            14.546086,
            48.176658
          ],
          [
            14.546727,
            48.175504
          ],
          [
            14.547581,
            48.173676
          ],
          [
            14.547787,
            48.173177
          ],
          [
            14.547944,
            48.172828
          ],
          [
            14.549128,
            48.170139
          ],
          [
            14.549283,
            48.169805
          ],
          [
            14.549589,
            48.169109
          ],
          [
            14.550138,
            48.167957
          ],
          [
            14.550714,
            48.16687
          ],
          [
            14.551153,
            48.166093
          ],
          [
            14.551669,
            48.165259
          ],
          [
            14.552566,
            48.163923
          ],
          [
            14.554967,
            48.160631
          ],
          [
            14.555647,
            48.159608
          ],
          [
            14.556265,
            48.158643
          ],
          [
            14.55684,
            48.157669
          ],
          [
            14.557935,
            48.155721
          ],
          [
            14.55873,
            48.154399
          ],
          [
            14.559234,
            48.153665
          ],
          [
            14.559677,
            48.153077
          ],
          [
            14.559889,
            48.152821
          ],
          [
            14.560647,
            48.151967
          ],
          [
            14.561334,
            48.151287
          ],
          [
            14.562056,
            48.15063
          ],
          [
            14.563213,
            48.149697
          ],
          [
            14.564508,
            48.148796
          ],
          [
            14.565282,
            48.148324
          ],
          [
            14.566068,
            48.147874
          ],
          [
            14.567263,
            48.147236
          ],
          [
            14.571336,
            48.145188
          ],
          [
            14.572422,
            48.144599
          ],
          [
            14.573569,
            48.143953
          ],
          [
            14.574472,
            48.143414
          ],
          [
            14.575427,
            48.142817
          ],
          [
            14.577308,
            48.141555
          ],
          [
            14.578219,
            48.140885
          ],
          [
            14.578942,
            48.140347
          ],
          [
            14.579584,
            48.139833
          ],
          [
            14.580866,
            48.138761
          ],
          [
            14.582237,
            48.137581
          ],
          [
            14.582572,
            48.137295
          ],
          [
            14.583346,
            48.136622
          ],
          [
            14.583795,
            48.136259
          ],
          [
            14.58511,
            48.135287
          ],
          [
            14.586254,
            48.134535
          ],
          [
            14.586931,
            48.134143
          ],
          [
            14.58751,
            48.133832
          ],
          [
            14.588627,
            48.133297
          ],
          [
            14.589727,
            48.132835
          ],
          [
            14.590878,
            48.132421
          ],
          [
            14.592151,
            48.132029
          ],
          [
            14.593424,
            48.13171
          ],
          [
            14.59513,
            48.131347
          ],
          [
            14.595724,
            48.131234
          ],
          [
            14.59615,
            48.131157
          ],
          [
            14.596888,
            48.131024
          ],
          [
            14.597474,
            48.130924
          ],
          [
            14.597992,
            48.130829
          ],
          [
            14.600406,
            48.130378
          ],
          [
            14.602138,
            48.129985
          ],
          [
            14.602747,
            48.129827
          ],
          [
            14.603458,
            48.12962
          ],
          [
            14.604882,
            48.129138
          ],
          [
            14.605588,
            48.128863
          ],
          [
            14.60629,
            48.12856
          ],
          [
            14.606949,
            48.128253
          ],
          [
            14.607275,
            48.128096
          ],
          [
            14.608326,
            48.127529
          ],
          [
            14.609366,
            48.126876
          ],
          [
            14.610695,
            48.125979
          ],
          [
            14.61251,
            48.124684
          ],
          [
            14.620037,
            48.119238
          ],
          [
            14.621652,
            48.118108
          ],
          [
            14.622121,
            48.117797
          ],
          [
            14.622758,
            48.117407
          ],
          [
            14.623553,
            48.116977
          ],
          [
            14.624221,
            48.116652
          ],
          [
            14.624756,
            48.116429
          ],
          [
            14.625449,
            48.116175
          ],
          [
            14.626271,
            48.115933
          ],
          [
            14.627013,
            48.115759
          ],
          [
            14.628023,
            48.115582
          ],
          [
            14.628877,
            48.115491
          ],
          [
            14.629793,
            48.115431
          ],
          [
            14.630402,
            48.115429
          ],
          [
            14.631029,
            48.11545
          ],
          [
            14.631685,
            48.115495
          ],
          [
            14.632554,
            48.115589
          ],
          [
            14.633406,
            48.115731
          ],
          [
            14.634288,
            48.115928
          ],
          [
            14.63585,
            48.116329
          ],
          [
            14.640293,
            48.117706
          ],
          [
            14.641278,
            48.117963
          ],
          [
            14.64234,
            48.118199
          ],
          [
            14.643248,
            48.118355
          ],
          [
            14.643836,
            48.118432
          ],
          [
            14.644415,
            48.118486
          ],
          [
            14.644964,
            48.118527
          ],
          [
            14.645517,
            48.118546
          ],
          [
            14.646016,
            48.11856
          ],
          [
            14.646532,
            48.118554
          ],
          [
            14.647078,
            48.118539
          ],
          [
            14.648321,
            48.11843
          ],
          [
            14.649134,
            48.118316
          ],
          [
            14.65027,
            48.118114
          ],
          [
            14.651,
            48.117949
          ],
          [
            14.65191,
            48.117728
          ],
          [
            14.658104,
            48.116005
          ],
          [
            14.661727,
            48.115046
          ],
          [
            14.662533,
            48.114838
          ],
          [
            14.665622,
            48.114096
          ],
          [
            14.667996,
            48.113582
          ],
          [
            14.669358,
            48.113309
          ],
          [
            14.671434,
            48.112945
          ],
          [
            14.672875,
            48.112712
          ],
          [
            14.675425,
            48.112381
          ],
          [
            14.677735,
            48.112149
          ],
          [
            14.679095,
            48.11206
          ],
          [
            14.680461,
            48.11199
          ],
          [
            14.681943,
            48.11194
          ],
          [
            14.683425,
            48.111926
          ],
          [
            14.684781,
            48.111944
          ],
          [
            14.685805,
            48.111972
          ],
          [
            14.687431,
            48.112048
          ],
          [
            14.688806,
            48.112137
          ],
          [
            14.690546,
            48.112297
          ],
          [
            14.692006,
            48.112461
          ],
          [
            14.69448,
            48.112812
          ],
          [
            14.696435,
            48.113148
          ],
          [
            14.697106,
            48.113281
          ],
          [
            14.70358,
            48.114559
          ],
          [
            14.704971,
            48.114807
          ],
          [
            14.706828,
            48.115113
          ],
          [
            14.708702,
            48.115374
          ],
          [
            14.710373,
            48.115569
          ],
          [
            14.712816,
            48.115789
          ],
          [
            14.714381,
            48.115882
          ],
          [
            14.715893,
            48.115948
          ],
          [
            14.718712,
            48.116012
          ],
          [
            14.723151,
            48.116023
          ],
          [
            14.725494,
            48.116061
          ],
          [
            14.72694,
            48.116123
          ],
          [
            14.728374,
            48.116209
          ],
          [
            14.729689,
            48.116327
          ],
          [
            14.730835,
            48.116464
          ],
          [
            14.731353,
            48.116535
          ],
          [
            14.732351,
            48.116683
          ],
          [
            14.733806,
            48.116942
          ],
          [
            14.735192,
            48.11723
          ],
          [
            14.736686,
            48.117571
          ],
          [
            14.740617,
            48.118549
          ],
          [
            14.741673,
            48.118811
          ],
          [
            14.742224,
            48.118948
          ],
          [
            14.742917,
            48.11912
          ],
          [
            14.745912,
            48.119841
          ],
          [
            14.747273,
            48.120134
          ],
          [
            14.748805,
            48.120429
          ],
          [
            14.750054,
            48.12064
          ],
          [
            14.751181,
            48.120792
          ],
          [
            14.752599,
            48.120961
          ],
          [
            14.753262,
            48.121022
          ],
          [
            14.753715,
            48.121064
          ],
          [
            14.754918,
            48.121148
          ],
          [
            14.75595,
            48.121201
          ],
          [
            14.756974,
            48.12123
          ],
          [
            14.758218,
            48.121235
          ],
          [
            14.759819,
            48.121189
          ],
          [
            14.760542,
            48.12115
          ],
          [
            14.761338,
            48.121103
          ],
          [
            14.762603,
            48.120992
          ],
          [
            14.763749,
            48.120862
          ],
          [
            14.764701,
            48.120736
          ],
          [
            14.767001,
            48.120374
          ],
          [
            14.772785,
            48.11936
          ],
          [
            14.774607,
            48.119063
          ],
          [
            14.775824,
            48.118902
          ],
          [
            14.776992,
            48.118788
          ],
          [
            14.778329,
            48.118712
          ],
          [
            14.780107,
            48.118712
          ],
          [
            14.781242,
            48.118756
          ],
          [
            14.782206,
            48.118818
          ],
          [
            14.78393,
            48.118977
          ],
          [
            14.789797,
            48.119558
          ],
          [
            14.791759,
            48.119714
          ],
          [
            14.793215,
            48.11981
          ],
          [
            14.795657,
            48.119899
          ],
          [
            14.798574,
            48.11993
          ],
          [
            14.801792,
            48.119918
          ],
          [
            14.802259,
            48.11992
          ],
          [
            14.803626,
            48.119934
          ],
          [
            14.804185,
            48.119962
          ],
          [
            14.80479,
            48.120003
          ],
          [
            14.805914,
            48.120118
          ],
          [
            14.807353,
            48.120384
          ],
          [
            14.808182,
            48.120579
          ],
          [
            14.809066,
            48.120849
          ],
          [
            14.810192,
            48.121242
          ],
          [
            14.811115,
            48.121597
          ],
          [
            14.820647,
            48.125425
          ],
          [
            14.821451,
            48.125764
          ],
          [
            14.822286,
            48.126153
          ],
          [
            14.822576,
            48.126288
          ],
          [
            14.823592,
            48.126842
          ],
          [
            14.824603,
            48.127506
          ],
          [
            14.826297,
            48.128945
          ],
          [
            14.829344,
            48.131799
          ],
          [
            14.830164,
            48.132483
          ],
          [
            14.830809,
            48.132958
          ],
          [
            14.831686,
            48.133533
          ],
          [
            14.832354,
            48.133922
          ],
          [
            14.832956,
            48.134237
          ],
          [
            14.834043,
            48.134732
          ],
          [
            14.835232,
            48.135209
          ],
          [
            14.841411,
            48.137474
          ],
          [
            14.842149,
            48.137758
          ],
          [
            14.843231,
            48.138216
          ],
          [
            14.844988,
            48.13906
          ],
          [
            14.84614,
            48.139695
          ],
          [
            14.850894,
            48.142517
          ],
          [
            14.851692,
            48.142955
          ],
          [
            14.852517,
            48.143354
          ],
          [
            14.853302,
            48.143697
          ],
          [
            14.854296,
            48.144077
          ],
          [
            14.855333,
            48.144391
          ],
          [
            14.85615,
            48.144596
          ],
          [
            14.856989,
            48.144777
          ],
          [
            14.858395,
            48.145019
          ],
          [
            14.858572,
            48.145043
          ],
          [
            14.859401,
            48.145149
          ],
          [
            14.860805,
            48.145289
          ],
          [
            14.863451,
            48.145503
          ],
          [
            14.864904,
            48.145598
          ],
          [
            14.867262,
            48.145737
          ],
          [
            14.867911,
            48.145773
          ],
          [
            14.86899,
            48.145825
          ],
          [
            14.872867,
            48.14599
          ],
          [
            14.876141,
            48.146112
          ],
          [
            14.878671,
            48.146222
          ],
          [
            14.879744,
            48.146261
          ],
          [
            14.880394,
            48.146282
          ],
          [
            14.901658,
            48.14704
          ],
          [
            14.903639,
            48.147055
          ],
          [
            14.904611,
            48.147034
          ],
          [
            14.905574,
            48.146989
          ],
          [
            14.906301,
            48.146937
          ],
          [
            14.908141,
            48.14672
          ],
          [
            14.909021,
            48.146566
          ],
          [
            14.909916,
            48.146383
          ],
          [
            14.910829,
            48.146164
          ],
          [
            14.911723,
            48.145908
          ],
          [
            14.912802,
            48.145558
          ],
          [
            14.914079,
            48.145057
          ],
          [
            14.914924,
            48.144677
          ],
          [
            14.91609,
            48.144107
          ],
          [
            14.921153,
            48.141364
          ],
          [
            14.922552,
            48.140686
          ],
          [
            14.924145,
            48.140018
          ],
          [
            14.925437,
            48.13956
          ],
          [
            14.926746,
            48.139174
          ],
          [
            14.928105,
            48.138854
          ],
          [
            14.929478,
            48.138591
          ],
          [
            14.931123,
            48.138377
          ],
          [
            14.931888,
            48.138304
          ],
          [
            14.932784,
            48.138249
          ],
          [
            14.934702,
            48.138217
          ],
          [
            14.935409,
            48.138227
          ],
          [
            14.936849,
            48.138282
          ],
          [
            14.939456,
            48.138455
          ],
          [
            14.943287,
            48.13874
          ],
          [
            14.945468,
            48.138867
          ],
          [
            14.947856,
            48.138955
          ],
          [
            14.949795,
            48.138978
          ],
          [
            14.951469,
            48.138957
          ],
          [
            14.954364,
            48.138838
          ],
          [
            14.955788,
            48.138737
          ],
          [
            14.958417,
            48.138506
          ],
          [
            14.969661,
            48.137286
          ],
          [
            14.976699,
            48.136517
          ],
          [
            14.978595,
            48.136264
          ],
          [
            14.981133,
            48.135854
          ],
          [
            14.982784,
            48.135543
          ],
          [
            14.984342,
            48.135211
          ],
          [
            14.986418,
            48.134711
          ],
          [
            14.987995,
            48.134293
          ],
          [
            14.989547,
            48.133849
          ],
          [
            14.991917,
            48.133128
          ],
          [
            14.9995,
            48.130736
          ],
          [
            15.0001,
            48.13055
          ],
          [
            15.001732,
            48.130085
          ],
          [
            15.002625,
            48.129846
          ],
          [
            15.003519,
            48.129636
          ],
          [
            15.005046,
            48.129312
          ],
          [
            15.006062,
            48.129137
          ],
          [
            15.006799,
            48.129033
          ],
          [
            15.008645,
            48.128832
          ],
          [
            15.009427,
            48.128773
          ],
          [
            15.010579,
            48.128727
          ],
          [
            15.011592,
            48.128713
          ],
          [
            15.012065,
            48.128714
          ],
          [
            15.012752,
            48.128729
          ],
          [
            15.013668,
            48.128772
          ],
          [
            15.014655,
            48.12884
          ],
          [
            15.015828,
            48.128947
          ],
          [
            15.017496,
            48.129143
          ],
          [
            15.017843,
            48.129189
          ],
          [
            15.018464,
            48.129273
          ],
          [
            15.023314,
            48.129972
          ],
          [
            15.023625,
            48.130014
          ],
          [
            15.045564,
            48.133169
          ],
          [
            15.047788,
            48.133526
          ],
          [
            15.049245,
            48.133781
          ],
          [
            15.05039,
            48.134007
          ],
          [
            15.051498,
            48.134245
          ],
          [
            15.052409,
            48.134452
          ],
          [
            15.053418,
            48.134705
          ],
          [
            15.054411,
            48.13498
          ],
          [
            15.054753,
            48.135077
          ],
          [
            15.055854,
            48.135413
          ],
          [
            15.056978,
            48.135783
          ],
          [
            15.058461,
            48.136314
          ],
          [
            15.058909,
            48.136481
          ],
          [
            15.060604,
            48.137162
          ],
          [
            15.062388,
            48.137918
          ],
          [
            15.068157,
            48.140448
          ],
          [
            15.06855,
            48.140613
          ],
          [
            15.07529,
            48.143581
          ],
          [
            15.079638,
            48.145467
          ],
          [
            15.081165,
            48.146129
          ],
          [
            15.083011,
            48.146938
          ],
          [
            15.083222,
            48.147029
          ],
          [
            15.094304,
            48.15188
          ],
          [
            15.095109,
            48.152234
          ],
          [
            15.099123,
            48.154
          ],
          [
            15.100515,
            48.154606
          ],
          [
            15.101169,
            48.154899
          ],
          [
            15.105088,
            48.156605
          ],
          [
            15.10657,
            48.157213
          ],
          [
            15.107799,
            48.157688
          ],
          [
            15.108036,
            48.157774
          ],
          [
            15.108276,
            48.15786
          ],
          [
            15.109173,
            48.158163
          ],
          [
            15.109775,
            48.158343
          ],
          [
            15.11047,
            48.158547
          ],
          [
            15.111171,
            48.15873
          ],
          [
            15.112052,
            48.158932
          ],
          [
            15.113476,
            48.159218
          ],
          [
            15.114657,
            48.159403
          ],
          [
            15.11546,
            48.15952
          ],
          [
            15.116331,
            48.159612
          ],
          [
            15.117928,
            48.159766
          ],
          [
            15.118738,
            48.159831
          ],
          [
            15.122339,
            48.160072
          ],
          [
            15.122887,
            48.160108
          ],
          [
            15.124788,
            48.160227
          ],
          [
            15.129782,
            48.160547
          ],
          [
            15.13062,
            48.160605
          ],
          [
            15.141076,
            48.161283
          ],
          [
            15.141615,
            48.161316
          ],
          [
            15.144248,
            48.161502
          ],
          [
            15.146886,
            48.161722
          ],
          [
            15.148871,
            48.161925
          ],
          [
            15.150522,
            48.16213
          ],
          [
            15.151741,
            48.162308
          ],
          [
            15.152899,
            48.162501
          ],
          [
            15.154047,
            48.162718
          ],
          [
            15.156597,
            48.163282
          ],
          [
            15.158223,
            48.163721
          ],
          [
            15.159823,
            48.164193
          ],
          [
            15.161133,
            48.164633
          ],
          [
            15.162421,
            48.165095
          ],
          [
            15.16447,
            48.165877
          ],
          [
            15.164979,
            48.166074
          ],
          [
            15.166572,
            48.166685
          ],
          [
            15.16908,
            48.167675
          ],
          [
            15.169817,
            48.167963
          ],
          [
            15.172978,
            48.169192
          ],
          [
            15.176359,
            48.170514
          ],
          [
            15.178494,
            48.171336
          ],
          [
            15.180405,
            48.172095
          ],
          [
            15.181645,
            48.172664
          ],
          [
            15.182496,
            48.173126
          ],
          [
            15.183281,
            48.173631
          ],
          [
            15.184122,
            48.17427
          ],
          [
            15.184709,
            48.174802
          ],
          [
            15.185241,
            48.175371
          ],
          [
            15.185935,
            48.176291
          ],
          [
            15.186393,
            48.177095
          ],
          [
            15.186701,
            48.17776
          ],
          [
            15.187396,
            48.179603
          ],
          [
            15.18797,
            48.181044
          ],
          [
            15.18851,
            48.182115
          ],
          [
            15.189061,
            48.183012
          ],
          [
            15.189233,
            48.183269
          ],
          [
            15.189624,
            48.18381
          ],
          [
            15.190055,
            48.184342
          ],
          [
            15.190676,
            48.185038
          ],
          [
            15.191329,
            48.185702
          ],
          [
            15.192799,
            48.186971
          ],
          [
            15.19411,
            48.187904
          ],
          [
            15.194554,
            48.188193
          ],
          [
            15.195712,
            48.188871
          ],
          [
            15.196904,
            48.189498
          ],
          [
            15.198521,
            48.190211
          ],
          [
            15.200026,
            48.190767
          ],
          [
            15.200559,
            48.19095
          ],
          [
            15.201742,
            48.191318
          ],
          [
            15.202811,
            48.191609
          ],
          [
            15.203973,
            48.191894
          ],
          [
            15.204603,
            48.192047
          ],
          [
            15.212147,
            48.193788
          ],
          [
            15.214712,
            48.194382
          ],
          [
            15.215846,
            48.194643
          ],
          [
            15.220727,
            48.195755
          ],
          [
            15.222124,
            48.196078
          ],
          [
            15.225924,
            48.196967
          ],
          [
            15.228415,
            48.197534
          ],
          [
            15.230119,
            48.197857
          ],
          [
            15.230876,
            48.197983
          ],
          [
            15.231533,
            48.198063
          ],
          [
            15.232163,
            48.198125
          ],
          [
            15.233421,
            48.198206
          ],
          [
            15.233979,
            48.198224
          ],
          [
            15.234936,
            48.198226
          ],
          [
            15.236671,
            48.19815
          ],
          [
            15.237661,
            48.198076
          ],
          [
            15.239791,
            48.197865
          ],
          [
            15.243116,
            48.1975
          ],
          [
            15.244694,
            48.197361
          ],
          [
            15.245633,
            48.197298
          ],
          [
            15.247226,
            48.197244
          ],
          [
            15.248126,
            48.197245
          ],
          [
            15.249036,
            48.197281
          ],
          [
            15.249706,
            48.197329
          ],
          [
            15.250408,
            48.197401
          ],
          [
            15.250876,
            48.197459
          ],
          [
            15.251622,
            48.197568
          ],
          [
            15.252164,
            48.197663
          ],
          [
            15.252676,
            48.19777
          ],
          [
            15.253593,
            48.197988
          ],
          [
            15.25418,
            48.198151
          ],
          [
            15.25531,
            48.198514
          ],
          [
            15.255912,
            48.198731
          ],
          [
            15.256518,
            48.198977
          ],
          [
            15.25724,
            48.199288
          ],
          [
            15.258825,
            48.200047
          ],
          [
            15.259592,
            48.200445
          ],
          [
            15.264603,
            48.203157
          ],
          [
            15.265153,
            48.203454
          ],
          [
            15.274577,
            48.208569
          ],
          [
            15.275067,
            48.20883
          ],
          [
            15.276424,
            48.209562
          ],
          [
            15.278477,
            48.210639
          ],
          [
            15.279736,
            48.211254
          ],
          [
            15.280169,
            48.211464
          ],
          [
            15.281285,
            48.211985
          ],
          [
            15.28236,
            48.212464
          ],
          [
            15.28427,
            48.213219
          ],
          [
            15.285216,
            48.213551
          ],
          [
            15.286371,
            48.213919
          ],
          [
            15.28733,
            48.214192
          ],
          [
            15.288553,
            48.214506
          ],
          [
            15.289244,
            48.214662
          ],
          [
            15.289688,
            48.21475
          ],
          [
            15.290378,
            48.214878
          ],
          [
            15.291261,
            48.21502
          ],
          [
            15.292793,
            48.215193
          ],
          [
            15.293907,
            48.215271
          ],
          [
            15.294973,
            48.215294
          ],
          [
            15.295687,
            48.215294
          ],
          [
            15.297056,
            48.215232
          ],
          [
            15.297591,
            48.215183
          ],
          [
            15.298503,
            48.215074
          ],
          [
            15.299362,
            48.214942
          ],
          [
            15.300754,
            48.214668
          ],
          [
            15.301714,
            48.214459
          ],
          [
            15.302445,
            48.214308
          ],
          [
            15.304665,
            48.213849
          ],
          [
            15.305196,
            48.213752
          ],
          [
            15.306005,
            48.213636
          ],
          [
            15.30686,
            48.213543
          ],
          [
            15.307497,
            48.213495
          ],
          [
            15.308511,
            48.213473
          ],
          [
            15.309654,
            48.213496
          ],
          [
            15.310315,
            48.213546
          ],
          [
            15.310903,
            48.213605
          ],
          [
            15.311992,
            48.213758
          ],
          [
            15.313176,
            48.214005
          ],
          [
            15.314253,
            48.214305
          ],
          [
            15.315641,
            48.214777
          ],
          [
            15.319505,
            48.216255
          ],
          [
            15.320726,
            48.216689
          ],
          [
            15.321545,
            48.216942
          ],
          [
            15.322569,
            48.217226
          ],
          [
            15.323621,
            48.217444
          ],
          [
            15.324333,
            48.217555
          ],
          [
            15.325249,
            48.217662
          ],
          [
            15.326189,
            48.217728
          ],
          [
            15.327146,
            48.21775
          ],
          [
            15.328106,
            48.21774
          ],
          [
            15.3295,
            48.217676
          ],
          [
            15.341306,
            48.21686
          ],
          [
            15.341824,
            48.216823
          ],
          [
            15.342793,
            48.216756
          ],
          [
            15.34573,
            48.216553
          ],
          [
            15.347238,
            48.216447
          ],
          [
            15.347764,
            48.21641
          ],
          [
            15.349389,
            48.216286
          ],
          [
            15.350278,
            48.216188
          ],
          [
            15.35126,
            48.21605
          ],
          [
            15.352354,
            48.215856
          ],
          [
            15.353023,
            48.215707
          ],
          [
            15.353585,
            48.215553
          ],
          [
            15.354679,
            48.215199
          ],
          [
            15.355116,
            48.215035
          ],
          [
            15.35605,
            48.214627
          ],
          [
            15.356712,
            48.214287
          ],
          [
            15.357432,
            48.213857
          ],
          [
            15.357962,
            48.21349
          ],
          [
            15.358487,
            48.213092
          ],
          [
            15.358884,
            48.21275
          ],
          [
            15.359258,
            48.212375
          ],
          [
            15.359604,
            48.211997
          ],
          [
            15.36005,
            48.211446
          ],
          [
            15.360452,
            48.21088
          ],
          [
            15.360577,
            48.210701
          ],
          [
            15.360976,
            48.21011
          ],
          [
            15.364175,
            48.205039
          ],
          [
            15.364833,
            48.204053
          ],
          [
            15.365327,
            48.203375
          ],
          [
            15.365916,
            48.20264
          ],
          [
            15.366628,
            48.201861
          ],
          [
            15.367022,
            48.201469
          ],
          [
            15.367502,
            48.201053
          ],
          [
            15.368259,
            48.200436
          ],
          [
            15.368981,
            48.199913
          ],
          [
            15.369948,
            48.199289
          ],
          [
            15.370371,
            48.199044
          ],
          [
            15.371048,
            48.198682
          ],
          [
            15.371767,
            48.198331
          ],
          [
            15.372609,
            48.197955
          ],
          [
            15.374163,
            48.197337
          ],
          [
            15.374784,
            48.197103
          ],
          [
            15.376125,
            48.196608
          ],
          [
            15.377387,
            48.196139
          ],
          [
            15.384635,
            48.193472
          ],
          [
            15.386314,
            48.192853
          ],
          [
            15.389736,
            48.191595
          ],
          [
            15.391746,
            48.190882
          ],
          [
            15.393643,
            48.190267
          ],
          [
            15.395048,
            48.18985
          ],
          [
            15.395939,
            48.189615
          ],
          [
            15.397093,
            48.189343
          ],
          [
            15.398982,
            48.188968
          ],
          [
            15.400421,
            48.188742
          ],
          [
            15.401395,
            48.18862
          ],
          [
            15.40271,
            48.188484
          ],
          [
            15.402934,
            48.188462
          ],
          [
            15.4053,
            48.18828
          ],
          [
            15.409407,
            48.187989
          ],
          [
            15.41033,
            48.187923
          ],
          [
            15.410957,
            48.187878
          ],
          [
            15.412003,
            48.187802
          ],
          [
            15.413392,
            48.187706
          ],
          [
            15.415443,
            48.187566
          ],
          [
            15.416034,
            48.187525
          ],
          [
            15.418259,
            48.187367
          ],
          [
            15.422005,
            48.187103
          ],
          [
            15.422275,
            48.18708
          ],
          [
            15.424977,
            48.186883
          ],
          [
            15.42678,
            48.186709
          ],
          [
            15.428115,
            48.186548
          ],
          [
            15.429753,
            48.186303
          ],
          [
            15.430912,
            48.186099
          ],
          [
            15.432742,
            48.185731
          ],
          [
            15.434487,
            48.185318
          ],
          [
            15.436143,
            48.184881
          ],
          [
            15.44987,
            48.181115
          ],
          [
            15.451665,
            48.180593
          ],
          [
            15.454136,
            48.179742
          ],
          [
            15.454515,
            48.179599
          ],
          [
            15.455534,
            48.179202
          ],
          [
            15.46622,
            48.174909
          ],
          [
            15.466684,
            48.174717
          ],
          [
            15.473088,
            48.172137
          ],
          [
            15.473503,
            48.171978
          ],
          [
            15.474428,
            48.171623
          ],
          [
            15.475229,
            48.171332
          ],
          [
            15.476494,
            48.170919
          ],
          [
            15.476923,
            48.17079
          ],
          [
            15.478312,
            48.170421
          ],
          [
            15.480001,
            48.170046
          ],
          [
            15.481178,
            48.169829
          ],
          [
            15.486935,
            48.16896
          ],
          [
            15.491231,
            48.168351
          ],
          [
            15.492445,
            48.168219
          ],
          [
            15.493666,
            48.168123
          ],
          [
            15.495069,
            48.168058
          ],
          [
            15.496295,
            48.168043
          ],
          [
            15.497249,
            48.168059
          ],
          [
            15.498475,
            48.168105
          ],
          [
            15.499672,
            48.168186
          ],
          [
            15.500847,
            48.168308
          ],
          [
            15.502177,
            48.168489
          ],
          [
            15.503306,
            48.168676
          ],
          [
            15.504414,
            48.16889
          ],
          [
            15.526031,
            48.173631
          ],
          [
            15.531295,
            48.174771
          ],
          [
            15.533769,
            48.175328
          ],
          [
            15.539119,
            48.176488
          ],
          [
            15.541223,
            48.176917
          ],
          [
            15.54291,
            48.177227
          ],
          [
            15.544572,
            48.17747
          ],
          [
            15.545504,
            48.17759
          ],
          [
            15.546477,
            48.177694
          ],
          [
            15.547979,
            48.177815
          ],
          [
            15.548648,
            48.177861
          ],
          [
            15.55019,
            48.17794
          ],
          [
            15.552451,
            48.177981
          ],
          [
            15.554152,
            48.177953
          ],
          [
            15.55584,
            48.177878
          ],
          [
            15.557086,
            48.1778
          ],
          [
            15.558747,
            48.177671
          ],
          [
            15.56046,
            48.177535
          ],
          [
            15.563621,
            48.177283
          ],
          [
            15.564064,
            48.17725
          ],
          [
            15.565829,
            48.177144
          ],
          [
            15.56708,
            48.177088
          ],
          [
            15.568358,
            48.177057
          ],
          [
            15.570561,
            48.177065
          ],
          [
            15.572847,
            48.177129
          ],
          [
            15.574907,
            48.177216
          ],
          [
            15.575372,
            48.177234
          ],
          [
            15.582527,
            48.177532
          ],
          [
            15.583059,
            48.17755
          ],
          [
            15.587243,
            48.177726
          ],
          [
            15.589146,
            48.17779
          ],
          [
            15.590884,
            48.17783
          ],
          [
            15.593327,
            48.177839
          ],
          [
            15.596145,
            48.177775
          ],
          [
            15.601935,
            48.177535
          ],
          [
            15.604326,
            48.177436
          ],
          [
            15.606671,
            48.177335
          ],
          [
            15.611317,
            48.177142
          ],
          [
            15.61412,
            48.177025
          ],
          [
            15.61558,
            48.176967
          ],
          [
            15.616398,
            48.176933
          ],
          [
            15.619145,
            48.17681
          ],
          [
            15.619375,
            48.1768
          ],
          [
            15.626042,
            48.176518
          ],
          [
            15.626507,
            48.176496
          ],
          [
            15.630365,
            48.176334
          ],
          [
            15.632403,
            48.176253
          ],
          [
            15.636044,
            48.17609
          ],
          [
            15.637067,
            48.176049
          ],
          [
            15.639851,
            48.17594
          ],
          [
            15.641484,
            48.175904
          ],
          [
            15.641703,
            48.175904
          ],
          [
            15.643022,
            48.175905
          ],
          [
            15.6441,
            48.175929
          ],
          [
            15.645408,
            48.175989
          ],
          [
            15.646795,
            48.176086
          ],
          [
            15.64884,
            48.176306
          ],
          [
            15.649768,
            48.176428
          ],
          [
            15.650777,
            48.176584
          ],
          [
            15.651734,
            48.176755
          ],
          [
            15.652475,
            48.176896
          ],
          [
            15.654047,
            48.177239
          ],
          [
            15.654822,
            48.177429
          ],
          [
            15.655703,
            48.17766
          ],
          [
            15.657562,
            48.178209
          ],
          [
            15.66001,
            48.178996
          ],
          [
            15.662177,
            48.179713
          ],
          [
            15.665416,
            48.180781
          ],
          [
            15.665745,
            48.18089
          ],
          [
            15.675459,
            48.184079
          ],
          [
            15.677369,
            48.184629
          ],
          [
            15.678421,
            48.184903
          ],
          [
            15.680796,
            48.185371
          ],
          [
            15.682485,
            48.185593
          ],
          [
            15.683963,
            48.185743
          ],
          [
            15.685168,
            48.185818
          ],
          [
            15.686152,
            48.185821
          ],
          [
            15.686607,
            48.185828
          ],
          [
            15.687545,
            48.185812
          ],
          [
            15.68913,
            48.185744
          ],
          [
            15.69053,
            48.185659
          ],
          [
            15.692334,
            48.185515
          ],
          [
            15.697944,
            48.18509
          ],
          [
            15.699676,
            48.185005
          ],
          [
            15.700562,
            48.184992
          ],
          [
            15.701081,
            48.184993
          ],
          [
            15.702691,
            48.185039
          ],
          [
            15.704672,
            48.185173
          ],
          [
            15.709187,
            48.185551
          ],
          [
            15.709549,
            48.185587
          ],
          [
            15.712957,
            48.18588
          ],
          [
            15.71454,
            48.185997
          ],
          [
            15.716124,
            48.186078
          ],
          [
            15.71742,
            48.186112
          ],
          [
            15.722514,
            48.186166
          ],
          [
            15.723131,
            48.186166
          ],
          [
            15.72616,
            48.186199
          ],
          [
            15.726517,
            48.186201
          ],
          [
            15.732435,
            48.186261
          ],
          [
            15.732661,
            48.186262
          ],
          [
            15.744176,
            48.186369
          ],
          [
            15.745785,
            48.186363
          ],
          [
            15.747328,
            48.186317
          ],
          [
            15.748793,
            48.186233
          ],
          [
            15.750253,
            48.186118
          ],
          [
            15.751685,
            48.185989
          ],
          [
            15.759475,
            48.185296
          ],
          [
            15.759953,
            48.185255
          ],
          [
            15.760546,
            48.185198
          ],
          [
            15.761422,
            48.185119
          ],
          [
            15.761757,
            48.18509
          ],
          [
            15.763677,
            48.184912
          ],
          [
            15.766562,
            48.184663
          ],
          [
            15.76685,
            48.184638
          ],
          [
            15.769055,
            48.18444
          ],
          [
            15.77062,
            48.184297
          ],
          [
            15.772244,
            48.18417
          ],
          [
            15.773613,
            48.18409
          ],
          [
            15.773851,
            48.184079
          ],
          [
            15.775039,
            48.184047
          ],
          [
            15.775919,
            48.184044
          ],
          [
            15.777799,
            48.184101
          ],
          [
            15.779452,
            48.184217
          ],
          [
            15.781467,
            48.184399
          ],
          [
            15.788839,
            48.185111
          ],
          [
            15.790192,
            48.185222
          ],
          [
            15.790494,
            48.185246
          ],
          [
            15.791341,
            48.185295
          ],
          [
            15.792248,
            48.185326
          ],
          [
            15.793138,
            48.185329
          ],
          [
            15.794648,
            48.185301
          ],
          [
            15.800213,
            48.185042
          ],
          [
            15.802532,
            48.184936
          ],
          [
            15.803553,
            48.184882
          ],
          [
            15.804008,
            48.18486
          ],
          [
            15.805941,
            48.184752
          ],
          [
            15.806787,
            48.184678
          ],
          [
            15.807761,
            48.184569
          ],
          [
            15.808578,
            48.184453
          ],
          [
            15.809379,
            48.184313
          ],
          [
            15.810065,
            48.184169
          ],
          [
            15.811501,
            48.183812
          ],
          [
            15.812525,
            48.183499
          ],
          [
            15.813694,
            48.183078
          ],
          [
            15.815604,
            48.182335
          ],
          [
            15.816,
            48.182176
          ],
          [
            15.819228,
            48.180889
          ],
          [
            15.819643,
            48.180719
          ],
          [
            15.822012,
            48.179774
          ],
          [
            15.82341,
            48.179245
          ],
          [
            15.824841,
            48.178766
          ],
          [
            15.825726,
            48.178507
          ],
          [
            15.82662,
            48.178269
          ],
          [
            15.828119,
            48.177927
          ],
          [
            15.828974,
            48.177757
          ],
          [
            15.82924,
            48.177704
          ],
          [
            15.832441,
            48.177091
          ],
          [
            15.834086,
            48.176755
          ],
          [
            15.835033,
            48.176543
          ],
          [
            15.836452,
            48.176196
          ],
          [
            15.838291,
            48.175707
          ],
          [
            15.839172,
            48.175453
          ],
          [
            15.840664,
            48.174986
          ],
          [
            15.841984,
            48.174575
          ],
          [
            15.843772,
            48.174112
          ],
          [
            15.844719,
            48.173909
          ],
          [
            15.845623,
            48.173747
          ],
          [
            15.846584,
            48.173608
          ],
          [
            15.84696,
            48.173555
          ],
          [
            15.850449,
            48.173105
          ],
          [
            15.851324,
            48.172993
          ],
          [
            15.852536,
            48.172837
          ],
          [
            15.853905,
            48.172691
          ],
          [
            15.855334,
            48.172629
          ],
          [
            15.856494,
            48.17265
          ],
          [
            15.857279,
            48.172699
          ],
          [
            15.858116,
            48.172794
          ],
          [
            15.859694,
            48.173046
          ],
          [
            15.860841,
            48.173264
          ],
          [
            15.861992,
            48.173446
          ],
          [
            15.862965,
            48.173565
          ],
          [
            15.864294,
            48.173663
          ],
          [
            15.865675,
            48.173695
          ],
          [
            15.866584,
            48.173684
          ],
          [
            15.866985,
            48.173663
          ],
          [
            15.867656,
            48.173618
          ],
          [
            15.869132,
            48.173458
          ],
          [
            15.869721,
            48.173371
          ],
          [
            15.871078,
            48.173108
          ],
          [
            15.872207,
            48.17283
          ],
          [
            15.873328,
            48.172522
          ],
          [
            15.876086,
            48.171649
          ],
          [
            15.877712,
            48.171046
          ],
          [
            15.878441,
            48.170753
          ],
          [
            15.879146,
            48.17044
          ],
          [
            15.87981,
            48.170097
          ],
          [
            15.880442,
            48.169728
          ],
          [
            15.881106,
            48.169276
          ],
          [
            15.88153,
            48.168964
          ],
          [
            15.882234,
            48.168368
          ],
          [
            15.882675,
            48.167917
          ],
          [
            15.88322,
            48.167278
          ],
          [
            15.88348,
            48.166939
          ],
          [
            15.884764,
            48.165182
          ],
          [
            15.884857,
            48.165057
          ],
          [
            15.888472,
            48.160095
          ],
          [
            15.888691,
            48.159808
          ],
          [
            15.888922,
            48.159496
          ],
          [
            15.889723,
            48.158575
          ],
          [
            15.890289,
            48.158034
          ],
          [
            15.891235,
            48.157246
          ],
          [
            15.891821,
            48.156836
          ],
          [
            15.892513,
            48.156398
          ],
          [
            15.893224,
            48.155991
          ],
          [
            15.894024,
            48.155595
          ],
          [
            15.894691,
            48.155295
          ],
          [
            15.895884,
            48.154836
          ],
          [
            15.897195,
            48.154426
          ],
          [
            15.898072,
            48.154197
          ],
          [
            15.899391,
            48.153937
          ],
          [
            15.899959,
            48.15384
          ],
          [
            15.900793,
            48.153741
          ],
          [
            15.901384,
            48.153689
          ],
          [
            15.902114,
            48.153649
          ],
          [
            15.903205,
            48.153618
          ],
          [
            15.904642,
            48.153644
          ],
          [
            15.904864,
            48.153652
          ],
          [
            15.906697,
            48.153724
          ],
          [
            15.907012,
            48.15374
          ],
          [
            15.908227,
            48.153791
          ],
          [
            15.908464,
            48.153801
          ],
          [
            15.910877,
            48.15391
          ],
          [
            15.913597,
            48.154079
          ],
          [
            15.917387,
            48.154417
          ],
          [
            15.919565,
            48.154594
          ],
          [
            15.920323,
            48.154644
          ],
          [
            15.925519,
            48.154909
          ],
          [
            15.926914,
            48.154991
          ],
          [
            15.929035,
            48.155146
          ],
          [
            15.929742,
            48.155206
          ],
          [
            15.931632,
            48.155387
          ],
          [
            15.934384,
            48.155682
          ],
          [
            15.937125,
            48.156055
          ],
          [
            15.93944,
            48.156413
          ],
          [
            15.941615,
            48.156785
          ],
          [
            15.943476,
            48.15714
          ],
          [
            15.946199,
            48.157689
          ],
          [
            15.947269,
            48.157887
          ],
          [
            15.94792,
            48.157992
          ],
          [
            15.949159,
            48.158161
          ],
          [
            15.949972,
            48.158247
          ],
          [
            15.950663,
            48.158295
          ],
          [
            15.951428,
            48.15833
          ],
          [
            15.952114,
            48.158341
          ],
          [
            15.952606,
            48.158338
          ],
          [
            15.953892,
            48.158292
          ],
          [
            15.954768,
            48.158224
          ],
          [
            15.95569,
            48.158128
          ],
          [
            15.956501,
            48.158011
          ],
          [
            15.957992,
            48.157735
          ],
          [
            15.958321,
            48.157658
          ],
          [
            15.958957,
            48.157507
          ],
          [
            15.960099,
            48.157197
          ],
          [
            15.961414,
            48.156792
          ],
          [
            15.961979,
            48.156607
          ],
          [
            15.962282,
            48.156506
          ],
          [
            15.963415,
            48.15614
          ],
          [
            15.964581,
            48.155741
          ],
          [
            15.968578,
            48.154359
          ],
          [
            15.969815,
            48.153951
          ],
          [
            15.97113,
            48.153548
          ],
          [
            15.972532,
            48.153169
          ],
          [
            15.973507,
            48.152942
          ],
          [
            15.973921,
            48.152861
          ],
          [
            15.974421,
            48.152754
          ],
          [
            15.975245,
            48.152618
          ],
          [
            15.976451,
            48.152472
          ],
          [
            15.977473,
            48.152398
          ],
          [
            15.978736,
            48.152386
          ],
          [
            15.979234,
            48.152398
          ],
          [
            15.98014,
            48.152453
          ],
          [
            15.980638,
            48.152503
          ],
          [
            15.981364,
            48.152605
          ],
          [
            15.982056,
            48.152726
          ],
          [
            15.98279,
            48.152882
          ],
          [
            15.983514,
            48.153066
          ],
          [
            15.984176,
            48.153257
          ],
          [
            15.984864,
            48.153494
          ],
          [
            15.985412,
            48.153704
          ],
          [
            15.985787,
            48.153862
          ],
          [
            15.986215,
            48.154054
          ],
          [
            15.98727,
            48.154611
          ],
          [
            15.988072,
            48.155105
          ],
          [
            15.988402,
            48.155344
          ],
          [
            15.988898,
            48.155739
          ],
          [
            15.98922,
            48.156019
          ],
          [
            15.990002,
            48.15679
          ],
          [
            15.990682,
            48.157616
          ],
          [
            15.99124,
            48.15834
          ],
          [
            15.991654,
            48.158826
          ],
          [
            15.992027,
            48.159212
          ],
          [
            15.992435,
            48.159582
          ],
          [
            15.993087,
            48.16006
          ],
          [
            15.993534,
            48.160361
          ],
          [
            15.993997,
            48.160667
          ],
          [
            15.994528,
            48.160953
          ],
          [
            15.995087,
            48.16122
          ],
          [
            15.995734,
            48.161481
          ],
          [
            15.996739,
            48.161829
          ],
          [
            15.997605,
            48.162059
          ],
          [
            15.998527,
            48.162233
          ],
          [
            15.999423,
            48.162369
          ],
          [
            16.000257,
            48.162448
          ],
          [
            16.001096,
            48.16249
          ],
          [
            16.001812,
            48.162503
          ],
          [
            16.002534,
            48.162497
          ],
          [
            16.003632,
            48.162447
          ],
          [
            16.004888,
            48.162343
          ],
          [
            16.006272,
            48.162182
          ],
          [
            16.008244,
            48.161889
          ],
          [
            16.010864,
            48.161477
          ],
          [
            16.011851,
            48.161371
          ],
          [
            16.012739,
            48.161316
          ],
          [
            16.013382,
            48.161321
          ],
          [
            16.014108,
            48.161354
          ],
          [
            16.014275,
            48.16137
          ],
          [
            16.014985,
            48.161455
          ],
          [
            16.015766,
            48.161589
          ],
          [
            16.016509,
            48.161761
          ],
          [
            16.017137,
            48.161942
          ],
          [
            16.017834,
            48.162188
          ],
          [
            16.018564,
            48.162503
          ],
          [
            16.019167,
            48.16281
          ],
          [
            16.019832,
            48.163186
          ],
          [
            16.020223,
            48.163428
          ],
          [
            16.022347,
            48.164927
          ],
          [
            16.023535,
            48.165787
          ],
          [
            16.024735,
            48.166576
          ],
          [
            16.025336,
            48.166932
          ],
          [
            16.0259,
            48.167228
          ],
          [
            16.026728,
            48.167624
          ],
          [
            16.027689,
            48.167995
          ],
          [
            16.028383,
            48.16823
          ],
          [
            16.029081,
            48.168431
          ],
          [
            16.029826,
            48.168617
          ],
          [
            16.031523,
            48.168932
          ],
          [
            16.032446,
            48.16906
          ],
          [
            16.037825,
            48.169678
          ],
          [
            16.039686,
            48.169954
          ],
          [
            16.040353,
            48.17007
          ],
          [
            16.041041,
            48.170203
          ],
          [
            16.04214,
            48.170435
          ],
          [
            16.043232,
            48.170696
          ],
          [
            16.044953,
            48.171155
          ],
          [
            16.046741,
            48.171725
          ],
          [
            16.047933,
            48.172144
          ],
          [
            16.050215,
            48.173014
          ],
          [
            16.052101,
            48.173711
          ],
          [
            16.052871,
            48.173955
          ],
          [
            16.053648,
            48.174177
          ],
          [
            16.054536,
            48.174384
          ],
          [
            16.055877,
            48.174623
          ],
          [
            16.056978,
            48.174772
          ],
          [
            16.058919,
            48.174973
          ],
          [
            16.059755,
            48.175073
          ],
          [
            16.060352,
            48.175153
          ],
          [
            16.060949,
            48.175243
          ],
          [
            16.06212,
            48.175476
          ],
          [
            16.064551,
            48.176003
          ],
          [
            16.06543,
            48.176171
          ],
          [
            16.065775,
            48.176225
          ],
          [
            16.06655,
            48.17631
          ],
          [
            16.067301,
            48.176351
          ],
          [
            16.068028,
            48.176355
          ],
          [
            16.06905,
            48.176311
          ],
          [
            16.070371,
            48.176203
          ],
          [
            16.071771,
            48.176062
          ],
          [
            16.072651,
            48.175989
          ],
          [
            16.073522,
            48.175943
          ],
          [
            16.074463,
            48.175927
          ],
          [
            16.075328,
            48.175965
          ],
          [
            16.076031,
            48.176031
          ],
          [
            16.076625,
            48.176108
          ],
          [
            16.077288,
            48.176221
          ],
          [
            16.078223,
            48.176428
          ],
          [
            16.078977,
            48.176657
          ],
          [
            16.079704,
            48.176914
          ],
          [
            16.080608,
            48.177276
          ],
          [
            16.082555,
            48.178108
          ],
          [
            16.083568,
            48.178482
          ],
          [
            16.084279,
            48.178698
          ],
          [
            16.085347,
            48.178973
          ],
          [
            16.086412,
            48.17917
          ],
          [
            16.087345,
            48.179291
          ],
          [
            16.088447,
            48.179367
          ],
          [
            16.089432,
            48.179355
          ],
          [
            16.090391,
            48.17927
          ],
          [
            16.091203,
            48.179132
          ],
          [
            16.091717,
            48.179018
          ],
          [
            16.092158,
            48.178894
          ],
          [
            16.093042,
            48.178606
          ],
          [
            16.093751,
            48.178321
          ],
          [
            16.09443,
            48.178021
          ],
          [
            16.096405,
            48.177078
          ],
          [
            16.097437,
            48.176615
          ],
          [
            16.098138,
            48.176349
          ],
          [
            16.098853,
            48.176104
          ],
          [
            16.09975,
            48.175845
          ],
          [
            16.100917,
            48.175585
          ],
          [
            16.102186,
            48.175394
          ],
          [
            16.102976,
            48.175314
          ],
          [
            16.103941,
            48.175259
          ],
          [
            16.104804,
            48.175248
          ],
          [
            16.105587,
            48.175271
          ],
          [
            16.10709,
            48.175379
          ],
          [
            16.110757,
            48.175767
          ],
          [
            16.111097,
            48.175803
          ],
          [
            16.114393,
            48.176156
          ],
          [
            16.115732,
            48.176251
          ],
          [
            16.116374,
            48.176267
          ],
          [
            16.116975,
            48.176266
          ],
          [
            16.118102,
            48.176203
          ],
          [
            16.118662,
            48.176137
          ],
          [
            16.119192,
            48.176054
          ],
          [
            16.120034,
            48.175896
          ],
          [
            16.121123,
            48.175647
          ],
          [
            16.122296,
            48.175342
          ],
          [
            16.12451,
            48.174735
          ],
          [
            16.127061,
            48.174085
          ],
          [
            16.128294,
            48.173796
          ],
          [
            16.129294,
            48.173608
          ],
          [
            16.130192,
            48.173486
          ],
          [
            16.131208,
            48.173405
          ],
          [
            16.132065,
            48.173373
          ],
          [
            16.132908,
            48.173368
          ],
          [
            16.134009,
            48.173405
          ],
          [
            16.135454,
            48.173502
          ],
          [
            16.136872,
            48.173635
          ],
          [
            16.137606,
            48.17371
          ],
          [
            16.138745,
            48.173847
          ],
          [
            16.13993,
            48.17401
          ],
          [
            16.142452,
            48.174399
          ],
          [
            16.145032,
            48.174831
          ],
          [
            16.149048,
            48.175575
          ],
          [
            16.150662,
            48.175895
          ],
          [
            16.15114,
            48.175997
          ],
          [
            16.158183,
            48.177548
          ],
          [
            16.160044,
            48.177916
          ],
          [
            16.162133,
            48.178278
          ],
          [
            16.164455,
            48.178631
          ],
          [
            16.166397,
            48.178877
          ],
          [
            16.168138,
            48.179066
          ],
          [
            16.168913,
            48.179138
          ],
          [
            16.170719,
            48.179305
          ],
          [
            16.172348,
            48.179473
          ],
          [
            16.173312,
            48.179601
          ],
          [
            16.174272,
            48.179743
          ],
          [
            16.175951,
            48.180066
          ],
          [
            16.176679,
            48.180229
          ],
          [
            16.178033,
            48.180577
          ],
          [
            16.1793,
            48.180952
          ],
          [
            16.180194,
            48.181255
          ],
          [
            16.181399,
            48.181726
          ],
          [
            16.182663,
            48.182298
          ],
          [
            16.183781,
            48.182888
          ],
          [
            16.184685,
            48.183415
          ],
          [
            16.185431,
            48.183887
          ],
          [
            16.187242,
            48.185122
          ],
          [
            16.189896,
            48.187007
          ],
          [
            16.191143,
            48.18783
          ],
          [
            16.192225,
            48.188492
          ],
          [
            16.193482,
            48.189206
          ],
          [
            16.194995,
            48.189982
          ],
          [
            16.19622,
            48.19054
          ],
          [
            16.197452,
            48.191038
          ],
          [
            16.198503,
            48.191419
          ],
          [
            16.199317,
            48.191686
          ],
          [
            16.20192,
            48.192476
          ],
          [
            16.20249,
            48.192685
          ],
          [
            16.202909,
            48.192862
          ],
          [
            16.203856,
            48.193332
          ],
          [
            16.204848,
            48.193978
          ],
          [
            16.205557,
            48.194563
          ],
          [
            16.206189,
            48.195229
          ],
          [
            16.206692,
            48.195866
          ],
          [
            16.207498,
            48.196955
          ],
          [
            16.208122,
            48.197742
          ],
          [
            16.208937,
            48.198605
          ],
          [
            16.209698,
            48.199291
          ],
          [
            16.210451,
            48.199899
          ],
          [
            16.211163,
            48.200406
          ],
          [
            16.212128,
            48.201021
          ],
          [
            16.213272,
            48.201657
          ],
          [
            16.214456,
            48.202212
          ],
          [
            16.215501,
            48.202645
          ],
          [
            16.216316,
            48.202935
          ],
          [
            16.216922,
            48.203137
          ],
          [
            16.217135,
            48.203208
          ],
          [
            16.218531,
            48.203575
          ],
          [
            16.219605,
            48.203821
          ],
          [
            16.220456,
            48.203985
          ],
          [
            16.221354,
            48.204131
          ],
          [
            16.223067,
            48.204346
          ],
          [
            16.223697,
            48.204409
          ],
          [
            16.224131,
            48.204446
          ],
          [
            16.225994,
            48.204595
          ],
          [
            16.22789,
            48.204669
          ],
          [
            16.228573,
            48.204677
          ],
          [
            16.229048,
            48.204658
          ],
          [
            16.229429,
            48.204612
          ],
          [
            16.229833,
            48.20453
          ],
          [
            16.23022,
            48.204412
          ],
          [
            16.23062,
            48.204238
          ],
          [
            16.230704,
            48.204194
          ],
          [
            16.231239,
            48.203889
          ],
          [
            16.231781,
            48.203541
          ],
          [
            16.232131,
            48.203315
          ],
          [
            16.232309,
            48.203159
          ],
          [
            16.232977,
            48.202731
          ],
          [
            16.233443,
            48.202456
          ],
          [
            16.233743,
            48.202303
          ],
          [
            16.234018,
            48.202187
          ],
          [
            16.234321,
            48.202069
          ],
          [
            16.234565,
            48.201987
          ],
          [
            16.235571,
            48.201754
          ],
          [
            16.23684,
            48.201519
          ],
          [
            16.240509,
            48.200848
          ],
          [
            16.240838,
            48.200787
          ],
          [
            16.243295,
            48.200345
          ],
          [
            16.24384,
            48.200282
          ],
          [
            16.244407,
            48.200255
          ],
          [
            16.245043,
            48.200271
          ],
          [
            16.245559,
            48.200322
          ],
          [
            16.246163,
            48.200422
          ],
          [
            16.247647,
            48.200704
          ],
          [
            16.248371,
            48.20081
          ],
          [
            16.248681,
            48.200839
          ],
          [
            16.249236,
            48.200854
          ],
          [
            16.249798,
            48.200828
          ],
          [
            16.250347,
            48.200755
          ],
          [
            16.250622,
            48.200701
          ],
          [
            16.251078,
            48.200584
          ],
          [
            16.251957,
            48.200273
          ],
          [
            16.252198,
            48.200157
          ],
          [
            16.25294,
            48.199789
          ],
          [
            16.254491,
            48.199056
          ],
          [
            16.254589,
            48.19901
          ],
          [
            16.258079,
            48.197353
          ],
          [
            16.260564,
            48.196177
          ],
          [
            16.262075,
            48.195503
          ],
          [
            16.262759,
            48.195183
          ],
          [
            16.26324,
            48.194961
          ],
          [
            16.263775,
            48.194702
          ],
          [
            16.264169,
            48.194481
          ],
          [
            16.264876,
            48.193944
          ],
          [
            16.265138,
            48.193801
          ],
          [
            16.265352,
            48.193714
          ],
          [
            16.265886,
            48.193558
          ],
          [
            16.267719,
            48.193102
          ],
          [
            16.268545,
            48.192943
          ],
          [
            16.269294,
            48.192827
          ],
          [
            16.270082,
            48.192733
          ],
          [
            16.271462,
            48.192597
          ],
          [
            16.273968,
            48.192365
          ],
          [
            16.275087,
            48.192209
          ],
          [
            16.276387,
            48.192081
          ],
          [
            16.277021,
            48.192026
          ],
          [
            16.277847,
            48.191978
          ],
          [
            16.279127,
            48.191886
          ],
          [
            16.279269,
            48.191872
          ],
          [
            16.28023,
            48.191777
          ],
          [
            16.280898,
            48.191706
          ],
          [
            16.281123,
            48.191683
          ],
          [
            16.28226,
            48.19156
          ],
          [
            16.283154,
            48.191452
          ],
          [
            16.284059,
            48.191289
          ],
          [
            16.285961,
            48.190984
          ],
          [
            16.28615,
            48.190955
          ],
          [
            16.287096,
            48.190827
          ],
          [
            16.287996,
            48.190744
          ],
          [
            16.29011,
            48.190427
          ],
          [
            16.290165,
            48.190418
          ],
          [
            16.29139,
            48.190215
          ],
          [
            16.292705,
            48.189964
          ],
          [
            16.294029,
            48.189687
          ],
          [
            16.29442,
            48.189592
          ],
          [
            16.294876,
            48.189479
          ],
          [
            16.296246,
            48.189189
          ],
          [
            16.29759,
            48.188932
          ],
          [
            16.299572,
            48.18853
          ],
          [
            16.30132,
            48.188159
          ],
          [
            16.301867,
            48.188043
          ],
          [
            16.302272,
            48.187958
          ],
          [
            16.303192,
            48.187732
          ],
          [
            16.303755,
            48.18758
          ],
          [
            16.304329,
            48.187462
          ],
          [
            16.304882,
            48.187396
          ],
          [
            16.305383,
            48.187363
          ],
          [
            16.30619,
            48.187321
          ],
          [
            16.306537,
            48.187287
          ],
          [
            16.307354,
            48.187256
          ],
          [
            16.307803,
            48.187241
          ],
          [
            16.309083,
            48.187198
          ],
          [
            16.312278,
            48.18709
          ],
          [
            16.312538,
            48.187076
          ],
          [
            16.312929,
            48.187023
          ],
          [
            16.313373,
            48.18693
          ],
          [
            16.313827,
            48.186786
          ],
          [
            16.315128,
            48.186328
          ],
          [
            16.315391,
            48.186229
          ],
          [
            16.315519,
            48.186183
          ],
          [
            16.317611,
            48.185447
          ],
          [
            16.317828,
            48.185371
          ],
          [
            16.317892,
            48.185348
          ],
          [
            16.318546,
            48.185138
          ],
          [
            16.319168,
            48.18496
          ],
          [
            16.319331,
            48.184927
          ],
          [
            16.319501,
            48.184912
          ],
          [
            16.319628,
            48.184907
          ],
          [
            16.319799,
            48.184896
          ],
          [
            16.31995,
            48.184875
          ],
          [
            16.320418,
            48.184747
          ],
          [
            16.320449,
            48.184738
          ],
          [
            16.320631,
            48.184677
          ],
          [
            16.321009,
            48.184549
          ],
          [
            16.321558,
            48.184419
          ],
          [
            16.323624,
            48.183838
          ],
          [
            16.325974,
            48.183208
          ],
          [
            16.326201,
            48.183147
          ],
          [
            16.326357,
            48.183113
          ],
          [
            16.326726,
            48.183056
          ],
          [
            16.32698,
            48.183051
          ],
          [
            16.326977,
            48.182955
          ],
          [
            16.326986,
            48.182627
          ],
          [
            16.326988,
            48.182102
          ],
          [
            16.326993,
            48.180956
          ],
          [
            16.326979,
            48.180007
          ],
          [
            16.326822,
            48.179242
          ],
          [
            16.326755,
            48.178892
          ],
          [
            16.326668,
            48.178431
          ],
          [
            16.326465,
            48.177303
          ],
          [
            16.326307,
            48.176375
          ],
          [
            16.326137,
            48.175487
          ],
          [
            16.326007,
            48.174721
          ],
          [
            16.325926,
            48.174163
          ],
          [
            16.325889,
            48.17408
          ],
          [
            16.325849,
            48.173769
          ],
          [
            16.325848,
            48.173683
          ],
          [
            16.32589,
            48.1736
          ],
          [
            16.326185,
            48.173303
          ],
          [
            16.326285,
            48.173218
          ],
          [
            16.326496,
            48.173032
          ],
          [
            16.326579,
            48.17296
          ],
          [
            16.32707,
            48.17256
          ],
          [
            16.327321,
            48.172339
          ],
          [
            16.327466,
            48.172227
          ],
          [
            16.327629,
            48.172168
          ],
          [
            16.328461,
            48.172071
          ],
          [
            16.328791,
            48.172007
          ],
          [
            16.328974,
            48.171971
          ],
          [
            16.329269,
            48.171917
          ],
          [
            16.329584,
            48.17186
          ],
          [
            16.330104,
            48.171766
          ],
          [
            16.330243,
            48.171747
          ],
          [
            16.330273,
            48.171743
          ],
          [
            16.330898,
            48.171652
          ],
          [
            16.330993,
            48.171637
          ],
          [
            16.331047,
            48.171628
          ],
          [
            16.332127,
            48.171522
          ],
          [
            16.332748,
            48.171453
          ],
          [
            16.332856,
            48.171398
          ],
          [
            16.332969,
            48.171393
          ],
          [
            16.33339,
            48.171357
          ],
          [
            16.333533,
            48.171392
          ],
          [
            16.334842,
            48.171257
          ],
          [
            16.335986,
            48.171175
          ],
          [
            16.336167,
            48.171162
          ],
          [
            16.336601,
            48.171118
          ],
          [
            16.337352,
            48.171041
          ],
          [
            16.337451,
            48.171028
          ],
          [
            16.337168,
            48.170609
          ],
          [
            16.337124,
            48.170544
          ],
          [
            16.336915,
            48.170233
          ],
          [
            16.336693,
            48.169911
          ],
          [
            16.336058,
            48.168942
          ],
          [
            16.3358,
            48.168488
          ],
          [
            16.33567,
            48.168208
          ],
          [
            16.335659,
            48.168146
          ],
          [
            16.335478,
            48.167835
          ],
          [
            16.335382,
            48.167664
          ],
          [
            16.334059,
            48.165852
          ],
          [
            16.33379,
            48.165547
          ],
          [
            16.333684,
            48.165491
          ],
          [
            16.333662,
            48.165421
          ],
          [
            16.333684,
            48.165375
          ],
          [
            16.333695,
            48.165363
          ],
          [
            16.333807,
            48.165316
          ],
          [
            16.333875,
            48.165317
          ],
          [
            16.334352,
            48.16515
          ],
          [
            16.334695,
            48.165056
          ],
          [
            16.334765,
            48.165031
          ],
          [
            16.335249,
            48.164864
          ],
          [
            16.335517,
            48.164742
          ],
          [
            16.335902,
            48.164519
          ],
          [
            16.336104,
            48.164339
          ],
          [
            16.336772,
            48.163646
          ],
          [
            16.336801,
            48.163615
          ],
          [
            16.336843,
            48.163572
          ],
          [
            16.337253,
            48.163148
          ],
          [
            16.337297,
            48.163103
          ],
          [
            16.337351,
            48.163048
          ],
          [
            16.33758,
            48.162818
          ],
          [
            16.337619,
            48.162778
          ],
          [
            16.337725,
            48.16285
          ],
          [
            16.337964,
            48.163106
          ],
          [
            16.338013,
            48.163159
          ],
          [
            16.338088,
            48.163239
          ],
          [
            16.338215,
            48.163375
          ],
          [
            16.338341,
            48.16351
          ],
          [
            16.338827,
            48.163244
          ],
          [
            16.339008,
            48.163189
          ],
          [
            16.339416,
            48.163112
          ],
          [
            16.339685,
            48.163014
          ],
          [
            16.339844,
            48.162927
          ],
          [
            16.340012,
            48.162834
          ],
          [
            16.340087,
            48.162801
          ],
          [
            16.340412,
            48.16283
          ]
        ]
      }
    }
  ]
}
