{
  "type": "FeatureCollection",
  "properties": {
    "dayNumber": 5,
    "title": "Slovenia & Croatia"
  },
  "features": [
    {
      "type": "Feature",
      "properties": {
        "mode": "drive",
        "fromStopIndex": 0,
        "toStopIndex": 3,
        "fromName": "Kamnik",
        "toName": "Kamnik",
        "waypointNames": [
          "Kamnik",
          "Slovenia Bethel",
          "Croatia Bethel",
          "Kamnik"
        ],
        "distanceMeters": 299939.2,
        "durationSeconds": 12772.300000000001
      },
      "geometry": {
        "type": "LineString",
        "coordinates": [
          [
            14.595337,
            46.201167
          ],
          [
            14.595573,
            46.201296
          ],
          [
            14.596694,
            46.201902
          ],
          [
            14.596689,
            46.202093
          ],
          [
            14.596588,
            46.202108
          ],
          [
            14.596331,
            46.202209
          ],
          [
            14.596515,
            46.202423
          ],
          [
            14.596599,
            46.202559
          ],
          [
            14.5969,
            46.203181
          ],
          [
            14.596936,
            46.20326
          ],
          [
            14.597001,
            46.20336
          ],
          [
            14.59708,
            46.203656
          ],
          [
            14.597089,
            46.2039
          ],
          [
            14.597107,
            46.204266
          ],
          [
            14.597101,
            46.205128
          ],
          [
            14.597134,
            46.205447
          ],
          [
            14.597233,
            46.206109
          ],
          [
            14.597394,
            46.206674
          ],
          [
            14.597548,
            46.206966
          ],
          [
            14.597655,
            46.207098
          ],
          [
            14.597886,
            46.207322
          ],
          [
            14.598189,
            46.207627
          ],
          [
            14.598318,
            46.207783
          ],
          [
            14.598507,
            46.208111
          ],
          [
            14.5987,
            46.208561
          ],
          [
            14.598711,
            46.208647
          ],
          [
            14.598756,
            46.209257
          ],
          [
            14.598772,
            46.209372
          ],
          [
            14.598864,
            46.209928
          ],
          [
            14.59902,
            46.210354
          ],
          [
            14.59912,
            46.210365
          ],
          [
            14.599175,
            46.210424
          ],
          [
            14.599156,
            46.210484
          ],
          [
            14.599085,
            46.210519
          ],
          [
            14.59921,
            46.210775
          ],
          [
            14.599378,
            46.211058
          ],
          [
            14.599775,
            46.211549
          ],
          [
            14.599954,
            46.211748
          ],
          [
            14.600368,
            46.212213
          ],
          [
            14.600466,
            46.21232
          ],
          [
            14.600735,
            46.212686
          ],
          [
            14.600885,
            46.212923
          ],
          [
            14.601128,
            46.213418
          ],
          [
            14.601216,
            46.21366
          ],
          [
            14.60136,
            46.213942
          ],
          [
            14.601579,
            46.214267
          ],
          [
            14.601845,
            46.214605
          ],
          [
            14.602076,
            46.2149
          ],
          [
            14.602285,
            46.215239
          ],
          [
            14.602435,
            46.215527
          ],
          [
            14.602578,
            46.215857
          ],
          [
            14.602596,
            46.215937
          ],
          [
            14.602689,
            46.216397
          ],
          [
            14.602765,
            46.216733
          ],
          [
            14.602888,
            46.217069
          ],
          [
            14.603154,
            46.217412
          ],
          [
            14.60388,
            46.218135
          ],
          [
            14.604391,
            46.218637
          ],
          [
            14.60469,
            46.218918
          ],
          [
            14.605218,
            46.219446
          ],
          [
            14.605427,
            46.219699
          ],
          [
            14.605574,
            46.219928
          ],
          [
            14.605822,
            46.220463
          ],
          [
            14.605992,
            46.220904
          ],
          [
            14.606115,
            46.221261
          ],
          [
            14.606227,
            46.22145
          ],
          [
            14.606546,
            46.221725
          ],
          [
            14.606896,
            46.221968
          ],
          [
            14.607298,
            46.222187
          ],
          [
            14.607407,
            46.222161
          ],
          [
            14.607912,
            46.221949
          ],
          [
            14.608331,
            46.221811
          ],
          [
            14.609077,
            46.221657
          ],
          [
            14.609643,
            46.221571
          ],
          [
            14.610219,
            46.221487
          ],
          [
            14.610572,
            46.22143
          ],
          [
            14.610809,
            46.221412
          ],
          [
            14.611056,
            46.221705
          ],
          [
            14.611258,
            46.221909
          ],
          [
            14.611503,
            46.222127
          ],
          [
            14.611854,
            46.222404
          ],
          [
            14.613012,
            46.22338
          ],
          [
            14.61352,
            46.223873
          ],
          [
            14.613703,
            46.224074
          ],
          [
            14.614087,
            46.224599
          ],
          [
            14.614482,
            46.225136
          ],
          [
            14.614631,
            46.22533
          ],
          [
            14.614702,
            46.225423
          ],
          [
            14.614839,
            46.225558
          ],
          [
            14.614611,
            46.225617
          ],
          [
            14.614508,
            46.225641
          ],
          [
            14.614054,
            46.225743
          ],
          [
            14.613917,
            46.22577
          ],
          [
            14.613539,
            46.225839
          ],
          [
            14.613583,
            46.225979
          ],
          [
            14.613604,
            46.226228
          ],
          [
            14.613588,
            46.226256
          ],
          [
            14.613544,
            46.226279
          ],
          [
            14.613276,
            46.22628
          ],
          [
            14.61318,
            46.226296
          ],
          [
            14.613131,
            46.226337
          ],
          [
            14.613121,
            46.226384
          ],
          [
            14.6131,
            46.226705
          ],
          [
            14.613078,
            46.226761
          ],
          [
            14.613026,
            46.22679
          ],
          [
            14.612556,
            46.226825
          ],
          [
            14.611972,
            46.226862
          ],
          [
            14.611798,
            46.226831
          ],
          [
            14.611855,
            46.226703
          ],
          [
            14.611855,
            46.226558
          ],
          [
            14.611801,
            46.22626
          ],
          [
            14.611708,
            46.225835
          ],
          [
            14.611838,
            46.225822
          ],
          [
            14.611902,
            46.225822
          ],
          [
            14.613539,
            46.225839
          ],
          [
            14.613917,
            46.22577
          ],
          [
            14.614054,
            46.225743
          ],
          [
            14.614508,
            46.225641
          ],
          [
            14.614598,
            46.225567
          ],
          [
            14.614631,
            46.22533
          ],
          [
            14.614482,
            46.225136
          ],
          [
            14.614087,
            46.224599
          ],
          [
            14.613703,
            46.224074
          ],
          [
            14.61352,
            46.223873
          ],
          [
            14.613012,
            46.22338
          ],
          [
            14.611854,
            46.222404
          ],
          [
            14.611503,
            46.222127
          ],
          [
            14.611258,
            46.221909
          ],
          [
            14.611056,
            46.221705
          ],
          [
            14.610809,
            46.221412
          ],
          [
            14.610629,
            46.221111
          ],
          [
            14.610453,
            46.22071
          ],
          [
            14.610287,
            46.220136
          ],
          [
            14.610256,
            46.219812
          ],
          [
            14.61024,
            46.219212
          ],
          [
            14.610193,
            46.218916
          ],
          [
            14.610132,
            46.218727
          ],
          [
            14.610038,
            46.218519
          ],
          [
            14.609877,
            46.218245
          ],
          [
            14.609311,
            46.217488
          ],
          [
            14.608959,
            46.216914
          ],
          [
            14.608802,
            46.216537
          ],
          [
            14.608629,
            46.216049
          ],
          [
            14.608557,
            46.215735
          ],
          [
            14.608495,
            46.215298
          ],
          [
            14.608471,
            46.213974
          ],
          [
            14.608482,
            46.213387
          ],
          [
            14.608486,
            46.213247
          ],
          [
            14.608497,
            46.212215
          ],
          [
            14.608442,
            46.211678
          ],
          [
            14.608409,
            46.211528
          ],
          [
            14.60825,
            46.211078
          ],
          [
            14.608139,
            46.210818
          ],
          [
            14.607982,
            46.210533
          ],
          [
            14.607806,
            46.210273
          ],
          [
            14.607281,
            46.209674
          ],
          [
            14.606561,
            46.209038
          ],
          [
            14.606184,
            46.208717
          ],
          [
            14.605931,
            46.208477
          ],
          [
            14.605511,
            46.207998
          ],
          [
            14.605297,
            46.207707
          ],
          [
            14.604602,
            46.206512
          ],
          [
            14.604287,
            46.206124
          ],
          [
            14.604209,
            46.206107
          ],
          [
            14.604162,
            46.20608
          ],
          [
            14.604129,
            46.206044
          ],
          [
            14.604115,
            46.205978
          ],
          [
            14.604139,
            46.205919
          ],
          [
            14.604132,
            46.205808
          ],
          [
            14.60404,
            46.205555
          ],
          [
            14.60305,
            46.203817
          ],
          [
            14.601641,
            46.201423
          ],
          [
            14.601309,
            46.200922
          ],
          [
            14.600803,
            46.200105
          ],
          [
            14.600696,
            46.199989
          ],
          [
            14.60067,
            46.19998
          ],
          [
            14.600633,
            46.19995
          ],
          [
            14.600623,
            46.199908
          ],
          [
            14.600631,
            46.199887
          ],
          [
            14.600671,
            46.199854
          ],
          [
            14.600731,
            46.199841
          ],
          [
            14.600763,
            46.199845
          ],
          [
            14.600899,
            46.199822
          ],
          [
            14.601028,
            46.199778
          ],
          [
            14.601206,
            46.199674
          ],
          [
            14.601275,
            46.199581
          ],
          [
            14.601295,
            46.199487
          ],
          [
            14.601227,
            46.199299
          ],
          [
            14.601063,
            46.199011
          ],
          [
            14.600948,
            46.19882
          ],
          [
            14.600916,
            46.198766
          ],
          [
            14.6008,
            46.198574
          ],
          [
            14.600469,
            46.197977
          ],
          [
            14.600481,
            46.197846
          ],
          [
            14.600618,
            46.197652
          ],
          [
            14.601218,
            46.197029
          ],
          [
            14.601442,
            46.196764
          ],
          [
            14.601481,
            46.196615
          ],
          [
            14.601499,
            46.196351
          ],
          [
            14.601522,
            46.195865
          ],
          [
            14.601593,
            46.195094
          ],
          [
            14.601684,
            46.194457
          ],
          [
            14.601747,
            46.194195
          ],
          [
            14.601824,
            46.193848
          ],
          [
            14.601931,
            46.192995
          ],
          [
            14.601966,
            46.192732
          ],
          [
            14.602048,
            46.192483
          ],
          [
            14.60231,
            46.191892
          ],
          [
            14.602595,
            46.191278
          ],
          [
            14.602765,
            46.19106
          ],
          [
            14.60298,
            46.190885
          ],
          [
            14.60309,
            46.1908
          ],
          [
            14.603247,
            46.190649
          ],
          [
            14.603362,
            46.190475
          ],
          [
            14.60357,
            46.189906
          ],
          [
            14.603679,
            46.189669
          ],
          [
            14.603759,
            46.189504
          ],
          [
            14.603941,
            46.188982
          ],
          [
            14.604114,
            46.188632
          ],
          [
            14.604397,
            46.188261
          ],
          [
            14.604566,
            46.187943
          ],
          [
            14.60471,
            46.187336
          ],
          [
            14.604747,
            46.187108
          ],
          [
            14.604786,
            46.18657
          ],
          [
            14.604847,
            46.186286
          ],
          [
            14.604906,
            46.186158
          ],
          [
            14.605005,
            46.186026
          ],
          [
            14.605287,
            46.185658
          ],
          [
            14.605485,
            46.185332
          ],
          [
            14.605594,
            46.185134
          ],
          [
            14.605661,
            46.185015
          ],
          [
            14.605871,
            46.184669
          ],
          [
            14.606071,
            46.184431
          ],
          [
            14.606194,
            46.184326
          ],
          [
            14.60639,
            46.184184
          ],
          [
            14.606694,
            46.184016
          ],
          [
            14.607411,
            46.183668
          ],
          [
            14.60765,
            46.183523
          ],
          [
            14.607841,
            46.18338
          ],
          [
            14.607997,
            46.18324
          ],
          [
            14.608186,
            46.182999
          ],
          [
            14.608339,
            46.182753
          ],
          [
            14.608464,
            46.182418
          ],
          [
            14.608674,
            46.1817
          ],
          [
            14.608713,
            46.181544
          ],
          [
            14.608859,
            46.180878
          ],
          [
            14.608908,
            46.18027
          ],
          [
            14.608955,
            46.18007
          ],
          [
            14.609385,
            46.178673
          ],
          [
            14.609569,
            46.178269
          ],
          [
            14.609751,
            46.178009
          ],
          [
            14.610052,
            46.177631
          ],
          [
            14.610109,
            46.177516
          ],
          [
            14.610152,
            46.177367
          ],
          [
            14.610223,
            46.176747
          ],
          [
            14.610262,
            46.1764
          ],
          [
            14.610258,
            46.176011
          ],
          [
            14.610253,
            46.17564
          ],
          [
            14.610219,
            46.175297
          ],
          [
            14.610176,
            46.17511
          ],
          [
            14.609821,
            46.174364
          ],
          [
            14.609753,
            46.174208
          ],
          [
            14.609686,
            46.173969
          ],
          [
            14.609655,
            46.173675
          ],
          [
            14.609679,
            46.173443
          ],
          [
            14.609892,
            46.172975
          ],
          [
            14.609832,
            46.172961
          ],
          [
            14.609796,
            46.172929
          ],
          [
            14.609792,
            46.172887
          ],
          [
            14.60982,
            46.172844
          ],
          [
            14.609898,
            46.1728
          ],
          [
            14.610014,
            46.17279
          ],
          [
            14.610318,
            46.172245
          ],
          [
            14.610722,
            46.171685
          ],
          [
            14.610706,
            46.171607
          ],
          [
            14.610679,
            46.171579
          ],
          [
            14.610334,
            46.171366
          ],
          [
            14.609756,
            46.171087
          ],
          [
            14.60966,
            46.171023
          ],
          [
            14.609593,
            46.170952
          ],
          [
            14.609566,
            46.170902
          ],
          [
            14.609542,
            46.170716
          ],
          [
            14.609619,
            46.170303
          ],
          [
            14.609569,
            46.170071
          ],
          [
            14.609372,
            46.169819
          ],
          [
            14.608647,
            46.169186
          ],
          [
            14.608159,
            46.168666
          ],
          [
            14.608004,
            46.16841
          ],
          [
            14.607976,
            46.168308
          ],
          [
            14.607982,
            46.168221
          ],
          [
            14.608073,
            46.167884
          ],
          [
            14.608173,
            46.167481
          ],
          [
            14.608426,
            46.166104
          ],
          [
            14.608513,
            46.165369
          ],
          [
            14.608681,
            46.163443
          ],
          [
            14.608888,
            46.162532
          ],
          [
            14.609076,
            46.161446
          ],
          [
            14.609172,
            46.160704
          ],
          [
            14.6093,
            46.160248
          ],
          [
            14.609533,
            46.159416
          ],
          [
            14.609607,
            46.158931
          ],
          [
            14.609667,
            46.158336
          ],
          [
            14.609741,
            46.158039
          ],
          [
            14.609907,
            46.157701
          ],
          [
            14.610139,
            46.157257
          ],
          [
            14.610375,
            46.156846
          ],
          [
            14.610486,
            46.156532
          ],
          [
            14.610887,
            46.154838
          ],
          [
            14.611238,
            46.153607
          ],
          [
            14.611292,
            46.15345
          ],
          [
            14.611505,
            46.153102
          ],
          [
            14.611665,
            46.152914
          ],
          [
            14.611894,
            46.152712
          ],
          [
            14.612159,
            46.152511
          ],
          [
            14.61233,
            46.152401
          ],
          [
            14.612613,
            46.152257
          ],
          [
            14.61299,
            46.152112
          ],
          [
            14.613186,
            46.152055
          ],
          [
            14.613927,
            46.151873
          ],
          [
            14.614266,
            46.15177
          ],
          [
            14.614631,
            46.151619
          ],
          [
            14.614834,
            46.151491
          ],
          [
            14.614927,
            46.151321
          ],
          [
            14.61492,
            46.151269
          ],
          [
            14.614962,
            46.151213
          ],
          [
            14.615043,
            46.151185
          ],
          [
            14.61512,
            46.151191
          ],
          [
            14.615369,
            46.15113
          ],
          [
            14.615718,
            46.150841
          ],
          [
            14.616108,
            46.150242
          ],
          [
            14.616561,
            46.149529
          ],
          [
            14.616925,
            46.148954
          ],
          [
            14.617247,
            46.14844
          ],
          [
            14.617436,
            46.147975
          ],
          [
            14.617536,
            46.147446
          ],
          [
            14.617524,
            46.147036
          ],
          [
            14.617411,
            46.146655
          ],
          [
            14.617236,
            46.14617
          ],
          [
            14.616433,
            46.144528
          ],
          [
            14.61619,
            46.144076
          ],
          [
            14.616041,
            46.143831
          ],
          [
            14.615886,
            46.14362
          ],
          [
            14.615779,
            46.143492
          ],
          [
            14.615579,
            46.143278
          ],
          [
            14.61536,
            46.143087
          ],
          [
            14.615131,
            46.142915
          ],
          [
            14.614853,
            46.142741
          ],
          [
            14.614323,
            46.142465
          ],
          [
            14.613614,
            46.142134
          ],
          [
            14.613308,
            46.14197
          ],
          [
            14.613002,
            46.141749
          ],
          [
            14.612776,
            46.141534
          ],
          [
            14.612589,
            46.141325
          ],
          [
            14.612474,
            46.141159
          ],
          [
            14.612374,
            46.140943
          ],
          [
            14.612274,
            46.140644
          ],
          [
            14.612229,
            46.140401
          ],
          [
            14.612204,
            46.140117
          ],
          [
            14.612122,
            46.139312
          ],
          [
            14.612089,
            46.138876
          ],
          [
            14.612104,
            46.138635
          ],
          [
            14.61215,
            46.138379
          ],
          [
            14.612372,
            46.137862
          ],
          [
            14.612532,
            46.137572
          ],
          [
            14.613188,
            46.13651
          ],
          [
            14.613315,
            46.136328
          ],
          [
            14.613552,
            46.135969
          ],
          [
            14.613607,
            46.135812
          ],
          [
            14.613792,
            46.13551
          ],
          [
            14.613837,
            46.135431
          ],
          [
            14.613956,
            46.135432
          ],
          [
            14.614415,
            46.135442
          ],
          [
            14.614769,
            46.135437
          ],
          [
            14.614947,
            46.135401
          ],
          [
            14.615061,
            46.135356
          ],
          [
            14.615196,
            46.135268
          ],
          [
            14.615298,
            46.135155
          ],
          [
            14.615346,
            46.13506
          ],
          [
            14.615361,
            46.134973
          ],
          [
            14.615343,
            46.134842
          ],
          [
            14.615298,
            46.134741
          ],
          [
            14.615161,
            46.134599
          ],
          [
            14.615043,
            46.134525
          ],
          [
            14.614793,
            46.134414
          ],
          [
            14.614596,
            46.134286
          ],
          [
            14.613768,
            46.133915
          ],
          [
            14.613035,
            46.133552
          ],
          [
            14.612313,
            46.133174
          ],
          [
            14.611774,
            46.132841
          ],
          [
            14.611135,
            46.132457
          ],
          [
            14.610541,
            46.132072
          ],
          [
            14.609996,
            46.131685
          ],
          [
            14.608344,
            46.130435
          ],
          [
            14.607843,
            46.129999
          ],
          [
            14.607353,
            46.12954
          ],
          [
            14.606774,
            46.12896
          ],
          [
            14.605961,
            46.128038
          ],
          [
            14.605505,
            46.127448
          ],
          [
            14.605067,
            46.126841
          ],
          [
            14.604329,
            46.125662
          ],
          [
            14.603986,
            46.125029
          ],
          [
            14.603695,
            46.124398
          ],
          [
            14.603421,
            46.123747
          ],
          [
            14.603185,
            46.123114
          ],
          [
            14.602839,
            46.121928
          ],
          [
            14.602426,
            46.119404
          ],
          [
            14.602097,
            46.116297
          ],
          [
            14.601903,
            46.114872
          ],
          [
            14.601691,
            46.113738
          ],
          [
            14.601516,
            46.113009
          ],
          [
            14.601329,
            46.112366
          ],
          [
            14.600879,
            46.111037
          ],
          [
            14.600403,
            46.109915
          ],
          [
            14.600158,
            46.109385
          ],
          [
            14.599794,
            46.108713
          ],
          [
            14.598945,
            46.10722
          ],
          [
            14.598042,
            46.105889
          ],
          [
            14.597485,
            46.105146
          ],
          [
            14.596744,
            46.104249
          ],
          [
            14.596235,
            46.103668
          ],
          [
            14.595553,
            46.102977
          ],
          [
            14.595271,
            46.102694
          ],
          [
            14.593336,
            46.100809
          ],
          [
            14.592641,
            46.100109
          ],
          [
            14.591978,
            46.099407
          ],
          [
            14.591326,
            46.098656
          ],
          [
            14.590389,
            46.09749
          ],
          [
            14.589505,
            46.096277
          ],
          [
            14.588922,
            46.095422
          ],
          [
            14.587867,
            46.09357
          ],
          [
            14.587338,
            46.092491
          ],
          [
            14.585574,
            46.088575
          ],
          [
            14.584109,
            46.085275
          ],
          [
            14.583602,
            46.084135
          ],
          [
            14.582572,
            46.081822
          ],
          [
            14.581629,
            46.079701
          ],
          [
            14.580007,
            46.07601
          ],
          [
            14.579553,
            46.07503
          ],
          [
            14.578796,
            46.073285
          ],
          [
            14.577997,
            46.071347
          ],
          [
            14.57721,
            46.069326
          ],
          [
            14.57675,
            46.068083
          ],
          [
            14.575597,
            46.06474
          ],
          [
            14.5755,
            46.064448
          ],
          [
            14.574925,
            46.062725
          ],
          [
            14.574362,
            46.061005
          ],
          [
            14.573995,
            46.059793
          ],
          [
            14.573794,
            46.05898
          ],
          [
            14.573627,
            46.058061
          ],
          [
            14.573556,
            46.057412
          ],
          [
            14.573519,
            46.056676
          ],
          [
            14.573536,
            46.056032
          ],
          [
            14.573636,
            46.055074
          ],
          [
            14.573707,
            46.054651
          ],
          [
            14.574428,
            46.051837
          ],
          [
            14.57476,
            46.050619
          ],
          [
            14.575308,
            46.048593
          ],
          [
            14.575506,
            46.047851
          ],
          [
            14.57573,
            46.047026
          ],
          [
            14.575943,
            46.046299
          ],
          [
            14.576477,
            46.044258
          ],
          [
            14.576601,
            46.043475
          ],
          [
            14.576632,
            46.042947
          ],
          [
            14.576613,
            46.04231
          ],
          [
            14.576529,
            46.041677
          ],
          [
            14.576377,
            46.04105
          ],
          [
            14.57628,
            46.040737
          ],
          [
            14.576012,
            46.040074
          ],
          [
            14.575529,
            46.039237
          ],
          [
            14.575103,
            46.038621
          ],
          [
            14.574915,
            46.038381
          ],
          [
            14.57471,
            46.038143
          ],
          [
            14.572922,
            46.036202
          ],
          [
            14.572449,
            46.035654
          ],
          [
            14.572005,
            46.035095
          ],
          [
            14.571296,
            46.034071
          ],
          [
            14.569827,
            46.031462
          ],
          [
            14.569254,
            46.030419
          ],
          [
            14.568314,
            46.028735
          ],
          [
            14.567122,
            46.026599
          ],
          [
            14.56684,
            46.026126
          ],
          [
            14.566165,
            46.025105
          ],
          [
            14.565789,
            46.024601
          ],
          [
            14.565355,
            46.024062
          ],
          [
            14.564806,
            46.023443
          ],
          [
            14.564336,
            46.022946
          ],
          [
            14.563861,
            46.022478
          ],
          [
            14.563151,
            46.021843
          ],
          [
            14.562366,
            46.021156
          ],
          [
            14.561622,
            46.020593
          ],
          [
            14.560188,
            46.019461
          ],
          [
            14.559545,
            46.018927
          ],
          [
            14.559059,
            46.018438
          ],
          [
            14.55839,
            46.017733
          ],
          [
            14.557984,
            46.017123
          ],
          [
            14.557472,
            46.016285
          ],
          [
            14.557196,
            46.015717
          ],
          [
            14.557021,
            46.015306
          ],
          [
            14.556947,
            46.014985
          ],
          [
            14.556936,
            46.014827
          ],
          [
            14.556973,
            46.014494
          ],
          [
            14.557087,
            46.014137
          ],
          [
            14.557262,
            46.013827
          ],
          [
            14.557492,
            46.013552
          ],
          [
            14.557767,
            46.013307
          ],
          [
            14.558149,
            46.013064
          ],
          [
            14.558376,
            46.012945
          ],
          [
            14.558776,
            46.01278
          ],
          [
            14.559196,
            46.012644
          ],
          [
            14.56072,
            46.012227
          ],
          [
            14.561574,
            46.011969
          ],
          [
            14.562408,
            46.01165
          ],
          [
            14.562804,
            46.011467
          ],
          [
            14.563373,
            46.011185
          ],
          [
            14.563853,
            46.010904
          ],
          [
            14.564163,
            46.010722
          ],
          [
            14.564529,
            46.010427
          ],
          [
            14.565356,
            46.009683
          ],
          [
            14.566167,
            46.008779
          ],
          [
            14.566988,
            46.007708
          ],
          [
            14.56761,
            46.007031
          ],
          [
            14.568112,
            46.006595
          ],
          [
            14.568514,
            46.006288
          ],
          [
            14.568967,
            46.005974
          ],
          [
            14.569435,
            46.005708
          ],
          [
            14.569885,
            46.005461
          ],
          [
            14.570471,
            46.005183
          ],
          [
            14.571497,
            46.004739
          ],
          [
            14.572615,
            46.004311
          ],
          [
            14.574721,
            46.003641
          ],
          [
            14.578117,
            46.002807
          ],
          [
            14.579393,
            46.002428
          ],
          [
            14.580394,
            46.002024
          ],
          [
            14.581188,
            46.001612
          ],
          [
            14.582134,
            46.001023
          ],
          [
            14.583073,
            46.000319
          ],
          [
            14.584902,
            45.998451
          ],
          [
            14.5856,
            45.997828
          ],
          [
            14.586525,
            45.997171
          ],
          [
            14.587503,
            45.996578
          ],
          [
            14.588345,
            45.996101
          ],
          [
            14.589302,
            45.995438
          ],
          [
            14.590181,
            45.994667
          ],
          [
            14.590681,
            45.994151
          ],
          [
            14.591402,
            45.993175
          ],
          [
            14.592981,
            45.99061
          ],
          [
            14.593639,
            45.989587
          ],
          [
            14.594331,
            45.988573
          ],
          [
            14.595389,
            45.987131
          ],
          [
            14.596686,
            45.985529
          ],
          [
            14.597398,
            45.984696
          ],
          [
            14.597773,
            45.984292
          ],
          [
            14.598263,
            45.983806
          ],
          [
            14.598808,
            45.983301
          ],
          [
            14.599387,
            45.982801
          ],
          [
            14.599995,
            45.982309
          ],
          [
            14.600766,
            45.981745
          ],
          [
            14.601823,
            45.981042
          ],
          [
            14.602383,
            45.980708
          ],
          [
            14.603299,
            45.980197
          ],
          [
            14.604044,
            45.979821
          ],
          [
            14.604955,
            45.979397
          ],
          [
            14.605983,
            45.978958
          ],
          [
            14.607416,
            45.97842
          ],
          [
            14.608338,
            45.978113
          ],
          [
            14.609245,
            45.977847
          ],
          [
            14.609447,
            45.977787
          ],
          [
            14.610636,
            45.977483
          ],
          [
            14.612092,
            45.977163
          ],
          [
            14.613974,
            45.976746
          ],
          [
            14.615252,
            45.976413
          ],
          [
            14.61631,
            45.976099
          ],
          [
            14.618717,
            45.975348
          ],
          [
            14.619933,
            45.974998
          ],
          [
            14.620833,
            45.974776
          ],
          [
            14.621099,
            45.974718
          ],
          [
            14.623906,
            45.97411
          ],
          [
            14.624386,
            45.973991
          ],
          [
            14.625232,
            45.973758
          ],
          [
            14.626326,
            45.973379
          ],
          [
            14.626689,
            45.97323
          ],
          [
            14.627479,
            45.972867
          ],
          [
            14.629893,
            45.97158
          ],
          [
            14.630667,
            45.971197
          ],
          [
            14.631517,
            45.970823
          ],
          [
            14.631774,
            45.970717
          ],
          [
            14.632161,
            45.970568
          ],
          [
            14.63288,
            45.970337
          ],
          [
            14.633374,
            45.970196
          ],
          [
            14.634683,
            45.969902
          ],
          [
            14.635463,
            45.969776
          ],
          [
            14.636465,
            45.969665
          ],
          [
            14.637508,
            45.969616
          ],
          [
            14.639274,
            45.96961
          ],
          [
            14.640792,
            45.969643
          ],
          [
            14.641661,
            45.969632
          ],
          [
            14.64251,
            45.969601
          ],
          [
            14.64379,
            45.969472
          ],
          [
            14.646137,
            45.969152
          ],
          [
            14.647021,
            45.969054
          ],
          [
            14.647814,
            45.96899
          ],
          [
            14.648567,
            45.968963
          ],
          [
            14.651644,
            45.968993
          ],
          [
            14.652988,
            45.968984
          ],
          [
            14.654275,
            45.968937
          ],
          [
            14.656476,
            45.968845
          ],
          [
            14.656679,
            45.968842
          ],
          [
            14.65736,
            45.968835
          ],
          [
            14.659077,
            45.968909
          ],
          [
            14.660469,
            45.969056
          ],
          [
            14.661863,
            45.969279
          ],
          [
            14.662556,
            45.96942
          ],
          [
            14.663235,
            45.969586
          ],
          [
            14.664251,
            45.969867
          ],
          [
            14.665131,
            45.97015
          ],
          [
            14.666007,
            45.970473
          ],
          [
            14.667293,
            45.970997
          ],
          [
            14.669108,
            45.971777
          ],
          [
            14.669831,
            45.972013
          ],
          [
            14.670398,
            45.97217
          ],
          [
            14.671199,
            45.972307
          ],
          [
            14.671833,
            45.972362
          ],
          [
            14.672534,
            45.972392
          ],
          [
            14.672945,
            45.97239
          ],
          [
            14.673366,
            45.972367
          ],
          [
            14.673874,
            45.972319
          ],
          [
            14.674335,
            45.972233
          ],
          [
            14.674859,
            45.972102
          ],
          [
            14.675764,
            45.971792
          ],
          [
            14.676858,
            45.971385
          ],
          [
            14.677919,
            45.971047
          ],
          [
            14.67856,
            45.970907
          ],
          [
            14.680494,
            45.970618
          ],
          [
            14.681367,
            45.970444
          ],
          [
            14.681772,
            45.970327
          ],
          [
            14.682187,
            45.97018
          ],
          [
            14.682453,
            45.970058
          ],
          [
            14.682775,
            45.969894
          ],
          [
            14.683386,
            45.969504
          ],
          [
            14.683704,
            45.969291
          ],
          [
            14.684308,
            45.968879
          ],
          [
            14.684874,
            45.968543
          ],
          [
            14.685403,
            45.968301
          ],
          [
            14.686294,
            45.967994
          ],
          [
            14.687781,
            45.967651
          ],
          [
            14.688203,
            45.967533
          ],
          [
            14.688646,
            45.967388
          ],
          [
            14.689003,
            45.967247
          ],
          [
            14.689927,
            45.96684
          ],
          [
            14.690327,
            45.966682
          ],
          [
            14.690789,
            45.966523
          ],
          [
            14.6915,
            45.966339
          ],
          [
            14.692164,
            45.966242
          ],
          [
            14.692533,
            45.966216
          ],
          [
            14.692931,
            45.96621
          ],
          [
            14.693288,
            45.966216
          ],
          [
            14.693706,
            45.966245
          ],
          [
            14.694091,
            45.966294
          ],
          [
            14.69479,
            45.966439
          ],
          [
            14.695444,
            45.9666
          ],
          [
            14.696104,
            45.966742
          ],
          [
            14.696679,
            45.966824
          ],
          [
            14.697145,
            45.966854
          ],
          [
            14.697789,
            45.966856
          ],
          [
            14.698825,
            45.966801
          ],
          [
            14.699754,
            45.966769
          ],
          [
            14.700336,
            45.966779
          ],
          [
            14.700884,
            45.966808
          ],
          [
            14.702584,
            45.966974
          ],
          [
            14.703134,
            45.966995
          ],
          [
            14.70361,
            45.966978
          ],
          [
            14.704249,
            45.966913
          ],
          [
            14.704738,
            45.966813
          ],
          [
            14.705302,
            45.966663
          ],
          [
            14.705844,
            45.966478
          ],
          [
            14.706241,
            45.966287
          ],
          [
            14.706627,
            45.966074
          ],
          [
            14.706941,
            45.965845
          ],
          [
            14.707787,
            45.964965
          ],
          [
            14.708403,
            45.964233
          ],
          [
            14.708805,
            45.963816
          ],
          [
            14.709216,
            45.96346
          ],
          [
            14.709628,
            45.96317
          ],
          [
            14.710052,
            45.962944
          ],
          [
            14.710548,
            45.96272
          ],
          [
            14.711169,
            45.962489
          ],
          [
            14.711731,
            45.962343
          ],
          [
            14.712194,
            45.962251
          ],
          [
            14.712765,
            45.962182
          ],
          [
            14.713262,
            45.962149
          ],
          [
            14.71536,
            45.962186
          ],
          [
            14.716441,
            45.962154
          ],
          [
            14.716803,
            45.962115
          ],
          [
            14.717723,
            45.961981
          ],
          [
            14.719194,
            45.961724
          ],
          [
            14.720358,
            45.961615
          ],
          [
            14.722197,
            45.961556
          ],
          [
            14.72287,
            45.961488
          ],
          [
            14.723537,
            45.961389
          ],
          [
            14.724284,
            45.961218
          ],
          [
            14.724925,
            45.960993
          ],
          [
            14.725515,
            45.960723
          ],
          [
            14.726089,
            45.960419
          ],
          [
            14.726859,
            45.960038
          ],
          [
            14.727256,
            45.959865
          ],
          [
            14.727656,
            45.959705
          ],
          [
            14.728341,
            45.959501
          ],
          [
            14.729025,
            45.959377
          ],
          [
            14.729589,
            45.95932
          ],
          [
            14.729953,
            45.959314
          ],
          [
            14.730403,
            45.959337
          ],
          [
            14.731028,
            45.959412
          ],
          [
            14.731663,
            45.959525
          ],
          [
            14.732915,
            45.95982
          ],
          [
            14.733828,
            45.960005
          ],
          [
            14.734194,
            45.960052
          ],
          [
            14.734643,
            45.960085
          ],
          [
            14.734963,
            45.960099
          ],
          [
            14.735512,
            45.960097
          ],
          [
            14.735967,
            45.960078
          ],
          [
            14.736775,
            45.960014
          ],
          [
            14.737517,
            45.959901
          ],
          [
            14.738321,
            45.959718
          ],
          [
            14.738648,
            45.959638
          ],
          [
            14.739557,
            45.959374
          ],
          [
            14.741265,
            45.958851
          ],
          [
            14.743038,
            45.958376
          ],
          [
            14.74547,
            45.957799
          ],
          [
            14.746487,
            45.957541
          ],
          [
            14.747611,
            45.957205
          ],
          [
            14.748405,
            45.95693
          ],
          [
            14.750383,
            45.956152
          ],
          [
            14.751494,
            45.955634
          ],
          [
            14.751835,
            45.955472
          ],
          [
            14.753999,
            45.954276
          ],
          [
            14.755346,
            45.95346
          ],
          [
            14.756412,
            45.952757
          ],
          [
            14.757544,
            45.95195
          ],
          [
            14.759404,
            45.950528
          ],
          [
            14.760088,
            45.950061
          ],
          [
            14.760624,
            45.949735
          ],
          [
            14.761143,
            45.949455
          ],
          [
            14.76195,
            45.949072
          ],
          [
            14.762697,
            45.948765
          ],
          [
            14.763338,
            45.948539
          ],
          [
            14.764015,
            45.948335
          ],
          [
            14.764861,
            45.948121
          ],
          [
            14.765714,
            45.947949
          ],
          [
            14.766379,
            45.947843
          ],
          [
            14.767501,
            45.947722
          ],
          [
            14.770284,
            45.947506
          ],
          [
            14.771149,
            45.947406
          ],
          [
            14.771792,
            45.947309
          ],
          [
            14.77242,
            45.947186
          ],
          [
            14.773055,
            45.947038
          ],
          [
            14.773664,
            45.946865
          ],
          [
            14.774247,
            45.946684
          ],
          [
            14.77476,
            45.946496
          ],
          [
            14.775446,
            45.946216
          ],
          [
            14.775997,
            45.945959
          ],
          [
            14.776574,
            45.945656
          ],
          [
            14.777061,
            45.945373
          ],
          [
            14.777569,
            45.94504
          ],
          [
            14.777884,
            45.944821
          ],
          [
            14.778388,
            45.944423
          ],
          [
            14.778953,
            45.943921
          ],
          [
            14.779453,
            45.943401
          ],
          [
            14.779672,
            45.943145
          ],
          [
            14.780061,
            45.942642
          ],
          [
            14.780347,
            45.942205
          ],
          [
            14.780602,
            45.941762
          ],
          [
            14.781483,
            45.939753
          ],
          [
            14.781874,
            45.939039
          ],
          [
            14.782068,
            45.938749
          ],
          [
            14.782387,
            45.93833
          ],
          [
            14.782621,
            45.938068
          ],
          [
            14.78312,
            45.937582
          ],
          [
            14.783608,
            45.937192
          ],
          [
            14.784166,
            45.936825
          ],
          [
            14.784598,
            45.936574
          ],
          [
            14.785171,
            45.936267
          ],
          [
            14.785759,
            45.935978
          ],
          [
            14.786748,
            45.935581
          ],
          [
            14.787419,
            45.935375
          ],
          [
            14.788781,
            45.935038
          ],
          [
            14.790866,
            45.934624
          ],
          [
            14.792593,
            45.934365
          ],
          [
            14.793968,
            45.934225
          ],
          [
            14.795357,
            45.934113
          ],
          [
            14.796263,
            45.934092
          ],
          [
            14.797381,
            45.934125
          ],
          [
            14.798193,
            45.934189
          ],
          [
            14.80071,
            45.934443
          ],
          [
            14.801596,
            45.934521
          ],
          [
            14.802952,
            45.934605
          ],
          [
            14.803521,
            45.934638
          ],
          [
            14.804198,
            45.934664
          ],
          [
            14.805801,
            45.934717
          ],
          [
            14.807403,
            45.934741
          ],
          [
            14.809625,
            45.934757
          ],
          [
            14.811075,
            45.934742
          ],
          [
            14.813038,
            45.934681
          ],
          [
            14.814116,
            45.934615
          ],
          [
            14.814876,
            45.934544
          ],
          [
            14.815709,
            45.934441
          ],
          [
            14.816574,
            45.934311
          ],
          [
            14.817773,
            45.934096
          ],
          [
            14.818229,
            45.934023
          ],
          [
            14.819723,
            45.933755
          ],
          [
            14.82093,
            45.93357
          ],
          [
            14.822052,
            45.933442
          ],
          [
            14.822711,
            45.933388
          ],
          [
            14.823358,
            45.933358
          ],
          [
            14.824218,
            45.933363
          ],
          [
            14.824937,
            45.933386
          ],
          [
            14.825792,
            45.933466
          ],
          [
            14.826651,
            45.933576
          ],
          [
            14.828055,
            45.933846
          ],
          [
            14.829947,
            45.934261
          ],
          [
            14.831152,
            45.934508
          ],
          [
            14.832063,
            45.934649
          ],
          [
            14.832911,
            45.934742
          ],
          [
            14.83381,
            45.934802
          ],
          [
            14.835151,
            45.934802
          ],
          [
            14.835654,
            45.934779
          ],
          [
            14.836649,
            45.934689
          ],
          [
            14.837672,
            45.934538
          ],
          [
            14.838629,
            45.934344
          ],
          [
            14.839362,
            45.934153
          ],
          [
            14.839958,
            45.933977
          ],
          [
            14.840681,
            45.933727
          ],
          [
            14.841915,
            45.933189
          ],
          [
            14.843098,
            45.93255
          ],
          [
            14.845633,
            45.930927
          ],
          [
            14.846352,
            45.9305
          ],
          [
            14.84726,
            45.93003
          ],
          [
            14.847765,
            45.929806
          ],
          [
            14.848227,
            45.929613
          ],
          [
            14.848947,
            45.929347
          ],
          [
            14.849595,
            45.929139
          ],
          [
            14.850398,
            45.928903
          ],
          [
            14.85129,
            45.928697
          ],
          [
            14.852333,
            45.928501
          ],
          [
            14.853826,
            45.928247
          ],
          [
            14.855422,
            45.927975
          ],
          [
            14.855751,
            45.927919
          ],
          [
            14.857122,
            45.92768
          ],
          [
            14.858169,
            45.927468
          ],
          [
            14.859161,
            45.927253
          ],
          [
            14.862478,
            45.926441
          ],
          [
            14.863433,
            45.926233
          ],
          [
            14.864411,
            45.926047
          ],
          [
            14.865092,
            45.925937
          ],
          [
            14.865808,
            45.925842
          ],
          [
            14.867033,
            45.925716
          ],
          [
            14.872047,
            45.925433
          ],
          [
            14.873271,
            45.925318
          ],
          [
            14.874128,
            45.925215
          ],
          [
            14.874957,
            45.925097
          ],
          [
            14.875778,
            45.924942
          ],
          [
            14.876647,
            45.924755
          ],
          [
            14.879316,
            45.924119
          ],
          [
            14.880811,
            45.923853
          ],
          [
            14.881671,
            45.923735
          ],
          [
            14.88242,
            45.923653
          ],
          [
            14.88337,
            45.923578
          ],
          [
            14.884751,
            45.92353
          ],
          [
            14.885219,
            45.923534
          ],
          [
            14.888469,
            45.923632
          ],
          [
            14.890325,
            45.923639
          ],
          [
            14.891059,
            45.923617
          ],
          [
            14.891716,
            45.923579
          ],
          [
            14.892425,
            45.923531
          ],
          [
            14.894438,
            45.923345
          ],
          [
            14.894994,
            45.923313
          ],
          [
            14.895549,
            45.923295
          ],
          [
            14.896072,
            45.923297
          ],
          [
            14.897057,
            45.923359
          ],
          [
            14.89792,
            45.923479
          ],
          [
            14.898625,
            45.923605
          ],
          [
            14.899518,
            45.923838
          ],
          [
            14.901436,
            45.924424
          ],
          [
            14.902056,
            45.924586
          ],
          [
            14.903214,
            45.924802
          ],
          [
            14.904754,
            45.925004
          ],
          [
            14.905496,
            45.92511
          ],
          [
            14.905864,
            45.925178
          ],
          [
            14.906574,
            45.925332
          ],
          [
            14.907613,
            45.925626
          ],
          [
            14.908656,
            45.92603
          ],
          [
            14.909518,
            45.926444
          ],
          [
            14.910027,
            45.926739
          ],
          [
            14.912404,
            45.928198
          ],
          [
            14.913037,
            45.928545
          ],
          [
            14.913691,
            45.928871
          ],
          [
            14.914455,
            45.929207
          ],
          [
            14.915499,
            45.9296
          ],
          [
            14.915873,
            45.929731
          ],
          [
            14.917048,
            45.93007
          ],
          [
            14.917889,
            45.930266
          ],
          [
            14.91909,
            45.930476
          ],
          [
            14.919555,
            45.930541
          ],
          [
            14.920357,
            45.930615
          ],
          [
            14.921291,
            45.930643
          ],
          [
            14.922244,
            45.930634
          ],
          [
            14.923348,
            45.930522
          ],
          [
            14.923797,
            45.930454
          ],
          [
            14.924517,
            45.930317
          ],
          [
            14.925224,
            45.930119
          ],
          [
            14.925861,
            45.929904
          ],
          [
            14.926535,
            45.929637
          ],
          [
            14.927239,
            45.929305
          ],
          [
            14.927558,
            45.929132
          ],
          [
            14.928187,
            45.928738
          ],
          [
            14.928584,
            45.928435
          ],
          [
            14.929306,
            45.927823
          ],
          [
            14.930429,
            45.926752
          ],
          [
            14.930865,
            45.926379
          ],
          [
            14.931618,
            45.925836
          ],
          [
            14.932442,
            45.925362
          ],
          [
            14.932955,
            45.925112
          ],
          [
            14.933617,
            45.924825
          ],
          [
            14.93391,
            45.924722
          ],
          [
            14.93424,
            45.924607
          ],
          [
            14.935937,
            45.924089
          ],
          [
            14.937353,
            45.923687
          ],
          [
            14.938336,
            45.92324
          ],
          [
            14.93899,
            45.922918
          ],
          [
            14.941066,
            45.921775
          ],
          [
            14.941787,
            45.921462
          ],
          [
            14.942611,
            45.921169
          ],
          [
            14.943642,
            45.920895
          ],
          [
            14.944201,
            45.920789
          ],
          [
            14.944741,
            45.920704
          ],
          [
            14.945986,
            45.920579
          ],
          [
            14.947458,
            45.920464
          ],
          [
            14.94812,
            45.920384
          ],
          [
            14.948773,
            45.920271
          ],
          [
            14.949544,
            45.920097
          ],
          [
            14.950368,
            45.919844
          ],
          [
            14.950939,
            45.919628
          ],
          [
            14.951413,
            45.919427
          ],
          [
            14.951918,
            45.919179
          ],
          [
            14.952397,
            45.918904
          ],
          [
            14.953034,
            45.918487
          ],
          [
            14.953634,
            45.918009
          ],
          [
            14.954171,
            45.917494
          ],
          [
            14.954625,
            45.916959
          ],
          [
            14.955034,
            45.916371
          ],
          [
            14.955824,
            45.915094
          ],
          [
            14.956402,
            45.914318
          ],
          [
            14.956778,
            45.913883
          ],
          [
            14.957227,
            45.91346
          ],
          [
            14.957644,
            45.913103
          ],
          [
            14.958099,
            45.912752
          ],
          [
            14.958618,
            45.912392
          ],
          [
            14.959193,
            45.912057
          ],
          [
            14.959745,
            45.911761
          ],
          [
            14.960788,
            45.911298
          ],
          [
            14.961711,
            45.910973
          ],
          [
            14.962067,
            45.910871
          ],
          [
            14.96275,
            45.91069
          ],
          [
            14.963376,
            45.91055
          ],
          [
            14.965234,
            45.910222
          ],
          [
            14.967019,
            45.909921
          ],
          [
            14.967518,
            45.909827
          ],
          [
            14.968115,
            45.909684
          ],
          [
            14.96858,
            45.909573
          ],
          [
            14.969521,
            45.909306
          ],
          [
            14.970165,
            45.909079
          ],
          [
            14.97077,
            45.908839
          ],
          [
            14.971305,
            45.9086
          ],
          [
            14.971885,
            45.908321
          ],
          [
            14.97376,
            45.907264
          ],
          [
            14.974792,
            45.906716
          ],
          [
            14.975446,
            45.906398
          ],
          [
            14.976511,
            45.905956
          ],
          [
            14.978328,
            45.905367
          ],
          [
            14.979158,
            45.905142
          ],
          [
            14.98091,
            45.90472
          ],
          [
            14.982268,
            45.904532
          ],
          [
            14.983583,
            45.904404
          ],
          [
            14.984716,
            45.904356
          ],
          [
            14.986738,
            45.904311
          ],
          [
            14.987414,
            45.904275
          ],
          [
            14.987997,
            45.904212
          ],
          [
            14.988568,
            45.90413
          ],
          [
            14.989155,
            45.904021
          ],
          [
            14.98982,
            45.903865
          ],
          [
            14.990442,
            45.903689
          ],
          [
            14.991626,
            45.903246
          ],
          [
            14.992731,
            45.902761
          ],
          [
            14.993662,
            45.902373
          ],
          [
            14.99413,
            45.902192
          ],
          [
            14.994633,
            45.902036
          ],
          [
            14.995217,
            45.901871
          ],
          [
            14.995745,
            45.901753
          ],
          [
            14.996645,
            45.901599
          ],
          [
            14.99733,
            45.901517
          ],
          [
            14.998341,
            45.901455
          ],
          [
            14.998918,
            45.901449
          ],
          [
            15.000037,
            45.901507
          ],
          [
            15.000581,
            45.901564
          ],
          [
            15.001733,
            45.901753
          ],
          [
            15.002866,
            45.901991
          ],
          [
            15.003981,
            45.902182
          ],
          [
            15.004556,
            45.902254
          ],
          [
            15.006053,
            45.902316
          ],
          [
            15.006964,
            45.902294
          ],
          [
            15.007821,
            45.902216
          ],
          [
            15.009865,
            45.901911
          ],
          [
            15.010829,
            45.901792
          ],
          [
            15.011607,
            45.901747
          ],
          [
            15.012628,
            45.901721
          ],
          [
            15.013453,
            45.901752
          ],
          [
            15.014888,
            45.901834
          ],
          [
            15.015994,
            45.901874
          ],
          [
            15.016966,
            45.901876
          ],
          [
            15.017885,
            45.901821
          ],
          [
            15.018696,
            45.901745
          ],
          [
            15.019506,
            45.901634
          ],
          [
            15.020251,
            45.901501
          ],
          [
            15.021265,
            45.901285
          ],
          [
            15.021985,
            45.901074
          ],
          [
            15.024015,
            45.900354
          ],
          [
            15.025209,
            45.899918
          ],
          [
            15.027029,
            45.899365
          ],
          [
            15.028046,
            45.899122
          ],
          [
            15.028761,
            45.898978
          ],
          [
            15.029874,
            45.898779
          ],
          [
            15.030749,
            45.89867
          ],
          [
            15.031852,
            45.898569
          ],
          [
            15.032558,
            45.898525
          ],
          [
            15.033299,
            45.898508
          ],
          [
            15.034391,
            45.898488
          ],
          [
            15.035553,
            45.898526
          ],
          [
            15.036776,
            45.898626
          ],
          [
            15.037793,
            45.898752
          ],
          [
            15.038549,
            45.898885
          ],
          [
            15.039937,
            45.899186
          ],
          [
            15.042286,
            45.899807
          ],
          [
            15.043842,
            45.900155
          ],
          [
            15.044356,
            45.900245
          ],
          [
            15.045087,
            45.900336
          ],
          [
            15.046051,
            45.900397
          ],
          [
            15.04708,
            45.900406
          ],
          [
            15.048578,
            45.900327
          ],
          [
            15.049678,
            45.900176
          ],
          [
            15.05015,
            45.900082
          ],
          [
            15.051309,
            45.899787
          ],
          [
            15.051945,
            45.899579
          ],
          [
            15.052767,
            45.89927
          ],
          [
            15.053322,
            45.899015
          ],
          [
            15.053849,
            45.898745
          ],
          [
            15.054341,
            45.898457
          ],
          [
            15.055271,
            45.897841
          ],
          [
            15.05573,
            45.897465
          ],
          [
            15.05616,
            45.897074
          ],
          [
            15.056569,
            45.896642
          ],
          [
            15.056991,
            45.896129
          ],
          [
            15.057338,
            45.895629
          ],
          [
            15.057619,
            45.895159
          ],
          [
            15.057907,
            45.894561
          ],
          [
            15.058263,
            45.89384
          ],
          [
            15.058655,
            45.893154
          ],
          [
            15.059025,
            45.892588
          ],
          [
            15.05946,
            45.892032
          ],
          [
            15.060116,
            45.89136
          ],
          [
            15.06079,
            45.890767
          ],
          [
            15.061499,
            45.890256
          ],
          [
            15.062194,
            45.889811
          ],
          [
            15.0637,
            45.889011
          ],
          [
            15.064527,
            45.88863
          ],
          [
            15.065559,
            45.888188
          ],
          [
            15.067537,
            45.887388
          ],
          [
            15.069328,
            45.886607
          ],
          [
            15.070801,
            45.885897
          ],
          [
            15.071509,
            45.885532
          ],
          [
            15.072417,
            45.885034
          ],
          [
            15.073288,
            45.884532
          ],
          [
            15.074908,
            45.883493
          ],
          [
            15.075742,
            45.882926
          ],
          [
            15.077765,
            45.881372
          ],
          [
            15.07901,
            45.880338
          ],
          [
            15.0799,
            45.879641
          ],
          [
            15.080724,
            45.879048
          ],
          [
            15.082206,
            45.878059
          ],
          [
            15.083358,
            45.877377
          ],
          [
            15.084453,
            45.876785
          ],
          [
            15.085871,
            45.876088
          ],
          [
            15.087208,
            45.875511
          ],
          [
            15.088434,
            45.875018
          ],
          [
            15.089272,
            45.874722
          ],
          [
            15.091076,
            45.874142
          ],
          [
            15.092321,
            45.873793
          ],
          [
            15.093041,
            45.873622
          ],
          [
            15.093957,
            45.873443
          ],
          [
            15.094644,
            45.873345
          ],
          [
            15.095249,
            45.873271
          ],
          [
            15.096399,
            45.873204
          ],
          [
            15.097138,
            45.873201
          ],
          [
            15.097786,
            45.873219
          ],
          [
            15.098374,
            45.873261
          ],
          [
            15.099654,
            45.873394
          ],
          [
            15.100288,
            45.873474
          ],
          [
            15.101968,
            45.87366
          ],
          [
            15.102635,
            45.873696
          ],
          [
            15.103719,
            45.873688
          ],
          [
            15.104802,
            45.873601
          ],
          [
            15.105499,
            45.873509
          ],
          [
            15.106359,
            45.873345
          ],
          [
            15.107233,
            45.873115
          ],
          [
            15.108072,
            45.872844
          ],
          [
            15.108672,
            45.87261
          ],
          [
            15.109263,
            45.872343
          ],
          [
            15.109826,
            45.872057
          ],
          [
            15.110358,
            45.871734
          ],
          [
            15.112487,
            45.870332
          ],
          [
            15.11343,
            45.869776
          ],
          [
            15.114374,
            45.869298
          ],
          [
            15.114892,
            45.869067
          ],
          [
            15.115338,
            45.868881
          ],
          [
            15.116297,
            45.86853
          ],
          [
            15.117919,
            45.868059
          ],
          [
            15.119594,
            45.867682
          ],
          [
            15.121174,
            45.867415
          ],
          [
            15.122423,
            45.867123
          ],
          [
            15.123603,
            45.866711
          ],
          [
            15.124602,
            45.866249
          ],
          [
            15.126083,
            45.86545
          ],
          [
            15.12674,
            45.865128
          ],
          [
            15.127313,
            45.86488
          ],
          [
            15.12804,
            45.864625
          ],
          [
            15.128621,
            45.864469
          ],
          [
            15.129541,
            45.864265
          ],
          [
            15.130579,
            45.864118
          ],
          [
            15.131903,
            45.864021
          ],
          [
            15.133149,
            45.863931
          ],
          [
            15.133884,
            45.863861
          ],
          [
            15.134524,
            45.863775
          ],
          [
            15.135216,
            45.863638
          ],
          [
            15.135872,
            45.863476
          ],
          [
            15.136665,
            45.863225
          ],
          [
            15.137277,
            45.862988
          ],
          [
            15.137842,
            45.862726
          ],
          [
            15.138591,
            45.86232
          ],
          [
            15.138929,
            45.862104
          ],
          [
            15.139404,
            45.861763
          ],
          [
            15.140049,
            45.861221
          ],
          [
            15.140518,
            45.860732
          ],
          [
            15.140859,
            45.860302
          ],
          [
            15.141159,
            45.859853
          ],
          [
            15.141402,
            45.85941
          ],
          [
            15.141676,
            45.85875
          ],
          [
            15.141801,
            45.858266
          ],
          [
            15.14188,
            45.857838
          ],
          [
            15.142026,
            45.85621
          ],
          [
            15.142085,
            45.855683
          ],
          [
            15.142167,
            45.855194
          ],
          [
            15.142306,
            45.854724
          ],
          [
            15.142473,
            45.85431
          ],
          [
            15.142638,
            45.853953
          ],
          [
            15.142876,
            45.853544
          ],
          [
            15.143328,
            45.852926
          ],
          [
            15.143596,
            45.85263
          ],
          [
            15.143809,
            45.852402
          ],
          [
            15.144663,
            45.851575
          ],
          [
            15.145594,
            45.850668
          ],
          [
            15.146161,
            45.850024
          ],
          [
            15.146468,
            45.849596
          ],
          [
            15.146972,
            45.848811
          ],
          [
            15.147626,
            45.847826
          ],
          [
            15.147851,
            45.847544
          ],
          [
            15.148384,
            45.846935
          ],
          [
            15.149064,
            45.846293
          ],
          [
            15.149587,
            45.845871
          ],
          [
            15.150171,
            45.845456
          ],
          [
            15.150556,
            45.845207
          ],
          [
            15.15108,
            45.844898
          ],
          [
            15.151748,
            45.844551
          ],
          [
            15.153892,
            45.843524
          ],
          [
            15.1547,
            45.843094
          ],
          [
            15.155483,
            45.842633
          ],
          [
            15.155981,
            45.842319
          ],
          [
            15.156813,
            45.841736
          ],
          [
            15.157984,
            45.840793
          ],
          [
            15.159674,
            45.839381
          ],
          [
            15.160292,
            45.838929
          ],
          [
            15.160896,
            45.838523
          ],
          [
            15.161652,
            45.838083
          ],
          [
            15.161913,
            45.837949
          ],
          [
            15.162353,
            45.837732
          ],
          [
            15.162869,
            45.837502
          ],
          [
            15.163376,
            45.837302
          ],
          [
            15.164121,
            45.837045
          ],
          [
            15.164618,
            45.836895
          ],
          [
            15.167131,
            45.836201
          ],
          [
            15.167746,
            45.836002
          ],
          [
            15.168553,
            45.835704
          ],
          [
            15.169349,
            45.835373
          ],
          [
            15.170286,
            45.834921
          ],
          [
            15.171399,
            45.834275
          ],
          [
            15.173437,
            45.832945
          ],
          [
            15.174974,
            45.831968
          ],
          [
            15.176331,
            45.831192
          ],
          [
            15.177529,
            45.830604
          ],
          [
            15.179054,
            45.829934
          ],
          [
            15.179735,
            45.829668
          ],
          [
            15.180494,
            45.829398
          ],
          [
            15.180727,
            45.829315
          ],
          [
            15.181756,
            45.828989
          ],
          [
            15.182644,
            45.828736
          ],
          [
            15.183919,
            45.828407
          ],
          [
            15.185515,
            45.828041
          ],
          [
            15.187723,
            45.827624
          ],
          [
            15.18922,
            45.827383
          ],
          [
            15.19041,
            45.827235
          ],
          [
            15.191319,
            45.827173
          ],
          [
            15.192112,
            45.827173
          ],
          [
            15.192555,
            45.827192
          ],
          [
            15.193269,
            45.827249
          ],
          [
            15.194254,
            45.827395
          ],
          [
            15.195064,
            45.827564
          ],
          [
            15.195213,
            45.827596
          ],
          [
            15.196087,
            45.827867
          ],
          [
            15.196728,
            45.828112
          ],
          [
            15.197464,
            45.828456
          ],
          [
            15.198194,
            45.828894
          ],
          [
            15.19877,
            45.829308
          ],
          [
            15.199129,
            45.829595
          ],
          [
            15.199411,
            45.829874
          ],
          [
            15.199665,
            45.830096
          ],
          [
            15.200524,
            45.831077
          ],
          [
            15.201132,
            45.831721
          ],
          [
            15.201328,
            45.831902
          ],
          [
            15.202303,
            45.832629
          ],
          [
            15.203072,
            45.833091
          ],
          [
            15.204031,
            45.83355
          ],
          [
            15.206516,
            45.834458
          ],
          [
            15.207386,
            45.834832
          ],
          [
            15.207955,
            45.835122
          ],
          [
            15.208486,
            45.835434
          ],
          [
            15.209177,
            45.83592
          ],
          [
            15.209588,
            45.836264
          ],
          [
            15.210458,
            45.837119
          ],
          [
            15.211058,
            45.837731
          ],
          [
            15.211646,
            45.838297
          ],
          [
            15.212226,
            45.8388
          ],
          [
            15.212569,
            45.839073
          ],
          [
            15.213185,
            45.839531
          ],
          [
            15.213666,
            45.839853
          ],
          [
            15.214303,
            45.840253
          ],
          [
            15.214659,
            45.840455
          ],
          [
            15.215315,
            45.840805
          ],
          [
            15.216108,
            45.841191
          ],
          [
            15.216823,
            45.841501
          ],
          [
            15.217622,
            45.841811
          ],
          [
            15.218465,
            45.842096
          ],
          [
            15.219166,
            45.842307
          ],
          [
            15.220203,
            45.842567
          ],
          [
            15.22127,
            45.842796
          ],
          [
            15.222342,
            45.842989
          ],
          [
            15.222893,
            45.843085
          ],
          [
            15.22359,
            45.843206
          ],
          [
            15.224444,
            45.843387
          ],
          [
            15.225149,
            45.843585
          ],
          [
            15.226004,
            45.843875
          ],
          [
            15.226782,
            45.844203
          ],
          [
            15.227495,
            45.844572
          ],
          [
            15.229554,
            45.84582
          ],
          [
            15.230228,
            45.846182
          ],
          [
            15.230899,
            45.846496
          ],
          [
            15.231528,
            45.84676
          ],
          [
            15.232261,
            45.847022
          ],
          [
            15.233137,
            45.847287
          ],
          [
            15.234101,
            45.847519
          ],
          [
            15.235828,
            45.847885
          ],
          [
            15.236639,
            45.848084
          ],
          [
            15.237418,
            45.848304
          ],
          [
            15.238269,
            45.848591
          ],
          [
            15.239222,
            45.848969
          ],
          [
            15.239952,
            45.849298
          ],
          [
            15.240685,
            45.849673
          ],
          [
            15.242617,
            45.850714
          ],
          [
            15.243388,
            45.851098
          ],
          [
            15.244551,
            45.851634
          ],
          [
            15.245581,
            45.852075
          ],
          [
            15.247544,
            45.852936
          ],
          [
            15.248443,
            45.853385
          ],
          [
            15.249063,
            45.853719
          ],
          [
            15.249697,
            45.854086
          ],
          [
            15.250366,
            45.854502
          ],
          [
            15.250878,
            45.854845
          ],
          [
            15.251596,
            45.855363
          ],
          [
            15.252195,
            45.855807
          ],
          [
            15.253159,
            45.856557
          ],
          [
            15.253876,
            45.857127
          ],
          [
            15.255242,
            45.858261
          ],
          [
            15.257123,
            45.85988
          ],
          [
            15.25754,
            45.860196
          ],
          [
            15.257969,
            45.860493
          ],
          [
            15.258439,
            45.86078
          ],
          [
            15.258909,
            45.861033
          ],
          [
            15.259515,
            45.861321
          ],
          [
            15.260071,
            45.861556
          ],
          [
            15.260741,
            45.861805
          ],
          [
            15.261712,
            45.862115
          ],
          [
            15.261957,
            45.862186
          ],
          [
            15.26291,
            45.86244
          ],
          [
            15.263769,
            45.862628
          ],
          [
            15.268716,
            45.863481
          ],
          [
            15.269708,
            45.863671
          ],
          [
            15.270856,
            45.863929
          ],
          [
            15.271606,
            45.864114
          ],
          [
            15.272499,
            45.864355
          ],
          [
            15.273444,
            45.864636
          ],
          [
            15.274409,
            45.864947
          ],
          [
            15.275375,
            45.865292
          ],
          [
            15.276229,
            45.865618
          ],
          [
            15.277203,
            45.866024
          ],
          [
            15.277892,
            45.866331
          ],
          [
            15.28117,
            45.867865
          ],
          [
            15.282217,
            45.868316
          ],
          [
            15.283219,
            45.868708
          ],
          [
            15.28414,
            45.869019
          ],
          [
            15.28488,
            45.86924
          ],
          [
            15.285626,
            45.869439
          ],
          [
            15.286415,
            45.869618
          ],
          [
            15.287321,
            45.869797
          ],
          [
            15.288734,
            45.870007
          ],
          [
            15.289588,
            45.870104
          ],
          [
            15.290493,
            45.870184
          ],
          [
            15.29383,
            45.870438
          ],
          [
            15.295059,
            45.870567
          ],
          [
            15.295997,
            45.870698
          ],
          [
            15.29692,
            45.870874
          ],
          [
            15.29777,
            45.871075
          ],
          [
            15.298615,
            45.871344
          ],
          [
            15.299172,
            45.871555
          ],
          [
            15.299865,
            45.871853
          ],
          [
            15.300503,
            45.872179
          ],
          [
            15.301011,
            45.872478
          ],
          [
            15.301619,
            45.872881
          ],
          [
            15.302271,
            45.873374
          ],
          [
            15.302964,
            45.873972
          ],
          [
            15.3037,
            45.874667
          ],
          [
            15.304305,
            45.875328
          ],
          [
            15.304861,
            45.876005
          ],
          [
            15.305349,
            45.876682
          ],
          [
            15.305793,
            45.877385
          ],
          [
            15.306166,
            45.878076
          ],
          [
            15.306489,
            45.878783
          ],
          [
            15.306686,
            45.879274
          ],
          [
            15.307026,
            45.8804
          ],
          [
            15.307353,
            45.881709
          ],
          [
            15.307621,
            45.882651
          ],
          [
            15.307823,
            45.883305
          ],
          [
            15.308029,
            45.88384
          ],
          [
            15.308331,
            45.884532
          ],
          [
            15.308571,
            45.88503
          ],
          [
            15.308918,
            45.885662
          ],
          [
            15.309265,
            45.886242
          ],
          [
            15.310039,
            45.887368
          ],
          [
            15.310493,
            45.887933
          ],
          [
            15.310694,
            45.888165
          ],
          [
            15.311422,
            45.888984
          ],
          [
            15.311895,
            45.88946
          ],
          [
            15.3127,
            45.890202
          ],
          [
            15.313196,
            45.890624
          ],
          [
            15.314742,
            45.891819
          ],
          [
            15.315919,
            45.892665
          ],
          [
            15.316263,
            45.892903
          ],
          [
            15.317902,
            45.894018
          ],
          [
            15.318987,
            45.894712
          ],
          [
            15.320718,
            45.895768
          ],
          [
            15.321561,
            45.896259
          ],
          [
            15.323212,
            45.897186
          ],
          [
            15.325122,
            45.898198
          ],
          [
            15.327185,
            45.89921
          ],
          [
            15.328925,
            45.900016
          ],
          [
            15.330202,
            45.900573
          ],
          [
            15.332348,
            45.901466
          ],
          [
            15.333961,
            45.902092
          ],
          [
            15.335544,
            45.902672
          ],
          [
            15.336949,
            45.903161
          ],
          [
            15.33844,
            45.903653
          ],
          [
            15.33952,
            45.903991
          ],
          [
            15.340538,
            45.904301
          ],
          [
            15.341961,
            45.90471
          ],
          [
            15.343179,
            45.905039
          ],
          [
            15.3442,
            45.905297
          ],
          [
            15.345403,
            45.905579
          ],
          [
            15.346448,
            45.905805
          ],
          [
            15.348659,
            45.906241
          ],
          [
            15.349741,
            45.906428
          ],
          [
            15.351038,
            45.906631
          ],
          [
            15.353431,
            45.906946
          ],
          [
            15.354766,
            45.907088
          ],
          [
            15.357049,
            45.907282
          ],
          [
            15.359347,
            45.907408
          ],
          [
            15.360492,
            45.907443
          ],
          [
            15.361659,
            45.90746
          ],
          [
            15.363499,
            45.907457
          ],
          [
            15.365571,
            45.907413
          ],
          [
            15.366618,
            45.90737
          ],
          [
            15.372601,
            45.90714
          ],
          [
            15.374076,
            45.907106
          ],
          [
            15.375367,
            45.907081
          ],
          [
            15.376821,
            45.907074
          ],
          [
            15.378193,
            45.907076
          ],
          [
            15.380773,
            45.907118
          ],
          [
            15.383827,
            45.907225
          ],
          [
            15.38508,
            45.907289
          ],
          [
            15.38777,
            45.907461
          ],
          [
            15.389475,
            45.907594
          ],
          [
            15.391335,
            45.907765
          ],
          [
            15.393783,
            45.908031
          ],
          [
            15.396287,
            45.908336
          ],
          [
            15.398762,
            45.908691
          ],
          [
            15.400543,
            45.908967
          ],
          [
            15.403326,
            45.909452
          ],
          [
            15.405774,
            45.909926
          ],
          [
            15.407036,
            45.910183
          ],
          [
            15.409089,
            45.910637
          ],
          [
            15.412611,
            45.911445
          ],
          [
            15.414176,
            45.911777
          ],
          [
            15.417264,
            45.912379
          ],
          [
            15.419149,
            45.912709
          ],
          [
            15.422291,
            45.9132
          ],
          [
            15.42379,
            45.913414
          ],
          [
            15.425038,
            45.913575
          ],
          [
            15.428229,
            45.913941
          ],
          [
            15.4309,
            45.914193
          ],
          [
            15.432481,
            45.914319
          ],
          [
            15.435377,
            45.914503
          ],
          [
            15.438379,
            45.914635
          ],
          [
            15.439883,
            45.914676
          ],
          [
            15.443111,
            45.914718
          ],
          [
            15.44636,
            45.914686
          ],
          [
            15.447814,
            45.914651
          ],
          [
            15.449614,
            45.914586
          ],
          [
            15.451648,
            45.914487
          ],
          [
            15.453039,
            45.9144
          ],
          [
            15.454653,
            45.914286
          ],
          [
            15.457007,
            45.914085
          ],
          [
            15.460064,
            45.913765
          ],
          [
            15.462297,
            45.91349
          ],
          [
            15.464597,
            45.913174
          ],
          [
            15.470064,
            45.912314
          ],
          [
            15.472037,
            45.912032
          ],
          [
            15.474418,
            45.911715
          ],
          [
            15.476938,
            45.911402
          ],
          [
            15.480487,
            45.911021
          ],
          [
            15.480749,
            45.910997
          ],
          [
            15.48328,
            45.910754
          ],
          [
            15.486144,
            45.910528
          ],
          [
            15.488185,
            45.910387
          ],
          [
            15.491697,
            45.910186
          ],
          [
            15.494242,
            45.910076
          ],
          [
            15.496389,
            45.910012
          ],
          [
            15.499578,
            45.909944
          ],
          [
            15.501964,
            45.909925
          ],
          [
            15.505118,
            45.909941
          ],
          [
            15.505304,
            45.909941
          ],
          [
            15.508751,
            45.910009
          ],
          [
            15.510429,
            45.910061
          ],
          [
            15.51194,
            45.910121
          ],
          [
            15.515722,
            45.910307
          ],
          [
            15.51592,
            45.910313
          ],
          [
            15.517228,
            45.910367
          ],
          [
            15.520125,
            45.910444
          ],
          [
            15.523557,
            45.910458
          ],
          [
            15.524473,
            45.910447
          ],
          [
            15.524693,
            45.910444
          ],
          [
            15.526254,
            45.910413
          ],
          [
            15.528804,
            45.910327
          ],
          [
            15.530462,
            45.910248
          ],
          [
            15.533128,
            45.910082
          ],
          [
            15.535066,
            45.909924
          ],
          [
            15.537179,
            45.909729
          ],
          [
            15.539836,
            45.909438
          ],
          [
            15.542047,
            45.909158
          ],
          [
            15.544458,
            45.908815
          ],
          [
            15.546215,
            45.908533
          ],
          [
            15.549081,
            45.908033
          ],
          [
            15.551177,
            45.907626
          ],
          [
            15.553689,
            45.90709
          ],
          [
            15.555265,
            45.906733
          ],
          [
            15.557648,
            45.906151
          ],
          [
            15.557877,
            45.906092
          ],
          [
            15.560173,
            45.905486
          ],
          [
            15.563046,
            45.904661
          ],
          [
            15.565119,
            45.904015
          ],
          [
            15.566022,
            45.903718
          ],
          [
            15.567135,
            45.903331
          ],
          [
            15.569086,
            45.902595
          ],
          [
            15.570499,
            45.902017
          ],
          [
            15.571664,
            45.901506
          ],
          [
            15.572658,
            45.901046
          ],
          [
            15.573727,
            45.900525
          ],
          [
            15.574788,
            45.899974
          ],
          [
            15.575785,
            45.899434
          ],
          [
            15.576986,
            45.898744
          ],
          [
            15.578569,
            45.897769
          ],
          [
            15.583292,
            45.894694
          ],
          [
            15.584371,
            45.894066
          ],
          [
            15.584772,
            45.893854
          ],
          [
            15.585759,
            45.893381
          ],
          [
            15.586823,
            45.892949
          ],
          [
            15.587505,
            45.892705
          ],
          [
            15.588014,
            45.892537
          ],
          [
            15.588456,
            45.892417
          ],
          [
            15.588942,
            45.892303
          ],
          [
            15.589614,
            45.892177
          ],
          [
            15.590295,
            45.892091
          ],
          [
            15.590824,
            45.892048
          ],
          [
            15.591956,
            45.892019
          ],
          [
            15.592518,
            45.892044
          ],
          [
            15.593096,
            45.89209
          ],
          [
            15.593665,
            45.892159
          ],
          [
            15.594579,
            45.892294
          ],
          [
            15.595696,
            45.892454
          ],
          [
            15.596318,
            45.892519
          ],
          [
            15.59705,
            45.89258
          ],
          [
            15.597766,
            45.89261
          ],
          [
            15.598586,
            45.892612
          ],
          [
            15.599254,
            45.892585
          ],
          [
            15.600072,
            45.892515
          ],
          [
            15.600469,
            45.892472
          ],
          [
            15.60138,
            45.892327
          ],
          [
            15.60233,
            45.892137
          ],
          [
            15.603736,
            45.891796
          ],
          [
            15.604173,
            45.89168
          ],
          [
            15.605089,
            45.891424
          ],
          [
            15.606113,
            45.891111
          ],
          [
            15.607743,
            45.89056
          ],
          [
            15.608403,
            45.89032
          ],
          [
            15.609346,
            45.889956
          ],
          [
            15.61063,
            45.889421
          ],
          [
            15.611333,
            45.889105
          ],
          [
            15.613017,
            45.888291
          ],
          [
            15.614081,
            45.887724
          ],
          [
            15.614688,
            45.887381
          ],
          [
            15.615542,
            45.886879
          ],
          [
            15.616693,
            45.886149
          ],
          [
            15.6177,
            45.885466
          ],
          [
            15.618573,
            45.884824
          ],
          [
            15.620886,
            45.88303
          ],
          [
            15.622093,
            45.882115
          ],
          [
            15.622794,
            45.881634
          ],
          [
            15.623485,
            45.881199
          ],
          [
            15.624294,
            45.880734
          ],
          [
            15.62511,
            45.880314
          ],
          [
            15.626099,
            45.879859
          ],
          [
            15.627303,
            45.879378
          ],
          [
            15.628087,
            45.879105
          ],
          [
            15.628956,
            45.878831
          ],
          [
            15.630746,
            45.878338
          ],
          [
            15.631852,
            45.878115
          ],
          [
            15.632989,
            45.878002
          ],
          [
            15.634066,
            45.877929
          ],
          [
            15.634687,
            45.877903
          ],
          [
            15.635871,
            45.877818
          ],
          [
            15.636574,
            45.877711
          ],
          [
            15.637375,
            45.877556
          ],
          [
            15.637791,
            45.877449
          ],
          [
            15.640381,
            45.876631
          ],
          [
            15.640939,
            45.876482
          ],
          [
            15.641851,
            45.876284
          ],
          [
            15.642859,
            45.876122
          ],
          [
            15.643499,
            45.876046
          ],
          [
            15.645587,
            45.875837
          ],
          [
            15.646717,
            45.875669
          ],
          [
            15.647416,
            45.875537
          ],
          [
            15.647964,
            45.87541
          ],
          [
            15.649413,
            45.87505
          ],
          [
            15.649922,
            45.874905
          ],
          [
            15.651225,
            45.874489
          ],
          [
            15.652421,
            45.874053
          ],
          [
            15.654102,
            45.87334
          ],
          [
            15.656108,
            45.872358
          ],
          [
            15.656447,
            45.87221
          ],
          [
            15.656931,
            45.872014
          ],
          [
            15.657676,
            45.871768
          ],
          [
            15.657998,
            45.871675
          ],
          [
            15.658842,
            45.871477
          ],
          [
            15.659436,
            45.871368
          ],
          [
            15.660825,
            45.871159
          ],
          [
            15.662344,
            45.870889
          ],
          [
            15.663556,
            45.870579
          ],
          [
            15.664057,
            45.870433
          ],
          [
            15.664707,
            45.870229
          ],
          [
            15.665442,
            45.869954
          ],
          [
            15.666078,
            45.869686
          ],
          [
            15.666531,
            45.869475
          ],
          [
            15.66755,
            45.868941
          ],
          [
            15.66813,
            45.868617
          ],
          [
            15.670658,
            45.867003
          ],
          [
            15.671576,
            45.866432
          ],
          [
            15.672671,
            45.8658
          ],
          [
            15.674921,
            45.864661
          ],
          [
            15.675899,
            45.864186
          ],
          [
            15.677745,
            45.863229
          ],
          [
            15.678373,
            45.862859
          ],
          [
            15.679364,
            45.862215
          ],
          [
            15.679971,
            45.861767
          ],
          [
            15.680788,
            45.861114
          ],
          [
            15.681822,
            45.860105
          ],
          [
            15.682384,
            45.859448
          ],
          [
            15.682866,
            45.858819
          ],
          [
            15.683442,
            45.857929
          ],
          [
            15.685052,
            45.855145
          ],
          [
            15.685691,
            45.854155
          ],
          [
            15.686338,
            45.853224
          ],
          [
            15.687307,
            45.851906
          ],
          [
            15.687626,
            45.851526
          ],
          [
            15.688405,
            45.850664
          ],
          [
            15.689335,
            45.849683
          ],
          [
            15.690359,
            45.84864
          ],
          [
            15.691236,
            45.847861
          ],
          [
            15.691674,
            45.847492
          ],
          [
            15.692463,
            45.846814
          ],
          [
            15.692967,
            45.846337
          ],
          [
            15.693796,
            45.845703
          ],
          [
            15.694587,
            45.845166
          ],
          [
            15.694867,
            45.84498
          ],
          [
            15.695831,
            45.844314
          ],
          [
            15.696016,
            45.844194
          ],
          [
            15.698492,
            45.842581
          ],
          [
            15.700768,
            45.84123
          ],
          [
            15.701265,
            45.840946
          ],
          [
            15.702048,
            45.840499
          ],
          [
            15.702842,
            45.840027
          ],
          [
            15.703613,
            45.839554
          ],
          [
            15.704005,
            45.839343
          ],
          [
            15.704431,
            45.839123
          ],
          [
            15.704857,
            45.838902
          ],
          [
            15.705209,
            45.838715
          ],
          [
            15.705944,
            45.838392
          ],
          [
            15.706864,
            45.837987
          ],
          [
            15.708732,
            45.837102
          ],
          [
            15.710108,
            45.836471
          ],
          [
            15.710748,
            45.836189
          ],
          [
            15.711875,
            45.835702
          ],
          [
            15.713857,
            45.834883
          ],
          [
            15.715069,
            45.834406
          ],
          [
            15.716772,
            45.83377
          ],
          [
            15.71869,
            45.833086
          ],
          [
            15.718788,
            45.833052
          ],
          [
            15.719152,
            45.832927
          ],
          [
            15.723671,
            45.831395
          ],
          [
            15.72555,
            45.830773
          ],
          [
            15.729236,
            45.829546
          ],
          [
            15.732669,
            45.828351
          ],
          [
            15.732994,
            45.828234
          ],
          [
            15.734662,
            45.827625
          ],
          [
            15.736782,
            45.826807
          ],
          [
            15.73906,
            45.825893
          ],
          [
            15.741633,
            45.82481
          ],
          [
            15.743864,
            45.82383
          ],
          [
            15.745806,
            45.822929
          ],
          [
            15.74796,
            45.821894
          ],
          [
            15.750221,
            45.820763
          ],
          [
            15.7522,
            45.819729
          ],
          [
            15.754993,
            45.818193
          ],
          [
            15.75707,
            45.816987
          ],
          [
            15.758187,
            45.816321
          ],
          [
            15.760093,
            45.81514
          ],
          [
            15.761463,
            45.81426
          ],
          [
            15.763426,
            45.812967
          ],
          [
            15.76528,
            45.811682
          ],
          [
            15.769273,
            45.808869
          ],
          [
            15.769524,
            45.808687
          ],
          [
            15.777829,
            45.802824
          ],
          [
            15.780607,
            45.800864
          ],
          [
            15.781409,
            45.800295
          ],
          [
            15.782944,
            45.799218
          ],
          [
            15.7843,
            45.798263
          ],
          [
            15.784592,
            45.79806
          ],
          [
            15.786982,
            45.796376
          ],
          [
            15.788179,
            45.795531
          ],
          [
            15.78969,
            45.794457
          ],
          [
            15.792271,
            45.792665
          ],
          [
            15.793151,
            45.792074
          ],
          [
            15.794025,
            45.791526
          ],
          [
            15.79484,
            45.79104
          ],
          [
            15.795954,
            45.790411
          ],
          [
            15.797826,
            45.789445
          ],
          [
            15.799701,
            45.788605
          ],
          [
            15.801431,
            45.787863
          ],
          [
            15.802458,
            45.787458
          ],
          [
            15.803542,
            45.787072
          ],
          [
            15.805185,
            45.786526
          ],
          [
            15.806313,
            45.786186
          ],
          [
            15.808617,
            45.785587
          ],
          [
            15.811032,
            45.785029
          ],
          [
            15.812369,
            45.784773
          ],
          [
            15.814856,
            45.784379
          ],
          [
            15.815718,
            45.784262
          ],
          [
            15.817074,
            45.784108
          ],
          [
            15.818559,
            45.78398
          ],
          [
            15.819687,
            45.783898
          ],
          [
            15.820648,
            45.783846
          ],
          [
            15.821338,
            45.78382
          ],
          [
            15.822155,
            45.783797
          ],
          [
            15.824011,
            45.783777
          ],
          [
            15.825411,
            45.783803
          ],
          [
            15.826286,
            45.783836
          ],
          [
            15.826718,
            45.783785
          ],
          [
            15.828921,
            45.783885
          ],
          [
            15.829771,
            45.783952
          ],
          [
            15.830842,
            45.784064
          ],
          [
            15.832563,
            45.784281
          ],
          [
            15.833672,
            45.784452
          ],
          [
            15.834388,
            45.784573
          ],
          [
            15.835122,
            45.784704
          ],
          [
            15.837468,
            45.785182
          ],
          [
            15.839168,
            45.78559
          ],
          [
            15.841724,
            45.786242
          ],
          [
            15.842115,
            45.786314
          ],
          [
            15.84265,
            45.78639
          ],
          [
            15.843904,
            45.786525
          ],
          [
            15.844475,
            45.786627
          ],
          [
            15.844792,
            45.786703
          ],
          [
            15.845264,
            45.786847
          ],
          [
            15.845859,
            45.787092
          ],
          [
            15.846407,
            45.787395
          ],
          [
            15.846827,
            45.78769
          ],
          [
            15.847296,
            45.788115
          ],
          [
            15.847985,
            45.788688
          ],
          [
            15.848263,
            45.788868
          ],
          [
            15.849836,
            45.789692
          ],
          [
            15.85118,
            45.790361
          ],
          [
            15.85153,
            45.790539
          ],
          [
            15.852095,
            45.790837
          ],
          [
            15.852185,
            45.790883
          ],
          [
            15.852376,
            45.790979
          ],
          [
            15.852395,
            45.790988
          ],
          [
            15.856207,
            45.792942
          ],
          [
            15.856228,
            45.792955
          ],
          [
            15.856932,
            45.793304
          ],
          [
            15.857709,
            45.793693
          ],
          [
            15.858913,
            45.794219
          ],
          [
            15.859777,
            45.794572
          ],
          [
            15.859879,
            45.794612
          ],
          [
            15.860095,
            45.794696
          ],
          [
            15.860472,
            45.794761
          ],
          [
            15.860653,
            45.794762
          ],
          [
            15.860754,
            45.794739
          ],
          [
            15.860851,
            45.794696
          ],
          [
            15.861013,
            45.794542
          ],
          [
            15.861003,
            45.794376
          ],
          [
            15.860901,
            45.79425
          ],
          [
            15.860813,
            45.794198
          ],
          [
            15.860707,
            45.794163
          ],
          [
            15.86052,
            45.794141
          ],
          [
            15.860382,
            45.794152
          ],
          [
            15.860231,
            45.794192
          ],
          [
            15.860041,
            45.794317
          ],
          [
            15.859903,
            45.794483
          ],
          [
            15.859293,
            45.795394
          ],
          [
            15.85898,
            45.796008
          ],
          [
            15.858784,
            45.796296
          ],
          [
            15.858515,
            45.796725
          ],
          [
            15.858434,
            45.796926
          ],
          [
            15.858498,
            45.797016
          ],
          [
            15.858491,
            45.797129
          ],
          [
            15.858435,
            45.797216
          ],
          [
            15.858295,
            45.797289
          ],
          [
            15.858117,
            45.797301
          ],
          [
            15.857918,
            45.797479
          ],
          [
            15.857664,
            45.797852
          ],
          [
            15.857446,
            45.798252
          ],
          [
            15.857277,
            45.798683
          ],
          [
            15.857228,
            45.798874
          ],
          [
            15.857177,
            45.799114
          ],
          [
            15.857149,
            45.799362
          ],
          [
            15.857141,
            45.799477
          ],
          [
            15.857184,
            45.800081
          ],
          [
            15.857533,
            45.801415
          ],
          [
            15.85761,
            45.80164
          ],
          [
            15.857771,
            45.802307
          ],
          [
            15.858338,
            45.804338
          ],
          [
            15.85852,
            45.805038
          ],
          [
            15.858585,
            45.80528
          ],
          [
            15.858826,
            45.80619
          ],
          [
            15.858901,
            45.806471
          ],
          [
            15.858981,
            45.806773
          ],
          [
            15.859195,
            45.80754
          ],
          [
            15.859208,
            45.807587
          ],
          [
            15.859581,
            45.808961
          ],
          [
            15.859684,
            45.809339
          ],
          [
            15.86014,
            45.811033
          ],
          [
            15.860234,
            45.81138
          ],
          [
            15.860613,
            45.812355
          ],
          [
            15.860696,
            45.812457
          ],
          [
            15.861268,
            45.812361
          ],
          [
            15.86194,
            45.812248
          ],
          [
            15.862153,
            45.812212
          ],
          [
            15.862624,
            45.812136
          ],
          [
            15.863051,
            45.812069
          ],
          [
            15.863307,
            45.812028
          ],
          [
            15.863353,
            45.812023
          ],
          [
            15.864169,
            45.811939
          ],
          [
            15.864767,
            45.811908
          ],
          [
            15.864892,
            45.811901
          ],
          [
            15.865686,
            45.811902
          ],
          [
            15.866532,
            45.811933
          ],
          [
            15.867353,
            45.811962
          ],
          [
            15.86742,
            45.811964
          ],
          [
            15.867578,
            45.81197
          ],
          [
            15.868234,
            45.811993
          ],
          [
            15.868479,
            45.811997
          ],
          [
            15.868771,
            45.811985
          ],
          [
            15.869182,
            45.811941
          ],
          [
            15.869719,
            45.811813
          ],
          [
            15.869934,
            45.811769
          ],
          [
            15.87007,
            45.811743
          ],
          [
            15.870513,
            45.811657
          ],
          [
            15.870603,
            45.811646
          ],
          [
            15.870891,
            45.811611
          ],
          [
            15.871199,
            45.811576
          ],
          [
            15.871359,
            45.811555
          ],
          [
            15.871512,
            45.811537
          ],
          [
            15.871592,
            45.811528
          ],
          [
            15.872892,
            45.811389
          ],
          [
            15.872769,
            45.810712
          ],
          [
            15.872662,
            45.810192
          ],
          [
            15.873187,
            45.810146
          ],
          [
            15.872662,
            45.810192
          ],
          [
            15.872769,
            45.810712
          ],
          [
            15.872892,
            45.811389
          ],
          [
            15.874055,
            45.811291
          ],
          [
            15.874761,
            45.811238
          ],
          [
            15.874921,
            45.811228
          ],
          [
            15.875076,
            45.811224
          ],
          [
            15.875921,
            45.811229
          ],
          [
            15.876357,
            45.81126
          ],
          [
            15.876542,
            45.81127
          ],
          [
            15.876968,
            45.811316
          ],
          [
            15.877292,
            45.81135
          ],
          [
            15.877458,
            45.811367
          ],
          [
            15.877993,
            45.811422
          ],
          [
            15.878294,
            45.811451
          ],
          [
            15.878598,
            45.811475
          ],
          [
            15.878967,
            45.8115
          ],
          [
            15.879411,
            45.811534
          ],
          [
            15.87961,
            45.811546
          ],
          [
            15.879609,
            45.811361
          ],
          [
            15.879587,
            45.811261
          ],
          [
            15.879514,
            45.81113
          ],
          [
            15.879173,
            45.810735
          ],
          [
            15.87825,
            45.809618
          ],
          [
            15.87771,
            45.808954
          ],
          [
            15.877304,
            45.80849
          ],
          [
            15.876898,
            45.807975
          ],
          [
            15.876648,
            45.80778
          ],
          [
            15.876487,
            45.807672
          ],
          [
            15.876369,
            45.80762
          ],
          [
            15.876248,
            45.80757
          ],
          [
            15.876047,
            45.807454
          ],
          [
            15.875507,
            45.807077
          ],
          [
            15.875412,
            45.806963
          ],
          [
            15.875289,
            45.806732
          ],
          [
            15.875068,
            45.80583
          ],
          [
            15.874969,
            45.805439
          ],
          [
            15.87493,
            45.804937
          ],
          [
            15.874933,
            45.804705
          ],
          [
            15.874893,
            45.804602
          ],
          [
            15.874874,
            45.80448
          ],
          [
            15.874837,
            45.804467
          ],
          [
            15.874793,
            45.804419
          ],
          [
            15.874797,
            45.804368
          ],
          [
            15.874842,
            45.804328
          ],
          [
            15.874932,
            45.804082
          ],
          [
            15.874956,
            45.803591
          ],
          [
            15.874945,
            45.803417
          ],
          [
            15.874896,
            45.803169
          ],
          [
            15.874867,
            45.803039
          ],
          [
            15.87482,
            45.802869
          ],
          [
            15.874553,
            45.802517
          ],
          [
            15.873963,
            45.801747
          ],
          [
            15.873718,
            45.801426
          ],
          [
            15.872167,
            45.7994
          ],
          [
            15.872128,
            45.79927
          ],
          [
            15.872129,
            45.799244
          ],
          [
            15.87215,
            45.799209
          ],
          [
            15.872225,
            45.799161
          ],
          [
            15.872567,
            45.799083
          ],
          [
            15.872773,
            45.799007
          ],
          [
            15.872746,
            45.798961
          ],
          [
            15.872763,
            45.798905
          ],
          [
            15.872857,
            45.798861
          ],
          [
            15.872811,
            45.798649
          ],
          [
            15.87275,
            45.798135
          ],
          [
            15.872713,
            45.797801
          ],
          [
            15.872634,
            45.797609
          ],
          [
            15.87251,
            45.797508
          ],
          [
            15.872345,
            45.797449
          ],
          [
            15.872009,
            45.797413
          ],
          [
            15.871705,
            45.797345
          ],
          [
            15.871114,
            45.797294
          ],
          [
            15.869706,
            45.797137
          ],
          [
            15.868247,
            45.796929
          ],
          [
            15.868052,
            45.796898
          ],
          [
            15.867016,
            45.796717
          ],
          [
            15.865834,
            45.796487
          ],
          [
            15.864239,
            45.796108
          ],
          [
            15.862243,
            45.795557
          ],
          [
            15.861307,
            45.795253
          ],
          [
            15.860485,
            45.794961
          ],
          [
            15.859816,
            45.794706
          ],
          [
            15.859714,
            45.794668
          ],
          [
            15.858991,
            45.794369
          ],
          [
            15.857778,
            45.793852
          ],
          [
            15.856807,
            45.79338
          ],
          [
            15.856189,
            45.793067
          ],
          [
            15.856112,
            45.793028
          ],
          [
            15.852295,
            45.791075
          ],
          [
            15.852089,
            45.790968
          ],
          [
            15.851559,
            45.790705
          ],
          [
            15.851355,
            45.790599
          ],
          [
            15.851047,
            45.790447
          ],
          [
            15.849522,
            45.789669
          ],
          [
            15.847837,
            45.78881
          ],
          [
            15.847299,
            45.788541
          ],
          [
            15.846518,
            45.788187
          ],
          [
            15.845866,
            45.787919
          ],
          [
            15.84475,
            45.787502
          ],
          [
            15.844135,
            45.787293
          ],
          [
            15.84288,
            45.78694
          ],
          [
            15.839051,
            45.785948
          ],
          [
            15.837284,
            45.785524
          ],
          [
            15.835954,
            45.785244
          ],
          [
            15.834545,
            45.784973
          ],
          [
            15.832654,
            45.784668
          ],
          [
            15.830851,
            45.784431
          ],
          [
            15.828948,
            45.784234
          ],
          [
            15.827246,
            45.784065
          ],
          [
            15.82647,
            45.784011
          ],
          [
            15.825536,
            45.783969
          ],
          [
            15.825389,
            45.78392
          ],
          [
            15.824076,
            45.783894
          ],
          [
            15.82217,
            45.783904
          ],
          [
            15.820653,
            45.783961
          ],
          [
            15.819532,
            45.784023
          ],
          [
            15.818578,
            45.784082
          ],
          [
            15.817636,
            45.784168
          ],
          [
            15.816045,
            45.784337
          ],
          [
            15.814985,
            45.784476
          ],
          [
            15.813825,
            45.784648
          ],
          [
            15.812483,
            45.784873
          ],
          [
            15.811168,
            45.785124
          ],
          [
            15.808668,
            45.785699
          ],
          [
            15.806376,
            45.786291
          ],
          [
            15.805251,
            45.786628
          ],
          [
            15.803628,
            45.787163
          ],
          [
            15.802549,
            45.787548
          ],
          [
            15.801516,
            45.787945
          ],
          [
            15.79793,
            45.789533
          ],
          [
            15.797176,
            45.789908
          ],
          [
            15.796382,
            45.790327
          ],
          [
            15.795698,
            45.790695
          ],
          [
            15.79494,
            45.791129
          ],
          [
            15.793215,
            45.79219
          ],
          [
            15.792364,
            45.792747
          ],
          [
            15.789091,
            45.795039
          ],
          [
            15.787944,
            45.795859
          ],
          [
            15.786805,
            45.796686
          ],
          [
            15.784702,
            45.798132
          ],
          [
            15.784428,
            45.798338
          ],
          [
            15.781687,
            45.80027
          ],
          [
            15.781573,
            45.80035
          ],
          [
            15.78081,
            45.800885
          ],
          [
            15.780394,
            45.801174
          ],
          [
            15.779318,
            45.801935
          ],
          [
            15.769579,
            45.808814
          ],
          [
            15.769323,
            45.808987
          ],
          [
            15.764183,
            45.812611
          ],
          [
            15.762674,
            45.813622
          ],
          [
            15.760245,
            45.815201
          ],
          [
            15.758314,
            45.816393
          ],
          [
            15.75712,
            45.817098
          ],
          [
            15.755143,
            45.818248
          ],
          [
            15.753724,
            45.819035
          ],
          [
            15.750357,
            45.820839
          ],
          [
            15.748002,
            45.822017
          ],
          [
            15.745884,
            45.823029
          ],
          [
            15.743951,
            45.823925
          ],
          [
            15.741543,
            45.824986
          ],
          [
            15.73921,
            45.825964
          ],
          [
            15.736979,
            45.82686
          ],
          [
            15.735793,
            45.827324
          ],
          [
            15.733785,
            45.828081
          ],
          [
            15.733096,
            45.828319
          ],
          [
            15.732765,
            45.828436
          ],
          [
            15.72932,
            45.829641
          ],
          [
            15.726365,
            45.830625
          ],
          [
            15.724556,
            45.831224
          ],
          [
            15.721295,
            45.832315
          ],
          [
            15.719355,
            45.832983
          ],
          [
            15.718891,
            45.833138
          ],
          [
            15.716928,
            45.833837
          ],
          [
            15.715702,
            45.834292
          ],
          [
            15.713922,
            45.834992
          ],
          [
            15.7119,
            45.83582
          ],
          [
            15.710597,
            45.836384
          ],
          [
            15.709543,
            45.836858
          ],
          [
            15.707399,
            45.837859
          ],
          [
            15.706947,
            45.83808
          ],
          [
            15.706067,
            45.83854
          ],
          [
            15.70561,
            45.838779
          ],
          [
            15.705033,
            45.839076
          ],
          [
            15.704616,
            45.839295
          ],
          [
            15.704178,
            45.839526
          ],
          [
            15.703782,
            45.839734
          ],
          [
            15.703222,
            45.840027
          ],
          [
            15.702552,
            45.840375
          ],
          [
            15.700984,
            45.841248
          ],
          [
            15.700253,
            45.841687
          ],
          [
            15.700047,
            45.841857
          ],
          [
            15.699937,
            45.841987
          ],
          [
            15.69985,
            45.842076
          ],
          [
            15.699738,
            45.842155
          ],
          [
            15.698847,
            45.8427
          ],
          [
            15.698279,
            45.842928
          ],
          [
            15.697098,
            45.843678
          ],
          [
            15.69615,
            45.844313
          ],
          [
            15.695975,
            45.84443
          ],
          [
            15.694787,
            45.845253
          ],
          [
            15.694024,
            45.845847
          ],
          [
            15.693323,
            45.846388
          ],
          [
            15.69317,
            45.846505
          ],
          [
            15.692579,
            45.846901
          ],
          [
            15.691324,
            45.847946
          ],
          [
            15.690497,
            45.848712
          ],
          [
            15.689478,
            45.849723
          ],
          [
            15.68861,
            45.850634
          ],
          [
            15.687484,
            45.851956
          ],
          [
            15.68693,
            45.85265
          ],
          [
            15.685849,
            45.854162
          ],
          [
            15.685176,
            45.855208
          ],
          [
            15.683529,
            45.858041
          ],
          [
            15.68315,
            45.858642
          ],
          [
            15.682662,
            45.859317
          ],
          [
            15.681993,
            45.860111
          ],
          [
            15.681225,
            45.860875
          ],
          [
            15.680931,
            45.861136
          ],
          [
            15.680594,
            45.861431
          ],
          [
            15.680009,
            45.861889
          ],
          [
            15.679481,
            45.862276
          ],
          [
            15.678965,
            45.862625
          ],
          [
            15.677906,
            45.863265
          ],
          [
            15.677212,
            45.863643
          ],
          [
            15.676028,
            45.864247
          ],
          [
            15.673921,
            45.865291
          ],
          [
            15.672796,
            45.865867
          ],
          [
            15.671697,
            45.866491
          ],
          [
            15.670815,
            45.867028
          ],
          [
            15.668172,
            45.868749
          ],
          [
            15.666862,
            45.869492
          ],
          [
            15.665977,
            45.869907
          ],
          [
            15.665019,
            45.870291
          ],
          [
            15.663625,
            45.870724
          ],
          [
            15.662739,
            45.870946
          ],
          [
            15.662144,
            45.871064
          ],
          [
            15.660802,
            45.871288
          ],
          [
            15.659297,
            45.871498
          ],
          [
            15.658625,
            45.87163
          ],
          [
            15.657861,
            45.871819
          ],
          [
            15.657217,
            45.872045
          ],
          [
            15.656532,
            45.87232
          ],
          [
            15.65516,
            45.872982
          ],
          [
            15.65321,
            45.873876
          ],
          [
            15.651028,
            45.874696
          ],
          [
            15.649934,
            45.875058
          ],
          [
            15.648774,
            45.875362
          ],
          [
            15.646505,
            45.875855
          ],
          [
            15.642647,
            45.876281
          ],
          [
            15.641163,
            45.87655
          ],
          [
            15.63976,
            45.876939
          ],
          [
            15.637608,
            45.877604
          ],
          [
            15.636573,
            45.877835
          ],
          [
            15.635809,
            45.877928
          ],
          [
            15.634641,
            45.878008
          ],
          [
            15.634083,
            45.878036
          ],
          [
            15.632899,
            45.87813
          ],
          [
            15.632034,
            45.878244
          ],
          [
            15.631273,
            45.878387
          ],
          [
            15.630441,
            45.878567
          ],
          [
            15.628995,
            45.878943
          ],
          [
            15.627405,
            45.879483
          ],
          [
            15.626219,
            45.879959
          ],
          [
            15.625221,
            45.880419
          ],
          [
            15.624153,
            45.880977
          ],
          [
            15.623234,
            45.881529
          ],
          [
            15.622234,
            45.882211
          ],
          [
            15.618645,
            45.884963
          ],
          [
            15.616765,
            45.886259
          ],
          [
            15.616236,
            45.886582
          ],
          [
            15.614755,
            45.887474
          ],
          [
            15.614105,
            45.887844
          ],
          [
            15.612176,
            45.888833
          ],
          [
            15.61054,
            45.889576
          ],
          [
            15.609796,
            45.889891
          ],
          [
            15.607883,
            45.890627
          ],
          [
            15.60703,
            45.890921
          ],
          [
            15.606201,
            45.891194
          ],
          [
            15.605149,
            45.891516
          ],
          [
            15.603768,
            45.891897
          ],
          [
            15.602679,
            45.892161
          ],
          [
            15.602356,
            45.892228
          ],
          [
            15.60142,
            45.892426
          ],
          [
            15.600924,
            45.892515
          ],
          [
            15.600092,
            45.892617
          ],
          [
            15.599154,
            45.892689
          ],
          [
            15.598692,
            45.892707
          ],
          [
            15.597758,
            45.892707
          ],
          [
            15.597077,
            45.892685
          ],
          [
            15.596297,
            45.892617
          ],
          [
            15.59524,
            45.892492
          ],
          [
            15.593105,
            45.892196
          ],
          [
            15.592422,
            45.892143
          ],
          [
            15.591866,
            45.892128
          ],
          [
            15.590855,
            45.892149
          ],
          [
            15.590312,
            45.892189
          ],
          [
            15.589694,
            45.892272
          ],
          [
            15.589017,
            45.892398
          ],
          [
            15.588367,
            45.892552
          ],
          [
            15.587636,
            45.892792
          ],
          [
            15.586985,
            45.892998
          ],
          [
            15.585865,
            45.89346
          ],
          [
            15.585178,
            45.893777
          ],
          [
            15.584611,
            45.894069
          ],
          [
            15.583433,
            45.894749
          ],
          [
            15.579488,
            45.897308
          ],
          [
            15.5776,
            45.89851
          ],
          [
            15.575855,
            45.899529
          ],
          [
            15.574703,
            45.90015
          ],
          [
            15.572761,
            45.901123
          ],
          [
            15.571814,
            45.901561
          ],
          [
            15.570563,
            45.902114
          ],
          [
            15.569005,
            45.902742
          ],
          [
            15.567892,
            45.903172
          ],
          [
            15.566094,
            45.903812
          ],
          [
            15.564143,
            45.904442
          ],
          [
            15.561384,
            45.905259
          ],
          [
            15.557875,
            45.906207
          ],
          [
            15.557709,
            45.906249
          ],
          [
            15.554224,
            45.907084
          ],
          [
            15.551838,
            45.907599
          ],
          [
            15.548935,
            45.908171
          ],
          [
            15.544533,
            45.908927
          ],
          [
            15.539886,
            45.909558
          ],
          [
            15.537141,
            45.909858
          ],
          [
            15.533062,
            45.910188
          ],
          [
            15.530495,
            45.910349
          ],
          [
            15.525878,
            45.910526
          ],
          [
            15.524716,
            45.910553
          ],
          [
            15.524508,
            45.910554
          ],
          [
            15.52117,
            45.910559
          ],
          [
            15.518537,
            45.910511
          ],
          [
            15.515904,
            45.910415
          ],
          [
            15.515746,
            45.910409
          ],
          [
            15.511552,
            45.910227
          ],
          [
            15.506717,
            45.91007
          ],
          [
            15.50531,
            45.910045
          ],
          [
            15.505119,
            45.910044
          ],
          [
            15.501891,
            45.910026
          ],
          [
            15.49944,
            45.910052
          ],
          [
            15.495757,
            45.910132
          ],
          [
            15.4921,
            45.910271
          ],
          [
            15.487285,
            45.910553
          ],
          [
            15.484999,
            45.910722
          ],
          [
            15.482747,
            45.910913
          ],
          [
            15.480761,
            45.911099
          ],
          [
            15.480499,
            45.911124
          ],
          [
            15.477045,
            45.911498
          ],
          [
            15.473341,
            45.911963
          ],
          [
            15.471318,
            45.912236
          ],
          [
            15.468296,
            45.912693
          ],
          [
            15.46396,
            45.913371
          ],
          [
            15.462305,
            45.913606
          ],
          [
            15.460009,
            45.913887
          ],
          [
            15.458812,
            45.914024
          ],
          [
            15.454743,
            45.914386
          ],
          [
            15.452272,
            45.914562
          ],
          [
            15.448,
            45.914751
          ],
          [
            15.443984,
            45.914812
          ],
          [
            15.441662,
            45.914805
          ],
          [
            15.438532,
            45.91474
          ],
          [
            15.435776,
            45.914619
          ],
          [
            15.433175,
            45.91446
          ],
          [
            15.431426,
            45.914324
          ],
          [
            15.428799,
            45.914091
          ],
          [
            15.427552,
            45.913958
          ],
          [
            15.42432,
            45.913572
          ],
          [
            15.422594,
            45.913337
          ],
          [
            15.419579,
            45.912883
          ],
          [
            15.416944,
            45.912416
          ],
          [
            15.414954,
            45.912037
          ],
          [
            15.412919,
            45.91162
          ],
          [
            15.406937,
            45.910262
          ],
          [
            15.406114,
            45.910095
          ],
          [
            15.403095,
            45.909512
          ],
          [
            15.401292,
            45.909196
          ],
          [
            15.398788,
            45.908802
          ],
          [
            15.396771,
            45.90851
          ],
          [
            15.394084,
            45.908164
          ],
          [
            15.392154,
            45.907951
          ],
          [
            15.386917,
            45.90752
          ],
          [
            15.381533,
            45.90725
          ],
          [
            15.376721,
            45.907169
          ],
          [
            15.375395,
            45.907177
          ],
          [
            15.373864,
            45.907207
          ],
          [
            15.371335,
            45.907288
          ],
          [
            15.368411,
            45.907408
          ],
          [
            15.365634,
            45.907506
          ],
          [
            15.363485,
            45.907559
          ],
          [
            15.361641,
            45.907564
          ],
          [
            15.359342,
            45.907516
          ],
          [
            15.357051,
            45.907382
          ],
          [
            15.353259,
            45.90705
          ],
          [
            15.350908,
            45.906737
          ],
          [
            15.348573,
            45.906334
          ],
          [
            15.347584,
            45.906145
          ],
          [
            15.346393,
            45.9059
          ],
          [
            15.344085,
            45.905388
          ],
          [
            15.341898,
            45.90483
          ],
          [
            15.339438,
            45.904111
          ],
          [
            15.335511,
            45.902766
          ],
          [
            15.333862,
            45.902183
          ],
          [
            15.332231,
            45.901567
          ],
          [
            15.330659,
            45.900917
          ],
          [
            15.328825,
            45.900119
          ],
          [
            15.325037,
            45.898308
          ],
          [
            15.322318,
            45.896867
          ],
          [
            15.32,
            45.895515
          ],
          [
            15.318854,
            45.894795
          ],
          [
            15.316165,
            45.892977
          ],
          [
            15.315836,
            45.892753
          ],
          [
            15.31467,
            45.891906
          ],
          [
            15.313118,
            45.890703
          ],
          [
            15.311639,
            45.889374
          ],
          [
            15.310617,
            45.888298
          ],
          [
            15.310371,
            45.888005
          ],
          [
            15.309602,
            45.886989
          ],
          [
            15.309319,
            45.886582
          ],
          [
            15.308755,
            45.885661
          ],
          [
            15.308323,
            45.884839
          ],
          [
            15.307906,
            45.883927
          ],
          [
            15.307688,
            45.883354
          ],
          [
            15.307515,
            45.882806
          ],
          [
            15.306677,
            45.879685
          ],
          [
            15.306388,
            45.878911
          ],
          [
            15.305698,
            45.877415
          ],
          [
            15.305249,
            45.876727
          ],
          [
            15.304189,
            45.875405
          ],
          [
            15.302927,
            45.874087
          ],
          [
            15.301477,
            45.872963
          ],
          [
            15.300698,
            45.872444
          ],
          [
            15.299837,
            45.871988
          ],
          [
            15.298967,
            45.871609
          ],
          [
            15.297962,
            45.87124
          ],
          [
            15.296356,
            45.870868
          ],
          [
            15.295038,
            45.870658
          ],
          [
            15.289218,
            45.870181
          ],
          [
            15.287871,
            45.870006
          ],
          [
            15.287132,
            45.869891
          ],
          [
            15.286027,
            45.869669
          ],
          [
            15.284526,
            45.869297
          ],
          [
            15.282675,
            45.868645
          ],
          [
            15.280922,
            45.867916
          ],
          [
            15.277822,
            45.866464
          ],
          [
            15.275613,
            45.865518
          ],
          [
            15.273222,
            45.86469
          ],
          [
            15.271357,
            45.864192
          ],
          [
            15.269667,
            45.863799
          ],
          [
            15.267153,
            45.863318
          ],
          [
            15.264637,
            45.862898
          ],
          [
            15.263583,
            45.862703
          ],
          [
            15.262867,
            45.862551
          ],
          [
            15.261897,
            45.862283
          ],
          [
            15.261652,
            45.862212
          ],
          [
            15.26067,
            45.861913
          ],
          [
            15.259921,
            45.861624
          ],
          [
            15.259176,
            45.861305
          ],
          [
            15.258776,
            45.86111
          ],
          [
            15.258261,
            45.860832
          ],
          [
            15.257848,
            45.860574
          ],
          [
            15.257435,
            45.860287
          ],
          [
            15.256287,
            45.859323
          ],
          [
            15.255149,
            45.858334
          ],
          [
            15.253814,
            45.857227
          ],
          [
            15.2532,
            45.856738
          ],
          [
            15.252096,
            45.855878
          ],
          [
            15.251526,
            45.855466
          ],
          [
            15.250758,
            45.854905
          ],
          [
            15.249471,
            45.85412
          ],
          [
            15.248823,
            45.853769
          ],
          [
            15.247372,
            45.853031
          ],
          [
            15.246589,
            45.852682
          ],
          [
            15.245439,
            45.8522
          ],
          [
            15.244759,
            45.851899
          ],
          [
            15.243247,
            45.851177
          ],
          [
            15.242505,
            45.850784
          ],
          [
            15.241191,
            45.850059
          ],
          [
            15.23982,
            45.849385
          ],
          [
            15.239023,
            45.849044
          ],
          [
            15.237338,
            45.84839
          ],
          [
            15.23569,
            45.847953
          ],
          [
            15.233752,
            45.847549
          ],
          [
            15.232631,
            45.847256
          ],
          [
            15.231472,
            45.84686
          ],
          [
            15.230497,
            45.846458
          ],
          [
            15.229872,
            45.846152
          ],
          [
            15.227365,
            45.844673
          ],
          [
            15.226505,
            45.844232
          ],
          [
            15.225252,
            45.843738
          ],
          [
            15.224394,
            45.843496
          ],
          [
            15.223561,
            45.843307
          ],
          [
            15.222862,
            45.843184
          ],
          [
            15.222306,
            45.843087
          ],
          [
            15.221522,
            45.842948
          ],
          [
            15.220425,
            45.842727
          ],
          [
            15.219568,
            45.842528
          ],
          [
            15.218799,
            45.842315
          ],
          [
            15.217922,
            45.842024
          ],
          [
            15.216864,
            45.841634
          ],
          [
            15.215941,
            45.841232
          ],
          [
            15.215226,
            45.840884
          ],
          [
            15.214667,
            45.840588
          ],
          [
            15.214181,
            45.840302
          ],
          [
            15.213552,
            45.839911
          ],
          [
            15.21291,
            45.839471
          ],
          [
            15.212475,
            45.839162
          ],
          [
            15.211986,
            45.838768
          ],
          [
            15.21172,
            45.838549
          ],
          [
            15.211246,
            45.838116
          ],
          [
            15.210318,
            45.837177
          ],
          [
            15.209599,
            45.836452
          ],
          [
            15.209123,
            45.836024
          ],
          [
            15.208686,
            45.835695
          ],
          [
            15.20809,
            45.835299
          ],
          [
            15.20731,
            45.834896
          ],
          [
            15.206441,
            45.834548
          ],
          [
            15.204563,
            45.83389
          ],
          [
            15.203999,
            45.833649
          ],
          [
            15.203462,
            45.833415
          ],
          [
            15.202824,
            45.833088
          ],
          [
            15.202155,
            45.832685
          ],
          [
            15.201109,
            45.831876
          ],
          [
            15.200938,
            45.831713
          ],
          [
            15.199805,
            45.83044
          ],
          [
            15.199333,
            45.829941
          ],
          [
            15.198984,
            45.829637
          ],
          [
            15.198662,
            45.829386
          ],
          [
            15.198057,
            45.828953
          ],
          [
            15.197381,
            45.828544
          ],
          [
            15.196718,
            45.828225
          ],
          [
            15.196011,
            45.827959
          ],
          [
            15.195605,
            45.827824
          ],
          [
            15.1951,
            45.827678
          ],
          [
            15.194221,
            45.827488
          ],
          [
            15.193729,
            45.827407
          ],
          [
            15.192821,
            45.82731
          ],
          [
            15.192053,
            45.827278
          ],
          [
            15.191341,
            45.82728
          ],
          [
            15.190527,
            45.82733
          ],
          [
            15.189258,
            45.827486
          ],
          [
            15.187769,
            45.82772
          ],
          [
            15.185555,
            45.828138
          ],
          [
            15.183974,
            45.828505
          ],
          [
            15.182689,
            45.828832
          ],
          [
            15.18186,
            45.829069
          ],
          [
            15.181214,
            45.829267
          ],
          [
            15.180711,
            45.829441
          ],
          [
            15.180462,
            45.829519
          ],
          [
            15.179915,
            45.829714
          ],
          [
            15.17874,
            45.830173
          ],
          [
            15.177401,
            45.830786
          ],
          [
            15.175913,
            45.831559
          ],
          [
            15.174524,
            45.832391
          ],
          [
            15.171522,
            45.83433
          ],
          [
            15.170889,
            45.834709
          ],
          [
            15.16998,
            45.835203
          ],
          [
            15.169412,
            45.835463
          ],
          [
            15.168601,
            45.835808
          ],
          [
            15.167798,
            45.836097
          ],
          [
            15.166598,
            45.836463
          ],
          [
            15.164653,
            45.836996
          ],
          [
            15.164171,
            45.83715
          ],
          [
            15.1634,
            45.837417
          ],
          [
            15.162438,
            45.837821
          ],
          [
            15.161984,
            45.838032
          ],
          [
            15.161056,
            45.838561
          ],
          [
            15.160376,
            45.839006
          ],
          [
            15.159781,
            45.839454
          ],
          [
            15.158096,
            45.840856
          ],
          [
            15.157098,
            45.841664
          ],
          [
            15.156097,
            45.842381
          ],
          [
            15.155576,
            45.842714
          ],
          [
            15.154888,
            45.843123
          ],
          [
            15.153996,
            45.843593
          ],
          [
            15.152423,
            45.844348
          ],
          [
            15.151168,
            45.844979
          ],
          [
            15.150633,
            45.84529
          ],
          [
            15.149998,
            45.845715
          ],
          [
            15.149678,
            45.845955
          ],
          [
            15.14881,
            45.846686
          ],
          [
            15.14825,
            45.847263
          ],
          [
            15.147732,
            45.847912
          ],
          [
            15.14704,
            45.848954
          ],
          [
            15.146601,
            45.84964
          ],
          [
            15.146024,
            45.850391
          ],
          [
            15.145421,
            45.851037
          ],
          [
            15.144788,
            45.851649
          ],
          [
            15.143754,
            45.852675
          ],
          [
            15.143477,
            45.853
          ],
          [
            15.143033,
            45.8536
          ],
          [
            15.142819,
            45.853968
          ],
          [
            15.142647,
            45.854324
          ],
          [
            15.142475,
            45.854747
          ],
          [
            15.142348,
            45.855205
          ],
          [
            15.142242,
            45.855728
          ],
          [
            15.142076,
            45.857877
          ],
          [
            15.142017,
            45.858263
          ],
          [
            15.141867,
            45.858857
          ],
          [
            15.141629,
            45.859482
          ],
          [
            15.141392,
            45.859935
          ],
          [
            15.141098,
            45.860394
          ],
          [
            15.14069,
            45.860904
          ],
          [
            15.140311,
            45.861316
          ],
          [
            15.139902,
            45.861675
          ],
          [
            15.139124,
            45.862252
          ],
          [
            15.13835,
            45.862717
          ],
          [
            15.137434,
            45.863145
          ],
          [
            15.136468,
            45.863491
          ],
          [
            15.136067,
            45.863606
          ],
          [
            15.135422,
            45.863761
          ],
          [
            15.134688,
            45.863896
          ],
          [
            15.133859,
            45.864006
          ],
          [
            15.131848,
            45.864136
          ],
          [
            15.131283,
            45.864164
          ],
          [
            15.130615,
            45.864225
          ],
          [
            15.130182,
            45.864272
          ],
          [
            15.129486,
            45.864377
          ],
          [
            15.128712,
            45.864551
          ],
          [
            15.128116,
            45.864721
          ],
          [
            15.127318,
            45.865
          ],
          [
            15.126832,
            45.865198
          ],
          [
            15.126166,
            45.865524
          ],
          [
            15.124726,
            45.866314
          ],
          [
            15.123683,
            45.866801
          ],
          [
            15.1225,
            45.86724
          ],
          [
            15.121245,
            45.867538
          ],
          [
            15.119683,
            45.867826
          ],
          [
            15.118007,
            45.868215
          ],
          [
            15.116335,
            45.868638
          ],
          [
            15.115446,
            45.868965
          ],
          [
            15.114915,
            45.869178
          ],
          [
            15.113512,
            45.869853
          ],
          [
            15.11251,
            45.870448
          ],
          [
            15.110449,
            45.871822
          ],
          [
            15.109918,
            45.872135
          ],
          [
            15.109342,
            45.872437
          ],
          [
            15.108749,
            45.872699
          ],
          [
            15.108148,
            45.872934
          ],
          [
            15.107326,
            45.873205
          ],
          [
            15.106448,
            45.87343
          ],
          [
            15.105588,
            45.873598
          ],
          [
            15.104902,
            45.873693
          ],
          [
            15.104313,
            45.873749
          ],
          [
            15.10349,
            45.873796
          ],
          [
            15.102645,
            45.873795
          ],
          [
            15.101936,
            45.873765
          ],
          [
            15.101194,
            45.873696
          ],
          [
            15.099678,
            45.873505
          ],
          [
            15.098219,
            45.873344
          ],
          [
            15.097123,
            45.87331
          ],
          [
            15.096424,
            45.87331
          ],
          [
            15.09587,
            45.873332
          ],
          [
            15.095275,
            45.873377
          ],
          [
            15.094725,
            45.873439
          ],
          [
            15.094023,
            45.873545
          ],
          [
            15.093131,
            45.873715
          ],
          [
            15.091866,
            45.874021
          ],
          [
            15.090231,
            45.874518
          ],
          [
            15.089311,
            45.874818
          ],
          [
            15.088482,
            45.875123
          ],
          [
            15.08723,
            45.875623
          ],
          [
            15.085959,
            45.876179
          ],
          [
            15.084533,
            45.876876
          ],
          [
            15.083415,
            45.877481
          ],
          [
            15.082306,
            45.878141
          ],
          [
            15.081494,
            45.878667
          ],
          [
            15.080821,
            45.879128
          ],
          [
            15.079994,
            45.879731
          ],
          [
            15.079183,
            45.880377
          ],
          [
            15.076747,
            45.882345
          ],
          [
            15.075924,
            45.882945
          ],
          [
            15.075073,
            45.883537
          ],
          [
            15.073346,
            45.884633
          ],
          [
            15.072486,
            45.885126
          ],
          [
            15.071554,
            45.885641
          ],
          [
            15.069433,
            45.886698
          ],
          [
            15.06762,
            45.887477
          ],
          [
            15.065624,
            45.888274
          ],
          [
            15.063777,
            45.889099
          ],
          [
            15.0623,
            45.889893
          ],
          [
            15.061598,
            45.890332
          ],
          [
            15.060957,
            45.890805
          ],
          [
            15.060199,
            45.891453
          ],
          [
            15.059598,
            45.892088
          ],
          [
            15.059116,
            45.892686
          ],
          [
            15.058802,
            45.893151
          ],
          [
            15.058458,
            45.893756
          ],
          [
            15.058166,
            45.894361
          ],
          [
            15.057502,
            45.895637
          ],
          [
            15.057123,
            45.89618
          ],
          [
            15.056865,
            45.896505
          ],
          [
            15.056383,
            45.89702
          ],
          [
            15.055821,
            45.897545
          ],
          [
            15.055356,
            45.897923
          ],
          [
            15.055036,
            45.898154
          ],
          [
            15.054548,
            45.898472
          ],
          [
            15.053964,
            45.898815
          ],
          [
            15.053434,
            45.899091
          ],
          [
            15.052842,
            45.899355
          ],
          [
            15.052045,
            45.899667
          ],
          [
            15.051277,
            45.899909
          ],
          [
            15.050837,
            45.900027
          ],
          [
            15.049719,
            45.900275
          ],
          [
            15.048587,
            45.900437
          ],
          [
            15.047059,
            45.900511
          ],
          [
            15.046051,
            45.900499
          ],
          [
            15.045089,
            45.900441
          ],
          [
            15.044321,
            45.900347
          ],
          [
            15.043793,
            45.900259
          ],
          [
            15.042246,
            45.899903
          ],
          [
            15.039874,
            45.899291
          ],
          [
            15.038502,
            45.898995
          ],
          [
            15.037767,
            45.898855
          ],
          [
            15.036775,
            45.898733
          ],
          [
            15.035557,
            45.898635
          ],
          [
            15.034705,
            45.898608
          ],
          [
            15.034372,
            45.898597
          ],
          [
            15.033302,
            45.898609
          ],
          [
            15.031824,
            45.898681
          ],
          [
            15.030824,
            45.898758
          ],
          [
            15.029931,
            45.898878
          ],
          [
            15.029171,
            45.899017
          ],
          [
            15.027118,
            45.899472
          ],
          [
            15.026228,
            45.899722
          ],
          [
            15.025252,
            45.900042
          ],
          [
            15.022029,
            45.901181
          ],
          [
            15.021252,
            45.901392
          ],
          [
            15.020295,
            45.901607
          ],
          [
            15.018724,
            45.901856
          ],
          [
            15.017879,
            45.901929
          ],
          [
            15.016953,
            45.90198
          ],
          [
            15.015958,
            45.90198
          ],
          [
            15.014893,
            45.901945
          ],
          [
            15.013427,
            45.901857
          ],
          [
            15.012632,
            45.901836
          ],
          [
            15.011617,
            45.901855
          ],
          [
            15.01086,
            45.901901
          ],
          [
            15.010037,
            45.901994
          ],
          [
            15.007859,
            45.902332
          ],
          [
            15.006969,
            45.902405
          ],
          [
            15.006031,
            45.902429
          ],
          [
            15.004524,
            45.902357
          ],
          [
            15.003951,
            45.902289
          ],
          [
            15.002858,
            45.902093
          ],
          [
            15.001681,
            45.901853
          ],
          [
            15.000558,
            45.901667
          ],
          [
            14.999492,
            45.901572
          ],
          [
            14.998921,
            45.901548
          ],
          [
            14.998339,
            45.901555
          ],
          [
            14.997337,
            45.901612
          ],
          [
            14.996247,
            45.901767
          ],
          [
            14.995789,
            45.901852
          ],
          [
            14.994717,
            45.902119
          ],
          [
            14.994211,
            45.902282
          ],
          [
            14.993737,
            45.902459
          ],
          [
            14.99171,
            45.903338
          ],
          [
            14.990498,
            45.90378
          ],
          [
            14.989864,
            45.903963
          ],
          [
            14.989212,
            45.904119
          ],
          [
            14.988597,
            45.904232
          ],
          [
            14.988037,
            45.904315
          ],
          [
            14.987433,
            45.904376
          ],
          [
            14.986728,
            45.904421
          ],
          [
            14.984487,
            45.904521
          ],
          [
            14.983644,
            45.904587
          ],
          [
            14.982974,
            45.904664
          ],
          [
            14.982319,
            45.904758
          ],
          [
            14.980884,
            45.904992
          ],
          [
            14.980013,
            45.905167
          ],
          [
            14.979097,
            45.905391
          ],
          [
            14.978225,
            45.905642
          ],
          [
            14.976548,
            45.906207
          ],
          [
            14.975567,
            45.906595
          ],
          [
            14.974529,
            45.907064
          ],
          [
            14.973254,
            45.907716
          ],
          [
            14.972437,
            45.908152
          ],
          [
            14.971898,
            45.908442
          ],
          [
            14.971362,
            45.908701
          ],
          [
            14.970315,
            45.90914
          ],
          [
            14.969692,
            45.909356
          ],
          [
            14.968957,
            45.90958
          ],
          [
            14.968252,
            45.909768
          ],
          [
            14.967626,
            45.909905
          ],
          [
            14.966291,
            45.910151
          ],
          [
            14.965351,
            45.910303
          ],
          [
            14.964392,
            45.910461
          ],
          [
            14.963436,
            45.910641
          ],
          [
            14.962465,
            45.910871
          ],
          [
            14.961277,
            45.91123
          ],
          [
            14.960484,
            45.91154
          ],
          [
            14.959857,
            45.911823
          ],
          [
            14.959263,
            45.912136
          ],
          [
            14.958685,
            45.912493
          ],
          [
            14.958196,
            45.912828
          ],
          [
            14.957714,
            45.913196
          ],
          [
            14.957296,
            45.913561
          ],
          [
            14.956918,
            45.913937
          ],
          [
            14.95655,
            45.914338
          ],
          [
            14.955958,
            45.915148
          ],
          [
            14.955178,
            45.9164
          ],
          [
            14.954782,
            45.916984
          ],
          [
            14.954274,
            45.917565
          ],
          [
            14.953755,
            45.918078
          ],
          [
            14.953126,
            45.918573
          ],
          [
            14.95247,
            45.919003
          ],
          [
            14.952001,
            45.919259
          ],
          [
            14.951492,
            45.919511
          ],
          [
            14.951017,
            45.919716
          ],
          [
            14.95043,
            45.919934
          ],
          [
            14.949606,
            45.920181
          ],
          [
            14.948799,
            45.920372
          ],
          [
            14.948144,
            45.920485
          ],
          [
            14.947448,
            45.920574
          ],
          [
            14.9454,
            45.920727
          ],
          [
            14.944811,
            45.920793
          ],
          [
            14.943687,
            45.920993
          ],
          [
            14.942674,
            45.921261
          ],
          [
            14.94183,
            45.921563
          ],
          [
            14.94115,
            45.921869
          ],
          [
            14.940427,
            45.922242
          ],
          [
            14.938441,
            45.923345
          ],
          [
            14.937442,
            45.923786
          ],
          [
            14.934316,
            45.924714
          ],
          [
            14.933972,
            45.924827
          ],
          [
            14.933716,
            45.92491
          ],
          [
            14.933373,
            45.925048
          ],
          [
            14.933018,
            45.925191
          ],
          [
            14.932493,
            45.925461
          ],
          [
            14.931724,
            45.925901
          ],
          [
            14.931428,
            45.926101
          ],
          [
            14.93097,
            45.926446
          ],
          [
            14.930519,
            45.926837
          ],
          [
            14.929426,
            45.927883
          ],
          [
            14.928812,
            45.928417
          ],
          [
            14.928278,
            45.928811
          ],
          [
            14.927622,
            45.929221
          ],
          [
            14.927334,
            45.929377
          ],
          [
            14.926662,
            45.92971
          ],
          [
            14.926011,
            45.929973
          ],
          [
            14.924942,
            45.930297
          ],
          [
            14.924517,
            45.93041
          ],
          [
            14.923761,
            45.93056
          ],
          [
            14.922694,
            45.930713
          ],
          [
            14.922265,
            45.930749
          ],
          [
            14.921044,
            45.930753
          ],
          [
            14.920344,
            45.930719
          ],
          [
            14.919061,
            45.930582
          ],
          [
            14.918642,
            45.930518
          ],
          [
            14.91779,
            45.930349
          ],
          [
            14.916558,
            45.930047
          ],
          [
            14.915373,
            45.929682
          ],
          [
            14.914377,
            45.929293
          ],
          [
            14.913594,
            45.928958
          ],
          [
            14.912672,
            45.928495
          ],
          [
            14.91197,
            45.928078
          ],
          [
            14.909926,
            45.926816
          ],
          [
            14.909423,
            45.926523
          ],
          [
            14.908586,
            45.92612
          ],
          [
            14.908054,
            45.925904
          ],
          [
            14.906969,
            45.925545
          ],
          [
            14.906527,
            45.925433
          ],
          [
            14.905836,
            45.925278
          ],
          [
            14.905467,
            45.925214
          ],
          [
            14.903163,
            45.924896
          ],
          [
            14.902411,
            45.924769
          ],
          [
            14.901959,
            45.924666
          ],
          [
            14.901323,
            45.924498
          ],
          [
            14.90047,
            45.924228
          ],
          [
            14.89946,
            45.92393
          ],
          [
            14.8986,
            45.923709
          ],
          [
            14.89791,
            45.923576
          ],
          [
            14.897011,
            45.923452
          ],
          [
            14.89609,
            45.923399
          ],
          [
            14.895528,
            45.923397
          ],
          [
            14.894923,
            45.923421
          ],
          [
            14.893784,
            45.923507
          ],
          [
            14.892571,
            45.92362
          ],
          [
            14.891254,
            45.923705
          ],
          [
            14.889406,
            45.923747
          ],
          [
            14.887984,
            45.923721
          ],
          [
            14.886331,
            45.923655
          ],
          [
            14.885205,
            45.923633
          ],
          [
            14.884211,
            45.923643
          ],
          [
            14.883365,
            45.923683
          ],
          [
            14.882446,
            45.923758
          ],
          [
            14.88168,
            45.92384
          ],
          [
            14.880858,
            45.92395
          ],
          [
            14.880123,
            45.924073
          ],
          [
            14.879361,
            45.924227
          ],
          [
            14.876665,
            45.924857
          ],
          [
            14.875829,
            45.925036
          ],
          [
            14.874961,
            45.925199
          ],
          [
            14.874147,
            45.925315
          ],
          [
            14.873246,
            45.925432
          ],
          [
            14.872055,
            45.925537
          ],
          [
            14.87075,
            45.925618
          ],
          [
            14.8681,
            45.925746
          ],
          [
            14.867019,
            45.925826
          ],
          [
            14.86585,
            45.925946
          ],
          [
            14.864414,
            45.926148
          ],
          [
            14.863459,
            45.92633
          ],
          [
            14.862527,
            45.926542
          ],
          [
            14.859189,
            45.927348
          ],
          [
            14.858236,
            45.927562
          ],
          [
            14.857203,
            45.927779
          ],
          [
            14.855771,
            45.92803
          ],
          [
            14.855364,
            45.928096
          ],
          [
            14.855,
            45.928157
          ],
          [
            14.852462,
            45.928584
          ],
          [
            14.850852,
            45.928904
          ],
          [
            14.850064,
            45.929106
          ],
          [
            14.849428,
            45.929295
          ],
          [
            14.848277,
            45.929708
          ],
          [
            14.847376,
            45.930089
          ],
          [
            14.846429,
            45.930581
          ],
          [
            14.845094,
            45.931403
          ],
          [
            14.843189,
            45.932629
          ],
          [
            14.842696,
            45.932913
          ],
          [
            14.841989,
            45.933281
          ],
          [
            14.841202,
            45.933634
          ],
          [
            14.840708,
            45.933828
          ],
          [
            14.840054,
            45.934058
          ],
          [
            14.839402,
            45.934255
          ],
          [
            14.838676,
            45.934448
          ],
          [
            14.837694,
            45.934646
          ],
          [
            14.836668,
            45.934796
          ],
          [
            14.83569,
            45.934883
          ],
          [
            14.834666,
            45.934918
          ],
          [
            14.833799,
            45.934904
          ],
          [
            14.832929,
            45.934849
          ],
          [
            14.83202,
            45.93475
          ],
          [
            14.831119,
            45.934606
          ],
          [
            14.829904,
            45.934362
          ],
          [
            14.828011,
            45.933947
          ],
          [
            14.826639,
            45.933679
          ],
          [
            14.825784,
            45.933569
          ],
          [
            14.824905,
            45.933487
          ],
          [
            14.824211,
            45.933461
          ],
          [
            14.823354,
            45.933466
          ],
          [
            14.822727,
            45.933489
          ],
          [
            14.821592,
            45.933589
          ],
          [
            14.820966,
            45.933668
          ],
          [
            14.819739,
            45.93386
          ],
          [
            14.818264,
            45.934122
          ],
          [
            14.817777,
            45.934208
          ],
          [
            14.815745,
            45.934541
          ],
          [
            14.814903,
            45.934645
          ],
          [
            14.814123,
            45.934718
          ],
          [
            14.813084,
            45.934784
          ],
          [
            14.811927,
            45.934827
          ],
          [
            14.811063,
            45.93484
          ],
          [
            14.80964,
            45.934856
          ],
          [
            14.807413,
            45.934848
          ],
          [
            14.804197,
            45.934767
          ],
          [
            14.803499,
            45.934741
          ],
          [
            14.80292,
            45.934716
          ],
          [
            14.801572,
            45.934626
          ],
          [
            14.800663,
            45.934545
          ],
          [
            14.798934,
            45.934364
          ],
          [
            14.797374,
            45.93423
          ],
          [
            14.796258,
            45.934196
          ],
          [
            14.795379,
            45.934226
          ],
          [
            14.793981,
            45.934321
          ],
          [
            14.792596,
            45.934479
          ],
          [
            14.791736,
            45.934597
          ],
          [
            14.78952,
            45.934988
          ],
          [
            14.788814,
            45.935146
          ],
          [
            14.787474,
            45.935479
          ],
          [
            14.786812,
            45.935679
          ],
          [
            14.785821,
            45.936067
          ],
          [
            14.785235,
            45.936362
          ],
          [
            14.784658,
            45.936677
          ],
          [
            14.78376,
            45.93722
          ],
          [
            14.783225,
            45.937657
          ],
          [
            14.782749,
            45.938101
          ],
          [
            14.782517,
            45.938348
          ],
          [
            14.782195,
            45.938759
          ],
          [
            14.781824,
            45.939381
          ],
          [
            14.780729,
            45.941799
          ],
          [
            14.780175,
            45.942709
          ],
          [
            14.779801,
            45.943196
          ],
          [
            14.779355,
            45.943689
          ],
          [
            14.778816,
            45.944216
          ],
          [
            14.778221,
            45.944704
          ],
          [
            14.777698,
            45.945102
          ],
          [
            14.777171,
            45.945444
          ],
          [
            14.776174,
            45.945989
          ],
          [
            14.775544,
            45.946288
          ],
          [
            14.774843,
            45.94658
          ],
          [
            14.774149,
            45.946828
          ],
          [
            14.773311,
            45.947075
          ],
          [
            14.772455,
            45.947286
          ],
          [
            14.77125,
            45.947505
          ],
          [
            14.770332,
            45.947608
          ],
          [
            14.767146,
            45.94786
          ],
          [
            14.766427,
            45.947942
          ],
          [
            14.765346,
            45.948125
          ],
          [
            14.764895,
            45.94822
          ],
          [
            14.764035,
            45.948435
          ],
          [
            14.762754,
            45.948863
          ],
          [
            14.761973,
            45.949182
          ],
          [
            14.761213,
            45.949546
          ],
          [
            14.760726,
            45.94981
          ],
          [
            14.760182,
            45.95014
          ],
          [
            14.75954,
            45.950577
          ],
          [
            14.75763,
            45.952038
          ],
          [
            14.756491,
            45.95285
          ],
          [
            14.755425,
            45.953552
          ],
          [
            14.754068,
            45.954372
          ],
          [
            14.751911,
            45.95555
          ],
          [
            14.751602,
            45.955713
          ],
          [
            14.750521,
            45.956244
          ],
          [
            14.74848,
            45.95703
          ],
          [
            14.747667,
            45.95731
          ],
          [
            14.7462,
            45.957747
          ],
          [
            14.743094,
            45.958489
          ],
          [
            14.741011,
            45.959059
          ],
          [
            14.740244,
            45.959284
          ],
          [
            14.739551,
            45.959512
          ],
          [
            14.737997,
            45.960077
          ],
          [
            14.73676,
            45.960555
          ],
          [
            14.736438,
            45.960688
          ],
          [
            14.735265,
            45.961202
          ],
          [
            14.733938,
            45.96181
          ],
          [
            14.732841,
            45.962361
          ],
          [
            14.731833,
            45.962894
          ],
          [
            14.73077,
            45.96349
          ],
          [
            14.729772,
            45.964102
          ],
          [
            14.728443,
            45.965001
          ],
          [
            14.727306,
            45.96587
          ],
          [
            14.726585,
            45.966458
          ],
          [
            14.725964,
            45.967006
          ],
          [
            14.725041,
            45.967874
          ],
          [
            14.723187,
            45.969734
          ],
          [
            14.722734,
            45.970134
          ],
          [
            14.72223,
            45.970534
          ],
          [
            14.721784,
            45.970843
          ],
          [
            14.721267,
            45.971165
          ],
          [
            14.720516,
            45.971552
          ],
          [
            14.72005,
            45.971769
          ],
          [
            14.719504,
            45.971983
          ],
          [
            14.718411,
            45.972341
          ],
          [
            14.717508,
            45.972563
          ],
          [
            14.716567,
            45.97277
          ],
          [
            14.713098,
            45.973436
          ],
          [
            14.711479,
            45.973777
          ],
          [
            14.710816,
            45.973939
          ],
          [
            14.710191,
            45.97412
          ],
          [
            14.709435,
            45.974373
          ],
          [
            14.708755,
            45.974652
          ],
          [
            14.708139,
            45.974925
          ],
          [
            14.707456,
            45.97528
          ],
          [
            14.706497,
            45.975829
          ],
          [
            14.705472,
            45.976452
          ],
          [
            14.704456,
            45.977039
          ],
          [
            14.703534,
            45.977521
          ],
          [
            14.702493,
            45.977996
          ],
          [
            14.701544,
            45.978356
          ],
          [
            14.700899,
            45.978567
          ],
          [
            14.70041,
            45.97871
          ],
          [
            14.699093,
            45.979044
          ],
          [
            14.698035,
            45.979253
          ],
          [
            14.697073,
            45.979393
          ],
          [
            14.696377,
            45.979477
          ],
          [
            14.695078,
            45.979558
          ],
          [
            14.694388,
            45.979571
          ],
          [
            14.693436,
            45.97956
          ],
          [
            14.69199,
            45.97946
          ],
          [
            14.691316,
            45.979377
          ],
          [
            14.690084,
            45.979196
          ],
          [
            14.689364,
            45.979049
          ],
          [
            14.688716,
            45.97889
          ],
          [
            14.687575,
            45.978563
          ],
          [
            14.686947,
            45.978355
          ],
          [
            14.686407,
            45.978161
          ],
          [
            14.684389,
            45.977354
          ],
          [
            14.683871,
            45.977166
          ],
          [
            14.682679,
            45.976777
          ],
          [
            14.681809,
            45.976528
          ],
          [
            14.679698,
            45.976057
          ],
          [
            14.678784,
            45.975854
          ],
          [
            14.678026,
            45.97566
          ],
          [
            14.677267,
            45.975427
          ],
          [
            14.676536,
            45.975173
          ],
          [
            14.675623,
            45.974818
          ],
          [
            14.673563,
            45.973942
          ],
          [
            14.673028,
            45.973711
          ],
          [
            14.666568,
            45.970842
          ],
          [
            14.665928,
            45.970571
          ],
          [
            14.665054,
            45.970257
          ],
          [
            14.664191,
            45.969981
          ],
          [
            14.663348,
            45.969744
          ],
          [
            14.662523,
            45.969529
          ],
          [
            14.66194,
            45.969409
          ],
          [
            14.661189,
            45.969276
          ],
          [
            14.660302,
            45.969149
          ],
          [
            14.659617,
            45.969076
          ],
          [
            14.659069,
            45.969024
          ],
          [
            14.658214,
            45.968969
          ],
          [
            14.656878,
            45.968955
          ],
          [
            14.656676,
            45.968959
          ],
          [
            14.656475,
            45.96896
          ],
          [
            14.654213,
            45.969058
          ],
          [
            14.652982,
            45.969101
          ],
          [
            14.651635,
            45.969101
          ],
          [
            14.650015,
            45.969066
          ],
          [
            14.648639,
            45.969067
          ],
          [
            14.647911,
            45.969092
          ],
          [
            14.647044,
            45.969156
          ],
          [
            14.646204,
            45.969256
          ],
          [
            14.643745,
            45.969594
          ],
          [
            14.642544,
            45.969705
          ],
          [
            14.641707,
            45.969748
          ],
          [
            14.640803,
            45.969756
          ],
          [
            14.639261,
            45.969735
          ],
          [
            14.637522,
            45.969741
          ],
          [
            14.63682,
            45.969756
          ],
          [
            14.636179,
            45.969802
          ],
          [
            14.635482,
            45.969885
          ],
          [
            14.635086,
            45.969941
          ],
          [
            14.634271,
            45.970105
          ],
          [
            14.633529,
            45.970278
          ],
          [
            14.633163,
            45.970378
          ],
          [
            14.632303,
            45.970655
          ],
          [
            14.631831,
            45.970822
          ],
          [
            14.631588,
            45.97092
          ],
          [
            14.63125,
            45.971056
          ],
          [
            14.630749,
            45.97129
          ],
          [
            14.628987,
            45.972204
          ],
          [
            14.628099,
            45.972704
          ],
          [
            14.62757,
            45.972961
          ],
          [
            14.627173,
            45.973148
          ],
          [
            14.626328,
            45.973492
          ],
          [
            14.625794,
            45.973693
          ],
          [
            14.625295,
            45.97386
          ],
          [
            14.624954,
            45.973964
          ],
          [
            14.624088,
            45.974184
          ],
          [
            14.621145,
            45.974833
          ],
          [
            14.620913,
            45.974886
          ],
          [
            14.620059,
            45.975089
          ],
          [
            14.618789,
            45.975449
          ],
          [
            14.615694,
            45.976411
          ],
          [
            14.61487,
            45.976644
          ],
          [
            14.613006,
            45.977083
          ],
          [
            14.610599,
            45.97761
          ],
          [
            14.609579,
            45.977871
          ],
          [
            14.609347,
            45.977932
          ],
          [
            14.60836,
            45.97822
          ],
          [
            14.607508,
            45.978508
          ],
          [
            14.606035,
            45.979061
          ],
          [
            14.605021,
            45.979502
          ],
          [
            14.604367,
            45.979807
          ],
          [
            14.603633,
            45.98018
          ],
          [
            14.602865,
            45.98062
          ],
          [
            14.60202,
            45.981165
          ],
          [
            14.60101,
            45.981893
          ],
          [
            14.599508,
            45.983143
          ],
          [
            14.59776,
            45.984758
          ],
          [
            14.596658,
            45.985947
          ],
          [
            14.595962,
            45.986729
          ],
          [
            14.595005,
            45.987949
          ],
          [
            14.594233,
            45.989003
          ],
          [
            14.593367,
            45.990278
          ],
          [
            14.592319,
            45.991989
          ],
          [
            14.59156,
            45.99319
          ],
          [
            14.591216,
            45.993683
          ],
          [
            14.590828,
            45.994176
          ],
          [
            14.590303,
            45.994757
          ],
          [
            14.589449,
            45.995491
          ],
          [
            14.588411,
            45.996207
          ],
          [
            14.586642,
            45.99725
          ],
          [
            14.585704,
            45.997919
          ],
          [
            14.585025,
            45.998504
          ],
          [
            14.583193,
            46.000387
          ],
          [
            14.582207,
            46.001141
          ],
          [
            14.581298,
            46.001716
          ],
          [
            14.580465,
            46.002122
          ],
          [
            14.579464,
            46.002532
          ],
          [
            14.578219,
            46.0029
          ],
          [
            14.574796,
            46.003735
          ],
          [
            14.572659,
            46.004412
          ],
          [
            14.571545,
            46.004838
          ],
          [
            14.570432,
            46.005352
          ],
          [
            14.569999,
            46.005587
          ],
          [
            14.569691,
            46.005769
          ],
          [
            14.568992,
            46.006227
          ],
          [
            14.568463,
            46.006668
          ],
          [
            14.568077,
            46.007052
          ],
          [
            14.567401,
            46.007841
          ],
          [
            14.56666,
            46.008886
          ],
          [
            14.565827,
            46.009865
          ],
          [
            14.564934,
            46.010702
          ],
          [
            14.56464,
            46.010956
          ],
          [
            14.564183,
            46.0113
          ],
          [
            14.563627,
            46.01167
          ],
          [
            14.563115,
            46.011984
          ],
          [
            14.562953,
            46.012138
          ],
          [
            14.562794,
            46.012241
          ],
          [
            14.562415,
            46.012453
          ],
          [
            14.561789,
            46.012766
          ],
          [
            14.560998,
            46.013105
          ],
          [
            14.56013,
            46.013435
          ],
          [
            14.559788,
            46.013576
          ],
          [
            14.559403,
            46.013762
          ],
          [
            14.559058,
            46.013981
          ],
          [
            14.558767,
            46.01423
          ],
          [
            14.558526,
            46.014513
          ],
          [
            14.558351,
            46.014807
          ],
          [
            14.558253,
            46.015112
          ],
          [
            14.55822,
            46.015303
          ],
          [
            14.558207,
            46.015589
          ],
          [
            14.55826,
            46.015961
          ],
          [
            14.558259,
            46.016181
          ],
          [
            14.558485,
            46.016703
          ],
          [
            14.55865,
            46.017008
          ],
          [
            14.559045,
            46.017596
          ],
          [
            14.559181,
            46.017751
          ],
          [
            14.559441,
            46.018041
          ],
          [
            14.560561,
            46.019159
          ],
          [
            14.561162,
            46.019633
          ],
          [
            14.562026,
            46.020252
          ],
          [
            14.563267,
            46.021265
          ],
          [
            14.563663,
            46.02166
          ],
          [
            14.56417,
            46.02217
          ],
          [
            14.56472,
            46.022769
          ],
          [
            14.565366,
            46.023544
          ],
          [
            14.565858,
            46.024204
          ],
          [
            14.56621,
            46.024718
          ],
          [
            14.566548,
            46.025255
          ],
          [
            14.568471,
            46.028694
          ],
          [
            14.56941,
            46.030378
          ],
          [
            14.571098,
            46.033404
          ],
          [
            14.571547,
            46.034145
          ],
          [
            14.571839,
            46.034581
          ],
          [
            14.572261,
            46.035157
          ],
          [
            14.572716,
            46.03572
          ],
          [
            14.573318,
            46.036395
          ],
          [
            14.574776,
            46.037972
          ],
          [
            14.575096,
            46.038351
          ],
          [
            14.575284,
            46.038589
          ],
          [
            14.575467,
            46.038834
          ],
          [
            14.575862,
            46.039455
          ],
          [
            14.576172,
            46.040058
          ],
          [
            14.576457,
            46.040773
          ],
          [
            14.576635,
            46.041407
          ],
          [
            14.576746,
            46.042043
          ],
          [
            14.576777,
            46.042363
          ],
          [
            14.576791,
            46.043007
          ],
          [
            14.576733,
            46.043701
          ],
          [
            14.576635,
            46.044279
          ],
          [
            14.576065,
            46.046393
          ],
          [
            14.575662,
            46.04786
          ],
          [
            14.575465,
            46.0486
          ],
          [
            14.575184,
            46.049654
          ],
          [
            14.574622,
            46.05171
          ],
          [
            14.574305,
            46.052923
          ],
          [
            14.574167,
            46.053411
          ],
          [
            14.573876,
            46.054607
          ],
          [
            14.573732,
            46.055566
          ],
          [
            14.573694,
            46.056049
          ],
          [
            14.573681,
            46.056638
          ],
          [
            14.573709,
            46.057334
          ],
          [
            14.573822,
            46.058282
          ],
          [
            14.573942,
            46.058904
          ],
          [
            14.57411,
            46.05962
          ],
          [
            14.574303,
            46.060304
          ],
          [
            14.574571,
            46.061171
          ],
          [
            14.575077,
            46.06269
          ],
          [
            14.576309,
            46.06636
          ],
          [
            14.576863,
            46.067935
          ],
          [
            14.577722,
            46.07023
          ],
          [
            14.578342,
            46.071797
          ],
          [
            14.578636,
            46.072511
          ],
          [
            14.579277,
            46.074018
          ],
          [
            14.579607,
            46.07477
          ],
          [
            14.580169,
            46.076019
          ],
          [
            14.582436,
            46.081134
          ],
          [
            14.583443,
            46.083397
          ],
          [
            14.583781,
            46.084163
          ],
          [
            14.584281,
            46.085296
          ],
          [
            14.584873,
            46.086606
          ],
          [
            14.585821,
            46.088752
          ],
          [
            14.587476,
            46.09245
          ],
          [
            14.587769,
            46.09307
          ],
          [
            14.588091,
            46.093688
          ],
          [
            14.588509,
            46.094432
          ],
          [
            14.589149,
            46.095497
          ],
          [
            14.589624,
            46.09622
          ],
          [
            14.590504,
            46.097451
          ],
          [
            14.591421,
            46.098566
          ],
          [
            14.592095,
            46.099337
          ],
          [
            14.592754,
            46.100055
          ],
          [
            14.593429,
            46.100741
          ],
          [
            14.595382,
            46.102632
          ],
          [
            14.595682,
            46.102926
          ],
          [
            14.596865,
            46.104189
          ],
          [
            14.598166,
            46.105814
          ],
          [
            14.59909,
            46.107144
          ],
          [
            14.599919,
            46.108642
          ],
          [
            14.600309,
            46.10935
          ],
          [
            14.600561,
            46.109883
          ],
          [
            14.601027,
            46.110995
          ],
          [
            14.601277,
            46.111695
          ],
          [
            14.601668,
            46.113023
          ],
          [
            14.601963,
            46.114298
          ],
          [
            14.602063,
            46.114863
          ],
          [
            14.602418,
            46.117832
          ],
          [
            14.602575,
            46.119393
          ],
          [
            14.602747,
            46.120662
          ],
          [
            14.602986,
            46.121904
          ],
          [
            14.603147,
            46.122493
          ],
          [
            14.603535,
            46.123683
          ],
          [
            14.604116,
            46.12498
          ],
          [
            14.604462,
            46.125606
          ],
          [
            14.605204,
            46.126804
          ],
          [
            14.605636,
            46.127404
          ],
          [
            14.6061,
            46.128
          ],
          [
            14.6065,
            46.128475
          ],
          [
            14.606896,
            46.128895
          ],
          [
            14.607476,
            46.129477
          ],
          [
            14.607937,
            46.129915
          ],
          [
            14.608446,
            46.130363
          ],
          [
            14.610068,
            46.131606
          ],
          [
            14.610629,
            46.131999
          ],
          [
            14.611243,
            46.13239
          ],
          [
            14.612234,
            46.132965
          ],
          [
            14.61307,
            46.133417
          ],
          [
            14.61392,
            46.133839
          ],
          [
            14.61487,
            46.134273
          ],
          [
            14.615058,
            46.134294
          ],
          [
            14.615363,
            46.134409
          ],
          [
            14.6155,
            46.134446
          ],
          [
            14.615771,
            46.13445
          ],
          [
            14.615889,
            46.134432
          ],
          [
            14.616051,
            46.134387
          ],
          [
            14.61618,
            46.134323
          ],
          [
            14.61627,
            46.134232
          ],
          [
            14.616355,
            46.134069
          ],
          [
            14.616368,
            46.134014
          ],
          [
            14.616341,
            46.133864
          ],
          [
            14.616267,
            46.1337
          ],
          [
            14.616089,
            46.133458
          ],
          [
            14.615863,
            46.133312
          ],
          [
            14.615263,
            46.133768
          ],
          [
            14.615033,
            46.13398
          ],
          [
            14.61475,
            46.13427
          ],
          [
            14.614501,
            46.134565
          ],
          [
            14.614231,
            46.134907
          ],
          [
            14.614139,
            46.135134
          ],
          [
            14.613956,
            46.135432
          ],
          [
            14.61391,
            46.13551
          ],
          [
            14.613792,
            46.13551
          ],
          [
            14.613421,
            46.135501
          ],
          [
            14.612885,
            46.135447
          ],
          [
            14.610843,
            46.135431
          ],
          [
            14.610807,
            46.135453
          ],
          [
            14.610651,
            46.135464
          ],
          [
            14.610526,
            46.13551
          ],
          [
            14.610459,
            46.135558
          ],
          [
            14.610399,
            46.135575
          ],
          [
            14.610274,
            46.135577
          ],
          [
            14.610186,
            46.135534
          ],
          [
            14.610037,
            46.13547
          ],
          [
            14.609712,
            46.135441
          ],
          [
            14.60968,
            46.135424
          ],
          [
            14.609366,
            46.13542
          ],
          [
            14.607343,
            46.135408
          ],
          [
            14.607164,
            46.135412
          ],
          [
            14.606488,
            46.135414
          ],
          [
            14.606188,
            46.13543
          ],
          [
            14.605292,
            46.135534
          ],
          [
            14.605125,
            46.135556
          ],
          [
            14.603941,
            46.135714
          ],
          [
            14.603318,
            46.135761
          ],
          [
            14.602456,
            46.135809
          ],
          [
            14.601999,
            46.135837
          ],
          [
            14.601615,
            46.135901
          ],
          [
            14.600633,
            46.136157
          ],
          [
            14.600247,
            46.136277
          ],
          [
            14.6,
            46.136387
          ],
          [
            14.599714,
            46.136568
          ],
          [
            14.599406,
            46.136839
          ],
          [
            14.598994,
            46.137248
          ],
          [
            14.598754,
            46.137535
          ],
          [
            14.59867,
            46.137603
          ],
          [
            14.59862,
            46.137879
          ],
          [
            14.598618,
            46.137894
          ],
          [
            14.598601,
            46.137996
          ],
          [
            14.59858,
            46.138326
          ],
          [
            14.598551,
            46.13847
          ],
          [
            14.598509,
            46.138668
          ],
          [
            14.598396,
            46.139002
          ],
          [
            14.598366,
            46.139103
          ],
          [
            14.598285,
            46.139407
          ],
          [
            14.598275,
            46.139471
          ],
          [
            14.598258,
            46.139965
          ],
          [
            14.598257,
            46.140131
          ],
          [
            14.59824,
            46.140361
          ],
          [
            14.598144,
            46.141134
          ],
          [
            14.598056,
            46.141474
          ],
          [
            14.59793,
            46.141774
          ],
          [
            14.597783,
            46.14206
          ],
          [
            14.597492,
            46.14258
          ],
          [
            14.597335,
            46.142846
          ],
          [
            14.596896,
            46.142684
          ],
          [
            14.596296,
            46.142472
          ],
          [
            14.595394,
            46.142155
          ],
          [
            14.595224,
            46.142105
          ],
          [
            14.595169,
            46.142115
          ],
          [
            14.594715,
            46.142017
          ],
          [
            14.594556,
            46.142015
          ],
          [
            14.594533,
            46.142031
          ],
          [
            14.594468,
            46.14223
          ],
          [
            14.594431,
            46.142265
          ],
          [
            14.594393,
            46.142519
          ],
          [
            14.594309,
            46.142865
          ],
          [
            14.594057,
            46.144027
          ],
          [
            14.593976,
            46.1443
          ],
          [
            14.593929,
            46.144433
          ],
          [
            14.59366,
            46.145167
          ],
          [
            14.593631,
            46.145235
          ],
          [
            14.593615,
            46.145268
          ],
          [
            14.593426,
            46.145587
          ],
          [
            14.592932,
            46.146394
          ],
          [
            14.592812,
            46.146676
          ],
          [
            14.592721,
            46.146963
          ],
          [
            14.59268,
            46.147255
          ],
          [
            14.592677,
            46.148892
          ],
          [
            14.592685,
            46.149599
          ],
          [
            14.59276,
            46.1503
          ],
          [
            14.59281,
            46.150583
          ],
          [
            14.592864,
            46.150887
          ],
          [
            14.592528,
            46.15094
          ],
          [
            14.591886,
            46.151038
          ],
          [
            14.591489,
            46.151112
          ],
          [
            14.59129,
            46.151171
          ],
          [
            14.591077,
            46.151278
          ],
          [
            14.590035,
            46.152008
          ],
          [
            14.589808,
            46.152177
          ],
          [
            14.588968,
            46.152776
          ],
          [
            14.58823,
            46.153357
          ],
          [
            14.587176,
            46.154362
          ],
          [
            14.586865,
            46.154703
          ],
          [
            14.586482,
            46.155184
          ],
          [
            14.585956,
            46.155788
          ],
          [
            14.585133,
            46.156517
          ],
          [
            14.583985,
            46.157487
          ],
          [
            14.583301,
            46.158029
          ],
          [
            14.581713,
            46.159105
          ],
          [
            14.581403,
            46.159343
          ],
          [
            14.580879,
            46.159805
          ],
          [
            14.580281,
            46.160398
          ],
          [
            14.579848,
            46.160836
          ],
          [
            14.579336,
            46.161288
          ],
          [
            14.579336,
            46.161321
          ],
          [
            14.579228,
            46.161474
          ],
          [
            14.579205,
            46.161596
          ],
          [
            14.579221,
            46.161623
          ],
          [
            14.579234,
            46.161746
          ],
          [
            14.579189,
            46.161824
          ],
          [
            14.579159,
            46.161851
          ],
          [
            14.579152,
            46.162013
          ],
          [
            14.579194,
            46.162111
          ],
          [
            14.579184,
            46.162142
          ],
          [
            14.57947,
            46.162608
          ],
          [
            14.579678,
            46.163029
          ],
          [
            14.579827,
            46.163397
          ],
          [
            14.580515,
            46.165441
          ],
          [
            14.580663,
            46.165876
          ],
          [
            14.581283,
            46.167732
          ],
          [
            14.581526,
            46.168521
          ],
          [
            14.581682,
            46.168522
          ],
          [
            14.58183,
            46.168558
          ],
          [
            14.581953,
            46.168626
          ],
          [
            14.582036,
            46.168718
          ],
          [
            14.58207,
            46.168806
          ],
          [
            14.582066,
            46.168898
          ],
          [
            14.582026,
            46.168986
          ],
          [
            14.581952,
            46.169062
          ],
          [
            14.581851,
            46.169121
          ],
          [
            14.581721,
            46.16916
          ],
          [
            14.581581,
            46.16917
          ],
          [
            14.581443,
            46.169152
          ],
          [
            14.581319,
            46.169106
          ],
          [
            14.580542,
            46.16973
          ],
          [
            14.580268,
            46.169996
          ],
          [
            14.579957,
            46.170356
          ],
          [
            14.579685,
            46.170741
          ],
          [
            14.579163,
            46.171576
          ],
          [
            14.578815,
            46.172022
          ],
          [
            14.57831,
            46.172554
          ],
          [
            14.577841,
            46.172991
          ],
          [
            14.577643,
            46.17313
          ],
          [
            14.577397,
            46.173413
          ],
          [
            14.577329,
            46.173568
          ],
          [
            14.577324,
            46.173697
          ],
          [
            14.577293,
            46.173759
          ],
          [
            14.577182,
            46.173863
          ],
          [
            14.577201,
            46.174077
          ],
          [
            14.577282,
            46.174234
          ],
          [
            14.577665,
            46.174883
          ],
          [
            14.579397,
            46.177475
          ],
          [
            14.580345,
            46.179027
          ],
          [
            14.581161,
            46.180446
          ],
          [
            14.581428,
            46.180868
          ],
          [
            14.581887,
            46.181571
          ],
          [
            14.58329,
            46.183519
          ],
          [
            14.583756,
            46.1842
          ],
          [
            14.583766,
            46.184217
          ],
          [
            14.58438,
            46.18522
          ],
          [
            14.584882,
            46.18613
          ],
          [
            14.585192,
            46.186745
          ],
          [
            14.585693,
            46.187854
          ],
          [
            14.586534,
            46.189924
          ],
          [
            14.586816,
            46.190475
          ],
          [
            14.587247,
            46.191157
          ],
          [
            14.5888,
            46.193197
          ],
          [
            14.589299,
            46.193947
          ],
          [
            14.589777,
            46.194774
          ],
          [
            14.590286,
            46.195862
          ],
          [
            14.590703,
            46.196854
          ],
          [
            14.590946,
            46.197369
          ],
          [
            14.59111,
            46.197581
          ],
          [
            14.591323,
            46.197797
          ],
          [
            14.591552,
            46.197979
          ],
          [
            14.591894,
            46.198194
          ],
          [
            14.592142,
            46.198322
          ],
          [
            14.592444,
            46.198421
          ],
          [
            14.592831,
            46.198519
          ],
          [
            14.593578,
            46.19864
          ],
          [
            14.593608,
            46.198577
          ],
          [
            14.593663,
            46.198522
          ],
          [
            14.59374,
            46.198481
          ],
          [
            14.59383,
            46.198458
          ],
          [
            14.593936,
            46.198456
          ],
          [
            14.594036,
            46.198477
          ],
          [
            14.594121,
            46.19852
          ],
          [
            14.594182,
            46.198579
          ],
          [
            14.59421,
            46.198643
          ],
          [
            14.594209,
            46.19871
          ],
          [
            14.594179,
            46.198774
          ],
          [
            14.594123,
            46.198828
          ],
          [
            14.593977,
            46.198888
          ],
          [
            14.593806,
            46.198887
          ],
          [
            14.593768,
            46.199256
          ],
          [
            14.593733,
            46.199824
          ],
          [
            14.593738,
            46.200142
          ],
          [
            14.593764,
            46.200335
          ],
          [
            14.593822,
            46.200503
          ],
          [
            14.593903,
            46.200649
          ],
          [
            14.594092,
            46.200835
          ],
          [
            14.594579,
            46.201262
          ],
          [
            14.594847,
            46.201446
          ],
          [
            14.595258,
            46.201654
          ],
          [
            14.595931,
            46.201951
          ],
          [
            14.596152,
            46.202069
          ],
          [
            14.596331,
            46.202209
          ],
          [
            14.596588,
            46.202108
          ],
          [
            14.596689,
            46.202093
          ],
          [
            14.596694,
            46.201902
          ],
          [
            14.595573,
            46.201296
          ],
          [
            14.595337,
            46.201167
          ]
        ]
      }
    }
  ]
}
