{
  "type": "FeatureCollection",
  "properties": {
    "dayNumber": 4,
    "title": "Lake Bled & Slovenia"
  },
  "features": [
    {
      "type": "Feature",
      "properties": {
        "mode": "drive",
        "fromStopIndex": 0,
        "toStopIndex": 3,
        "fromName": "Budapest",
        "toName": "Kamnik",
        "waypointNames": [
          "Budapest",
          "Hungary Bethel",
          "Lake Bled",
          "Kamnik"
        ],
        "distanceMeters": 585194.4,
        "durationSeconds": 23126.300000000003
      },
      "geometry": {
        "type": "LineString",
        "coordinates": [
          [
            19.040469,
            47.498081
          ],
          [
            19.04054,
            47.498034
          ],
          [
            19.040671,
            47.497886
          ],
          [
            19.040751,
            47.497676
          ],
          [
            19.040858,
            47.497506
          ],
          [
            19.04094,
            47.497403
          ],
          [
            19.04141,
            47.496829
          ],
          [
            19.041997,
            47.496185
          ],
          [
            19.04234,
            47.49574
          ],
          [
            19.042775,
            47.494956
          ],
          [
            19.043136,
            47.494235
          ],
          [
            19.043254,
            47.49401
          ],
          [
            19.043288,
            47.493906
          ],
          [
            19.04331,
            47.493746
          ],
          [
            19.043304,
            47.493583
          ],
          [
            19.043293,
            47.493455
          ],
          [
            19.043278,
            47.493348
          ],
          [
            19.043404,
            47.493344
          ],
          [
            19.043535,
            47.493379
          ],
          [
            19.043568,
            47.493401
          ],
          [
            19.04367,
            47.493325
          ],
          [
            19.043874,
            47.49299
          ],
          [
            19.043956,
            47.492887
          ],
          [
            19.044782,
            47.491981
          ],
          [
            19.044912,
            47.491818
          ],
          [
            19.045194,
            47.491344
          ],
          [
            19.045209,
            47.491287
          ],
          [
            19.04519,
            47.49125
          ],
          [
            19.045178,
            47.491216
          ],
          [
            19.045071,
            47.491199
          ],
          [
            19.044914,
            47.491103
          ],
          [
            19.044848,
            47.491022
          ],
          [
            19.044826,
            47.490948
          ],
          [
            19.044829,
            47.490819
          ],
          [
            19.044942,
            47.490612
          ],
          [
            19.044977,
            47.490589
          ],
          [
            19.045621,
            47.490117
          ],
          [
            19.045932,
            47.489982
          ],
          [
            19.046053,
            47.489939
          ],
          [
            19.046211,
            47.489907
          ],
          [
            19.046389,
            47.489897
          ],
          [
            19.046567,
            47.489924
          ],
          [
            19.046797,
            47.490017
          ],
          [
            19.046942,
            47.490099
          ],
          [
            19.047932,
            47.490444
          ],
          [
            19.04904,
            47.490851
          ],
          [
            19.051421,
            47.491702
          ],
          [
            19.05185,
            47.491819
          ],
          [
            19.052078,
            47.491871
          ],
          [
            19.052477,
            47.491987
          ],
          [
            19.052848,
            47.492141
          ],
          [
            19.052869,
            47.492151
          ],
          [
            19.053386,
            47.492383
          ],
          [
            19.054417,
            47.492788
          ],
          [
            19.055054,
            47.493024
          ],
          [
            19.055666,
            47.493216
          ],
          [
            19.056052,
            47.493327
          ],
          [
            19.056494,
            47.493439
          ],
          [
            19.057431,
            47.493666
          ],
          [
            19.058838,
            47.494038
          ],
          [
            19.059191,
            47.494129
          ],
          [
            19.059841,
            47.494285
          ],
          [
            19.059963,
            47.494314
          ],
          [
            19.060075,
            47.494341
          ],
          [
            19.060464,
            47.494435
          ],
          [
            19.060803,
            47.494518
          ],
          [
            19.061121,
            47.494596
          ],
          [
            19.062591,
            47.494962
          ],
          [
            19.063027,
            47.495072
          ],
          [
            19.064339,
            47.495402
          ],
          [
            19.064502,
            47.495444
          ],
          [
            19.065324,
            47.495661
          ],
          [
            19.065712,
            47.495766
          ],
          [
            19.066373,
            47.495965
          ],
          [
            19.066681,
            47.496057
          ],
          [
            19.067064,
            47.496172
          ],
          [
            19.068433,
            47.496553
          ],
          [
            19.068606,
            47.496557
          ],
          [
            19.068943,
            47.496612
          ],
          [
            19.069954,
            47.496893
          ],
          [
            19.070439,
            47.497032
          ],
          [
            19.070572,
            47.497103
          ],
          [
            19.070683,
            47.497199
          ],
          [
            19.07165,
            47.497481
          ],
          [
            19.072474,
            47.497706
          ],
          [
            19.072828,
            47.497803
          ],
          [
            19.072976,
            47.497843
          ],
          [
            19.07367,
            47.498033
          ],
          [
            19.073807,
            47.498069
          ],
          [
            19.075302,
            47.498465
          ],
          [
            19.076405,
            47.498751
          ],
          [
            19.077028,
            47.498912
          ],
          [
            19.07757,
            47.499052
          ],
          [
            19.078625,
            47.499325
          ],
          [
            19.078986,
            47.499418
          ],
          [
            19.079644,
            47.499464
          ],
          [
            19.07988,
            47.499478
          ],
          [
            19.080159,
            47.499497
          ],
          [
            19.080578,
            47.49953
          ],
          [
            19.081336,
            47.499526
          ],
          [
            19.081769,
            47.499521
          ],
          [
            19.082607,
            47.499515
          ],
          [
            19.083107,
            47.499516
          ],
          [
            19.08347,
            47.499518
          ],
          [
            19.084015,
            47.49952
          ],
          [
            19.084733,
            47.499523
          ],
          [
            19.085225,
            47.499525
          ],
          [
            19.086008,
            47.49953
          ],
          [
            19.086845,
            47.499537
          ],
          [
            19.087233,
            47.499541
          ],
          [
            19.087307,
            47.499541
          ],
          [
            19.087707,
            47.499544
          ],
          [
            19.088104,
            47.499548
          ],
          [
            19.088565,
            47.499546
          ],
          [
            19.09028,
            47.499538
          ],
          [
            19.090633,
            47.499539
          ],
          [
            19.093046,
            47.499556
          ],
          [
            19.094468,
            47.499552
          ],
          [
            19.094912,
            47.49955
          ],
          [
            19.095105,
            47.499549
          ],
          [
            19.095279,
            47.499553
          ],
          [
            19.095608,
            47.499558
          ],
          [
            19.096434,
            47.499562
          ],
          [
            19.096858,
            47.49956
          ],
          [
            19.097986,
            47.499559
          ],
          [
            19.098862,
            47.499546
          ],
          [
            19.099042,
            47.499553
          ],
          [
            19.099422,
            47.499553
          ],
          [
            19.100296,
            47.499553
          ],
          [
            19.101239,
            47.499553
          ],
          [
            19.10204,
            47.499547
          ],
          [
            19.102369,
            47.499552
          ],
          [
            19.10307,
            47.499564
          ],
          [
            19.103537,
            47.499591
          ],
          [
            19.103676,
            47.499599
          ],
          [
            19.104346,
            47.499653
          ],
          [
            19.105043,
            47.499724
          ],
          [
            19.106172,
            47.499846
          ],
          [
            19.106607,
            47.499895
          ],
          [
            19.107686,
            47.500015
          ],
          [
            19.108119,
            47.500063
          ],
          [
            19.108392,
            47.500094
          ],
          [
            19.108846,
            47.500144
          ],
          [
            19.110542,
            47.500333
          ],
          [
            19.112071,
            47.500505
          ],
          [
            19.113634,
            47.5007
          ],
          [
            19.113897,
            47.500738
          ],
          [
            19.113975,
            47.500748
          ],
          [
            19.114939,
            47.500799
          ],
          [
            19.115341,
            47.500838
          ],
          [
            19.115723,
            47.500877
          ],
          [
            19.117261,
            47.501033
          ],
          [
            19.11783,
            47.501101
          ],
          [
            19.119118,
            47.501256
          ],
          [
            19.122205,
            47.501606
          ],
          [
            19.124129,
            47.501808
          ],
          [
            19.12571,
            47.502004
          ],
          [
            19.134384,
            47.502953
          ],
          [
            19.135731,
            47.503154
          ],
          [
            19.136322,
            47.503224
          ],
          [
            19.137003,
            47.503291
          ],
          [
            19.137204,
            47.503311
          ],
          [
            19.137478,
            47.503338
          ],
          [
            19.139773,
            47.503566
          ],
          [
            19.140707,
            47.503663
          ],
          [
            19.141758,
            47.503774
          ],
          [
            19.142226,
            47.503823
          ],
          [
            19.1451,
            47.504131
          ],
          [
            19.147384,
            47.504375
          ],
          [
            19.150032,
            47.504672
          ],
          [
            19.150373,
            47.50471
          ],
          [
            19.151265,
            47.504795
          ],
          [
            19.151852,
            47.504845
          ],
          [
            19.152526,
            47.5049
          ],
          [
            19.15281,
            47.504937
          ],
          [
            19.153365,
            47.505073
          ],
          [
            19.1534,
            47.505081
          ],
          [
            19.153908,
            47.505176
          ],
          [
            19.155698,
            47.505387
          ],
          [
            19.156376,
            47.505454
          ],
          [
            19.156716,
            47.505526
          ],
          [
            19.156917,
            47.505548
          ],
          [
            19.158497,
            47.505645
          ],
          [
            19.158995,
            47.505671
          ],
          [
            19.159914,
            47.50573
          ],
          [
            19.160159,
            47.505752
          ],
          [
            19.160572,
            47.505811
          ],
          [
            19.16112,
            47.505886
          ],
          [
            19.162449,
            47.506069
          ],
          [
            19.164144,
            47.506328
          ],
          [
            19.164677,
            47.50641
          ],
          [
            19.165487,
            47.506544
          ],
          [
            19.166798,
            47.506726
          ],
          [
            19.166831,
            47.506644
          ],
          [
            19.169123,
            47.504719
          ],
          [
            19.170122,
            47.503867
          ],
          [
            19.171328,
            47.502845
          ],
          [
            19.1722,
            47.503182
          ],
          [
            19.172261,
            47.503203
          ],
          [
            19.1722,
            47.503182
          ],
          [
            19.171328,
            47.502845
          ],
          [
            19.170122,
            47.503867
          ],
          [
            19.169123,
            47.504719
          ],
          [
            19.166831,
            47.506644
          ],
          [
            19.166798,
            47.506726
          ],
          [
            19.165487,
            47.506544
          ],
          [
            19.164677,
            47.50641
          ],
          [
            19.164144,
            47.506328
          ],
          [
            19.162449,
            47.506069
          ],
          [
            19.16112,
            47.505886
          ],
          [
            19.160572,
            47.505811
          ],
          [
            19.160159,
            47.505752
          ],
          [
            19.159914,
            47.50573
          ],
          [
            19.158995,
            47.505671
          ],
          [
            19.158497,
            47.505645
          ],
          [
            19.156917,
            47.505548
          ],
          [
            19.156716,
            47.505526
          ],
          [
            19.156357,
            47.505536
          ],
          [
            19.154352,
            47.505345
          ],
          [
            19.15388,
            47.50528
          ],
          [
            19.1534,
            47.505182
          ],
          [
            19.152719,
            47.505027
          ],
          [
            19.152479,
            47.504995
          ],
          [
            19.151904,
            47.504958
          ],
          [
            19.151322,
            47.504925
          ],
          [
            19.150003,
            47.504819
          ],
          [
            19.147348,
            47.504521
          ],
          [
            19.145066,
            47.504267
          ],
          [
            19.143528,
            47.504103
          ],
          [
            19.142519,
            47.503989
          ],
          [
            19.142336,
            47.503968
          ],
          [
            19.141725,
            47.503899
          ],
          [
            19.141092,
            47.503827
          ],
          [
            19.138327,
            47.503534
          ],
          [
            19.137197,
            47.503409
          ],
          [
            19.136661,
            47.503347
          ],
          [
            19.136304,
            47.503313
          ],
          [
            19.135873,
            47.503273
          ],
          [
            19.135054,
            47.503174
          ],
          [
            19.134347,
            47.503094
          ],
          [
            19.125931,
            47.502154
          ],
          [
            19.125401,
            47.502096
          ],
          [
            19.124891,
            47.502037
          ],
          [
            19.124408,
            47.501983
          ],
          [
            19.119946,
            47.501492
          ],
          [
            19.118417,
            47.501311
          ],
          [
            19.118024,
            47.501258
          ],
          [
            19.116946,
            47.501163
          ],
          [
            19.115539,
            47.501031
          ],
          [
            19.115162,
            47.501003
          ],
          [
            19.114926,
            47.500996
          ],
          [
            19.114618,
            47.500986
          ],
          [
            19.114388,
            47.500973
          ],
          [
            19.114053,
            47.500953
          ],
          [
            19.113791,
            47.500927
          ],
          [
            19.113294,
            47.500848
          ],
          [
            19.113043,
            47.500803
          ],
          [
            19.112477,
            47.500711
          ],
          [
            19.111999,
            47.50063
          ],
          [
            19.110513,
            47.500456
          ],
          [
            19.110215,
            47.500423
          ],
          [
            19.109562,
            47.500351
          ],
          [
            19.109187,
            47.50031
          ],
          [
            19.1087,
            47.500255
          ],
          [
            19.10836,
            47.500219
          ],
          [
            19.10809,
            47.50019
          ],
          [
            19.108119,
            47.500063
          ],
          [
            19.108161,
            47.499796
          ],
          [
            19.108286,
            47.499279
          ],
          [
            19.108352,
            47.499088
          ],
          [
            19.108625,
            47.497966
          ],
          [
            19.108748,
            47.497474
          ],
          [
            19.108946,
            47.496604
          ],
          [
            19.108962,
            47.496436
          ],
          [
            19.108936,
            47.495042
          ],
          [
            19.108884,
            47.493466
          ],
          [
            19.108812,
            47.491924
          ],
          [
            19.108809,
            47.491813
          ],
          [
            19.108803,
            47.491717
          ],
          [
            19.10876,
            47.491224
          ],
          [
            19.108747,
            47.490638
          ],
          [
            19.108733,
            47.490282
          ],
          [
            19.108731,
            47.490234
          ],
          [
            19.108729,
            47.490054
          ],
          [
            19.108729,
            47.490023
          ],
          [
            19.108738,
            47.489524
          ],
          [
            19.108716,
            47.489111
          ],
          [
            19.108645,
            47.488749
          ],
          [
            19.108536,
            47.488473
          ],
          [
            19.108232,
            47.48785
          ],
          [
            19.107876,
            47.487209
          ],
          [
            19.107475,
            47.486528
          ],
          [
            19.107212,
            47.486104
          ],
          [
            19.106718,
            47.48551
          ],
          [
            19.10666,
            47.485448
          ],
          [
            19.106186,
            47.484911
          ],
          [
            19.105596,
            47.48429
          ],
          [
            19.104439,
            47.482968
          ],
          [
            19.103995,
            47.482456
          ],
          [
            19.103664,
            47.482108
          ],
          [
            19.103361,
            47.48175
          ],
          [
            19.102653,
            47.480861
          ],
          [
            19.102414,
            47.480587
          ],
          [
            19.101938,
            47.479993
          ],
          [
            19.101853,
            47.479874
          ],
          [
            19.101232,
            47.479099
          ],
          [
            19.101016,
            47.478818
          ],
          [
            19.100825,
            47.478584
          ],
          [
            19.100563,
            47.478263
          ],
          [
            19.099804,
            47.477326
          ],
          [
            19.099308,
            47.476713
          ],
          [
            19.099173,
            47.476547
          ],
          [
            19.098985,
            47.476316
          ],
          [
            19.098625,
            47.475878
          ],
          [
            19.098408,
            47.475621
          ],
          [
            19.098386,
            47.475596
          ],
          [
            19.09814,
            47.475308
          ],
          [
            19.098002,
            47.475147
          ],
          [
            19.09778,
            47.474885
          ],
          [
            19.097671,
            47.474765
          ],
          [
            19.09734,
            47.4744
          ],
          [
            19.096565,
            47.473465
          ],
          [
            19.096358,
            47.473215
          ],
          [
            19.096035,
            47.472911
          ],
          [
            19.095721,
            47.47268
          ],
          [
            19.095526,
            47.472544
          ],
          [
            19.095284,
            47.472414
          ],
          [
            19.094955,
            47.472269
          ],
          [
            19.091044,
            47.470979
          ],
          [
            19.090196,
            47.47067
          ],
          [
            19.089739,
            47.470532
          ],
          [
            19.088899,
            47.470351
          ],
          [
            19.088563,
            47.470294
          ],
          [
            19.088176,
            47.470251
          ],
          [
            19.087821,
            47.470225
          ],
          [
            19.087288,
            47.470196
          ],
          [
            19.086117,
            47.470122
          ],
          [
            19.085617,
            47.470073
          ],
          [
            19.084716,
            47.469935
          ],
          [
            19.084286,
            47.469829
          ],
          [
            19.083376,
            47.4696
          ],
          [
            19.082882,
            47.469474
          ],
          [
            19.081745,
            47.4692
          ],
          [
            19.081648,
            47.469175
          ],
          [
            19.081169,
            47.469079
          ],
          [
            19.08063,
            47.468998
          ],
          [
            19.079299,
            47.468864
          ],
          [
            19.078285,
            47.468773
          ],
          [
            19.077598,
            47.468715
          ],
          [
            19.076978,
            47.468688
          ],
          [
            19.076664,
            47.468686
          ],
          [
            19.076005,
            47.468721
          ],
          [
            19.074458,
            47.468839
          ],
          [
            19.073712,
            47.468849
          ],
          [
            19.071501,
            47.468786
          ],
          [
            19.070648,
            47.468794
          ],
          [
            19.06409,
            47.468947
          ],
          [
            19.062946,
            47.468987
          ],
          [
            19.062174,
            47.469029
          ],
          [
            19.060086,
            47.469237
          ],
          [
            19.05944,
            47.469285
          ],
          [
            19.05912,
            47.469304
          ],
          [
            19.057216,
            47.469397
          ],
          [
            19.056287,
            47.469472
          ],
          [
            19.055438,
            47.469576
          ],
          [
            19.053551,
            47.469885
          ],
          [
            19.052661,
            47.470035
          ],
          [
            19.051845,
            47.470215
          ],
          [
            19.051343,
            47.470315
          ],
          [
            19.051089,
            47.470291
          ],
          [
            19.050962,
            47.470262
          ],
          [
            19.05083,
            47.47021
          ],
          [
            19.050723,
            47.470148
          ],
          [
            19.050575,
            47.470011
          ],
          [
            19.050366,
            47.469907
          ],
          [
            19.050268,
            47.469889
          ],
          [
            19.050118,
            47.469928
          ],
          [
            19.048678,
            47.470195
          ],
          [
            19.045787,
            47.470741
          ],
          [
            19.045617,
            47.470773
          ],
          [
            19.045321,
            47.470829
          ],
          [
            19.045566,
            47.471472
          ],
          [
            19.045586,
            47.471598
          ],
          [
            19.045854,
            47.47236
          ],
          [
            19.046053,
            47.472845
          ],
          [
            19.046077,
            47.472939
          ],
          [
            19.046415,
            47.473973
          ],
          [
            19.046478,
            47.474083
          ],
          [
            19.046519,
            47.474171
          ],
          [
            19.046307,
            47.474187
          ],
          [
            19.045446,
            47.474375
          ],
          [
            19.044064,
            47.474685
          ],
          [
            19.042822,
            47.474964
          ],
          [
            19.041503,
            47.475263
          ],
          [
            19.040839,
            47.475413
          ],
          [
            19.040719,
            47.475441
          ],
          [
            19.040599,
            47.475469
          ],
          [
            19.039692,
            47.475683
          ],
          [
            19.038465,
            47.475968
          ],
          [
            19.037903,
            47.476097
          ],
          [
            19.037355,
            47.476225
          ],
          [
            19.036631,
            47.4764
          ],
          [
            19.03629,
            47.476483
          ],
          [
            19.035417,
            47.476691
          ],
          [
            19.035256,
            47.476709
          ],
          [
            19.034955,
            47.476713
          ],
          [
            19.034647,
            47.476677
          ],
          [
            19.034486,
            47.476639
          ],
          [
            19.033494,
            47.476322
          ],
          [
            19.032864,
            47.476153
          ],
          [
            19.032697,
            47.476119
          ],
          [
            19.031365,
            47.475833
          ],
          [
            19.030147,
            47.475578
          ],
          [
            19.029515,
            47.475449
          ],
          [
            19.029135,
            47.475369
          ],
          [
            19.028367,
            47.475206
          ],
          [
            19.027491,
            47.475024
          ],
          [
            19.027433,
            47.475012
          ],
          [
            19.02678,
            47.474877
          ],
          [
            19.02551,
            47.474614
          ],
          [
            19.025388,
            47.474588
          ],
          [
            19.02442,
            47.474385
          ],
          [
            19.024172,
            47.474334
          ],
          [
            19.023987,
            47.474328
          ],
          [
            19.02378,
            47.474347
          ],
          [
            19.023288,
            47.474475
          ],
          [
            19.02319,
            47.474492
          ],
          [
            19.023103,
            47.47449
          ],
          [
            19.023001,
            47.474471
          ],
          [
            19.022909,
            47.474429
          ],
          [
            19.022814,
            47.474358
          ],
          [
            19.022244,
            47.473527
          ],
          [
            19.022147,
            47.473358
          ],
          [
            19.021672,
            47.472572
          ],
          [
            19.021396,
            47.47219
          ],
          [
            19.021263,
            47.472048
          ],
          [
            19.020538,
            47.47141
          ],
          [
            19.020204,
            47.471071
          ],
          [
            19.018852,
            47.469499
          ],
          [
            19.018022,
            47.468513
          ],
          [
            19.017886,
            47.468327
          ],
          [
            19.017737,
            47.468066
          ],
          [
            19.01748,
            47.467726
          ],
          [
            19.016887,
            47.46705
          ],
          [
            19.016486,
            47.46665
          ],
          [
            19.016096,
            47.466307
          ],
          [
            19.015633,
            47.465942
          ],
          [
            19.015054,
            47.465546
          ],
          [
            19.014717,
            47.46535
          ],
          [
            19.01441,
            47.465173
          ],
          [
            19.013799,
            47.464856
          ],
          [
            19.012986,
            47.464456
          ],
          [
            19.012523,
            47.464237
          ],
          [
            19.011883,
            47.463962
          ],
          [
            19.01067,
            47.463464
          ],
          [
            19.010043,
            47.463233
          ],
          [
            19.009171,
            47.462946
          ],
          [
            19.008091,
            47.462624
          ],
          [
            19.006494,
            47.462194
          ],
          [
            19.006202,
            47.462124
          ],
          [
            19.003985,
            47.461621
          ],
          [
            19.00234,
            47.461291
          ],
          [
            18.999304,
            47.460783
          ],
          [
            18.998036,
            47.460572
          ],
          [
            18.997776,
            47.460529
          ],
          [
            18.996326,
            47.460289
          ],
          [
            18.993302,
            47.459809
          ],
          [
            18.988276,
            47.458972
          ],
          [
            18.987657,
            47.458859
          ],
          [
            18.986358,
            47.458574
          ],
          [
            18.984866,
            47.458219
          ],
          [
            18.983755,
            47.45792
          ],
          [
            18.981659,
            47.457313
          ],
          [
            18.976476,
            47.455725
          ],
          [
            18.975123,
            47.455323
          ],
          [
            18.972746,
            47.454617
          ],
          [
            18.970478,
            47.453999
          ],
          [
            18.968801,
            47.453614
          ],
          [
            18.96757,
            47.453371
          ],
          [
            18.966454,
            47.453165
          ],
          [
            18.965683,
            47.453049
          ],
          [
            18.964457,
            47.452877
          ],
          [
            18.962517,
            47.452653
          ],
          [
            18.960952,
            47.452513
          ],
          [
            18.958241,
            47.452378
          ],
          [
            18.954452,
            47.452311
          ],
          [
            18.949032,
            47.452293
          ],
          [
            18.946305,
            47.452242
          ],
          [
            18.938376,
            47.45217
          ],
          [
            18.936782,
            47.452157
          ],
          [
            18.929678,
            47.452096
          ],
          [
            18.928841,
            47.452103
          ],
          [
            18.927685,
            47.452149
          ],
          [
            18.926667,
            47.452223
          ],
          [
            18.924765,
            47.452419
          ],
          [
            18.922834,
            47.452581
          ],
          [
            18.921312,
            47.452593
          ],
          [
            18.920733,
            47.452578
          ],
          [
            18.919804,
            47.452515
          ],
          [
            18.919037,
            47.452431
          ],
          [
            18.918602,
            47.452366
          ],
          [
            18.91819,
            47.452287
          ],
          [
            18.917727,
            47.452174
          ],
          [
            18.91707,
            47.451993
          ],
          [
            18.916639,
            47.451845
          ],
          [
            18.915873,
            47.451539
          ],
          [
            18.915195,
            47.451207
          ],
          [
            18.914549,
            47.450841
          ],
          [
            18.913992,
            47.45045
          ],
          [
            18.913919,
            47.450397
          ],
          [
            18.91307,
            47.449667
          ],
          [
            18.911779,
            47.448486
          ],
          [
            18.910526,
            47.447288
          ],
          [
            18.90969,
            47.446451
          ],
          [
            18.90965,
            47.446411
          ],
          [
            18.909524,
            47.446289
          ],
          [
            18.908076,
            47.44483
          ],
          [
            18.907167,
            47.443956
          ],
          [
            18.902621,
            47.439467
          ],
          [
            18.901485,
            47.438347
          ],
          [
            18.900651,
            47.437536
          ],
          [
            18.900433,
            47.43733
          ],
          [
            18.900342,
            47.437248
          ],
          [
            18.900303,
            47.437211
          ],
          [
            18.899042,
            47.435937
          ],
          [
            18.898738,
            47.43563
          ],
          [
            18.895047,
            47.431955
          ],
          [
            18.891968,
            47.428947
          ],
          [
            18.890892,
            47.427854
          ],
          [
            18.889271,
            47.426148
          ],
          [
            18.889179,
            47.42605
          ],
          [
            18.889065,
            47.425932
          ],
          [
            18.888264,
            47.425113
          ],
          [
            18.887331,
            47.424059
          ],
          [
            18.886437,
            47.423033
          ],
          [
            18.885437,
            47.421814
          ],
          [
            18.883859,
            47.419793
          ],
          [
            18.883233,
            47.418928
          ],
          [
            18.882314,
            47.417592
          ],
          [
            18.881131,
            47.415803
          ],
          [
            18.880642,
            47.415041
          ],
          [
            18.879621,
            47.413471
          ],
          [
            18.878701,
            47.412039
          ],
          [
            18.877148,
            47.409646
          ],
          [
            18.876242,
            47.4083
          ],
          [
            18.875407,
            47.407122
          ],
          [
            18.874865,
            47.406395
          ],
          [
            18.874344,
            47.405714
          ],
          [
            18.873772,
            47.405009
          ],
          [
            18.872551,
            47.403622
          ],
          [
            18.871687,
            47.402739
          ],
          [
            18.870338,
            47.401485
          ],
          [
            18.869469,
            47.400755
          ],
          [
            18.868705,
            47.400153
          ],
          [
            18.86775,
            47.399444
          ],
          [
            18.86707,
            47.398973
          ],
          [
            18.865523,
            47.39798
          ],
          [
            18.863836,
            47.397002
          ],
          [
            18.862404,
            47.396233
          ],
          [
            18.861461,
            47.395752
          ],
          [
            18.858891,
            47.394513
          ],
          [
            18.850568,
            47.390768
          ],
          [
            18.845994,
            47.38871
          ],
          [
            18.845747,
            47.388606
          ],
          [
            18.843892,
            47.387765
          ],
          [
            18.842809,
            47.387238
          ],
          [
            18.84211,
            47.386893
          ],
          [
            18.841003,
            47.386271
          ],
          [
            18.839999,
            47.385656
          ],
          [
            18.838879,
            47.384891
          ],
          [
            18.838084,
            47.384281
          ],
          [
            18.837526,
            47.383825
          ],
          [
            18.836604,
            47.382993
          ],
          [
            18.835761,
            47.382136
          ],
          [
            18.835075,
            47.381358
          ],
          [
            18.834356,
            47.380442
          ],
          [
            18.833344,
            47.379087
          ],
          [
            18.826885,
            47.370082
          ],
          [
            18.826794,
            47.369956
          ],
          [
            18.825392,
            47.368067
          ],
          [
            18.824601,
            47.367076
          ],
          [
            18.824177,
            47.366574
          ],
          [
            18.823021,
            47.365293
          ],
          [
            18.821968,
            47.36426
          ],
          [
            18.821384,
            47.363727
          ],
          [
            18.820113,
            47.36265
          ],
          [
            18.819426,
            47.362115
          ],
          [
            18.818164,
            47.361204
          ],
          [
            18.817377,
            47.360672
          ],
          [
            18.816572,
            47.360157
          ],
          [
            18.815938,
            47.35977
          ],
          [
            18.813932,
            47.358617
          ],
          [
            18.811252,
            47.357172
          ],
          [
            18.810069,
            47.356543
          ],
          [
            18.80824,
            47.355537
          ],
          [
            18.806881,
            47.354759
          ],
          [
            18.805568,
            47.353981
          ],
          [
            18.802818,
            47.352273
          ],
          [
            18.800371,
            47.350636
          ],
          [
            18.798768,
            47.349508
          ],
          [
            18.797387,
            47.348506
          ],
          [
            18.795857,
            47.347327
          ],
          [
            18.794345,
            47.34612
          ],
          [
            18.792735,
            47.344771
          ],
          [
            18.781963,
            47.335396
          ],
          [
            18.779382,
            47.333146
          ],
          [
            18.777571,
            47.331566
          ],
          [
            18.776874,
            47.330963
          ],
          [
            18.776106,
            47.330287
          ],
          [
            18.774614,
            47.329028
          ],
          [
            18.773952,
            47.328505
          ],
          [
            18.773145,
            47.327903
          ],
          [
            18.771988,
            47.327118
          ],
          [
            18.770816,
            47.326397
          ],
          [
            18.768728,
            47.325211
          ],
          [
            18.768263,
            47.32495
          ],
          [
            18.756765,
            47.318488
          ],
          [
            18.755101,
            47.317529
          ],
          [
            18.75418,
            47.316969
          ],
          [
            18.753346,
            47.316435
          ],
          [
            18.752575,
            47.315901
          ],
          [
            18.751815,
            47.315348
          ],
          [
            18.750895,
            47.314614
          ],
          [
            18.750037,
            47.313868
          ],
          [
            18.749593,
            47.313459
          ],
          [
            18.748635,
            47.312503
          ],
          [
            18.748087,
            47.3119
          ],
          [
            18.747568,
            47.311293
          ],
          [
            18.747012,
            47.31058
          ],
          [
            18.745831,
            47.308877
          ],
          [
            18.744875,
            47.307352
          ],
          [
            18.744343,
            47.306498
          ],
          [
            18.74306,
            47.304432
          ],
          [
            18.741985,
            47.302707
          ],
          [
            18.741835,
            47.302468
          ],
          [
            18.740661,
            47.300593
          ],
          [
            18.740138,
            47.299861
          ],
          [
            18.739279,
            47.298842
          ],
          [
            18.738612,
            47.29817
          ],
          [
            18.7379,
            47.297537
          ],
          [
            18.737248,
            47.297027
          ],
          [
            18.736788,
            47.296692
          ],
          [
            18.736279,
            47.296352
          ],
          [
            18.735215,
            47.295707
          ],
          [
            18.734474,
            47.295303
          ],
          [
            18.718926,
            47.287253
          ],
          [
            18.717386,
            47.28641
          ],
          [
            18.715918,
            47.285544
          ],
          [
            18.714873,
            47.284863
          ],
          [
            18.713839,
            47.284133
          ],
          [
            18.71284,
            47.283355
          ],
          [
            18.711327,
            47.28206
          ],
          [
            18.710294,
            47.28112
          ],
          [
            18.706536,
            47.27762
          ],
          [
            18.705023,
            47.276257
          ],
          [
            18.704234,
            47.275596
          ],
          [
            18.703417,
            47.274956
          ],
          [
            18.70272,
            47.274451
          ],
          [
            18.701854,
            47.273852
          ],
          [
            18.701134,
            47.273389
          ],
          [
            18.699868,
            47.272637
          ],
          [
            18.698701,
            47.271991
          ],
          [
            18.694211,
            47.269607
          ],
          [
            18.690626,
            47.267738
          ],
          [
            18.683991,
            47.264231
          ],
          [
            18.683479,
            47.26396
          ],
          [
            18.678144,
            47.261136
          ],
          [
            18.675821,
            47.259854
          ],
          [
            18.674418,
            47.259026
          ],
          [
            18.67331,
            47.258301
          ],
          [
            18.672761,
            47.257911
          ],
          [
            18.671706,
            47.257107
          ],
          [
            18.671045,
            47.256576
          ],
          [
            18.667822,
            47.253954
          ],
          [
            18.667065,
            47.253374
          ],
          [
            18.66625,
            47.252792
          ],
          [
            18.665401,
            47.252217
          ],
          [
            18.664601,
            47.251721
          ],
          [
            18.663762,
            47.251226
          ],
          [
            18.662642,
            47.250616
          ],
          [
            18.661493,
            47.250049
          ],
          [
            18.660316,
            47.249517
          ],
          [
            18.65911,
            47.249022
          ],
          [
            18.657983,
            47.248602
          ],
          [
            18.656931,
            47.248241
          ],
          [
            18.655844,
            47.247907
          ],
          [
            18.654746,
            47.247594
          ],
          [
            18.652984,
            47.247153
          ],
          [
            18.651327,
            47.24677
          ],
          [
            18.6445,
            47.245256
          ],
          [
            18.641726,
            47.244641
          ],
          [
            18.639574,
            47.244124
          ],
          [
            18.637268,
            47.243507
          ],
          [
            18.636301,
            47.243213
          ],
          [
            18.635677,
            47.243021
          ],
          [
            18.634924,
            47.242768
          ],
          [
            18.633986,
            47.242424
          ],
          [
            18.632573,
            47.241873
          ],
          [
            18.631263,
            47.241339
          ],
          [
            18.630182,
            47.24089
          ],
          [
            18.621979,
            47.237569
          ],
          [
            18.621638,
            47.237428
          ],
          [
            18.612921,
            47.233893
          ],
          [
            18.60989,
            47.232698
          ],
          [
            18.60908,
            47.232406
          ],
          [
            18.607752,
            47.231993
          ],
          [
            18.606861,
            47.23176
          ],
          [
            18.605754,
            47.231523
          ],
          [
            18.605032,
            47.231397
          ],
          [
            18.604306,
            47.231296
          ],
          [
            18.603648,
            47.231222
          ],
          [
            18.601995,
            47.231113
          ],
          [
            18.600821,
            47.231088
          ],
          [
            18.600281,
            47.231093
          ],
          [
            18.599714,
            47.231107
          ],
          [
            18.598779,
            47.231159
          ],
          [
            18.590999,
            47.231775
          ],
          [
            18.590578,
            47.231798
          ],
          [
            18.589202,
            47.231852
          ],
          [
            18.588264,
            47.231861
          ],
          [
            18.587136,
            47.231826
          ],
          [
            18.586236,
            47.231758
          ],
          [
            18.585332,
            47.231657
          ],
          [
            18.584733,
            47.231575
          ],
          [
            18.584142,
            47.231473
          ],
          [
            18.583395,
            47.231328
          ],
          [
            18.582302,
            47.231064
          ],
          [
            18.581376,
            47.230801
          ],
          [
            18.580139,
            47.230375
          ],
          [
            18.579726,
            47.230217
          ],
          [
            18.578759,
            47.229795
          ],
          [
            18.577826,
            47.229331
          ],
          [
            18.577385,
            47.229091
          ],
          [
            18.576464,
            47.228562
          ],
          [
            18.574494,
            47.227366
          ],
          [
            18.573878,
            47.227006
          ],
          [
            18.5733,
            47.226654
          ],
          [
            18.572423,
            47.226097
          ],
          [
            18.571897,
            47.22578
          ],
          [
            18.571685,
            47.225653
          ],
          [
            18.571229,
            47.225363
          ],
          [
            18.568479,
            47.223688
          ],
          [
            18.56605,
            47.222189
          ],
          [
            18.556956,
            47.216613
          ],
          [
            18.55522,
            47.215592
          ],
          [
            18.553112,
            47.214416
          ],
          [
            18.550468,
            47.213028
          ],
          [
            18.548016,
            47.211817
          ],
          [
            18.545717,
            47.210751
          ],
          [
            18.544331,
            47.210136
          ],
          [
            18.542529,
            47.209368
          ],
          [
            18.542422,
            47.209323
          ],
          [
            18.52922,
            47.204022
          ],
          [
            18.527209,
            47.203173
          ],
          [
            18.526013,
            47.202643
          ],
          [
            18.524838,
            47.202099
          ],
          [
            18.522715,
            47.201066
          ],
          [
            18.520493,
            47.199903
          ],
          [
            18.519421,
            47.199309
          ],
          [
            18.518313,
            47.198666
          ],
          [
            18.517141,
            47.197969
          ],
          [
            18.516167,
            47.19739
          ],
          [
            18.513201,
            47.19563
          ],
          [
            18.509762,
            47.193579
          ],
          [
            18.50883,
            47.193046
          ],
          [
            18.506521,
            47.191674
          ],
          [
            18.494531,
            47.184564
          ],
          [
            18.492485,
            47.183447
          ],
          [
            18.491739,
            47.183073
          ],
          [
            18.490787,
            47.182621
          ],
          [
            18.489792,
            47.182159
          ],
          [
            18.487466,
            47.181158
          ],
          [
            18.480142,
            47.178086
          ],
          [
            18.475195,
            47.176001
          ],
          [
            18.472903,
            47.175011
          ],
          [
            18.47039,
            47.173824
          ],
          [
            18.469487,
            47.173384
          ],
          [
            18.467548,
            47.172381
          ],
          [
            18.466251,
            47.17168
          ],
          [
            18.465421,
            47.171215
          ],
          [
            18.463727,
            47.170215
          ],
          [
            18.462014,
            47.169148
          ],
          [
            18.460251,
            47.167984
          ],
          [
            18.459779,
            47.167659
          ],
          [
            18.458619,
            47.166837
          ],
          [
            18.45736,
            47.165905
          ],
          [
            18.456846,
            47.165515
          ],
          [
            18.455819,
            47.164699
          ],
          [
            18.454143,
            47.163316
          ],
          [
            18.45145,
            47.160971
          ],
          [
            18.445719,
            47.155892
          ],
          [
            18.444386,
            47.154739
          ],
          [
            18.441651,
            47.152464
          ],
          [
            18.440597,
            47.151623
          ],
          [
            18.439949,
            47.151136
          ],
          [
            18.438124,
            47.149736
          ],
          [
            18.436522,
            47.148558
          ],
          [
            18.434404,
            47.147077
          ],
          [
            18.433102,
            47.146209
          ],
          [
            18.430845,
            47.144753
          ],
          [
            18.430232,
            47.144342
          ],
          [
            18.427606,
            47.142717
          ],
          [
            18.418399,
            47.137164
          ],
          [
            18.416272,
            47.135835
          ],
          [
            18.414936,
            47.134979
          ],
          [
            18.41341,
            47.133972
          ],
          [
            18.412645,
            47.133463
          ],
          [
            18.410846,
            47.132188
          ],
          [
            18.409445,
            47.131162
          ],
          [
            18.407971,
            47.130041
          ],
          [
            18.405677,
            47.128187
          ],
          [
            18.403485,
            47.126297
          ],
          [
            18.402181,
            47.125111
          ],
          [
            18.399699,
            47.122771
          ],
          [
            18.398438,
            47.121544
          ],
          [
            18.392254,
            47.115443
          ],
          [
            18.389807,
            47.113068
          ],
          [
            18.389502,
            47.11278
          ],
          [
            18.38902,
            47.112313
          ],
          [
            18.388503,
            47.111817
          ],
          [
            18.388221,
            47.111545
          ],
          [
            18.387164,
            47.110541
          ],
          [
            18.384734,
            47.108255
          ],
          [
            18.382188,
            47.105897
          ],
          [
            18.378048,
            47.102128
          ],
          [
            18.375731,
            47.100058
          ],
          [
            18.372612,
            47.097318
          ],
          [
            18.361993,
            47.08817
          ],
          [
            18.360071,
            47.086486
          ],
          [
            18.357902,
            47.084514
          ],
          [
            18.355728,
            47.082412
          ],
          [
            18.354908,
            47.081588
          ],
          [
            18.353093,
            47.079681
          ],
          [
            18.351149,
            47.077531
          ],
          [
            18.349299,
            47.075376
          ],
          [
            18.344464,
            47.069618
          ],
          [
            18.342393,
            47.067236
          ],
          [
            18.340207,
            47.064924
          ],
          [
            18.339115,
            47.063861
          ],
          [
            18.337977,
            47.062811
          ],
          [
            18.33607,
            47.061163
          ],
          [
            18.33423,
            47.059682
          ],
          [
            18.332626,
            47.058479
          ],
          [
            18.331316,
            47.057545
          ],
          [
            18.329969,
            47.056629
          ],
          [
            18.328587,
            47.055741
          ],
          [
            18.326647,
            47.054549
          ],
          [
            18.324827,
            47.053512
          ],
          [
            18.322968,
            47.052509
          ],
          [
            18.321062,
            47.051549
          ],
          [
            18.319909,
            47.05099
          ],
          [
            18.318155,
            47.050194
          ],
          [
            18.316952,
            47.049664
          ],
          [
            18.314941,
            47.048831
          ],
          [
            18.312604,
            47.047919
          ],
          [
            18.305607,
            47.045313
          ],
          [
            18.30481,
            47.045019
          ],
          [
            18.303296,
            47.044456
          ],
          [
            18.300367,
            47.04337
          ],
          [
            18.295538,
            47.041576
          ],
          [
            18.292913,
            47.040618
          ],
          [
            18.285368,
            47.037815
          ],
          [
            18.284884,
            47.037633
          ],
          [
            18.283087,
            47.03697
          ],
          [
            18.280068,
            47.035806
          ],
          [
            18.277047,
            47.034546
          ],
          [
            18.274294,
            47.033302
          ],
          [
            18.271428,
            47.031941
          ],
          [
            18.269509,
            47.030931
          ],
          [
            18.267685,
            47.029931
          ],
          [
            18.264439,
            47.028047
          ],
          [
            18.26246,
            47.02681
          ],
          [
            18.261346,
            47.026088
          ],
          [
            18.259342,
            47.024723
          ],
          [
            18.254956,
            47.02158
          ],
          [
            18.253302,
            47.020439
          ],
          [
            18.252305,
            47.019773
          ],
          [
            18.249738,
            47.018103
          ],
          [
            18.246924,
            47.016362
          ],
          [
            18.244545,
            47.014954
          ],
          [
            18.244175,
            47.014745
          ],
          [
            18.241543,
            47.013275
          ],
          [
            18.238758,
            47.011791
          ],
          [
            18.236109,
            47.01045
          ],
          [
            18.232997,
            47.008956
          ],
          [
            18.229309,
            47.007289
          ],
          [
            18.228232,
            47.006825
          ],
          [
            18.227386,
            47.006462
          ],
          [
            18.226388,
            47.006042
          ],
          [
            18.224053,
            47.005097
          ],
          [
            18.223545,
            47.004895
          ],
          [
            18.221325,
            47.004041
          ],
          [
            18.219044,
            47.003198
          ],
          [
            18.216158,
            47.002178
          ],
          [
            18.213246,
            47.001203
          ],
          [
            18.209994,
            47.000185
          ],
          [
            18.209294,
            46.999971
          ],
          [
            18.200513,
            46.997249
          ],
          [
            18.199241,
            46.996822
          ],
          [
            18.197182,
            46.996074
          ],
          [
            18.195759,
            46.995513
          ],
          [
            18.194379,
            46.994923
          ],
          [
            18.192482,
            46.994043
          ],
          [
            18.190685,
            46.993131
          ],
          [
            18.189612,
            46.992553
          ],
          [
            18.188729,
            46.992044
          ],
          [
            18.187893,
            46.991555
          ],
          [
            18.186467,
            46.990653
          ],
          [
            18.185105,
            46.98972
          ],
          [
            18.184081,
            46.988978
          ],
          [
            18.18269,
            46.987898
          ],
          [
            18.181967,
            46.987302
          ],
          [
            18.181275,
            46.986697
          ],
          [
            18.180183,
            46.985697
          ],
          [
            18.179204,
            46.984738
          ],
          [
            18.178733,
            46.984248
          ],
          [
            18.177831,
            46.983257
          ],
          [
            18.176954,
            46.982222
          ],
          [
            18.176528,
            46.981694
          ],
          [
            18.175545,
            46.980378
          ],
          [
            18.172723,
            46.976421
          ],
          [
            18.171789,
            46.975151
          ],
          [
            18.170743,
            46.973801
          ],
          [
            18.169761,
            46.97259
          ],
          [
            18.168649,
            46.97129
          ],
          [
            18.167198,
            46.969679
          ],
          [
            18.165696,
            46.968098
          ],
          [
            18.160363,
            46.962773
          ],
          [
            18.160036,
            46.962424
          ],
          [
            18.158947,
            46.96123
          ],
          [
            18.158143,
            46.960303
          ],
          [
            18.157363,
            46.959372
          ],
          [
            18.156421,
            46.95817
          ],
          [
            18.155051,
            46.956303
          ],
          [
            18.153757,
            46.954323
          ],
          [
            18.15331,
            46.9536
          ],
          [
            18.152477,
            46.952165
          ],
          [
            18.14778,
            46.943638
          ],
          [
            18.147015,
            46.942318
          ],
          [
            18.146219,
            46.941002
          ],
          [
            18.145338,
            46.939629
          ],
          [
            18.144803,
            46.938836
          ],
          [
            18.1444,
            46.938251
          ],
          [
            18.143273,
            46.936726
          ],
          [
            18.142377,
            46.935614
          ],
          [
            18.141564,
            46.934667
          ],
          [
            18.141205,
            46.934275
          ],
          [
            18.140336,
            46.933348
          ],
          [
            18.139559,
            46.932578
          ],
          [
            18.138716,
            46.931799
          ],
          [
            18.138258,
            46.931394
          ],
          [
            18.137333,
            46.930622
          ],
          [
            18.136291,
            46.929816
          ],
          [
            18.135104,
            46.928973
          ],
          [
            18.13465,
            46.928682
          ],
          [
            18.133102,
            46.927715
          ],
          [
            18.13171,
            46.926949
          ],
          [
            18.131112,
            46.92662
          ],
          [
            18.130066,
            46.926099
          ],
          [
            18.129026,
            46.925603
          ],
          [
            18.127374,
            46.924884
          ],
          [
            18.125687,
            46.924195
          ],
          [
            18.124333,
            46.923664
          ],
          [
            18.11843,
            46.921419
          ],
          [
            18.115169,
            46.920133
          ],
          [
            18.113097,
            46.919275
          ],
          [
            18.111093,
            46.91842
          ],
          [
            18.107598,
            46.916857
          ],
          [
            18.104538,
            46.91544
          ],
          [
            18.102569,
            46.914503
          ],
          [
            18.092724,
            46.909738
          ],
          [
            18.088761,
            46.907863
          ],
          [
            18.085552,
            46.906412
          ],
          [
            18.082291,
            46.904997
          ],
          [
            18.081492,
            46.904656
          ],
          [
            18.079171,
            46.90369
          ],
          [
            18.07681,
            46.902743
          ],
          [
            18.074433,
            46.901819
          ],
          [
            18.072025,
            46.900905
          ],
          [
            18.068236,
            46.899506
          ],
          [
            18.067767,
            46.899337
          ],
          [
            18.063076,
            46.897669
          ],
          [
            18.061808,
            46.897225
          ],
          [
            18.061401,
            46.897083
          ],
          [
            18.060514,
            46.896775
          ],
          [
            18.059062,
            46.896267
          ],
          [
            18.057266,
            46.895642
          ],
          [
            18.055602,
            46.895061
          ],
          [
            18.05281,
            46.894088
          ],
          [
            18.050174,
            46.893174
          ],
          [
            18.044785,
            46.891324
          ],
          [
            18.041646,
            46.890305
          ],
          [
            18.040241,
            46.889871
          ],
          [
            18.037405,
            46.88903
          ],
          [
            18.036008,
            46.888632
          ],
          [
            18.032833,
            46.887773
          ],
          [
            18.029486,
            46.886932
          ],
          [
            18.027042,
            46.886356
          ],
          [
            18.024516,
            46.8858
          ],
          [
            18.02252,
            46.88538
          ],
          [
            18.020475,
            46.884976
          ],
          [
            18.017694,
            46.884468
          ],
          [
            18.014815,
            46.883973
          ],
          [
            18.013629,
            46.883786
          ],
          [
            18.011122,
            46.88341
          ],
          [
            18.00873,
            46.883078
          ],
          [
            18.005586,
            46.88269
          ],
          [
            18.004401,
            46.882559
          ],
          [
            18.002316,
            46.882339
          ],
          [
            18.000094,
            46.882127
          ],
          [
            17.997837,
            46.881941
          ],
          [
            17.995582,
            46.881777
          ],
          [
            17.993529,
            46.881651
          ],
          [
            17.991376,
            46.881537
          ],
          [
            17.988872,
            46.881434
          ],
          [
            17.985535,
            46.881323
          ],
          [
            17.98184,
            46.88123
          ],
          [
            17.980113,
            46.881184
          ],
          [
            17.979537,
            46.881157
          ],
          [
            17.978468,
            46.881066
          ],
          [
            17.977289,
            46.880886
          ],
          [
            17.976464,
            46.880713
          ],
          [
            17.975942,
            46.880584
          ],
          [
            17.975414,
            46.880434
          ],
          [
            17.974495,
            46.880132
          ],
          [
            17.973471,
            46.879721
          ],
          [
            17.972497,
            46.87924
          ],
          [
            17.971834,
            46.878854
          ],
          [
            17.971305,
            46.878505
          ],
          [
            17.970849,
            46.878173
          ],
          [
            17.970059,
            46.877504
          ],
          [
            17.969542,
            46.876986
          ],
          [
            17.969188,
            46.876588
          ],
          [
            17.968816,
            46.876104
          ],
          [
            17.968435,
            46.87551
          ],
          [
            17.968207,
            46.875085
          ],
          [
            17.967947,
            46.874522
          ],
          [
            17.967741,
            46.873918
          ],
          [
            17.967545,
            46.873021
          ],
          [
            17.967404,
            46.872058
          ],
          [
            17.967354,
            46.87157
          ],
          [
            17.966638,
            46.866283
          ],
          [
            17.966338,
            46.864182
          ],
          [
            17.96621,
            46.863463
          ],
          [
            17.965935,
            46.862232
          ],
          [
            17.965718,
            46.861511
          ],
          [
            17.965419,
            46.860695
          ],
          [
            17.965109,
            46.86
          ],
          [
            17.964852,
            46.859493
          ],
          [
            17.964411,
            46.85873
          ],
          [
            17.963715,
            46.857716
          ],
          [
            17.963242,
            46.857117
          ],
          [
            17.962543,
            46.85632
          ],
          [
            17.961782,
            46.855563
          ],
          [
            17.961293,
            46.855111
          ],
          [
            17.958134,
            46.852407
          ],
          [
            17.957166,
            46.851494
          ],
          [
            17.956375,
            46.850642
          ],
          [
            17.956004,
            46.850193
          ],
          [
            17.955654,
            46.849743
          ],
          [
            17.95514,
            46.849009
          ],
          [
            17.954635,
            46.848181
          ],
          [
            17.954431,
            46.8478
          ],
          [
            17.954097,
            46.847115
          ],
          [
            17.953716,
            46.846147
          ],
          [
            17.953384,
            46.84506
          ],
          [
            17.953186,
            46.84424
          ],
          [
            17.952783,
            46.842268
          ],
          [
            17.952501,
            46.841089
          ],
          [
            17.952373,
            46.840648
          ],
          [
            17.952089,
            46.839863
          ],
          [
            17.951735,
            46.839119
          ],
          [
            17.951338,
            46.838452
          ],
          [
            17.950969,
            46.837915
          ],
          [
            17.950601,
            46.837444
          ],
          [
            17.950196,
            46.836993
          ],
          [
            17.949734,
            46.836528
          ],
          [
            17.949436,
            46.836259
          ],
          [
            17.949024,
            46.835904
          ],
          [
            17.948533,
            46.835519
          ],
          [
            17.948116,
            46.835227
          ],
          [
            17.947702,
            46.834949
          ],
          [
            17.946908,
            46.834474
          ],
          [
            17.945998,
            46.833995
          ],
          [
            17.945011,
            46.833527
          ],
          [
            17.943005,
            46.832648
          ],
          [
            17.942311,
            46.832348
          ],
          [
            17.938394,
            46.830656
          ],
          [
            17.936917,
            46.829963
          ],
          [
            17.935899,
            46.829427
          ],
          [
            17.935466,
            46.829167
          ],
          [
            17.934777,
            46.828714
          ],
          [
            17.934486,
            46.828501
          ],
          [
            17.933933,
            46.828055
          ],
          [
            17.933531,
            46.827687
          ],
          [
            17.933298,
            46.827459
          ],
          [
            17.932819,
            46.826928
          ],
          [
            17.932356,
            46.826326
          ],
          [
            17.931897,
            46.825586
          ],
          [
            17.931615,
            46.825043
          ],
          [
            17.930973,
            46.823683
          ],
          [
            17.930756,
            46.823266
          ],
          [
            17.930256,
            46.822402
          ],
          [
            17.929957,
            46.82198
          ],
          [
            17.929478,
            46.821402
          ],
          [
            17.929257,
            46.821164
          ],
          [
            17.92851,
            46.820457
          ],
          [
            17.927889,
            46.81997
          ],
          [
            17.927371,
            46.819615
          ],
          [
            17.926822,
            46.819276
          ],
          [
            17.926077,
            46.818874
          ],
          [
            17.925519,
            46.81861
          ],
          [
            17.924641,
            46.818247
          ],
          [
            17.923646,
            46.817916
          ],
          [
            17.923057,
            46.81774
          ],
          [
            17.922371,
            46.817557
          ],
          [
            17.921259,
            46.817299
          ],
          [
            17.920396,
            46.817129
          ],
          [
            17.919378,
            46.816959
          ],
          [
            17.918401,
            46.816812
          ],
          [
            17.917485,
            46.816702
          ],
          [
            17.915418,
            46.81653
          ],
          [
            17.91361,
            46.816433
          ],
          [
            17.911693,
            46.816371
          ],
          [
            17.910087,
            46.816358
          ],
          [
            17.90845,
            46.816381
          ],
          [
            17.907602,
            46.816411
          ],
          [
            17.905293,
            46.816527
          ],
          [
            17.903736,
            46.816645
          ],
          [
            17.901449,
            46.816879
          ],
          [
            17.899126,
            46.817192
          ],
          [
            17.897493,
            46.817457
          ],
          [
            17.89571,
            46.817788
          ],
          [
            17.893788,
            46.8182
          ],
          [
            17.89233,
            46.818549
          ],
          [
            17.891759,
            46.818693
          ],
          [
            17.889645,
            46.819278
          ],
          [
            17.888472,
            46.819643
          ],
          [
            17.886023,
            46.820458
          ],
          [
            17.879168,
            46.822886
          ],
          [
            17.87833,
            46.823149
          ],
          [
            17.877429,
            46.823394
          ],
          [
            17.876695,
            46.823551
          ],
          [
            17.875502,
            46.823737
          ],
          [
            17.874718,
            46.82381
          ],
          [
            17.873967,
            46.823849
          ],
          [
            17.873346,
            46.823854
          ],
          [
            17.872736,
            46.823838
          ],
          [
            17.872141,
            46.823804
          ],
          [
            17.871535,
            46.823748
          ],
          [
            17.86951,
            46.823482
          ],
          [
            17.86886,
            46.823375
          ],
          [
            17.867013,
            46.82303
          ],
          [
            17.865534,
            46.822706
          ],
          [
            17.864017,
            46.82233
          ],
          [
            17.862773,
            46.821984
          ],
          [
            17.861811,
            46.821708
          ],
          [
            17.860802,
            46.821383
          ],
          [
            17.859171,
            46.820777
          ],
          [
            17.858725,
            46.820605
          ],
          [
            17.857673,
            46.820175
          ],
          [
            17.857003,
            46.819885
          ],
          [
            17.855902,
            46.819339
          ],
          [
            17.855456,
            46.819085
          ],
          [
            17.854839,
            46.81869
          ],
          [
            17.854372,
            46.818356
          ],
          [
            17.853337,
            46.817572
          ],
          [
            17.851826,
            46.816366
          ],
          [
            17.850663,
            46.815509
          ],
          [
            17.850029,
            46.815032
          ],
          [
            17.848986,
            46.814289
          ],
          [
            17.847891,
            46.81357
          ],
          [
            17.846925,
            46.812988
          ],
          [
            17.846333,
            46.812675
          ],
          [
            17.845726,
            46.812382
          ],
          [
            17.844929,
            46.812037
          ],
          [
            17.844186,
            46.811752
          ],
          [
            17.843373,
            46.811481
          ],
          [
            17.842581,
            46.811254
          ],
          [
            17.841686,
            46.811027
          ],
          [
            17.840782,
            46.810828
          ],
          [
            17.839408,
            46.810564
          ],
          [
            17.838054,
            46.810342
          ],
          [
            17.831886,
            46.809436
          ],
          [
            17.830522,
            46.809218
          ],
          [
            17.829197,
            46.808989
          ],
          [
            17.827795,
            46.808724
          ],
          [
            17.826497,
            46.808449
          ],
          [
            17.825286,
            46.808162
          ],
          [
            17.824121,
            46.807857
          ],
          [
            17.82268,
            46.807435
          ],
          [
            17.821261,
            46.806979
          ],
          [
            17.819783,
            46.806454
          ],
          [
            17.818396,
            46.805901
          ],
          [
            17.817716,
            46.805613
          ],
          [
            17.815936,
            46.804794
          ],
          [
            17.81438,
            46.803998
          ],
          [
            17.813439,
            46.803473
          ],
          [
            17.812268,
            46.80279
          ],
          [
            17.809657,
            46.801161
          ],
          [
            17.803711,
            46.797305
          ],
          [
            17.800011,
            46.794936
          ],
          [
            17.798839,
            46.794202
          ],
          [
            17.796338,
            46.792671
          ],
          [
            17.795236,
            46.792069
          ],
          [
            17.794491,
            46.791701
          ],
          [
            17.79377,
            46.791377
          ],
          [
            17.792812,
            46.790997
          ],
          [
            17.791785,
            46.790646
          ],
          [
            17.791111,
            46.790439
          ],
          [
            17.789784,
            46.790089
          ],
          [
            17.789176,
            46.789955
          ],
          [
            17.788116,
            46.789755
          ],
          [
            17.787337,
            46.789636
          ],
          [
            17.786372,
            46.78952
          ],
          [
            17.78545,
            46.789445
          ],
          [
            17.784526,
            46.7894
          ],
          [
            17.783881,
            46.789388
          ],
          [
            17.782766,
            46.789395
          ],
          [
            17.782147,
            46.78942
          ],
          [
            17.781049,
            46.789495
          ],
          [
            17.780192,
            46.789587
          ],
          [
            17.779273,
            46.789713
          ],
          [
            17.778281,
            46.789885
          ],
          [
            17.777311,
            46.790091
          ],
          [
            17.775387,
            46.790586
          ],
          [
            17.770902,
            46.791891
          ],
          [
            17.769416,
            46.79229
          ],
          [
            17.76791,
            46.792653
          ],
          [
            17.767113,
            46.792823
          ],
          [
            17.766269,
            46.792983
          ],
          [
            17.765451,
            46.793119
          ],
          [
            17.764568,
            46.793242
          ],
          [
            17.76356,
            46.793355
          ],
          [
            17.762733,
            46.793423
          ],
          [
            17.762004,
            46.793471
          ],
          [
            17.760488,
            46.793517
          ],
          [
            17.759555,
            46.793517
          ],
          [
            17.758581,
            46.79349
          ],
          [
            17.757644,
            46.79344
          ],
          [
            17.756776,
            46.793369
          ],
          [
            17.756034,
            46.79329
          ],
          [
            17.75516,
            46.793186
          ],
          [
            17.754235,
            46.793044
          ],
          [
            17.753289,
            46.79287
          ],
          [
            17.752072,
            46.792616
          ],
          [
            17.750527,
            46.792243
          ],
          [
            17.749414,
            46.791953
          ],
          [
            17.747696,
            46.791466
          ],
          [
            17.747476,
            46.791402
          ],
          [
            17.746489,
            46.7911
          ],
          [
            17.744817,
            46.790557
          ],
          [
            17.743157,
            46.789978
          ],
          [
            17.741208,
            46.789243
          ],
          [
            17.740261,
            46.788863
          ],
          [
            17.738484,
            46.788107
          ],
          [
            17.736582,
            46.787232
          ],
          [
            17.736266,
            46.78708
          ],
          [
            17.734795,
            46.786349
          ],
          [
            17.733653,
            46.78575
          ],
          [
            17.732545,
            46.785134
          ],
          [
            17.730534,
            46.783956
          ],
          [
            17.729215,
            46.783124
          ],
          [
            17.727885,
            46.78223
          ],
          [
            17.726525,
            46.781264
          ],
          [
            17.725526,
            46.780506
          ],
          [
            17.724433,
            46.779643
          ],
          [
            17.723612,
            46.778962
          ],
          [
            17.723409,
            46.778787
          ],
          [
            17.72292,
            46.778373
          ],
          [
            17.72106,
            46.776731
          ],
          [
            17.718463,
            46.774322
          ],
          [
            17.715847,
            46.771897
          ],
          [
            17.71435,
            46.770625
          ],
          [
            17.71365,
            46.770065
          ],
          [
            17.712697,
            46.769356
          ],
          [
            17.712054,
            46.768918
          ],
          [
            17.711382,
            46.768487
          ],
          [
            17.710748,
            46.768115
          ],
          [
            17.709432,
            46.767413
          ],
          [
            17.708763,
            46.767091
          ],
          [
            17.707967,
            46.766735
          ],
          [
            17.707005,
            46.76635
          ],
          [
            17.706257,
            46.766079
          ],
          [
            17.704665,
            46.765576
          ],
          [
            17.703006,
            46.765153
          ],
          [
            17.70241,
            46.765023
          ],
          [
            17.701271,
            46.764814
          ],
          [
            17.699403,
            46.764555
          ],
          [
            17.698574,
            46.764475
          ],
          [
            17.6969,
            46.764355
          ],
          [
            17.695367,
            46.764293
          ],
          [
            17.693595,
            46.764265
          ],
          [
            17.690606,
            46.764266
          ],
          [
            17.689372,
            46.764272
          ],
          [
            17.686615,
            46.764274
          ],
          [
            17.680062,
            46.764236
          ],
          [
            17.67751,
            46.764191
          ],
          [
            17.675007,
            46.764113
          ],
          [
            17.671885,
            46.763982
          ],
          [
            17.669052,
            46.763805
          ],
          [
            17.666166,
            46.763572
          ],
          [
            17.665345,
            46.763491
          ],
          [
            17.663804,
            46.76333
          ],
          [
            17.662454,
            46.763169
          ],
          [
            17.661015,
            46.762977
          ],
          [
            17.659666,
            46.762784
          ],
          [
            17.657635,
            46.762457
          ],
          [
            17.655503,
            46.762069
          ],
          [
            17.653299,
            46.761629
          ],
          [
            17.651098,
            46.761135
          ],
          [
            17.650574,
            46.761011
          ],
          [
            17.647658,
            46.760267
          ],
          [
            17.645769,
            46.759726
          ],
          [
            17.643865,
            46.75915
          ],
          [
            17.642298,
            46.758653
          ],
          [
            17.639187,
            46.757614
          ],
          [
            17.637688,
            46.757087
          ],
          [
            17.63571,
            46.756364
          ],
          [
            17.633064,
            46.755351
          ],
          [
            17.630833,
            46.754456
          ],
          [
            17.629963,
            46.754091
          ],
          [
            17.62836,
            46.753412
          ],
          [
            17.626879,
            46.75276
          ],
          [
            17.625454,
            46.75212
          ],
          [
            17.62317,
            46.751035
          ],
          [
            17.622132,
            46.750522
          ],
          [
            17.62112,
            46.750011
          ],
          [
            17.618964,
            46.748884
          ],
          [
            17.61782,
            46.748256
          ],
          [
            17.615284,
            46.746803
          ],
          [
            17.612809,
            46.745292
          ],
          [
            17.611254,
            46.744289
          ],
          [
            17.609767,
            46.743294
          ],
          [
            17.608347,
            46.742303
          ],
          [
            17.606962,
            46.741308
          ],
          [
            17.605172,
            46.739985
          ],
          [
            17.603445,
            46.738667
          ],
          [
            17.588244,
            46.726781
          ],
          [
            17.586799,
            46.725646
          ],
          [
            17.584906,
            46.724116
          ],
          [
            17.584361,
            46.72366
          ],
          [
            17.58371,
            46.723109
          ],
          [
            17.582463,
            46.722009
          ],
          [
            17.581194,
            46.720834
          ],
          [
            17.579952,
            46.719614
          ],
          [
            17.579243,
            46.718875
          ],
          [
            17.577917,
            46.717452
          ],
          [
            17.57758,
            46.717083
          ],
          [
            17.575902,
            46.715264
          ],
          [
            17.575243,
            46.714574
          ],
          [
            17.574565,
            46.713878
          ],
          [
            17.573058,
            46.712432
          ],
          [
            17.572471,
            46.7119
          ],
          [
            17.570945,
            46.710616
          ],
          [
            17.570187,
            46.710019
          ],
          [
            17.568679,
            46.708904
          ],
          [
            17.568168,
            46.70855
          ],
          [
            17.567225,
            46.707915
          ],
          [
            17.56621,
            46.707264
          ],
          [
            17.565228,
            46.706667
          ],
          [
            17.563536,
            46.705706
          ],
          [
            17.562743,
            46.705281
          ],
          [
            17.561261,
            46.704526
          ],
          [
            17.559885,
            46.703866
          ],
          [
            17.559276,
            46.703592
          ],
          [
            17.558314,
            46.703177
          ],
          [
            17.556379,
            46.702393
          ],
          [
            17.555205,
            46.701958
          ],
          [
            17.55406,
            46.701555
          ],
          [
            17.55253,
            46.701048
          ],
          [
            17.551037,
            46.700604
          ],
          [
            17.54868,
            46.699964
          ],
          [
            17.547364,
            46.699646
          ],
          [
            17.545201,
            46.699177
          ],
          [
            17.544713,
            46.699081
          ],
          [
            17.542343,
            46.698663
          ],
          [
            17.540602,
            46.698409
          ],
          [
            17.53893,
            46.698198
          ],
          [
            17.537388,
            46.698038
          ],
          [
            17.53587,
            46.697911
          ],
          [
            17.533354,
            46.697768
          ],
          [
            17.532532,
            46.697738
          ],
          [
            17.530747,
            46.697707
          ],
          [
            17.529877,
            46.697706
          ],
          [
            17.527701,
            46.697747
          ],
          [
            17.52557,
            46.697844
          ],
          [
            17.524063,
            46.697946
          ],
          [
            17.522584,
            46.698082
          ],
          [
            17.522156,
            46.698128
          ],
          [
            17.519901,
            46.698393
          ],
          [
            17.517735,
            46.698726
          ],
          [
            17.516344,
            46.698971
          ],
          [
            17.515327,
            46.699161
          ],
          [
            17.513018,
            46.699667
          ],
          [
            17.511769,
            46.699959
          ],
          [
            17.507123,
            46.701043
          ],
          [
            17.505223,
            46.701463
          ],
          [
            17.50363,
            46.701784
          ],
          [
            17.501706,
            46.702127
          ],
          [
            17.500416,
            46.702337
          ],
          [
            17.498687,
            46.702572
          ],
          [
            17.498222,
            46.70263
          ],
          [
            17.496689,
            46.702799
          ],
          [
            17.495256,
            46.702931
          ],
          [
            17.493853,
            46.70303
          ],
          [
            17.492302,
            46.703113
          ],
          [
            17.490748,
            46.703161
          ],
          [
            17.489121,
            46.703181
          ],
          [
            17.48754,
            46.70317
          ],
          [
            17.486045,
            46.703124
          ],
          [
            17.484593,
            46.703051
          ],
          [
            17.483723,
            46.702997
          ],
          [
            17.482783,
            46.702929
          ],
          [
            17.481867,
            46.702843
          ],
          [
            17.481461,
            46.702805
          ],
          [
            17.479368,
            46.702576
          ],
          [
            17.478692,
            46.702485
          ],
          [
            17.476326,
            46.702129
          ],
          [
            17.474841,
            46.701863
          ],
          [
            17.472873,
            46.701462
          ],
          [
            17.470409,
            46.700883
          ],
          [
            17.468763,
            46.700447
          ],
          [
            17.467466,
            46.700076
          ],
          [
            17.454521,
            46.696073
          ],
          [
            17.450507,
            46.694871
          ],
          [
            17.445665,
            46.693482
          ],
          [
            17.441642,
            46.692395
          ],
          [
            17.438519,
            46.691612
          ],
          [
            17.436221,
            46.691056
          ],
          [
            17.433583,
            46.690462
          ],
          [
            17.430905,
            46.689893
          ],
          [
            17.428664,
            46.689452
          ],
          [
            17.428206,
            46.689363
          ],
          [
            17.426343,
            46.689022
          ],
          [
            17.423387,
            46.688513
          ],
          [
            17.42046,
            46.68806
          ],
          [
            17.417669,
            46.687665
          ],
          [
            17.413218,
            46.687107
          ],
          [
            17.412603,
            46.68704
          ],
          [
            17.410936,
            46.686858
          ],
          [
            17.408122,
            46.686593
          ],
          [
            17.405515,
            46.686383
          ],
          [
            17.40377,
            46.686258
          ],
          [
            17.399627,
            46.686003
          ],
          [
            17.391898,
            46.685618
          ],
          [
            17.389806,
            46.685511
          ],
          [
            17.38863,
            46.685457
          ],
          [
            17.386334,
            46.68531
          ],
          [
            17.38525,
            46.685225
          ],
          [
            17.383946,
            46.685102
          ],
          [
            17.38349,
            46.685059
          ],
          [
            17.383234,
            46.685028
          ],
          [
            17.382219,
            46.684911
          ],
          [
            17.381103,
            46.684763
          ],
          [
            17.379705,
            46.684551
          ],
          [
            17.378355,
            46.684314
          ],
          [
            17.377022,
            46.684049
          ],
          [
            17.375797,
            46.683784
          ],
          [
            17.374374,
            46.683436
          ],
          [
            17.373051,
            46.683078
          ],
          [
            17.371709,
            46.682686
          ],
          [
            17.370392,
            46.682268
          ],
          [
            17.369386,
            46.681919
          ],
          [
            17.367546,
            46.681233
          ],
          [
            17.365799,
            46.680516
          ],
          [
            17.364957,
            46.680134
          ],
          [
            17.362961,
            46.679182
          ],
          [
            17.362473,
            46.678925
          ],
          [
            17.360892,
            46.678044
          ],
          [
            17.359328,
            46.677127
          ],
          [
            17.357351,
            46.675866
          ],
          [
            17.355219,
            46.67444
          ],
          [
            17.353934,
            46.673565
          ],
          [
            17.352597,
            46.672683
          ],
          [
            17.351141,
            46.671769
          ],
          [
            17.350135,
            46.671185
          ],
          [
            17.349288,
            46.670731
          ],
          [
            17.348623,
            46.670384
          ],
          [
            17.347578,
            46.669887
          ],
          [
            17.346869,
            46.669579
          ],
          [
            17.346119,
            46.669275
          ],
          [
            17.344699,
            46.668761
          ],
          [
            17.343865,
            46.668499
          ],
          [
            17.342462,
            46.668101
          ],
          [
            17.341807,
            46.667941
          ],
          [
            17.341126,
            46.667783
          ],
          [
            17.340365,
            46.667627
          ],
          [
            17.339303,
            46.667439
          ],
          [
            17.337566,
            46.667199
          ],
          [
            17.333611,
            46.666727
          ],
          [
            17.331743,
            46.666496
          ],
          [
            17.331048,
            46.666396
          ],
          [
            17.329562,
            46.666162
          ],
          [
            17.328624,
            46.665988
          ],
          [
            17.327505,
            46.665751
          ],
          [
            17.326185,
            46.665438
          ],
          [
            17.325063,
            46.665131
          ],
          [
            17.323287,
            46.664582
          ],
          [
            17.321916,
            46.664092
          ],
          [
            17.321284,
            46.663848
          ],
          [
            17.320068,
            46.663341
          ],
          [
            17.318882,
            46.662793
          ],
          [
            17.31764,
            46.662166
          ],
          [
            17.316502,
            46.661533
          ],
          [
            17.315881,
            46.661163
          ],
          [
            17.314892,
            46.660536
          ],
          [
            17.313492,
            46.65954
          ],
          [
            17.312728,
            46.658956
          ],
          [
            17.311995,
            46.658374
          ],
          [
            17.308418,
            46.6554
          ],
          [
            17.307241,
            46.654464
          ],
          [
            17.306352,
            46.653809
          ],
          [
            17.305465,
            46.653191
          ],
          [
            17.304619,
            46.652633
          ],
          [
            17.303417,
            46.651891
          ],
          [
            17.302486,
            46.651358
          ],
          [
            17.300916,
            46.650513
          ],
          [
            17.299857,
            46.649984
          ],
          [
            17.295941,
            46.648024
          ],
          [
            17.295224,
            46.647652
          ],
          [
            17.293769,
            46.646848
          ],
          [
            17.293073,
            46.646437
          ],
          [
            17.29221,
            46.645888
          ],
          [
            17.291375,
            46.645327
          ],
          [
            17.290713,
            46.644841
          ],
          [
            17.289864,
            46.644175
          ],
          [
            17.28953,
            46.643899
          ],
          [
            17.288921,
            46.643373
          ],
          [
            17.288363,
            46.642854
          ],
          [
            17.287819,
            46.642318
          ],
          [
            17.286819,
            46.641234
          ],
          [
            17.28569,
            46.639812
          ],
          [
            17.285092,
            46.638981
          ],
          [
            17.282458,
            46.635053
          ],
          [
            17.281542,
            46.633754
          ],
          [
            17.281047,
            46.633096
          ],
          [
            17.280504,
            46.632414
          ],
          [
            17.279379,
            46.631118
          ],
          [
            17.278295,
            46.629993
          ],
          [
            17.277192,
            46.628947
          ],
          [
            17.276172,
            46.628064
          ],
          [
            17.275478,
            46.627495
          ],
          [
            17.273675,
            46.626099
          ],
          [
            17.271305,
            46.624379
          ],
          [
            17.269022,
            46.622758
          ],
          [
            17.268693,
            46.622527
          ],
          [
            17.267173,
            46.621424
          ],
          [
            17.264855,
            46.619692
          ],
          [
            17.264631,
            46.619519
          ],
          [
            17.262985,
            46.618188
          ],
          [
            17.26143,
            46.616815
          ],
          [
            17.260406,
            46.615854
          ],
          [
            17.259439,
            46.614855
          ],
          [
            17.258387,
            46.613703
          ],
          [
            17.25738,
            46.612495
          ],
          [
            17.256364,
            46.611151
          ],
          [
            17.255407,
            46.609735
          ],
          [
            17.254354,
            46.607916
          ],
          [
            17.253275,
            46.605785
          ],
          [
            17.25242,
            46.603623
          ],
          [
            17.251999,
            46.6023
          ],
          [
            17.25164,
            46.600972
          ],
          [
            17.251269,
            46.599123
          ],
          [
            17.251047,
            46.597215
          ],
          [
            17.250965,
            46.596055
          ],
          [
            17.250942,
            46.594763
          ],
          [
            17.250945,
            46.593463
          ],
          [
            17.251033,
            46.591175
          ],
          [
            17.251115,
            46.589653
          ],
          [
            17.251205,
            46.588249
          ],
          [
            17.251245,
            46.587436
          ],
          [
            17.25129,
            46.586531
          ],
          [
            17.251318,
            46.584781
          ],
          [
            17.251318,
            46.584371
          ],
          [
            17.251225,
            46.582879
          ],
          [
            17.251114,
            46.581955
          ],
          [
            17.250936,
            46.580919
          ],
          [
            17.250626,
            46.579625
          ],
          [
            17.250407,
            46.578922
          ],
          [
            17.249976,
            46.577757
          ],
          [
            17.249727,
            46.577189
          ],
          [
            17.249225,
            46.576171
          ],
          [
            17.248763,
            46.575361
          ],
          [
            17.248058,
            46.574267
          ],
          [
            17.247585,
            46.573607
          ],
          [
            17.247048,
            46.572924
          ],
          [
            17.24645,
            46.572221
          ],
          [
            17.245663,
            46.571374
          ],
          [
            17.244807,
            46.570543
          ],
          [
            17.244293,
            46.570083
          ],
          [
            17.243176,
            46.569155
          ],
          [
            17.24204,
            46.568289
          ],
          [
            17.241447,
            46.567865
          ],
          [
            17.240208,
            46.567035
          ],
          [
            17.238811,
            46.566173
          ],
          [
            17.237385,
            46.565326
          ],
          [
            17.230022,
            46.561161
          ],
          [
            17.228052,
            46.560004
          ],
          [
            17.227064,
            46.559403
          ],
          [
            17.226097,
            46.558798
          ],
          [
            17.224405,
            46.557699
          ],
          [
            17.222744,
            46.556535
          ],
          [
            17.221146,
            46.555311
          ],
          [
            17.220323,
            46.554641
          ],
          [
            17.219325,
            46.55377
          ],
          [
            17.218695,
            46.553191
          ],
          [
            17.217566,
            46.55208
          ],
          [
            17.21661,
            46.551048
          ],
          [
            17.215708,
            46.550009
          ],
          [
            17.21499,
            46.549107
          ],
          [
            17.214311,
            46.548191
          ],
          [
            17.213681,
            46.547286
          ],
          [
            17.213064,
            46.546341
          ],
          [
            17.21237,
            46.545201
          ],
          [
            17.211617,
            46.543886
          ],
          [
            17.211002,
            46.542729
          ],
          [
            17.21036,
            46.541455
          ],
          [
            17.20981,
            46.540305
          ],
          [
            17.208773,
            46.538036
          ],
          [
            17.20762,
            46.535459
          ],
          [
            17.20671,
            46.533347
          ],
          [
            17.206389,
            46.532633
          ],
          [
            17.20564,
            46.530894
          ],
          [
            17.20266,
            46.524151
          ],
          [
            17.201805,
            46.522384
          ],
          [
            17.201035,
            46.520962
          ],
          [
            17.200564,
            46.520199
          ],
          [
            17.200081,
            46.519477
          ],
          [
            17.199363,
            46.51847
          ],
          [
            17.198832,
            46.517801
          ],
          [
            17.198483,
            46.517392
          ],
          [
            17.197601,
            46.516432
          ],
          [
            17.196681,
            46.515537
          ],
          [
            17.196302,
            46.515188
          ],
          [
            17.195482,
            46.514481
          ],
          [
            17.19471,
            46.513874
          ],
          [
            17.193742,
            46.513164
          ],
          [
            17.192346,
            46.512249
          ],
          [
            17.191289,
            46.511611
          ],
          [
            17.190348,
            46.511102
          ],
          [
            17.189116,
            46.51048
          ],
          [
            17.188464,
            46.510176
          ],
          [
            17.187584,
            46.509793
          ],
          [
            17.186508,
            46.509358
          ],
          [
            17.185593,
            46.509013
          ],
          [
            17.184114,
            46.508518
          ],
          [
            17.182596,
            46.508067
          ],
          [
            17.18178,
            46.507855
          ],
          [
            17.180564,
            46.507567
          ],
          [
            17.179549,
            46.507351
          ],
          [
            17.178002,
            46.507076
          ],
          [
            17.176147,
            46.506815
          ],
          [
            17.174408,
            46.506639
          ],
          [
            17.172979,
            46.506535
          ],
          [
            17.172131,
            46.506491
          ],
          [
            17.171636,
            46.506471
          ],
          [
            17.171031,
            46.506448
          ],
          [
            17.163478,
            46.506353
          ],
          [
            17.161192,
            46.506274
          ],
          [
            17.160256,
            46.506226
          ],
          [
            17.159322,
            46.506159
          ],
          [
            17.157267,
            46.505981
          ],
          [
            17.156289,
            46.505875
          ],
          [
            17.155957,
            46.505835
          ],
          [
            17.154105,
            46.505592
          ],
          [
            17.151157,
            46.505097
          ],
          [
            17.148156,
            46.504453
          ],
          [
            17.147125,
            46.504198
          ],
          [
            17.14597,
            46.503888
          ],
          [
            17.144842,
            46.503565
          ],
          [
            17.143161,
            46.503049
          ],
          [
            17.141951,
            46.502645
          ],
          [
            17.140772,
            46.502227
          ],
          [
            17.13936,
            46.501682
          ],
          [
            17.13801,
            46.501129
          ],
          [
            17.136741,
            46.500572
          ],
          [
            17.135514,
            46.499996
          ],
          [
            17.133828,
            46.499142
          ],
          [
            17.13297,
            46.49868
          ],
          [
            17.132142,
            46.498214
          ],
          [
            17.131091,
            46.497593
          ],
          [
            17.129066,
            46.496331
          ],
          [
            17.12588,
            46.494283
          ],
          [
            17.1243,
            46.493331
          ],
          [
            17.123379,
            46.492806
          ],
          [
            17.12288,
            46.492533
          ],
          [
            17.121643,
            46.491919
          ],
          [
            17.12,
            46.491186
          ],
          [
            17.119366,
            46.490928
          ],
          [
            17.11835,
            46.490546
          ],
          [
            17.117247,
            46.490159
          ],
          [
            17.116361,
            46.489873
          ],
          [
            17.115374,
            46.489583
          ],
          [
            17.113342,
            46.48906
          ],
          [
            17.112085,
            46.488765
          ],
          [
            17.109346,
            46.488189
          ],
          [
            17.108917,
            46.488102
          ],
          [
            17.103716,
            46.487031
          ],
          [
            17.101344,
            46.486521
          ],
          [
            17.099251,
            46.486035
          ],
          [
            17.097467,
            46.485595
          ],
          [
            17.095779,
            46.485158
          ],
          [
            17.093611,
            46.484562
          ],
          [
            17.09086,
            46.483748
          ],
          [
            17.089105,
            46.483191
          ],
          [
            17.088195,
            46.482898
          ],
          [
            17.081297,
            46.48056
          ],
          [
            17.079835,
            46.480082
          ],
          [
            17.077473,
            46.479368
          ],
          [
            17.076172,
            46.479014
          ],
          [
            17.07558,
            46.478858
          ],
          [
            17.074538,
            46.478612
          ],
          [
            17.073447,
            46.478375
          ],
          [
            17.071838,
            46.478068
          ],
          [
            17.070234,
            46.477811
          ],
          [
            17.069251,
            46.477675
          ],
          [
            17.067314,
            46.477461
          ],
          [
            17.065623,
            46.477325
          ],
          [
            17.063858,
            46.477233
          ],
          [
            17.062819,
            46.4772
          ],
          [
            17.060748,
            46.477168
          ],
          [
            17.058386,
            46.477171
          ],
          [
            17.057246,
            46.477188
          ],
          [
            17.051312,
            46.477344
          ],
          [
            17.050747,
            46.477354
          ],
          [
            17.048229,
            46.477424
          ],
          [
            17.044196,
            46.4775
          ],
          [
            17.041595,
            46.477501
          ],
          [
            17.039478,
            46.477462
          ],
          [
            17.037103,
            46.477371
          ],
          [
            17.035278,
            46.477264
          ],
          [
            17.033437,
            46.477134
          ],
          [
            17.032496,
            46.477064
          ],
          [
            17.026459,
            46.476519
          ],
          [
            17.026088,
            46.476484
          ],
          [
            17.022199,
            46.476136
          ],
          [
            17.020883,
            46.476034
          ],
          [
            17.019414,
            46.475953
          ],
          [
            17.017535,
            46.47589
          ],
          [
            17.015721,
            46.475896
          ],
          [
            17.014944,
            46.47593
          ],
          [
            17.014478,
            46.475951
          ],
          [
            17.01359,
            46.476007
          ],
          [
            17.012097,
            46.476158
          ],
          [
            17.010729,
            46.476349
          ],
          [
            17.009308,
            46.476591
          ],
          [
            17.008548,
            46.476731
          ],
          [
            17.007223,
            46.477007
          ],
          [
            17.00588,
            46.477305
          ],
          [
            17.003202,
            46.477934
          ],
          [
            17.00186,
            46.478221
          ],
          [
            17.000498,
            46.478468
          ],
          [
            16.999429,
            46.478623
          ],
          [
            16.998882,
            46.478693
          ],
          [
            16.997625,
            46.478814
          ],
          [
            16.996434,
            46.478892
          ],
          [
            16.99497,
            46.478938
          ],
          [
            16.993239,
            46.478913
          ],
          [
            16.991656,
            46.478829
          ],
          [
            16.990521,
            46.478724
          ],
          [
            16.989844,
            46.478654
          ],
          [
            16.985082,
            46.478077
          ],
          [
            16.98443,
            46.478003
          ],
          [
            16.98296,
            46.47785
          ],
          [
            16.981922,
            46.477767
          ],
          [
            16.980004,
            46.477635
          ],
          [
            16.979176,
            46.477595
          ],
          [
            16.977541,
            46.477541
          ],
          [
            16.974314,
            46.477514
          ],
          [
            16.969146,
            46.47754
          ],
          [
            16.967578,
            46.477519
          ],
          [
            16.965756,
            46.477446
          ],
          [
            16.964622,
            46.477372
          ],
          [
            16.963477,
            46.477264
          ],
          [
            16.962152,
            46.477105
          ],
          [
            16.96104,
            46.476946
          ],
          [
            16.959725,
            46.476728
          ],
          [
            16.952116,
            46.475309
          ],
          [
            16.950782,
            46.47508
          ],
          [
            16.948691,
            46.474773
          ],
          [
            16.947385,
            46.474624
          ],
          [
            16.945489,
            46.474469
          ],
          [
            16.943426,
            46.474388
          ],
          [
            16.941907,
            46.474387
          ],
          [
            16.94047,
            46.474431
          ],
          [
            16.939,
            46.474527
          ],
          [
            16.937547,
            46.474661
          ],
          [
            16.936109,
            46.474843
          ],
          [
            16.93528,
            46.47497
          ],
          [
            16.933923,
            46.475212
          ],
          [
            16.933148,
            46.475369
          ],
          [
            16.932467,
            46.475516
          ],
          [
            16.931137,
            46.475843
          ],
          [
            16.928798,
            46.476493
          ],
          [
            16.927819,
            46.476787
          ],
          [
            16.924673,
            46.477789
          ],
          [
            16.923317,
            46.478176
          ],
          [
            16.921827,
            46.478528
          ],
          [
            16.921055,
            46.478676
          ],
          [
            16.920013,
            46.478837
          ],
          [
            16.918735,
            46.47898
          ],
          [
            16.918265,
            46.479018
          ],
          [
            16.917249,
            46.479071
          ],
          [
            16.915926,
            46.479092
          ],
          [
            16.915181,
            46.479069
          ],
          [
            16.914191,
            46.479017
          ],
          [
            16.913063,
            46.47891
          ],
          [
            16.911964,
            46.478766
          ],
          [
            16.910623,
            46.47853
          ],
          [
            16.909776,
            46.478334
          ],
          [
            16.908947,
            46.478118
          ],
          [
            16.907728,
            46.47775
          ],
          [
            16.906685,
            46.477375
          ],
          [
            16.905641,
            46.476943
          ],
          [
            16.904766,
            46.47653
          ],
          [
            16.904165,
            46.476226
          ],
          [
            16.903763,
            46.475996
          ],
          [
            16.902485,
            46.475204
          ],
          [
            16.901759,
            46.474682
          ],
          [
            16.901021,
            46.474093
          ],
          [
            16.900238,
            46.473389
          ],
          [
            16.899481,
            46.472637
          ],
          [
            16.898793,
            46.471893
          ],
          [
            16.897813,
            46.470756
          ],
          [
            16.891211,
            46.462814
          ],
          [
            16.890747,
            46.46225
          ],
          [
            16.889434,
            46.460681
          ],
          [
            16.888229,
            46.459262
          ],
          [
            16.887643,
            46.458607
          ],
          [
            16.886829,
            46.457739
          ],
          [
            16.886063,
            46.456982
          ],
          [
            16.884854,
            46.455903
          ],
          [
            16.884399,
            46.455537
          ],
          [
            16.883552,
            46.45491
          ],
          [
            16.883034,
            46.454545
          ],
          [
            16.882131,
            46.453963
          ],
          [
            16.881541,
            46.453611
          ],
          [
            16.880593,
            46.453094
          ],
          [
            16.880092,
            46.452838
          ],
          [
            16.878906,
            46.452275
          ],
          [
            16.878372,
            46.452048
          ],
          [
            16.877099,
            46.45155
          ],
          [
            16.876384,
            46.4513
          ],
          [
            16.874911,
            46.450837
          ],
          [
            16.874176,
            46.450633
          ],
          [
            16.872699,
            46.45028
          ],
          [
            16.87138,
            46.450021
          ],
          [
            16.870698,
            46.449906
          ],
          [
            16.869902,
            46.449792
          ],
          [
            16.86901,
            46.449684
          ],
          [
            16.86791,
            46.449578
          ],
          [
            16.867527,
            46.44955
          ],
          [
            16.866776,
            46.449501
          ],
          [
            16.865018,
            46.449421
          ],
          [
            16.863823,
            46.449396
          ],
          [
            16.861997,
            46.449393
          ],
          [
            16.859485,
            46.449414
          ],
          [
            16.85868,
            46.449416
          ],
          [
            16.849637,
            46.449483
          ],
          [
            16.847572,
            46.449485
          ],
          [
            16.846153,
            46.449463
          ],
          [
            16.845446,
            46.449456
          ],
          [
            16.843756,
            46.449405
          ],
          [
            16.841081,
            46.449273
          ],
          [
            16.839365,
            46.449149
          ],
          [
            16.838385,
            46.449063
          ],
          [
            16.837186,
            46.448944
          ],
          [
            16.836035,
            46.448809
          ],
          [
            16.835754,
            46.448779
          ],
          [
            16.83455,
            46.44863
          ],
          [
            16.833336,
            46.448455
          ],
          [
            16.83204,
            46.448253
          ],
          [
            16.830681,
            46.448019
          ],
          [
            16.829435,
            46.447785
          ],
          [
            16.828235,
            46.447541
          ],
          [
            16.825811,
            46.447002
          ],
          [
            16.824573,
            46.446703
          ],
          [
            16.823064,
            46.446302
          ],
          [
            16.821498,
            46.445855
          ],
          [
            16.819909,
            46.445371
          ],
          [
            16.818193,
            46.444813
          ],
          [
            16.816937,
            46.444365
          ],
          [
            16.815427,
            46.443795
          ],
          [
            16.814182,
            46.44331
          ],
          [
            16.813782,
            46.443148
          ],
          [
            16.81195,
            46.442367
          ],
          [
            16.810523,
            46.441716
          ],
          [
            16.808945,
            46.440963
          ],
          [
            16.806115,
            46.439531
          ],
          [
            16.790164,
            46.43111
          ],
          [
            16.776055,
            46.423632
          ],
          [
            16.773361,
            46.422218
          ],
          [
            16.771472,
            46.421254
          ],
          [
            16.771282,
            46.421161
          ],
          [
            16.770156,
            46.420606
          ],
          [
            16.76857,
            46.419868
          ],
          [
            16.767692,
            46.419482
          ],
          [
            16.765967,
            46.418784
          ],
          [
            16.764747,
            46.418333
          ],
          [
            16.763215,
            46.417834
          ],
          [
            16.76235,
            46.41758
          ],
          [
            16.760829,
            46.417185
          ],
          [
            16.759987,
            46.416987
          ],
          [
            16.758118,
            46.416617
          ],
          [
            16.757162,
            46.416454
          ],
          [
            16.755798,
            46.416252
          ],
          [
            16.753702,
            46.415987
          ],
          [
            16.752485,
            46.415851
          ],
          [
            16.747454,
            46.415429
          ],
          [
            16.746947,
            46.415395
          ],
          [
            16.738978,
            46.414789
          ],
          [
            16.735531,
            46.414514
          ],
          [
            16.73292,
            46.414407
          ],
          [
            16.731265,
            46.414389
          ],
          [
            16.730348,
            46.41441
          ],
          [
            16.729387,
            46.414455
          ],
          [
            16.727655,
            46.414615
          ],
          [
            16.726346,
            46.414794
          ],
          [
            16.725158,
            46.415008
          ],
          [
            16.724109,
            46.415231
          ],
          [
            16.723247,
            46.415442
          ],
          [
            16.722255,
            46.415729
          ],
          [
            16.721225,
            46.416056
          ],
          [
            16.720022,
            46.416502
          ],
          [
            16.719693,
            46.416636
          ],
          [
            16.71859,
            46.417115
          ],
          [
            16.717933,
            46.417428
          ],
          [
            16.716521,
            46.418183
          ],
          [
            16.715771,
            46.41863
          ],
          [
            16.714805,
            46.419285
          ],
          [
            16.713906,
            46.419979
          ],
          [
            16.713318,
            46.420468
          ],
          [
            16.712693,
            46.421047
          ],
          [
            16.711922,
            46.421823
          ],
          [
            16.711526,
            46.422256
          ],
          [
            16.710346,
            46.423648
          ],
          [
            16.708676,
            46.425786
          ],
          [
            16.706642,
            46.428393
          ],
          [
            16.704661,
            46.430957
          ],
          [
            16.703266,
            46.432692
          ],
          [
            16.702561,
            46.433556
          ],
          [
            16.701403,
            46.434857
          ],
          [
            16.701052,
            46.435236
          ],
          [
            16.700249,
            46.436039
          ],
          [
            16.699371,
            46.436859
          ],
          [
            16.698328,
            46.43777
          ],
          [
            16.697298,
            46.438596
          ],
          [
            16.696344,
            46.439325
          ],
          [
            16.695269,
            46.440088
          ],
          [
            16.694034,
            46.440905
          ],
          [
            16.69261,
            46.441797
          ],
          [
            16.691891,
            46.442205
          ],
          [
            16.690595,
            46.442893
          ],
          [
            16.689579,
            46.443411
          ],
          [
            16.685436,
            46.445416
          ],
          [
            16.685002,
            46.445637
          ],
          [
            16.68418,
            46.446097
          ],
          [
            16.682135,
            46.447411
          ],
          [
            16.673852,
            46.45286
          ],
          [
            16.671935,
            46.454138
          ],
          [
            16.671334,
            46.454572
          ],
          [
            16.670859,
            46.454955
          ],
          [
            16.670303,
            46.455449
          ],
          [
            16.669731,
            46.456037
          ],
          [
            16.669118,
            46.456791
          ],
          [
            16.668631,
            46.457464
          ],
          [
            16.667436,
            46.459203
          ],
          [
            16.66673,
            46.460066
          ],
          [
            16.666246,
            46.460557
          ],
          [
            16.665552,
            46.461176
          ],
          [
            16.66494,
            46.461648
          ],
          [
            16.664123,
            46.46219
          ],
          [
            16.663303,
            46.462676
          ],
          [
            16.66292,
            46.462885
          ],
          [
            16.659856,
            46.464539
          ],
          [
            16.659025,
            46.465012
          ],
          [
            16.658153,
            46.465542
          ],
          [
            16.657539,
            46.465929
          ],
          [
            16.656394,
            46.466704
          ],
          [
            16.655382,
            46.467439
          ],
          [
            16.654453,
            46.46817
          ],
          [
            16.653688,
            46.468817
          ],
          [
            16.652598,
            46.469813
          ],
          [
            16.652025,
            46.470376
          ],
          [
            16.651436,
            46.470991
          ],
          [
            16.650182,
            46.472394
          ],
          [
            16.647976,
            46.474992
          ],
          [
            16.64629,
            46.476982
          ],
          [
            16.645452,
            46.477968
          ],
          [
            16.643577,
            46.480169
          ],
          [
            16.638161,
            46.486572
          ],
          [
            16.637013,
            46.487856
          ],
          [
            16.636396,
            46.488509
          ],
          [
            16.635292,
            46.48962
          ],
          [
            16.634327,
            46.49053
          ],
          [
            16.633017,
            46.491668
          ],
          [
            16.632147,
            46.492379
          ],
          [
            16.631449,
            46.49292
          ],
          [
            16.630404,
            46.493693
          ],
          [
            16.628758,
            46.494824
          ],
          [
            16.627412,
            46.495676
          ],
          [
            16.625842,
            46.496602
          ],
          [
            16.623959,
            46.497616
          ],
          [
            16.622926,
            46.498132
          ],
          [
            16.621858,
            46.498641
          ],
          [
            16.620958,
            46.499048
          ],
          [
            16.619224,
            46.499782
          ],
          [
            16.617243,
            46.500548
          ],
          [
            16.615176,
            46.501264
          ],
          [
            16.613338,
            46.501836
          ],
          [
            16.611624,
            46.502311
          ],
          [
            16.610303,
            46.50266
          ],
          [
            16.609031,
            46.502964
          ],
          [
            16.607801,
            46.503225
          ],
          [
            16.606884,
            46.503411
          ],
          [
            16.605552,
            46.503653
          ],
          [
            16.603973,
            46.503917
          ],
          [
            16.602366,
            46.504158
          ],
          [
            16.590734,
            46.505755
          ],
          [
            16.576799,
            46.507637
          ],
          [
            16.576168,
            46.507721
          ],
          [
            16.572977,
            46.508143
          ],
          [
            16.572059,
            46.508269
          ],
          [
            16.569382,
            46.508633
          ],
          [
            16.566553,
            46.509021
          ],
          [
            16.562103,
            46.509619
          ],
          [
            16.558557,
            46.510102
          ],
          [
            16.553913,
            46.510763
          ],
          [
            16.551973,
            46.511091
          ],
          [
            16.550854,
            46.511299
          ],
          [
            16.549042,
            46.511695
          ],
          [
            16.547481,
            46.512062
          ],
          [
            16.54577,
            46.512509
          ],
          [
            16.544217,
            46.512956
          ],
          [
            16.542531,
            46.51348
          ],
          [
            16.540376,
            46.514199
          ],
          [
            16.536323,
            46.515651
          ],
          [
            16.534551,
            46.516285
          ],
          [
            16.52952,
            46.51812
          ],
          [
            16.526161,
            46.519346
          ],
          [
            16.524658,
            46.5199
          ],
          [
            16.523097,
            46.520473
          ],
          [
            16.521247,
            46.521145
          ],
          [
            16.516356,
            46.522929
          ],
          [
            16.514182,
            46.52369
          ],
          [
            16.511393,
            46.524581
          ],
          [
            16.507746,
            46.525625
          ],
          [
            16.50614,
            46.526018
          ],
          [
            16.503139,
            46.52666
          ],
          [
            16.500365,
            46.527216
          ],
          [
            16.497606,
            46.52779
          ],
          [
            16.4954,
            46.528299
          ],
          [
            16.493358,
            46.528809
          ],
          [
            16.491819,
            46.529232
          ],
          [
            16.490392,
            46.529671
          ],
          [
            16.488899,
            46.530096
          ],
          [
            16.484482,
            46.531453
          ],
          [
            16.483007,
            46.531862
          ],
          [
            16.481505,
            46.532251
          ],
          [
            16.47988,
            46.532625
          ],
          [
            16.479353,
            46.532739
          ],
          [
            16.477199,
            46.533155
          ],
          [
            16.475028,
            46.533525
          ],
          [
            16.472676,
            46.533821
          ],
          [
            16.471987,
            46.533897
          ],
          [
            16.469267,
            46.534121
          ],
          [
            16.466402,
            46.534237
          ],
          [
            16.463937,
            46.534244
          ],
          [
            16.462185,
            46.534202
          ],
          [
            16.460461,
            46.534121
          ],
          [
            16.458679,
            46.53399
          ],
          [
            16.454986,
            46.53368
          ],
          [
            16.454039,
            46.533625
          ],
          [
            16.453106,
            46.533605
          ],
          [
            16.452038,
            46.533642
          ],
          [
            16.451123,
            46.533717
          ],
          [
            16.450025,
            46.533873
          ],
          [
            16.449009,
            46.534088
          ],
          [
            16.448549,
            46.534211
          ],
          [
            16.447991,
            46.534372
          ],
          [
            16.446788,
            46.534794
          ],
          [
            16.445998,
            46.53514
          ],
          [
            16.445544,
            46.535382
          ],
          [
            16.44497,
            46.535707
          ],
          [
            16.444523,
            46.53599
          ],
          [
            16.444222,
            46.536197
          ],
          [
            16.443636,
            46.536643
          ],
          [
            16.443044,
            46.537172
          ],
          [
            16.442487,
            46.53776
          ],
          [
            16.442039,
            46.538337
          ],
          [
            16.441649,
            46.538942
          ],
          [
            16.441325,
            46.53957
          ],
          [
            16.441074,
            46.540231
          ],
          [
            16.440892,
            46.540919
          ],
          [
            16.440839,
            46.541241
          ],
          [
            16.440761,
            46.542204
          ],
          [
            16.440822,
            46.542929
          ],
          [
            16.440981,
            46.543655
          ],
          [
            16.441262,
            46.544417
          ],
          [
            16.441442,
            46.544836
          ],
          [
            16.441652,
            46.545231
          ],
          [
            16.44229,
            46.546279
          ],
          [
            16.443364,
            46.547923
          ],
          [
            16.443788,
            46.548647
          ],
          [
            16.444096,
            46.549313
          ],
          [
            16.444274,
            46.54979
          ],
          [
            16.444535,
            46.550738
          ],
          [
            16.444628,
            46.551287
          ],
          [
            16.444685,
            46.55188
          ],
          [
            16.444699,
            46.55245
          ],
          [
            16.444674,
            46.552939
          ],
          [
            16.444575,
            46.553634
          ],
          [
            16.444466,
            46.554167
          ],
          [
            16.444234,
            46.554944
          ],
          [
            16.443412,
            46.556815
          ],
          [
            16.443107,
            46.557613
          ],
          [
            16.442974,
            46.55824
          ],
          [
            16.442889,
            46.558895
          ],
          [
            16.442876,
            46.559365
          ],
          [
            16.442978,
            46.560314
          ],
          [
            16.443089,
            46.560853
          ],
          [
            16.443906,
            46.563943
          ],
          [
            16.44421,
            46.565294
          ],
          [
            16.444292,
            46.565674
          ],
          [
            16.444346,
            46.566072
          ],
          [
            16.444402,
            46.566983
          ],
          [
            16.444391,
            46.567621
          ],
          [
            16.444351,
            46.568175
          ],
          [
            16.444261,
            46.568767
          ],
          [
            16.444157,
            46.569239
          ],
          [
            16.443939,
            46.569938
          ],
          [
            16.443754,
            46.57043
          ],
          [
            16.443499,
            46.571027
          ],
          [
            16.443216,
            46.571611
          ],
          [
            16.442928,
            46.57211
          ],
          [
            16.442643,
            46.572561
          ],
          [
            16.442099,
            46.573334
          ],
          [
            16.440898,
            46.574958
          ],
          [
            16.439024,
            46.577345
          ],
          [
            16.437662,
            46.578998
          ],
          [
            16.436878,
            46.579894
          ],
          [
            16.435765,
            46.581091
          ],
          [
            16.434627,
            46.582264
          ],
          [
            16.433862,
            46.583009
          ],
          [
            16.432472,
            46.584285
          ],
          [
            16.430663,
            46.585846
          ],
          [
            16.429014,
            46.587146
          ],
          [
            16.428604,
            46.587437
          ],
          [
            16.428319,
            46.587644
          ],
          [
            16.42792,
            46.587959
          ],
          [
            16.426805,
            46.588755
          ],
          [
            16.426321,
            46.58907
          ],
          [
            16.425796,
            46.589437
          ],
          [
            16.423043,
            46.591181
          ],
          [
            16.421388,
            46.592144
          ],
          [
            16.419625,
            46.593125
          ],
          [
            16.419019,
            46.593446
          ],
          [
            16.417661,
            46.594136
          ],
          [
            16.416527,
            46.594685
          ],
          [
            16.414419,
            46.595652
          ],
          [
            16.413035,
            46.596255
          ],
          [
            16.410514,
            46.597268
          ],
          [
            16.408632,
            46.597947
          ],
          [
            16.407057,
            46.598444
          ],
          [
            16.405828,
            46.598783
          ],
          [
            16.404349,
            46.599131
          ],
          [
            16.402843,
            46.599407
          ],
          [
            16.401453,
            46.599617
          ],
          [
            16.400428,
            46.599736
          ],
          [
            16.399353,
            46.599827
          ],
          [
            16.398338,
            46.599892
          ],
          [
            16.397666,
            46.599925
          ],
          [
            16.396163,
            46.599951
          ],
          [
            16.395393,
            46.599942
          ],
          [
            16.394163,
            46.599896
          ],
          [
            16.392985,
            46.599815
          ],
          [
            16.391983,
            46.599722
          ],
          [
            16.390209,
            46.59948
          ],
          [
            16.389261,
            46.59932
          ],
          [
            16.387996,
            46.59908
          ],
          [
            16.387428,
            46.598973
          ],
          [
            16.383821,
            46.59828
          ],
          [
            16.38103,
            46.597772
          ],
          [
            16.378552,
            46.597378
          ],
          [
            16.377208,
            46.59722
          ],
          [
            16.374575,
            46.596959
          ],
          [
            16.373932,
            46.596903
          ],
          [
            16.372878,
            46.596846
          ],
          [
            16.371793,
            46.596791
          ],
          [
            16.369897,
            46.59673
          ],
          [
            16.368014,
            46.596728
          ],
          [
            16.366533,
            46.596756
          ],
          [
            16.3655,
            46.596793
          ],
          [
            16.36447,
            46.596834
          ],
          [
            16.362928,
            46.596933
          ],
          [
            16.361093,
            46.597087
          ],
          [
            16.359067,
            46.597313
          ],
          [
            16.357044,
            46.597603
          ],
          [
            16.354513,
            46.598045
          ],
          [
            16.354151,
            46.598116
          ],
          [
            16.352511,
            46.598468
          ],
          [
            16.350575,
            46.598915
          ],
          [
            16.349709,
            46.599132
          ],
          [
            16.346772,
            46.599917
          ],
          [
            16.339185,
            46.602129
          ],
          [
            16.333769,
            46.603783
          ],
          [
            16.331107,
            46.604651
          ],
          [
            16.328478,
            46.605566
          ],
          [
            16.327273,
            46.606005
          ],
          [
            16.326085,
            46.606454
          ],
          [
            16.323852,
            46.607329
          ],
          [
            16.322629,
            46.607828
          ],
          [
            16.320766,
            46.608628
          ],
          [
            16.318921,
            46.609459
          ],
          [
            16.315429,
            46.611129
          ],
          [
            16.313101,
            46.612325
          ],
          [
            16.310183,
            46.613933
          ],
          [
            16.307834,
            46.615319
          ],
          [
            16.306407,
            46.616202
          ],
          [
            16.30467,
            46.617306
          ],
          [
            16.302712,
            46.618602
          ],
          [
            16.301794,
            46.619234
          ],
          [
            16.300256,
            46.620306
          ],
          [
            16.293533,
            46.625047
          ],
          [
            16.291016,
            46.626754
          ],
          [
            16.289608,
            46.627678
          ],
          [
            16.287441,
            46.629024
          ],
          [
            16.285874,
            46.629933
          ],
          [
            16.284266,
            46.630812
          ],
          [
            16.282281,
            46.631827
          ],
          [
            16.280262,
            46.632773
          ],
          [
            16.278231,
            46.633656
          ],
          [
            16.276879,
            46.634198
          ],
          [
            16.275507,
            46.634713
          ],
          [
            16.273123,
            46.635576
          ],
          [
            16.27142,
            46.636126
          ],
          [
            16.269498,
            46.636699
          ],
          [
            16.266831,
            46.63741
          ],
          [
            16.265734,
            46.637676
          ],
          [
            16.264651,
            46.637939
          ],
          [
            16.263551,
            46.638169
          ],
          [
            16.26214,
            46.638469
          ],
          [
            16.260845,
            46.638704
          ],
          [
            16.259528,
            46.638928
          ],
          [
            16.25845,
            46.639091
          ],
          [
            16.257908,
            46.639179
          ],
          [
            16.255807,
            46.639456
          ],
          [
            16.253173,
            46.63974
          ],
          [
            16.252003,
            46.63984
          ],
          [
            16.249924,
            46.639981
          ],
          [
            16.247567,
            46.640087
          ],
          [
            16.245649,
            46.640134
          ],
          [
            16.243783,
            46.640136
          ],
          [
            16.242773,
            46.640126
          ],
          [
            16.241138,
            46.640083
          ],
          [
            16.239437,
            46.640006
          ],
          [
            16.237766,
            46.639899
          ],
          [
            16.23619,
            46.639778
          ],
          [
            16.235076,
            46.639669
          ],
          [
            16.233954,
            46.639556
          ],
          [
            16.232044,
            46.639321
          ],
          [
            16.22961,
            46.638976
          ],
          [
            16.226984,
            46.638545
          ],
          [
            16.22511,
            46.638211
          ],
          [
            16.221231,
            46.637452
          ],
          [
            16.214382,
            46.636013
          ],
          [
            16.212002,
            46.635526
          ],
          [
            16.20971,
            46.63513
          ],
          [
            16.208961,
            46.634991
          ],
          [
            16.207985,
            46.634845
          ],
          [
            16.206069,
            46.634599
          ],
          [
            16.205448,
            46.634526
          ],
          [
            16.203833,
            46.634373
          ],
          [
            16.202224,
            46.634249
          ],
          [
            16.201559,
            46.634217
          ],
          [
            16.200868,
            46.634181
          ],
          [
            16.198637,
            46.634104
          ],
          [
            16.197243,
            46.634108
          ],
          [
            16.194242,
            46.63417
          ],
          [
            16.19286,
            46.634242
          ],
          [
            16.190547,
            46.634416
          ],
          [
            16.188028,
            46.634653
          ],
          [
            16.182575,
            46.635204
          ],
          [
            16.179034,
            46.635479
          ],
          [
            16.177515,
            46.635558
          ],
          [
            16.175617,
            46.635623
          ],
          [
            16.174237,
            46.635647
          ],
          [
            16.172252,
            46.635644
          ],
          [
            16.169839,
            46.635591
          ],
          [
            16.167849,
            46.635506
          ],
          [
            16.166612,
            46.635428
          ],
          [
            16.165321,
            46.635333
          ],
          [
            16.164014,
            46.635213
          ],
          [
            16.161723,
            46.634969
          ],
          [
            16.159045,
            46.634586
          ],
          [
            16.158546,
            46.634505
          ],
          [
            16.157081,
            46.634262
          ],
          [
            16.156919,
            46.634233
          ],
          [
            16.155279,
            46.633926
          ],
          [
            16.1547,
            46.633803
          ],
          [
            16.154381,
            46.633732
          ],
          [
            16.153835,
            46.633613
          ],
          [
            16.15298,
            46.633398
          ],
          [
            16.152384,
            46.633244
          ],
          [
            16.151294,
            46.632934
          ],
          [
            16.149877,
            46.632491
          ],
          [
            16.148219,
            46.631887
          ],
          [
            16.14655,
            46.631205
          ],
          [
            16.145303,
            46.630639
          ],
          [
            16.143817,
            46.629886
          ],
          [
            16.142673,
            46.629246
          ],
          [
            16.141444,
            46.628498
          ],
          [
            16.140018,
            46.627528
          ],
          [
            16.138957,
            46.626727
          ],
          [
            16.138053,
            46.625982
          ],
          [
            16.136903,
            46.624946
          ],
          [
            16.136326,
            46.624379
          ],
          [
            16.135817,
            46.62384
          ],
          [
            16.134984,
            46.622883
          ],
          [
            16.13401,
            46.62163
          ],
          [
            16.133625,
            46.621079
          ],
          [
            16.132982,
            46.620075
          ],
          [
            16.132476,
            46.619158
          ],
          [
            16.132029,
            46.618261
          ],
          [
            16.131874,
            46.617906
          ],
          [
            16.131626,
            46.617317
          ],
          [
            16.131377,
            46.616653
          ],
          [
            16.130973,
            46.615361
          ],
          [
            16.130801,
            46.614662
          ],
          [
            16.130631,
            46.613848
          ],
          [
            16.130014,
            46.610632
          ],
          [
            16.129827,
            46.60993
          ],
          [
            16.129265,
            46.608281
          ],
          [
            16.128815,
            46.607275
          ],
          [
            16.128309,
            46.606287
          ],
          [
            16.127935,
            46.605641
          ],
          [
            16.127519,
            46.605001
          ],
          [
            16.126767,
            46.603971
          ],
          [
            16.125951,
            46.602957
          ],
          [
            16.125134,
            46.60208
          ],
          [
            16.124437,
            46.601402
          ],
          [
            16.123214,
            46.600304
          ],
          [
            16.122204,
            46.599508
          ],
          [
            16.121598,
            46.599064
          ],
          [
            16.120973,
            46.598626
          ],
          [
            16.119655,
            46.597798
          ],
          [
            16.118837,
            46.597318
          ],
          [
            16.117752,
            46.596745
          ],
          [
            16.116663,
            46.59621
          ],
          [
            16.115904,
            46.595864
          ],
          [
            16.11447,
            46.595272
          ],
          [
            16.113606,
            46.594953
          ],
          [
            16.113031,
            46.594748
          ],
          [
            16.111433,
            46.594228
          ],
          [
            16.109196,
            46.593538
          ],
          [
            16.106397,
            46.592659
          ],
          [
            16.105868,
            46.592485
          ],
          [
            16.104508,
            46.591996
          ],
          [
            16.103907,
            46.591773
          ],
          [
            16.103261,
            46.591522
          ],
          [
            16.101544,
            46.590815
          ],
          [
            16.099997,
            46.590099
          ],
          [
            16.098634,
            46.589426
          ],
          [
            16.097109,
            46.5886
          ],
          [
            16.096341,
            46.588156
          ],
          [
            16.095494,
            46.587641
          ],
          [
            16.093952,
            46.586644
          ],
          [
            16.092626,
            46.585697
          ],
          [
            16.091581,
            46.584883
          ],
          [
            16.090045,
            46.58362
          ],
          [
            16.088155,
            46.581958
          ],
          [
            16.087121,
            46.581112
          ],
          [
            16.086636,
            46.580765
          ],
          [
            16.08596,
            46.580346
          ],
          [
            16.085426,
            46.580054
          ],
          [
            16.084674,
            46.579705
          ],
          [
            16.084278,
            46.57954
          ],
          [
            16.083888,
            46.5794
          ],
          [
            16.08345,
            46.579248
          ],
          [
            16.082817,
            46.579059
          ],
          [
            16.082002,
            46.57886
          ],
          [
            16.081544,
            46.578766
          ],
          [
            16.081077,
            46.578685
          ],
          [
            16.080189,
            46.578571
          ],
          [
            16.079083,
            46.578496
          ],
          [
            16.078603,
            46.578486
          ],
          [
            16.077909,
            46.578498
          ],
          [
            16.07723,
            46.578535
          ],
          [
            16.076571,
            46.578598
          ],
          [
            16.075881,
            46.57868
          ],
          [
            16.074732,
            46.578844
          ],
          [
            16.073192,
            46.579049
          ],
          [
            16.071735,
            46.579213
          ],
          [
            16.070947,
            46.579276
          ],
          [
            16.070073,
            46.579313
          ],
          [
            16.069284,
            46.579314
          ],
          [
            16.068156,
            46.579279
          ],
          [
            16.067512,
            46.579221
          ],
          [
            16.066599,
            46.579104
          ],
          [
            16.065722,
            46.578952
          ],
          [
            16.064842,
            46.578752
          ],
          [
            16.063451,
            46.578341
          ],
          [
            16.061949,
            46.577799
          ],
          [
            16.060538,
            46.577233
          ],
          [
            16.059063,
            46.57664
          ],
          [
            16.058308,
            46.576363
          ],
          [
            16.057489,
            46.576103
          ],
          [
            16.056852,
            46.575929
          ],
          [
            16.055707,
            46.575707
          ],
          [
            16.055097,
            46.575622
          ],
          [
            16.053675,
            46.575512
          ],
          [
            16.052883,
            46.575507
          ],
          [
            16.052115,
            46.575532
          ],
          [
            16.051144,
            46.575612
          ],
          [
            16.050681,
            46.575674
          ],
          [
            16.049404,
            46.575904
          ],
          [
            16.048243,
            46.576235
          ],
          [
            16.047631,
            46.576434
          ],
          [
            16.046302,
            46.577002
          ],
          [
            16.04593,
            46.577199
          ],
          [
            16.04554,
            46.577415
          ],
          [
            16.045193,
            46.577631
          ],
          [
            16.04472,
            46.577934
          ],
          [
            16.044419,
            46.578147
          ],
          [
            16.043496,
            46.578866
          ],
          [
            16.042748,
            46.579544
          ],
          [
            16.042349,
            46.579918
          ],
          [
            16.041073,
            46.581192
          ],
          [
            16.039348,
            46.582849
          ],
          [
            16.038195,
            46.583849
          ],
          [
            16.037474,
            46.58441
          ],
          [
            16.036305,
            46.585213
          ],
          [
            16.035133,
            46.585891
          ],
          [
            16.034564,
            46.586177
          ],
          [
            16.033268,
            46.586778
          ],
          [
            16.032033,
            46.587246
          ],
          [
            16.031342,
            46.587486
          ],
          [
            16.030487,
            46.587746
          ],
          [
            16.029585,
            46.587977
          ],
          [
            16.028691,
            46.588182
          ],
          [
            16.027803,
            46.58835
          ],
          [
            16.026647,
            46.588517
          ],
          [
            16.025486,
            46.58864
          ],
          [
            16.024142,
            46.588733
          ],
          [
            16.023219,
            46.588753
          ],
          [
            16.022196,
            46.588728
          ],
          [
            16.021336,
            46.588687
          ],
          [
            16.020729,
            46.588648
          ],
          [
            16.02007,
            46.588585
          ],
          [
            16.019095,
            46.58847
          ],
          [
            16.018465,
            46.588371
          ],
          [
            16.017055,
            46.588097
          ],
          [
            16.015635,
            46.587746
          ],
          [
            16.014335,
            46.587338
          ],
          [
            16.013719,
            46.587117
          ],
          [
            16.01285,
            46.586776
          ],
          [
            16.011558,
            46.586202
          ],
          [
            16.010175,
            46.585554
          ],
          [
            16.00578,
            46.58336
          ],
          [
            16.003348,
            46.582302
          ],
          [
            16.002151,
            46.581867
          ],
          [
            16.001741,
            46.581735
          ],
          [
            16.000766,
            46.581424
          ],
          [
            15.99978,
            46.581175
          ],
          [
            15.998748,
            46.580941
          ],
          [
            15.997559,
            46.580722
          ],
          [
            15.996559,
            46.580581
          ],
          [
            15.99538,
            46.580456
          ],
          [
            15.99444,
            46.580388
          ],
          [
            15.993664,
            46.580358
          ],
          [
            15.992997,
            46.580347
          ],
          [
            15.99212,
            46.580355
          ],
          [
            15.991223,
            46.58039
          ],
          [
            15.98974,
            46.580508
          ],
          [
            15.98933,
            46.580562
          ],
          [
            15.988877,
            46.580621
          ],
          [
            15.987293,
            46.580863
          ],
          [
            15.985627,
            46.581194
          ],
          [
            15.983865,
            46.581625
          ],
          [
            15.978967,
            46.582984
          ],
          [
            15.977891,
            46.583259
          ],
          [
            15.977167,
            46.583384
          ],
          [
            15.976449,
            46.583481
          ],
          [
            15.975778,
            46.583545
          ],
          [
            15.975074,
            46.583563
          ],
          [
            15.974457,
            46.583557
          ],
          [
            15.973845,
            46.58352
          ],
          [
            15.972674,
            46.583375
          ],
          [
            15.97182,
            46.58322
          ],
          [
            15.970882,
            46.582965
          ],
          [
            15.970242,
            46.582744
          ],
          [
            15.96912,
            46.582272
          ],
          [
            15.967455,
            46.581441
          ],
          [
            15.966905,
            46.581182
          ],
          [
            15.965867,
            46.580768
          ],
          [
            15.965113,
            46.58054
          ],
          [
            15.964448,
            46.580376
          ],
          [
            15.963626,
            46.580235
          ],
          [
            15.963025,
            46.580161
          ],
          [
            15.962408,
            46.580114
          ],
          [
            15.961799,
            46.580087
          ],
          [
            15.9611,
            46.580092
          ],
          [
            15.96065,
            46.580112
          ],
          [
            15.959611,
            46.580218
          ],
          [
            15.959043,
            46.580309
          ],
          [
            15.956379,
            46.580812
          ],
          [
            15.95524,
            46.581004
          ],
          [
            15.954497,
            46.581108
          ],
          [
            15.953779,
            46.581172
          ],
          [
            15.952809,
            46.581223
          ],
          [
            15.952102,
            46.581235
          ],
          [
            15.95119,
            46.581198
          ],
          [
            15.950449,
            46.581147
          ],
          [
            15.949494,
            46.581022
          ],
          [
            15.948432,
            46.580834
          ],
          [
            15.947899,
            46.580713
          ],
          [
            15.946872,
            46.580464
          ],
          [
            15.945616,
            46.580115
          ],
          [
            15.944035,
            46.579625
          ],
          [
            15.942978,
            46.579258
          ],
          [
            15.941887,
            46.578839
          ],
          [
            15.940908,
            46.578426
          ],
          [
            15.939945,
            46.577992
          ],
          [
            15.938338,
            46.577192
          ],
          [
            15.937678,
            46.576823
          ],
          [
            15.936771,
            46.576281
          ],
          [
            15.935605,
            46.575549
          ],
          [
            15.934336,
            46.574646
          ],
          [
            15.933411,
            46.573926
          ],
          [
            15.932403,
            46.573055
          ],
          [
            15.931577,
            46.572284
          ],
          [
            15.931027,
            46.571729
          ],
          [
            15.930512,
            46.571146
          ],
          [
            15.930208,
            46.570758
          ],
          [
            15.929912,
            46.570307
          ],
          [
            15.929595,
            46.569688
          ],
          [
            15.929359,
            46.56906
          ],
          [
            15.928974,
            46.567829
          ],
          [
            15.9288,
            46.567342
          ],
          [
            15.928646,
            46.566986
          ],
          [
            15.928309,
            46.566379
          ],
          [
            15.928044,
            46.565998
          ],
          [
            15.927536,
            46.565399
          ],
          [
            15.927029,
            46.564917
          ],
          [
            15.926543,
            46.564528
          ],
          [
            15.92603,
            46.564172
          ],
          [
            15.92566,
            46.563939
          ],
          [
            15.923046,
            46.562414
          ],
          [
            15.921924,
            46.561759
          ],
          [
            15.921282,
            46.561349
          ],
          [
            15.920573,
            46.560846
          ],
          [
            15.920264,
            46.560602
          ],
          [
            15.919424,
            46.559875
          ],
          [
            15.918178,
            46.558706
          ],
          [
            15.917709,
            46.558324
          ],
          [
            15.917232,
            46.557973
          ],
          [
            15.916672,
            46.557605
          ],
          [
            15.915993,
            46.557216
          ],
          [
            15.915275,
            46.556858
          ],
          [
            15.914548,
            46.556544
          ],
          [
            15.913702,
            46.556229
          ],
          [
            15.912632,
            46.555877
          ],
          [
            15.912041,
            46.555706
          ],
          [
            15.910886,
            46.555414
          ],
          [
            15.910097,
            46.55525
          ],
          [
            15.909281,
            46.555101
          ],
          [
            15.908585,
            46.554996
          ],
          [
            15.907384,
            46.554851
          ],
          [
            15.905987,
            46.55475
          ],
          [
            15.905426,
            46.554727
          ],
          [
            15.905034,
            46.554717
          ],
          [
            15.903148,
            46.554748
          ],
          [
            15.90221,
            46.554812
          ],
          [
            15.901518,
            46.554875
          ],
          [
            15.900839,
            46.554956
          ],
          [
            15.899672,
            46.555132
          ],
          [
            15.89852,
            46.555356
          ],
          [
            15.897092,
            46.555707
          ],
          [
            15.895983,
            46.556031
          ],
          [
            15.890826,
            46.557705
          ],
          [
            15.8887,
            46.558334
          ],
          [
            15.887375,
            46.558694
          ],
          [
            15.885752,
            46.559092
          ],
          [
            15.884182,
            46.559431
          ],
          [
            15.882658,
            46.559723
          ],
          [
            15.880778,
            46.560048
          ],
          [
            15.879846,
            46.56019
          ],
          [
            15.878909,
            46.560316
          ],
          [
            15.876253,
            46.56057
          ],
          [
            15.874298,
            46.560705
          ],
          [
            15.873409,
            46.560757
          ],
          [
            15.872739,
            46.560778
          ],
          [
            15.871345,
            46.560816
          ],
          [
            15.870377,
            46.560828
          ],
          [
            15.868198,
            46.560801
          ],
          [
            15.867487,
            46.560769
          ],
          [
            15.865228,
            46.560651
          ],
          [
            15.862582,
            46.560444
          ],
          [
            15.862117,
            46.560401
          ],
          [
            15.854319,
            46.559612
          ],
          [
            15.852575,
            46.559465
          ],
          [
            15.850873,
            46.559347
          ],
          [
            15.849463,
            46.559277
          ],
          [
            15.847467,
            46.559233
          ],
          [
            15.845549,
            46.559263
          ],
          [
            15.844624,
            46.559307
          ],
          [
            15.84345,
            46.559389
          ],
          [
            15.842503,
            46.559485
          ],
          [
            15.841354,
            46.559632
          ],
          [
            15.840743,
            46.559725
          ],
          [
            15.839456,
            46.559961
          ],
          [
            15.838826,
            46.560096
          ],
          [
            15.837485,
            46.560413
          ],
          [
            15.836414,
            46.560713
          ],
          [
            15.835312,
            46.561063
          ],
          [
            15.834065,
            46.561511
          ],
          [
            15.833462,
            46.561749
          ],
          [
            15.832456,
            46.56218
          ],
          [
            15.831491,
            46.562623
          ],
          [
            15.830485,
            46.563143
          ],
          [
            15.828975,
            46.564002
          ],
          [
            15.828556,
            46.564269
          ],
          [
            15.826834,
            46.565393
          ],
          [
            15.825142,
            46.566604
          ],
          [
            15.823513,
            46.567809
          ],
          [
            15.822163,
            46.568867
          ],
          [
            15.819652,
            46.570806
          ],
          [
            15.817534,
            46.572293
          ],
          [
            15.815593,
            46.57354
          ],
          [
            15.815062,
            46.573847
          ],
          [
            15.813506,
            46.574681
          ],
          [
            15.813122,
            46.574875
          ],
          [
            15.811298,
            46.575667
          ],
          [
            15.810136,
            46.576096
          ],
          [
            15.808907,
            46.576485
          ],
          [
            15.807603,
            46.57682
          ],
          [
            15.807181,
            46.576922
          ],
          [
            15.806289,
            46.577101
          ],
          [
            15.804932,
            46.577321
          ],
          [
            15.804054,
            46.577427
          ],
          [
            15.803327,
            46.577497
          ],
          [
            15.80258,
            46.577548
          ],
          [
            15.801667,
            46.577587
          ],
          [
            15.800278,
            46.577594
          ],
          [
            15.79956,
            46.577575
          ],
          [
            15.798802,
            46.57753
          ],
          [
            15.798118,
            46.577478
          ],
          [
            15.797066,
            46.577365
          ],
          [
            15.796171,
            46.577234
          ],
          [
            15.795672,
            46.577154
          ],
          [
            15.794482,
            46.576919
          ],
          [
            15.793747,
            46.57675
          ],
          [
            15.79295,
            46.576537
          ],
          [
            15.792092,
            46.576281
          ],
          [
            15.791518,
            46.576092
          ],
          [
            15.791294,
            46.576015
          ],
          [
            15.78995,
            46.575516
          ],
          [
            15.788464,
            46.574903
          ],
          [
            15.786251,
            46.573958
          ],
          [
            15.786162,
            46.57392
          ],
          [
            15.78411,
            46.573079
          ],
          [
            15.782521,
            46.572475
          ],
          [
            15.782269,
            46.572389
          ],
          [
            15.781435,
            46.572109
          ],
          [
            15.78014,
            46.571726
          ],
          [
            15.779519,
            46.571559
          ],
          [
            15.779021,
            46.571431
          ],
          [
            15.777402,
            46.57108
          ],
          [
            15.776481,
            46.570912
          ],
          [
            15.775834,
            46.57081
          ],
          [
            15.774698,
            46.570659
          ],
          [
            15.773928,
            46.570581
          ],
          [
            15.7725,
            46.57047
          ],
          [
            15.771814,
            46.570434
          ],
          [
            15.770287,
            46.570414
          ],
          [
            15.769817,
            46.570419
          ],
          [
            15.767932,
            46.570517
          ],
          [
            15.765144,
            46.57078
          ],
          [
            15.764016,
            46.570956
          ],
          [
            15.763243,
            46.571096
          ],
          [
            15.762491,
            46.571252
          ],
          [
            15.761792,
            46.571407
          ],
          [
            15.761213,
            46.571556
          ],
          [
            15.760063,
            46.57188
          ],
          [
            15.758099,
            46.572509
          ],
          [
            15.755255,
            46.573523
          ],
          [
            15.753835,
            46.574004
          ],
          [
            15.752682,
            46.574329
          ],
          [
            15.751508,
            46.5746
          ],
          [
            15.750679,
            46.574766
          ],
          [
            15.749479,
            46.574946
          ],
          [
            15.748187,
            46.575086
          ],
          [
            15.745169,
            46.575306
          ],
          [
            15.743979,
            46.575419
          ],
          [
            15.743033,
            46.575542
          ],
          [
            15.742323,
            46.575665
          ],
          [
            15.741409,
            46.575845
          ],
          [
            15.740739,
            46.576005
          ],
          [
            15.740344,
            46.576108
          ],
          [
            15.739337,
            46.576406
          ],
          [
            15.738323,
            46.576763
          ],
          [
            15.737204,
            46.577226
          ],
          [
            15.736692,
            46.577467
          ],
          [
            15.735673,
            46.578004
          ],
          [
            15.734689,
            46.578606
          ],
          [
            15.734053,
            46.579039
          ],
          [
            15.732489,
            46.580223
          ],
          [
            15.731616,
            46.580848
          ],
          [
            15.73065,
            46.581458
          ],
          [
            15.729932,
            46.581856
          ],
          [
            15.72919,
            46.582229
          ],
          [
            15.728469,
            46.582555
          ],
          [
            15.727696,
            46.582869
          ],
          [
            15.724528,
            46.584021
          ],
          [
            15.723995,
            46.584235
          ],
          [
            15.722762,
            46.584796
          ],
          [
            15.721662,
            46.585376
          ],
          [
            15.72108,
            46.585725
          ],
          [
            15.720278,
            46.586245
          ],
          [
            15.717547,
            46.58815
          ],
          [
            15.716509,
            46.588816
          ],
          [
            15.715812,
            46.589224
          ],
          [
            15.715097,
            46.589618
          ],
          [
            15.714002,
            46.590181
          ],
          [
            15.71324,
            46.590539
          ],
          [
            15.712056,
            46.591042
          ],
          [
            15.71087,
            46.591495
          ],
          [
            15.709614,
            46.591925
          ],
          [
            15.707948,
            46.592415
          ],
          [
            15.706682,
            46.592736
          ],
          [
            15.705807,
            46.592925
          ],
          [
            15.70494,
            46.593099
          ],
          [
            15.703712,
            46.593308
          ],
          [
            15.703224,
            46.593375
          ],
          [
            15.702303,
            46.59348
          ],
          [
            15.701406,
            46.593543
          ],
          [
            15.700636,
            46.593543
          ],
          [
            15.699741,
            46.593512
          ],
          [
            15.699196,
            46.593469
          ],
          [
            15.698032,
            46.593315
          ],
          [
            15.697034,
            46.593115
          ],
          [
            15.696237,
            46.592908
          ],
          [
            15.69556,
            46.592694
          ],
          [
            15.694861,
            46.592437
          ],
          [
            15.694327,
            46.592203
          ],
          [
            15.69372,
            46.591912
          ],
          [
            15.692788,
            46.591384
          ],
          [
            15.692285,
            46.591042
          ],
          [
            15.691683,
            46.590588
          ],
          [
            15.6902,
            46.58936
          ],
          [
            15.68955,
            46.588821
          ],
          [
            15.688599,
            46.587963
          ],
          [
            15.68841,
            46.587734
          ],
          [
            15.688095,
            46.587243
          ],
          [
            15.687951,
            46.586958
          ],
          [
            15.687808,
            46.586553
          ],
          [
            15.68773,
            46.586038
          ],
          [
            15.687709,
            46.585698
          ],
          [
            15.687726,
            46.585493
          ],
          [
            15.687838,
            46.584933
          ],
          [
            15.688068,
            46.584359
          ],
          [
            15.688814,
            46.582908
          ],
          [
            15.689076,
            46.582347
          ],
          [
            15.689257,
            46.581862
          ],
          [
            15.689397,
            46.581369
          ],
          [
            15.689504,
            46.580885
          ],
          [
            15.689572,
            46.580349
          ],
          [
            15.689691,
            46.580175
          ],
          [
            15.689716,
            46.57959
          ],
          [
            15.689713,
            46.578877
          ],
          [
            15.689671,
            46.578218
          ],
          [
            15.689619,
            46.577734
          ],
          [
            15.689485,
            46.577025
          ],
          [
            15.689335,
            46.576412
          ],
          [
            15.689177,
            46.575882
          ],
          [
            15.689026,
            46.575474
          ],
          [
            15.688895,
            46.575142
          ],
          [
            15.688272,
            46.573618
          ],
          [
            15.687471,
            46.571866
          ],
          [
            15.686868,
            46.57054
          ],
          [
            15.686569,
            46.569785
          ],
          [
            15.68608,
            46.568483
          ],
          [
            15.685887,
            46.567856
          ],
          [
            15.68576,
            46.567396
          ],
          [
            15.685658,
            46.566904
          ],
          [
            15.685494,
            46.565992
          ],
          [
            15.685462,
            46.565253
          ],
          [
            15.685517,
            46.564781
          ],
          [
            15.685523,
            46.564606
          ],
          [
            15.685568,
            46.564135
          ],
          [
            15.685689,
            46.563344
          ],
          [
            15.685798,
            46.562699
          ],
          [
            15.685965,
            46.562175
          ],
          [
            15.686697,
            46.560473
          ],
          [
            15.687208,
            46.559384
          ],
          [
            15.687425,
            46.558952
          ],
          [
            15.68748,
            46.558824
          ],
          [
            15.688253,
            46.557253
          ],
          [
            15.688361,
            46.557048
          ],
          [
            15.691581,
            46.550502
          ],
          [
            15.691801,
            46.550058
          ],
          [
            15.692024,
            46.549632
          ],
          [
            15.692528,
            46.548664
          ],
          [
            15.693011,
            46.547808
          ],
          [
            15.693226,
            46.547478
          ],
          [
            15.693596,
            46.546851
          ],
          [
            15.694314,
            46.545789
          ],
          [
            15.694802,
            46.545123
          ],
          [
            15.695473,
            46.544269
          ],
          [
            15.696577,
            46.542946
          ],
          [
            15.698092,
            46.541052
          ],
          [
            15.698704,
            46.540184
          ],
          [
            15.69897,
            46.539751
          ],
          [
            15.699302,
            46.539155
          ],
          [
            15.699542,
            46.538668
          ],
          [
            15.6998,
            46.53803
          ],
          [
            15.69998,
            46.537502
          ],
          [
            15.70015,
            46.53689
          ],
          [
            15.700312,
            46.536131
          ],
          [
            15.700388,
            46.535579
          ],
          [
            15.700432,
            46.534788
          ],
          [
            15.700424,
            46.534265
          ],
          [
            15.700375,
            46.533606
          ],
          [
            15.700242,
            46.532774
          ],
          [
            15.700035,
            46.531932
          ],
          [
            15.699876,
            46.531453
          ],
          [
            15.699488,
            46.530504
          ],
          [
            15.699033,
            46.529639
          ],
          [
            15.698542,
            46.528874
          ],
          [
            15.698262,
            46.528474
          ],
          [
            15.697959,
            46.528094
          ],
          [
            15.697708,
            46.527784
          ],
          [
            15.697179,
            46.527198
          ],
          [
            15.696637,
            46.526659
          ],
          [
            15.696032,
            46.526133
          ],
          [
            15.694778,
            46.525146
          ],
          [
            15.693403,
            46.524208
          ],
          [
            15.692586,
            46.523696
          ],
          [
            15.691898,
            46.523299
          ],
          [
            15.691324,
            46.522974
          ],
          [
            15.690617,
            46.522604
          ],
          [
            15.689634,
            46.522117
          ],
          [
            15.688404,
            46.521562
          ],
          [
            15.687394,
            46.521144
          ],
          [
            15.685847,
            46.520557
          ],
          [
            15.684023,
            46.519923
          ],
          [
            15.68372,
            46.519833
          ],
          [
            15.682232,
            46.51933
          ],
          [
            15.679528,
            46.518347
          ],
          [
            15.677437,
            46.517471
          ],
          [
            15.67664,
            46.517096
          ],
          [
            15.676042,
            46.516776
          ],
          [
            15.675292,
            46.516345
          ],
          [
            15.67431,
            46.515709
          ],
          [
            15.673358,
            46.515016
          ],
          [
            15.673003,
            46.514731
          ],
          [
            15.672235,
            46.514041
          ],
          [
            15.671519,
            46.513303
          ],
          [
            15.670945,
            46.512619
          ],
          [
            15.670354,
            46.511819
          ],
          [
            15.669764,
            46.510836
          ],
          [
            15.669516,
            46.510334
          ],
          [
            15.669273,
            46.509779
          ],
          [
            15.669193,
            46.509555
          ],
          [
            15.668951,
            46.508877
          ],
          [
            15.668709,
            46.507932
          ],
          [
            15.668628,
            46.507487
          ],
          [
            15.668559,
            46.506872
          ],
          [
            15.668501,
            46.505977
          ],
          [
            15.668529,
            46.505514
          ],
          [
            15.668632,
            46.504548
          ],
          [
            15.668744,
            46.503976
          ],
          [
            15.669067,
            46.502694
          ],
          [
            15.669284,
            46.50199
          ],
          [
            15.669818,
            46.500182
          ],
          [
            15.669987,
            46.499532
          ],
          [
            15.670168,
            46.498563
          ],
          [
            15.670258,
            46.497549
          ],
          [
            15.670248,
            46.496902
          ],
          [
            15.670216,
            46.496569
          ],
          [
            15.670113,
            46.495977
          ],
          [
            15.670041,
            46.49561
          ],
          [
            15.669891,
            46.495145
          ],
          [
            15.669716,
            46.4947
          ],
          [
            15.6695,
            46.49424
          ],
          [
            15.669271,
            46.493824
          ],
          [
            15.668842,
            46.493194
          ],
          [
            15.66858,
            46.49286
          ],
          [
            15.667901,
            46.492113
          ],
          [
            15.66733,
            46.49157
          ],
          [
            15.666189,
            46.490616
          ],
          [
            15.665135,
            46.48983
          ],
          [
            15.664424,
            46.489321
          ],
          [
            15.663392,
            46.48858
          ],
          [
            15.662461,
            46.487871
          ],
          [
            15.661297,
            46.486889
          ],
          [
            15.660885,
            46.486509
          ],
          [
            15.660353,
            46.485966
          ],
          [
            15.659987,
            46.485558
          ],
          [
            15.659642,
            46.485139
          ],
          [
            15.659318,
            46.484711
          ],
          [
            15.658921,
            46.484132
          ],
          [
            15.658646,
            46.483689
          ],
          [
            15.658363,
            46.483171
          ],
          [
            15.658325,
            46.483096
          ],
          [
            15.657913,
            46.482182
          ],
          [
            15.657692,
            46.481556
          ],
          [
            15.657516,
            46.480924
          ],
          [
            15.65741,
            46.480449
          ],
          [
            15.657289,
            46.47965
          ],
          [
            15.657235,
            46.478831
          ],
          [
            15.657259,
            46.477882
          ],
          [
            15.657388,
            46.476669
          ],
          [
            15.657536,
            46.475722
          ],
          [
            15.657733,
            46.474523
          ],
          [
            15.657902,
            46.473394
          ],
          [
            15.658011,
            46.472425
          ],
          [
            15.658082,
            46.471455
          ],
          [
            15.65811,
            46.470647
          ],
          [
            15.658115,
            46.469225
          ],
          [
            15.65795,
            46.467219
          ],
          [
            15.657875,
            46.466606
          ],
          [
            15.657781,
            46.465969
          ],
          [
            15.65755,
            46.464777
          ],
          [
            15.657269,
            46.4636
          ],
          [
            15.657104,
            46.463014
          ],
          [
            15.656761,
            46.461922
          ],
          [
            15.656489,
            46.461155
          ],
          [
            15.656208,
            46.460426
          ],
          [
            15.655669,
            46.45919
          ],
          [
            15.655388,
            46.458583
          ],
          [
            15.655072,
            46.457981
          ],
          [
            15.654513,
            46.456961
          ],
          [
            15.653918,
            46.455949
          ],
          [
            15.652783,
            46.454162
          ],
          [
            15.651072,
            46.451539
          ],
          [
            15.65018,
            46.450194
          ],
          [
            15.649093,
            46.448577
          ],
          [
            15.647918,
            46.44684
          ],
          [
            15.647448,
            46.446122
          ],
          [
            15.64379,
            46.44093
          ],
          [
            15.64295,
            46.439775
          ],
          [
            15.64081,
            46.436866
          ],
          [
            15.639458,
            46.435074
          ],
          [
            15.636946,
            46.431812
          ],
          [
            15.635682,
            46.430212
          ],
          [
            15.633423,
            46.427393
          ],
          [
            15.631722,
            46.425316
          ],
          [
            15.630836,
            46.424218
          ],
          [
            15.629786,
            46.422967
          ],
          [
            15.626416,
            46.419019
          ],
          [
            15.625555,
            46.418044
          ],
          [
            15.623254,
            46.415511
          ],
          [
            15.6229,
            46.41513
          ],
          [
            15.622037,
            46.414218
          ],
          [
            15.620424,
            46.412589
          ],
          [
            15.619407,
            46.411566
          ],
          [
            15.618452,
            46.410663
          ],
          [
            15.616539,
            46.408898
          ],
          [
            15.615505,
            46.407979
          ],
          [
            15.613457,
            46.406243
          ],
          [
            15.612146,
            46.405169
          ],
          [
            15.610161,
            46.403596
          ],
          [
            15.60711,
            46.40133
          ],
          [
            15.606076,
            46.400593
          ],
          [
            15.604001,
            46.399165
          ],
          [
            15.603093,
            46.398566
          ],
          [
            15.602661,
            46.398296
          ],
          [
            15.600837,
            46.397147
          ],
          [
            15.598309,
            46.395556
          ],
          [
            15.596178,
            46.394268
          ],
          [
            15.59542,
            46.393797
          ],
          [
            15.592843,
            46.392307
          ],
          [
            15.590688,
            46.391119
          ],
          [
            15.588559,
            46.389977
          ],
          [
            15.587554,
            46.389458
          ],
          [
            15.584507,
            46.387961
          ],
          [
            15.584128,
            46.387777
          ],
          [
            15.581955,
            46.38675
          ],
          [
            15.579539,
            46.385678
          ],
          [
            15.577382,
            46.384775
          ],
          [
            15.576978,
            46.384625
          ],
          [
            15.574781,
            46.383766
          ],
          [
            15.573722,
            46.383365
          ],
          [
            15.57173,
            46.382649
          ],
          [
            15.569507,
            46.381875
          ],
          [
            15.567207,
            46.381049
          ],
          [
            15.562929,
            46.379548
          ],
          [
            15.562653,
            46.37945
          ],
          [
            15.559392,
            46.378316
          ],
          [
            15.557289,
            46.377612
          ],
          [
            15.555215,
            46.376953
          ],
          [
            15.553006,
            46.376279
          ],
          [
            15.550353,
            46.37552
          ],
          [
            15.549052,
            46.375164
          ],
          [
            15.546379,
            46.374467
          ],
          [
            15.538664,
            46.37261
          ],
          [
            15.536785,
            46.372146
          ],
          [
            15.534067,
            46.37142
          ],
          [
            15.531364,
            46.370648
          ],
          [
            15.528961,
            46.369908
          ],
          [
            15.526635,
            46.369172
          ],
          [
            15.525404,
            46.368762
          ],
          [
            15.522653,
            46.367803
          ],
          [
            15.520555,
            46.367025
          ],
          [
            15.519939,
            46.366769
          ],
          [
            15.519782,
            46.366708
          ],
          [
            15.51841,
            46.366162
          ],
          [
            15.516915,
            46.365535
          ],
          [
            15.515144,
            46.364791
          ],
          [
            15.513941,
            46.364258
          ],
          [
            15.512621,
            46.363656
          ],
          [
            15.509852,
            46.362331
          ],
          [
            15.507115,
            46.360926
          ],
          [
            15.505784,
            46.360199
          ],
          [
            15.504066,
            46.359214
          ],
          [
            15.500399,
            46.35702
          ],
          [
            15.498953,
            46.356123
          ],
          [
            15.497565,
            46.355236
          ],
          [
            15.494684,
            46.353366
          ],
          [
            15.492044,
            46.351579
          ],
          [
            15.491425,
            46.351122
          ],
          [
            15.489437,
            46.3497
          ],
          [
            15.487811,
            46.348521
          ],
          [
            15.485138,
            46.346512
          ],
          [
            15.483575,
            46.345327
          ],
          [
            15.483169,
            46.344987
          ],
          [
            15.482905,
            46.344766
          ],
          [
            15.481485,
            46.343613
          ],
          [
            15.481006,
            46.343199
          ],
          [
            15.480393,
            46.342704
          ],
          [
            15.479146,
            46.341611
          ],
          [
            15.477256,
            46.339954
          ],
          [
            15.475001,
            46.337802
          ],
          [
            15.473534,
            46.336343
          ],
          [
            15.470916,
            46.3336
          ],
          [
            15.469429,
            46.331897
          ],
          [
            15.467658,
            46.3298
          ],
          [
            15.467534,
            46.329636
          ],
          [
            15.46565,
            46.327224
          ],
          [
            15.465261,
            46.326669
          ],
          [
            15.464668,
            46.32588
          ],
          [
            15.463278,
            46.323878
          ],
          [
            15.461959,
            46.321872
          ],
          [
            15.461224,
            46.320688
          ],
          [
            15.460124,
            46.31879
          ],
          [
            15.459653,
            46.317887
          ],
          [
            15.459215,
            46.316976
          ],
          [
            15.458692,
            46.315755
          ],
          [
            15.458288,
            46.314673
          ],
          [
            15.45764,
            46.313176
          ],
          [
            15.457035,
            46.311926
          ],
          [
            15.456675,
            46.311402
          ],
          [
            15.456335,
            46.310975
          ],
          [
            15.455925,
            46.310526
          ],
          [
            15.455509,
            46.31019
          ],
          [
            15.455028,
            46.309854
          ],
          [
            15.454512,
            46.309526
          ],
          [
            15.454047,
            46.309271
          ],
          [
            15.453136,
            46.308805
          ],
          [
            15.450611,
            46.30757
          ],
          [
            15.449197,
            46.306858
          ],
          [
            15.448319,
            46.306303
          ],
          [
            15.447407,
            46.305599
          ],
          [
            15.447051,
            46.305294
          ],
          [
            15.446702,
            46.304958
          ],
          [
            15.446328,
            46.304561
          ],
          [
            15.445977,
            46.304135
          ],
          [
            15.445615,
            46.303641
          ],
          [
            15.445319,
            46.303154
          ],
          [
            15.445021,
            46.302611
          ],
          [
            15.44474,
            46.302034
          ],
          [
            15.44443,
            46.301406
          ],
          [
            15.444095,
            46.300788
          ],
          [
            15.443688,
            46.300126
          ],
          [
            15.443195,
            46.29946
          ],
          [
            15.442156,
            46.298191
          ],
          [
            15.441897,
            46.297878
          ],
          [
            15.441578,
            46.297366
          ],
          [
            15.441216,
            46.296623
          ],
          [
            15.440874,
            46.295816
          ],
          [
            15.440223,
            46.29405
          ],
          [
            15.439796,
            46.293388
          ],
          [
            15.439287,
            46.292739
          ],
          [
            15.438925,
            46.292244
          ],
          [
            15.438203,
            46.291483
          ],
          [
            15.437843,
            46.291198
          ],
          [
            15.437423,
            46.290874
          ],
          [
            15.436691,
            46.29042
          ],
          [
            15.434152,
            46.288904
          ],
          [
            15.432812,
            46.288056
          ],
          [
            15.431506,
            46.287197
          ],
          [
            15.430318,
            46.286369
          ],
          [
            15.428789,
            46.285257
          ],
          [
            15.427346,
            46.284158
          ],
          [
            15.425885,
            46.282972
          ],
          [
            15.424883,
            46.282132
          ],
          [
            15.420429,
            46.278387
          ],
          [
            15.418301,
            46.276625
          ],
          [
            15.417492,
            46.27598
          ],
          [
            15.41679,
            46.275447
          ],
          [
            15.415249,
            46.274335
          ],
          [
            15.414373,
            46.273727
          ],
          [
            15.412274,
            46.272365
          ],
          [
            15.411487,
            46.271891
          ],
          [
            15.411173,
            46.271695
          ],
          [
            15.410338,
            46.271212
          ],
          [
            15.408768,
            46.270344
          ],
          [
            15.407194,
            46.269518
          ],
          [
            15.405574,
            46.268715
          ],
          [
            15.403671,
            46.267839
          ],
          [
            15.40321,
            46.267635
          ],
          [
            15.402031,
            46.267108
          ],
          [
            15.399859,
            46.266213
          ],
          [
            15.397711,
            46.265401
          ],
          [
            15.394894,
            46.264401
          ],
          [
            15.392317,
            46.263565
          ],
          [
            15.390494,
            46.263006
          ],
          [
            15.389446,
            46.262709
          ],
          [
            15.387977,
            46.262298
          ],
          [
            15.387391,
            46.262134
          ],
          [
            15.385679,
            46.261677
          ],
          [
            15.384393,
            46.261344
          ],
          [
            15.381713,
            46.260724
          ],
          [
            15.379993,
            46.260385
          ],
          [
            15.374447,
            46.259236
          ],
          [
            15.373428,
            46.259031
          ],
          [
            15.371483,
            46.258677
          ],
          [
            15.368983,
            46.258287
          ],
          [
            15.365771,
            46.257778
          ],
          [
            15.353385,
            46.255813
          ],
          [
            15.351456,
            46.255519
          ],
          [
            15.34931,
            46.255216
          ],
          [
            15.347638,
            46.255014
          ],
          [
            15.345867,
            46.254822
          ],
          [
            15.343926,
            46.254643
          ],
          [
            15.341925,
            46.254493
          ],
          [
            15.339929,
            46.254386
          ],
          [
            15.337893,
            46.254312
          ],
          [
            15.335358,
            46.25427
          ],
          [
            15.33396,
            46.254268
          ],
          [
            15.332617,
            46.254287
          ],
          [
            15.332258,
            46.254293
          ],
          [
            15.326744,
            46.25443
          ],
          [
            15.321288,
            46.254525
          ],
          [
            15.317154,
            46.254508
          ],
          [
            15.31627,
            46.254489
          ],
          [
            15.313468,
            46.254439
          ],
          [
            15.31038,
            46.254357
          ],
          [
            15.308067,
            46.254302
          ],
          [
            15.305164,
            46.254238
          ],
          [
            15.303234,
            46.254229
          ],
          [
            15.300467,
            46.254239
          ],
          [
            15.29733,
            46.254272
          ],
          [
            15.294394,
            46.254346
          ],
          [
            15.291561,
            46.254457
          ],
          [
            15.287354,
            46.254565
          ],
          [
            15.285383,
            46.254604
          ],
          [
            15.284888,
            46.254605
          ],
          [
            15.28433,
            46.254608
          ],
          [
            15.281919,
            46.254597
          ],
          [
            15.278554,
            46.254509
          ],
          [
            15.275921,
            46.25439
          ],
          [
            15.272219,
            46.25415
          ],
          [
            15.272013,
            46.254137
          ],
          [
            15.270588,
            46.254055
          ],
          [
            15.267913,
            46.253864
          ],
          [
            15.266412,
            46.253778
          ],
          [
            15.265216,
            46.253747
          ],
          [
            15.263829,
            46.253735
          ],
          [
            15.261248,
            46.253756
          ],
          [
            15.260502,
            46.253783
          ],
          [
            15.259909,
            46.253802
          ],
          [
            15.257412,
            46.253962
          ],
          [
            15.256143,
            46.254077
          ],
          [
            15.254961,
            46.254203
          ],
          [
            15.253478,
            46.254372
          ],
          [
            15.251259,
            46.254701
          ],
          [
            15.250535,
            46.254825
          ],
          [
            15.24903,
            46.255117
          ],
          [
            15.246855,
            46.255574
          ],
          [
            15.23526,
            46.258253
          ],
          [
            15.235048,
            46.258304
          ],
          [
            15.23001,
            46.259488
          ],
          [
            15.22912,
            46.259718
          ],
          [
            15.227787,
            46.260074
          ],
          [
            15.226363,
            46.260483
          ],
          [
            15.22574,
            46.260664
          ],
          [
            15.223444,
            46.261401
          ],
          [
            15.217167,
            46.263555
          ],
          [
            15.215669,
            46.264041
          ],
          [
            15.212875,
            46.264875
          ],
          [
            15.210864,
            46.26543
          ],
          [
            15.209961,
            46.265653
          ],
          [
            15.208261,
            46.266034
          ],
          [
            15.203751,
            46.266898
          ],
          [
            15.203033,
            46.267015
          ],
          [
            15.202466,
            46.267099
          ],
          [
            15.201324,
            46.267277
          ],
          [
            15.200224,
            46.26743
          ],
          [
            15.198982,
            46.267581
          ],
          [
            15.196804,
            46.267797
          ],
          [
            15.194502,
            46.268006
          ],
          [
            15.19082,
            46.268308
          ],
          [
            15.18713,
            46.268575
          ],
          [
            15.184835,
            46.268715
          ],
          [
            15.182741,
            46.268853
          ],
          [
            15.180578,
            46.269026
          ],
          [
            15.17478,
            46.269454
          ],
          [
            15.171918,
            46.269626
          ],
          [
            15.168882,
            46.269755
          ],
          [
            15.166372,
            46.269825
          ],
          [
            15.164292,
            46.269849
          ],
          [
            15.159373,
            46.26983
          ],
          [
            15.157157,
            46.269847
          ],
          [
            15.155185,
            46.269893
          ],
          [
            15.151519,
            46.270046
          ],
          [
            15.149546,
            46.270187
          ],
          [
            15.147675,
            46.270342
          ],
          [
            15.145673,
            46.270536
          ],
          [
            15.143693,
            46.270758
          ],
          [
            15.138731,
            46.271412
          ],
          [
            15.137197,
            46.271585
          ],
          [
            15.135772,
            46.271713
          ],
          [
            15.134648,
            46.271784
          ],
          [
            15.133414,
            46.271833
          ],
          [
            15.132227,
            46.271854
          ],
          [
            15.131387,
            46.271852
          ],
          [
            15.129391,
            46.271792
          ],
          [
            15.128367,
            46.271733
          ],
          [
            15.127502,
            46.271663
          ],
          [
            15.126634,
            46.271575
          ],
          [
            15.125033,
            46.271359
          ],
          [
            15.123619,
            46.271096
          ],
          [
            15.122354,
            46.270816
          ],
          [
            15.121788,
            46.270674
          ],
          [
            15.120458,
            46.270307
          ],
          [
            15.11976,
            46.27009
          ],
          [
            15.11911,
            46.269864
          ],
          [
            15.118162,
            46.269509
          ],
          [
            15.117285,
            46.269152
          ],
          [
            15.116605,
            46.268852
          ],
          [
            15.115993,
            46.268563
          ],
          [
            15.114868,
            46.267992
          ],
          [
            15.114357,
            46.267706
          ],
          [
            15.113331,
            46.267077
          ],
          [
            15.112533,
            46.266558
          ],
          [
            15.111788,
            46.266022
          ],
          [
            15.108855,
            46.263744
          ],
          [
            15.108081,
            46.263201
          ],
          [
            15.107302,
            46.262704
          ],
          [
            15.106699,
            46.262351
          ],
          [
            15.106131,
            46.262055
          ],
          [
            15.105771,
            46.261876
          ],
          [
            15.104794,
            46.261404
          ],
          [
            15.104383,
            46.261233
          ],
          [
            15.103203,
            46.260788
          ],
          [
            15.102578,
            46.260577
          ],
          [
            15.10224,
            46.26048
          ],
          [
            15.100603,
            46.260061
          ],
          [
            15.099871,
            46.259898
          ],
          [
            15.098962,
            46.259735
          ],
          [
            15.098361,
            46.259643
          ],
          [
            15.097682,
            46.259561
          ],
          [
            15.096833,
            46.259472
          ],
          [
            15.096035,
            46.259417
          ],
          [
            15.09534,
            46.259388
          ],
          [
            15.094622,
            46.259379
          ],
          [
            15.093717,
            46.25939
          ],
          [
            15.092776,
            46.259424
          ],
          [
            15.088935,
            46.259665
          ],
          [
            15.086775,
            46.259724
          ],
          [
            15.086083,
            46.259724
          ],
          [
            15.084531,
            46.259694
          ],
          [
            15.077795,
            46.259491
          ],
          [
            15.075234,
            46.259417
          ],
          [
            15.067466,
            46.25919
          ],
          [
            15.064565,
            46.259108
          ],
          [
            15.061298,
            46.259041
          ],
          [
            15.058096,
            46.258945
          ],
          [
            15.056384,
            46.258869
          ],
          [
            15.054859,
            46.258774
          ],
          [
            15.052981,
            46.258606
          ],
          [
            15.052314,
            46.258535
          ],
          [
            15.051175,
            46.258409
          ],
          [
            15.049685,
            46.258207
          ],
          [
            15.047643,
            46.25788
          ],
          [
            15.04399,
            46.257387
          ],
          [
            15.040383,
            46.257088
          ],
          [
            15.038887,
            46.257
          ],
          [
            15.037323,
            46.256947
          ],
          [
            15.035683,
            46.256925
          ],
          [
            15.034146,
            46.256938
          ],
          [
            15.032971,
            46.256968
          ],
          [
            15.031762,
            46.257032
          ],
          [
            15.03005,
            46.257139
          ],
          [
            15.024561,
            46.25757
          ],
          [
            15.022947,
            46.257715
          ],
          [
            15.019344,
            46.258086
          ],
          [
            15.017786,
            46.25821
          ],
          [
            15.016301,
            46.25831
          ],
          [
            15.015133,
            46.258363
          ],
          [
            15.013653,
            46.258413
          ],
          [
            15.012129,
            46.258424
          ],
          [
            15.010422,
            46.258382
          ],
          [
            15.009186,
            46.258336
          ],
          [
            15.007952,
            46.258259
          ],
          [
            15.005743,
            46.258049
          ],
          [
            15.003069,
            46.257761
          ],
          [
            15.00076,
            46.257477
          ],
          [
            14.997158,
            46.256942
          ],
          [
            14.996094,
            46.256768
          ],
          [
            14.993574,
            46.256403
          ],
          [
            14.991895,
            46.256193
          ],
          [
            14.989369,
            46.255979
          ],
          [
            14.988359,
            46.255908
          ],
          [
            14.985252,
            46.255742
          ],
          [
            14.983784,
            46.255638
          ],
          [
            14.982911,
            46.255533
          ],
          [
            14.981446,
            46.255317
          ],
          [
            14.979953,
            46.254992
          ],
          [
            14.978805,
            46.254668
          ],
          [
            14.978027,
            46.254408
          ],
          [
            14.976861,
            46.253969
          ],
          [
            14.975429,
            46.253315
          ],
          [
            14.974447,
            46.252801
          ],
          [
            14.973468,
            46.252169
          ],
          [
            14.972453,
            46.251435
          ],
          [
            14.971524,
            46.250682
          ],
          [
            14.969788,
            46.249225
          ],
          [
            14.96883,
            46.248432
          ],
          [
            14.968606,
            46.248246
          ],
          [
            14.96439,
            46.244725
          ],
          [
            14.962977,
            46.243589
          ],
          [
            14.962414,
            46.243188
          ],
          [
            14.961895,
            46.242857
          ],
          [
            14.9614,
            46.242558
          ],
          [
            14.960522,
            46.242087
          ],
          [
            14.960169,
            46.241924
          ],
          [
            14.959655,
            46.24169
          ],
          [
            14.958837,
            46.241379
          ],
          [
            14.958065,
            46.241123
          ],
          [
            14.957239,
            46.240875
          ],
          [
            14.955425,
            46.24044
          ],
          [
            14.953959,
            46.240123
          ],
          [
            14.953254,
            46.239956
          ],
          [
            14.95266,
            46.239768
          ],
          [
            14.952197,
            46.239598
          ],
          [
            14.951241,
            46.239167
          ],
          [
            14.950802,
            46.23892
          ],
          [
            14.950326,
            46.238616
          ],
          [
            14.949896,
            46.238302
          ],
          [
            14.949427,
            46.237923
          ],
          [
            14.948978,
            46.237443
          ],
          [
            14.948598,
            46.23698
          ],
          [
            14.948296,
            46.236552
          ],
          [
            14.94806,
            46.23612
          ],
          [
            14.947743,
            46.235408
          ],
          [
            14.94759,
            46.234524
          ],
          [
            14.947573,
            46.234058
          ],
          [
            14.947602,
            46.233543
          ],
          [
            14.947625,
            46.233201
          ],
          [
            14.947708,
            46.232718
          ],
          [
            14.948466,
            46.230006
          ],
          [
            14.948604,
            46.229375
          ],
          [
            14.948769,
            46.228236
          ],
          [
            14.948735,
            46.227265
          ],
          [
            14.948598,
            46.226365
          ],
          [
            14.948502,
            46.226021
          ],
          [
            14.948235,
            46.225279
          ],
          [
            14.947947,
            46.2246
          ],
          [
            14.947607,
            46.224039
          ],
          [
            14.947219,
            46.223463
          ],
          [
            14.946648,
            46.222735
          ],
          [
            14.946172,
            46.222237
          ],
          [
            14.945411,
            46.221545
          ],
          [
            14.944446,
            46.220804
          ],
          [
            14.943712,
            46.220344
          ],
          [
            14.943211,
            46.220042
          ],
          [
            14.942591,
            46.219714
          ],
          [
            14.941599,
            46.219257
          ],
          [
            14.940997,
            46.219022
          ],
          [
            14.94037,
            46.218803
          ],
          [
            14.939532,
            46.218577
          ],
          [
            14.938532,
            46.218357
          ],
          [
            14.937905,
            46.218251
          ],
          [
            14.936579,
            46.218108
          ],
          [
            14.93235,
            46.217822
          ],
          [
            14.930009,
            46.217736
          ],
          [
            14.928545,
            46.217733
          ],
          [
            14.926983,
            46.217789
          ],
          [
            14.926551,
            46.217804
          ],
          [
            14.925485,
            46.217873
          ],
          [
            14.922505,
            46.218018
          ],
          [
            14.920999,
            46.21802
          ],
          [
            14.920158,
            46.217959
          ],
          [
            14.919445,
            46.217887
          ],
          [
            14.918752,
            46.217781
          ],
          [
            14.917788,
            46.217592
          ],
          [
            14.916675,
            46.217318
          ],
          [
            14.915765,
            46.217037
          ],
          [
            14.915089,
            46.216762
          ],
          [
            14.914387,
            46.216454
          ],
          [
            14.913338,
            46.215914
          ],
          [
            14.912613,
            46.215486
          ],
          [
            14.911522,
            46.214725
          ],
          [
            14.908035,
            46.212089
          ],
          [
            14.90444,
            46.209277
          ],
          [
            14.90247,
            46.207612
          ],
          [
            14.901965,
            46.207132
          ],
          [
            14.901267,
            46.206375
          ],
          [
            14.900877,
            46.205828
          ],
          [
            14.900433,
            46.205063
          ],
          [
            14.900184,
            46.204461
          ],
          [
            14.900061,
            46.204023
          ],
          [
            14.899905,
            46.203292
          ],
          [
            14.899893,
            46.202857
          ],
          [
            14.899907,
            46.202378
          ],
          [
            14.899963,
            46.201908
          ],
          [
            14.900074,
            46.201441
          ],
          [
            14.900232,
            46.200944
          ],
          [
            14.900385,
            46.200592
          ],
          [
            14.900626,
            46.200115
          ],
          [
            14.901468,
            46.198604
          ],
          [
            14.901681,
            46.198184
          ],
          [
            14.901822,
            46.197873
          ],
          [
            14.902068,
            46.197101
          ],
          [
            14.902115,
            46.196883
          ],
          [
            14.902188,
            46.196301
          ],
          [
            14.902177,
            46.195734
          ],
          [
            14.902174,
            46.195578
          ],
          [
            14.902109,
            46.195113
          ],
          [
            14.90195,
            46.194539
          ],
          [
            14.901771,
            46.194067
          ],
          [
            14.901465,
            46.193454
          ],
          [
            14.901086,
            46.192902
          ],
          [
            14.900651,
            46.192409
          ],
          [
            14.900235,
            46.191995
          ],
          [
            14.899779,
            46.191589
          ],
          [
            14.899517,
            46.191388
          ],
          [
            14.898722,
            46.190883
          ],
          [
            14.89806,
            46.190529
          ],
          [
            14.897125,
            46.190099
          ],
          [
            14.896328,
            46.189797
          ],
          [
            14.895489,
            46.189514
          ],
          [
            14.893825,
            46.189102
          ],
          [
            14.893174,
            46.188978
          ],
          [
            14.892507,
            46.188867
          ],
          [
            14.891081,
            46.188705
          ],
          [
            14.888381,
            46.188536
          ],
          [
            14.886057,
            46.18841
          ],
          [
            14.884501,
            46.188296
          ],
          [
            14.871806,
            46.18749
          ],
          [
            14.870251,
            46.187301
          ],
          [
            14.868624,
            46.18695
          ],
          [
            14.866217,
            46.186306
          ],
          [
            14.864082,
            46.185488
          ],
          [
            14.861936,
            46.184578
          ],
          [
            14.86039,
            46.183858
          ],
          [
            14.859215,
            46.183273
          ],
          [
            14.858144,
            46.182772
          ],
          [
            14.857302,
            46.182433
          ],
          [
            14.856742,
            46.182248
          ],
          [
            14.85589,
            46.181986
          ],
          [
            14.855108,
            46.181813
          ],
          [
            14.854343,
            46.181672
          ],
          [
            14.853153,
            46.18152
          ],
          [
            14.852512,
            46.181471
          ],
          [
            14.851827,
            46.18144
          ],
          [
            14.851436,
            46.181438
          ],
          [
            14.850244,
            46.181491
          ],
          [
            14.849271,
            46.181584
          ],
          [
            14.847695,
            46.181877
          ],
          [
            14.846813,
            46.182101
          ],
          [
            14.844378,
            46.182862
          ],
          [
            14.843353,
            46.183143
          ],
          [
            14.842764,
            46.183286
          ],
          [
            14.841848,
            46.183466
          ],
          [
            14.840549,
            46.183614
          ],
          [
            14.839404,
            46.183657
          ],
          [
            14.838255,
            46.183594
          ],
          [
            14.837783,
            46.183537
          ],
          [
            14.83733,
            46.183476
          ],
          [
            14.836813,
            46.183386
          ],
          [
            14.836176,
            46.183239
          ],
          [
            14.835803,
            46.183133
          ],
          [
            14.835388,
            46.183003
          ],
          [
            14.83479,
            46.182788
          ],
          [
            14.834051,
            46.18247
          ],
          [
            14.83328,
            46.182053
          ],
          [
            14.832481,
            46.181513
          ],
          [
            14.831888,
            46.181009
          ],
          [
            14.831582,
            46.180719
          ],
          [
            14.831238,
            46.180344
          ],
          [
            14.830595,
            46.179579
          ],
          [
            14.829992,
            46.178879
          ],
          [
            14.829529,
            46.178422
          ],
          [
            14.829077,
            46.178069
          ],
          [
            14.828612,
            46.177763
          ],
          [
            14.827674,
            46.17724
          ],
          [
            14.827318,
            46.177071
          ],
          [
            14.826337,
            46.176698
          ],
          [
            14.825201,
            46.176401
          ],
          [
            14.824749,
            46.176314
          ],
          [
            14.824157,
            46.176224
          ],
          [
            14.823628,
            46.176165
          ],
          [
            14.823007,
            46.176133
          ],
          [
            14.82202,
            46.176131
          ],
          [
            14.821577,
            46.176156
          ],
          [
            14.820962,
            46.176225
          ],
          [
            14.820498,
            46.176284
          ],
          [
            14.819976,
            46.17638
          ],
          [
            14.818907,
            46.176602
          ],
          [
            14.817604,
            46.176846
          ],
          [
            14.816959,
            46.176925
          ],
          [
            14.816417,
            46.176971
          ],
          [
            14.815138,
            46.176968
          ],
          [
            14.81455,
            46.176935
          ],
          [
            14.813743,
            46.176835
          ],
          [
            14.812991,
            46.176704
          ],
          [
            14.811368,
            46.176275
          ],
          [
            14.809806,
            46.175833
          ],
          [
            14.809259,
            46.175694
          ],
          [
            14.808639,
            46.175537
          ],
          [
            14.807391,
            46.175259
          ],
          [
            14.80663,
            46.175118
          ],
          [
            14.805737,
            46.174968
          ],
          [
            14.804058,
            46.174752
          ],
          [
            14.802596,
            46.174626
          ],
          [
            14.798082,
            46.174302
          ],
          [
            14.795815,
            46.174143
          ],
          [
            14.79464,
            46.174037
          ],
          [
            14.793564,
            46.173922
          ],
          [
            14.791943,
            46.173689
          ],
          [
            14.790193,
            46.173374
          ],
          [
            14.789678,
            46.173272
          ],
          [
            14.779736,
            46.171296
          ],
          [
            14.778781,
            46.171083
          ],
          [
            14.777768,
            46.170834
          ],
          [
            14.776681,
            46.17052
          ],
          [
            14.775649,
            46.170194
          ],
          [
            14.774931,
            46.169948
          ],
          [
            14.774167,
            46.169655
          ],
          [
            14.773557,
            46.169405
          ],
          [
            14.772252,
            46.168831
          ],
          [
            14.768418,
            46.167095
          ],
          [
            14.768011,
            46.166909
          ],
          [
            14.767375,
            46.166636
          ],
          [
            14.766733,
            46.166381
          ],
          [
            14.765651,
            46.165989
          ],
          [
            14.764617,
            46.165673
          ],
          [
            14.764085,
            46.165529
          ],
          [
            14.76318,
            46.165313
          ],
          [
            14.762196,
            46.165111
          ],
          [
            14.760313,
            46.164805
          ],
          [
            14.754328,
            46.163937
          ],
          [
            14.753436,
            46.163821
          ],
          [
            14.752887,
            46.163749
          ],
          [
            14.751694,
            46.163629
          ],
          [
            14.750825,
            46.163588
          ],
          [
            14.750103,
            46.163588
          ],
          [
            14.749446,
            46.163612
          ],
          [
            14.748503,
            46.163686
          ],
          [
            14.747552,
            46.163805
          ],
          [
            14.746356,
            46.164035
          ],
          [
            14.745973,
            46.164132
          ],
          [
            14.745215,
            46.16434
          ],
          [
            14.744135,
            46.164719
          ],
          [
            14.743361,
            46.165049
          ],
          [
            14.742991,
            46.165226
          ],
          [
            14.742093,
            46.165708
          ],
          [
            14.741584,
            46.166013
          ],
          [
            14.740043,
            46.16703
          ],
          [
            14.739716,
            46.167251
          ],
          [
            14.738264,
            46.168163
          ],
          [
            14.737347,
            46.168636
          ],
          [
            14.736365,
            46.169082
          ],
          [
            14.735522,
            46.169412
          ],
          [
            14.734918,
            46.16962
          ],
          [
            14.734283,
            46.169815
          ],
          [
            14.733642,
            46.169985
          ],
          [
            14.732563,
            46.170227
          ],
          [
            14.731919,
            46.170354
          ],
          [
            14.731101,
            46.170475
          ],
          [
            14.730351,
            46.170555
          ],
          [
            14.729625,
            46.170602
          ],
          [
            14.728453,
            46.170643
          ],
          [
            14.72588,
            46.170637
          ],
          [
            14.721331,
            46.170586
          ],
          [
            14.718934,
            46.170574
          ],
          [
            14.717834,
            46.170583
          ],
          [
            14.716797,
            46.170621
          ],
          [
            14.715263,
            46.170734
          ],
          [
            14.713555,
            46.170933
          ],
          [
            14.712985,
            46.171019
          ],
          [
            14.709794,
            46.171578
          ],
          [
            14.70842,
            46.171788
          ],
          [
            14.707317,
            46.171898
          ],
          [
            14.706802,
            46.171927
          ],
          [
            14.705914,
            46.171943
          ],
          [
            14.705239,
            46.171929
          ],
          [
            14.704743,
            46.171901
          ],
          [
            14.703793,
            46.171814
          ],
          [
            14.702867,
            46.17168
          ],
          [
            14.702314,
            46.171579
          ],
          [
            14.701805,
            46.171466
          ],
          [
            14.70086,
            46.171216
          ],
          [
            14.699845,
            46.170882
          ],
          [
            14.698795,
            46.17047
          ],
          [
            14.698088,
            46.170156
          ],
          [
            14.697304,
            46.169767
          ],
          [
            14.696482,
            46.16932
          ],
          [
            14.694321,
            46.168122
          ],
          [
            14.683748,
            46.162263
          ],
          [
            14.681852,
            46.161206
          ],
          [
            14.67517,
            46.157503
          ],
          [
            14.674284,
            46.157031
          ],
          [
            14.674025,
            46.156903
          ],
          [
            14.673649,
            46.156715
          ],
          [
            14.672709,
            46.156323
          ],
          [
            14.672155,
            46.156115
          ],
          [
            14.671249,
            46.155815
          ],
          [
            14.67061,
            46.155628
          ],
          [
            14.669466,
            46.155346
          ],
          [
            14.668779,
            46.155207
          ],
          [
            14.668067,
            46.155085
          ],
          [
            14.667366,
            46.155004
          ],
          [
            14.666815,
            46.154945
          ],
          [
            14.665614,
            46.154857
          ],
          [
            14.66516,
            46.154837
          ],
          [
            14.663414,
            46.154812
          ],
          [
            14.662866,
            46.15481
          ],
          [
            14.660393,
            46.154811
          ],
          [
            14.659359,
            46.154795
          ],
          [
            14.657677,
            46.154741
          ],
          [
            14.656329,
            46.154668
          ],
          [
            14.655506,
            46.154601
          ],
          [
            14.654331,
            46.154471
          ],
          [
            14.652943,
            46.154263
          ],
          [
            14.651873,
            46.154058
          ],
          [
            14.65099,
            46.153872
          ],
          [
            14.650144,
            46.153673
          ],
          [
            14.649912,
            46.15361
          ],
          [
            14.649318,
            46.153452
          ],
          [
            14.648788,
            46.153296
          ],
          [
            14.647407,
            46.152848
          ],
          [
            14.64608,
            46.152347
          ],
          [
            14.64512,
            46.151939
          ],
          [
            14.643931,
            46.151382
          ],
          [
            14.643334,
            46.15107
          ],
          [
            14.642614,
            46.15067
          ],
          [
            14.641896,
            46.150236
          ],
          [
            14.641112,
            46.149733
          ],
          [
            14.639844,
            46.148843
          ],
          [
            14.638215,
            46.1476
          ],
          [
            14.635974,
            46.145798
          ],
          [
            14.635739,
            46.145617
          ],
          [
            14.634318,
            46.144513
          ],
          [
            14.633543,
            46.143942
          ],
          [
            14.633099,
            46.143612
          ],
          [
            14.631893,
            46.142735
          ],
          [
            14.630668,
            46.141937
          ],
          [
            14.628263,
            46.140462
          ],
          [
            14.626718,
            46.139625
          ],
          [
            14.625631,
            46.139075
          ],
          [
            14.624035,
            46.138302
          ],
          [
            14.622352,
            46.137522
          ],
          [
            14.620756,
            46.136838
          ],
          [
            14.619002,
            46.136096
          ],
          [
            14.617233,
            46.135369
          ],
          [
            14.616816,
            46.135194
          ],
          [
            14.614596,
            46.134286
          ],
          [
            14.613768,
            46.133915
          ],
          [
            14.613035,
            46.133552
          ],
          [
            14.612313,
            46.133174
          ],
          [
            14.611774,
            46.132841
          ],
          [
            14.611135,
            46.132457
          ],
          [
            14.610541,
            46.132072
          ],
          [
            14.609996,
            46.131685
          ],
          [
            14.608344,
            46.130435
          ],
          [
            14.607843,
            46.129999
          ],
          [
            14.607353,
            46.12954
          ],
          [
            14.606774,
            46.12896
          ],
          [
            14.605961,
            46.128038
          ],
          [
            14.605505,
            46.127448
          ],
          [
            14.605067,
            46.126841
          ],
          [
            14.604329,
            46.125662
          ],
          [
            14.603986,
            46.125029
          ],
          [
            14.603695,
            46.124398
          ],
          [
            14.603421,
            46.123747
          ],
          [
            14.603185,
            46.123114
          ],
          [
            14.602839,
            46.121928
          ],
          [
            14.602426,
            46.119404
          ],
          [
            14.602097,
            46.116297
          ],
          [
            14.601903,
            46.114872
          ],
          [
            14.601691,
            46.113738
          ],
          [
            14.601516,
            46.113009
          ],
          [
            14.601329,
            46.112366
          ],
          [
            14.600879,
            46.111037
          ],
          [
            14.600403,
            46.109915
          ],
          [
            14.600158,
            46.109385
          ],
          [
            14.599794,
            46.108713
          ],
          [
            14.598945,
            46.10722
          ],
          [
            14.598042,
            46.105889
          ],
          [
            14.597485,
            46.105146
          ],
          [
            14.596744,
            46.104249
          ],
          [
            14.596235,
            46.103668
          ],
          [
            14.595553,
            46.102977
          ],
          [
            14.595271,
            46.102694
          ],
          [
            14.593336,
            46.100809
          ],
          [
            14.592641,
            46.100109
          ],
          [
            14.591978,
            46.099407
          ],
          [
            14.591326,
            46.098656
          ],
          [
            14.590389,
            46.09749
          ],
          [
            14.589505,
            46.096277
          ],
          [
            14.588922,
            46.095422
          ],
          [
            14.587867,
            46.09357
          ],
          [
            14.587338,
            46.092491
          ],
          [
            14.585574,
            46.088575
          ],
          [
            14.584109,
            46.085275
          ],
          [
            14.583602,
            46.084135
          ],
          [
            14.582572,
            46.081822
          ],
          [
            14.581629,
            46.079701
          ],
          [
            14.580007,
            46.07601
          ],
          [
            14.579553,
            46.07503
          ],
          [
            14.578796,
            46.073285
          ],
          [
            14.577997,
            46.071347
          ],
          [
            14.577847,
            46.071175
          ],
          [
            14.57764,
            46.070752
          ],
          [
            14.577445,
            46.070412
          ],
          [
            14.577115,
            46.070001
          ],
          [
            14.576849,
            46.069747
          ],
          [
            14.576546,
            46.069515
          ],
          [
            14.576213,
            46.069304
          ],
          [
            14.575848,
            46.069117
          ],
          [
            14.575462,
            46.068957
          ],
          [
            14.575054,
            46.068824
          ],
          [
            14.573911,
            46.068538
          ],
          [
            14.572143,
            46.068167
          ],
          [
            14.570354,
            46.067855
          ],
          [
            14.569483,
            46.06774
          ],
          [
            14.568838,
            46.067699
          ],
          [
            14.568408,
            46.067617
          ],
          [
            14.567042,
            46.067601
          ],
          [
            14.562236,
            46.067538
          ],
          [
            14.560939,
            46.067534
          ],
          [
            14.560062,
            46.067567
          ],
          [
            14.55914,
            46.067647
          ],
          [
            14.558238,
            46.06777
          ],
          [
            14.557234,
            46.067964
          ],
          [
            14.556365,
            46.068182
          ],
          [
            14.555562,
            46.06843
          ],
          [
            14.554755,
            46.068725
          ],
          [
            14.553969,
            46.069056
          ],
          [
            14.55318,
            46.069435
          ],
          [
            14.552328,
            46.069904
          ],
          [
            14.551821,
            46.070219
          ],
          [
            14.551426,
            46.070484
          ],
          [
            14.550813,
            46.070936
          ],
          [
            14.549182,
            46.072269
          ],
          [
            14.548733,
            46.072609
          ],
          [
            14.548071,
            46.07306
          ],
          [
            14.547218,
            46.073584
          ],
          [
            14.546796,
            46.073807
          ],
          [
            14.545567,
            46.074393
          ],
          [
            14.54325,
            46.075361
          ],
          [
            14.540786,
            46.076348
          ],
          [
            14.539365,
            46.076872
          ],
          [
            14.538544,
            46.077153
          ],
          [
            14.5375,
            46.077471
          ],
          [
            14.535599,
            46.078002
          ],
          [
            14.534229,
            46.078427
          ],
          [
            14.533303,
            46.078761
          ],
          [
            14.532686,
            46.079003
          ],
          [
            14.531548,
            46.079487
          ],
          [
            14.52845,
            46.080864
          ],
          [
            14.527251,
            46.081371
          ],
          [
            14.526463,
            46.081668
          ],
          [
            14.525606,
            46.081954
          ],
          [
            14.524606,
            46.082243
          ],
          [
            14.523466,
            46.082521
          ],
          [
            14.522268,
            46.082757
          ],
          [
            14.521217,
            46.082928
          ],
          [
            14.519867,
            46.083088
          ],
          [
            14.518113,
            46.083235
          ],
          [
            14.513798,
            46.083556
          ],
          [
            14.513338,
            46.083589
          ],
          [
            14.509226,
            46.083897
          ],
          [
            14.505754,
            46.084157
          ],
          [
            14.503069,
            46.08434
          ],
          [
            14.501629,
            46.084375
          ],
          [
            14.500231,
            46.084354
          ],
          [
            14.499403,
            46.084313
          ],
          [
            14.498221,
            46.084232
          ],
          [
            14.4973,
            46.084135
          ],
          [
            14.495861,
            46.08394
          ],
          [
            14.495183,
            46.083829
          ],
          [
            14.493605,
            46.083527
          ],
          [
            14.492283,
            46.083221
          ],
          [
            14.49098,
            46.08287
          ],
          [
            14.490337,
            46.082678
          ],
          [
            14.489066,
            46.082261
          ],
          [
            14.48804,
            46.081878
          ],
          [
            14.487369,
            46.081612
          ],
          [
            14.486514,
            46.081249
          ],
          [
            14.485632,
            46.080841
          ],
          [
            14.483147,
            46.079684
          ],
          [
            14.482124,
            46.079289
          ],
          [
            14.481343,
            46.079036
          ],
          [
            14.480702,
            46.078851
          ],
          [
            14.475173,
            46.077329
          ],
          [
            14.471973,
            46.076448
          ],
          [
            14.469613,
            46.075792
          ],
          [
            14.468526,
            46.075449
          ],
          [
            14.467754,
            46.07518
          ],
          [
            14.466728,
            46.074783
          ],
          [
            14.465462,
            46.074235
          ],
          [
            14.464371,
            46.073704
          ],
          [
            14.463633,
            46.073311
          ],
          [
            14.463027,
            46.072965
          ],
          [
            14.461578,
            46.072093
          ],
          [
            14.461297,
            46.071988
          ],
          [
            14.460911,
            46.071816
          ],
          [
            14.46067,
            46.071755
          ],
          [
            14.460474,
            46.071741
          ],
          [
            14.460273,
            46.071747
          ],
          [
            14.460071,
            46.071783
          ],
          [
            14.459839,
            46.071858
          ],
          [
            14.459673,
            46.071943
          ],
          [
            14.45955,
            46.072035
          ],
          [
            14.459423,
            46.07217
          ],
          [
            14.459351,
            46.072297
          ],
          [
            14.45931,
            46.072423
          ],
          [
            14.459294,
            46.072575
          ],
          [
            14.459368,
            46.072916
          ],
          [
            14.459324,
            46.073052
          ],
          [
            14.459757,
            46.074851
          ],
          [
            14.459923,
            46.075668
          ],
          [
            14.460171,
            46.077146
          ],
          [
            14.460365,
            46.078633
          ],
          [
            14.460466,
            46.079734
          ],
          [
            14.460537,
            46.080941
          ],
          [
            14.460571,
            46.082433
          ],
          [
            14.460564,
            46.083261
          ],
          [
            14.460476,
            46.08539
          ],
          [
            14.460438,
            46.086588
          ],
          [
            14.460496,
            46.08826
          ],
          [
            14.460761,
            46.090624
          ],
          [
            14.460941,
            46.09185
          ],
          [
            14.461119,
            46.092753
          ],
          [
            14.461288,
            46.093412
          ],
          [
            14.461481,
            46.093958
          ],
          [
            14.461791,
            46.094786
          ],
          [
            14.46206,
            46.095326
          ],
          [
            14.463456,
            46.097526
          ],
          [
            14.466018,
            46.100512
          ],
          [
            14.46723,
            46.101893
          ],
          [
            14.467814,
            46.102607
          ],
          [
            14.46847,
            46.103472
          ],
          [
            14.468982,
            46.104205
          ],
          [
            14.469523,
            46.105048
          ],
          [
            14.47023,
            46.10628
          ],
          [
            14.470705,
            46.107231
          ],
          [
            14.471144,
            46.108218
          ],
          [
            14.471576,
            46.109366
          ],
          [
            14.471958,
            46.110569
          ],
          [
            14.472291,
            46.111735
          ],
          [
            14.472658,
            46.112797
          ],
          [
            14.472917,
            46.113367
          ],
          [
            14.473315,
            46.114124
          ],
          [
            14.473774,
            46.114874
          ],
          [
            14.473944,
            46.115116
          ],
          [
            14.474556,
            46.115903
          ],
          [
            14.475192,
            46.116611
          ],
          [
            14.475754,
            46.117162
          ],
          [
            14.476187,
            46.117552
          ],
          [
            14.477139,
            46.118345
          ],
          [
            14.478317,
            46.119334
          ],
          [
            14.479116,
            46.120106
          ],
          [
            14.479913,
            46.121012
          ],
          [
            14.480525,
            46.121833
          ],
          [
            14.481075,
            46.122723
          ],
          [
            14.481318,
            46.123184
          ],
          [
            14.481633,
            46.123868
          ],
          [
            14.481916,
            46.124635
          ],
          [
            14.48218,
            46.125608
          ],
          [
            14.482325,
            46.126484
          ],
          [
            14.48238,
            46.127091
          ],
          [
            14.482396,
            46.127748
          ],
          [
            14.482377,
            46.128239
          ],
          [
            14.482286,
            46.129065
          ],
          [
            14.482187,
            46.129613
          ],
          [
            14.482042,
            46.130207
          ],
          [
            14.481838,
            46.130852
          ],
          [
            14.48145,
            46.131802
          ],
          [
            14.481189,
            46.132329
          ],
          [
            14.480847,
            46.132941
          ],
          [
            14.480468,
            46.133562
          ],
          [
            14.479921,
            46.134398
          ],
          [
            14.478658,
            46.136248
          ],
          [
            14.478309,
            46.136788
          ],
          [
            14.477853,
            46.137545
          ],
          [
            14.477452,
            46.138296
          ],
          [
            14.47692,
            46.139562
          ],
          [
            14.47662,
            46.140463
          ],
          [
            14.476298,
            46.141708
          ],
          [
            14.476137,
            46.142695
          ],
          [
            14.476099,
            46.143088
          ],
          [
            14.47605,
            46.144038
          ],
          [
            14.476059,
            46.144555
          ],
          [
            14.476122,
            46.145456
          ],
          [
            14.476238,
            46.146347
          ],
          [
            14.476424,
            46.14719
          ],
          [
            14.476755,
            46.148304
          ],
          [
            14.477254,
            46.149614
          ],
          [
            14.478374,
            46.152121
          ],
          [
            14.483762,
            46.163565
          ],
          [
            14.484662,
            46.165625
          ],
          [
            14.484976,
            46.166449
          ],
          [
            14.485303,
            46.167391
          ],
          [
            14.485759,
            46.168993
          ],
          [
            14.485938,
            46.169768
          ],
          [
            14.48606,
            46.170399
          ],
          [
            14.486182,
            46.171234
          ],
          [
            14.48626,
            46.171911
          ],
          [
            14.486289,
            46.172382
          ],
          [
            14.486329,
            46.173201
          ],
          [
            14.486305,
            46.17451
          ],
          [
            14.486262,
            46.175187
          ],
          [
            14.486193,
            46.175838
          ],
          [
            14.486012,
            46.176988
          ],
          [
            14.485831,
            46.177844
          ],
          [
            14.48556,
            46.178926
          ],
          [
            14.485361,
            46.179573
          ],
          [
            14.485094,
            46.180315
          ],
          [
            14.484556,
            46.181605
          ],
          [
            14.484222,
            46.182316
          ],
          [
            14.483917,
            46.182911
          ],
          [
            14.483612,
            46.183468
          ],
          [
            14.48315,
            46.184248
          ],
          [
            14.482573,
            46.185132
          ],
          [
            14.482083,
            46.185824
          ],
          [
            14.481369,
            46.186756
          ],
          [
            14.480909,
            46.18731
          ],
          [
            14.479716,
            46.188663
          ],
          [
            14.479075,
            46.189335
          ],
          [
            14.477513,
            46.190869
          ],
          [
            14.476885,
            46.191462
          ],
          [
            14.475888,
            46.192324
          ],
          [
            14.474212,
            46.193843
          ],
          [
            14.472216,
            46.195616
          ],
          [
            14.470271,
            46.197261
          ],
          [
            14.468411,
            46.198796
          ],
          [
            14.466912,
            46.200039
          ],
          [
            14.464587,
            46.201868
          ],
          [
            14.461335,
            46.204359
          ],
          [
            14.45813,
            46.206677
          ],
          [
            14.454892,
            46.208945
          ],
          [
            14.453014,
            46.210208
          ],
          [
            14.448775,
            46.212949
          ],
          [
            14.445885,
            46.214727
          ],
          [
            14.441877,
            46.217116
          ],
          [
            14.439993,
            46.2182
          ],
          [
            14.435696,
            46.220581
          ],
          [
            14.433408,
            46.221804
          ],
          [
            14.428769,
            46.224162
          ],
          [
            14.426408,
            46.22534
          ],
          [
            14.421167,
            46.227968
          ],
          [
            14.418737,
            46.22918
          ],
          [
            14.412161,
            46.232471
          ],
          [
            14.410061,
            46.233571
          ],
          [
            14.408478,
            46.234415
          ],
          [
            14.406937,
            46.235329
          ],
          [
            14.406077,
            46.235862
          ],
          [
            14.404266,
            46.237043
          ],
          [
            14.403406,
            46.237633
          ],
          [
            14.4022,
            46.238503
          ],
          [
            14.40105,
            46.239381
          ],
          [
            14.40008,
            46.240145
          ],
          [
            14.399381,
            46.240726
          ],
          [
            14.398991,
            46.241054
          ],
          [
            14.398744,
            46.241276
          ],
          [
            14.397957,
            46.241976
          ],
          [
            14.396863,
            46.242994
          ],
          [
            14.392386,
            46.247398
          ],
          [
            14.390054,
            46.24961
          ],
          [
            14.388451,
            46.251007
          ],
          [
            14.387533,
            46.251748
          ],
          [
            14.386713,
            46.252374
          ],
          [
            14.385953,
            46.252915
          ],
          [
            14.385194,
            46.253424
          ],
          [
            14.38438,
            46.253944
          ],
          [
            14.38341,
            46.25452
          ],
          [
            14.382482,
            46.255044
          ],
          [
            14.381753,
            46.255433
          ],
          [
            14.380709,
            46.255942
          ],
          [
            14.37946,
            46.256524
          ],
          [
            14.3789,
            46.25677
          ],
          [
            14.378074,
            46.257125
          ],
          [
            14.377052,
            46.257527
          ],
          [
            14.375432,
            46.258102
          ],
          [
            14.374126,
            46.258524
          ],
          [
            14.373069,
            46.258833
          ],
          [
            14.371646,
            46.259205
          ],
          [
            14.37034,
            46.25952
          ],
          [
            14.369454,
            46.259705
          ],
          [
            14.367363,
            46.260114
          ],
          [
            14.352311,
            46.26279
          ],
          [
            14.350714,
            46.263086
          ],
          [
            14.349083,
            46.263411
          ],
          [
            14.347937,
            46.263664
          ],
          [
            14.345218,
            46.264342
          ],
          [
            14.343829,
            46.264731
          ],
          [
            14.342839,
            46.265023
          ],
          [
            14.341151,
            46.265561
          ],
          [
            14.339446,
            46.266157
          ],
          [
            14.33846,
            46.266522
          ],
          [
            14.337864,
            46.26675
          ],
          [
            14.337625,
            46.266838
          ],
          [
            14.336038,
            46.267481
          ],
          [
            14.334623,
            46.268091
          ],
          [
            14.332867,
            46.268911
          ],
          [
            14.331747,
            46.269466
          ],
          [
            14.330108,
            46.270328
          ],
          [
            14.325697,
            46.272763
          ],
          [
            14.323205,
            46.274018
          ],
          [
            14.32225,
            46.274452
          ],
          [
            14.321217,
            46.274896
          ],
          [
            14.320045,
            46.275362
          ],
          [
            14.318928,
            46.275769
          ],
          [
            14.317701,
            46.27619
          ],
          [
            14.31539,
            46.276874
          ],
          [
            14.313184,
            46.277416
          ],
          [
            14.311734,
            46.277712
          ],
          [
            14.310883,
            46.277845
          ],
          [
            14.309678,
            46.278067
          ],
          [
            14.308461,
            46.278255
          ],
          [
            14.299566,
            46.27953
          ],
          [
            14.297747,
            46.279885
          ],
          [
            14.296645,
            46.280136
          ],
          [
            14.295791,
            46.280367
          ],
          [
            14.295088,
            46.280579
          ],
          [
            14.294533,
            46.280761
          ],
          [
            14.293749,
            46.281069
          ],
          [
            14.293149,
            46.281348
          ],
          [
            14.292777,
            46.281542
          ],
          [
            14.292252,
            46.281851
          ],
          [
            14.291793,
            46.282159
          ],
          [
            14.291396,
            46.282459
          ],
          [
            14.290866,
            46.282919
          ],
          [
            14.290596,
            46.283184
          ],
          [
            14.290126,
            46.283731
          ],
          [
            14.289863,
            46.284026
          ],
          [
            14.289666,
            46.284315
          ],
          [
            14.289423,
            46.284767
          ],
          [
            14.289156,
            46.285385
          ],
          [
            14.288981,
            46.285861
          ],
          [
            14.288499,
            46.287294
          ],
          [
            14.28816,
            46.288017
          ],
          [
            14.287838,
            46.288543
          ],
          [
            14.287555,
            46.288953
          ],
          [
            14.286207,
            46.29059
          ],
          [
            14.285347,
            46.291753
          ],
          [
            14.285133,
            46.292104
          ],
          [
            14.284726,
            46.292894
          ],
          [
            14.284547,
            46.293322
          ],
          [
            14.284259,
            46.294149
          ],
          [
            14.284092,
            46.29494
          ],
          [
            14.284014,
            46.295883
          ],
          [
            14.284005,
            46.296233
          ],
          [
            14.284025,
            46.296687
          ],
          [
            14.284104,
            46.297677
          ],
          [
            14.284117,
            46.29817
          ],
          [
            14.284125,
            46.299044
          ],
          [
            14.284104,
            46.299421
          ],
          [
            14.283972,
            46.300705
          ],
          [
            14.283679,
            46.302143
          ],
          [
            14.283365,
            46.303169
          ],
          [
            14.283044,
            46.304036
          ],
          [
            14.282767,
            46.304675
          ],
          [
            14.282457,
            46.30532
          ],
          [
            14.282202,
            46.305793
          ],
          [
            14.281953,
            46.306234
          ],
          [
            14.281736,
            46.306566
          ],
          [
            14.281402,
            46.307091
          ],
          [
            14.281277,
            46.307287
          ],
          [
            14.280609,
            46.30817
          ],
          [
            14.280182,
            46.308686
          ],
          [
            14.279801,
            46.309106
          ],
          [
            14.278832,
            46.309957
          ],
          [
            14.27837,
            46.310302
          ],
          [
            14.277608,
            46.310826
          ],
          [
            14.276609,
            46.311391
          ],
          [
            14.276291,
            46.31156
          ],
          [
            14.276017,
            46.311683
          ],
          [
            14.275109,
            46.312069
          ],
          [
            14.274611,
            46.312272
          ],
          [
            14.273882,
            46.312511
          ],
          [
            14.272648,
            46.312851
          ],
          [
            14.2716,
            46.31307
          ],
          [
            14.270932,
            46.313185
          ],
          [
            14.269988,
            46.313322
          ],
          [
            14.268826,
            46.313433
          ],
          [
            14.267127,
            46.313541
          ],
          [
            14.264597,
            46.31364
          ],
          [
            14.262032,
            46.31374
          ],
          [
            14.259101,
            46.313861
          ],
          [
            14.257416,
            46.314022
          ],
          [
            14.25568,
            46.314256
          ],
          [
            14.254624,
            46.314454
          ],
          [
            14.253742,
            46.314654
          ],
          [
            14.2528,
            46.314896
          ],
          [
            14.251891,
            46.315176
          ],
          [
            14.251092,
            46.315445
          ],
          [
            14.24943,
            46.316105
          ],
          [
            14.246249,
            46.317604
          ],
          [
            14.243417,
            46.318914
          ],
          [
            14.241038,
            46.320035
          ],
          [
            14.239333,
            46.320802
          ],
          [
            14.238628,
            46.321141
          ],
          [
            14.237565,
            46.321594
          ],
          [
            14.236553,
            46.322003
          ],
          [
            14.235536,
            46.322362
          ],
          [
            14.233798,
            46.322918
          ],
          [
            14.230873,
            46.323884
          ],
          [
            14.229606,
            46.324318
          ],
          [
            14.228522,
            46.32465
          ],
          [
            14.226847,
            46.325139
          ],
          [
            14.225712,
            46.325438
          ],
          [
            14.222856,
            46.326115
          ],
          [
            14.220843,
            46.326541
          ],
          [
            14.220313,
            46.32664
          ],
          [
            14.217247,
            46.327173
          ],
          [
            14.214429,
            46.32773
          ],
          [
            14.2122,
            46.328242
          ],
          [
            14.210016,
            46.328878
          ],
          [
            14.208774,
            46.329292
          ],
          [
            14.206708,
            46.330008
          ],
          [
            14.205421,
            46.330529
          ],
          [
            14.204832,
            46.330783
          ],
          [
            14.203293,
            46.331527
          ],
          [
            14.202405,
            46.331992
          ],
          [
            14.201449,
            46.332526
          ],
          [
            14.199801,
            46.333516
          ],
          [
            14.19767,
            46.334835
          ],
          [
            14.196311,
            46.335718
          ],
          [
            14.194595,
            46.336864
          ],
          [
            14.192664,
            46.338206
          ],
          [
            14.191133,
            46.339314
          ],
          [
            14.189591,
            46.340461
          ],
          [
            14.18758,
            46.342029
          ],
          [
            14.185722,
            46.343544
          ],
          [
            14.184678,
            46.344424
          ],
          [
            14.182613,
            46.346242
          ],
          [
            14.181471,
            46.347286
          ],
          [
            14.180249,
            46.348452
          ],
          [
            14.179937,
            46.348741
          ],
          [
            14.163796,
            46.364713
          ],
          [
            14.162795,
            46.365769
          ],
          [
            14.162579,
            46.366005
          ],
          [
            14.162418,
            46.36618
          ],
          [
            14.162254,
            46.366464
          ],
          [
            14.162043,
            46.36674
          ],
          [
            14.161953,
            46.36705
          ],
          [
            14.161953,
            46.367206
          ],
          [
            14.161985,
            46.367326
          ],
          [
            14.162247,
            46.367744
          ],
          [
            14.162343,
            46.367957
          ],
          [
            14.162376,
            46.368061
          ],
          [
            14.162371,
            46.368181
          ],
          [
            14.162335,
            46.368291
          ],
          [
            14.162244,
            46.368397
          ],
          [
            14.162134,
            46.368477
          ],
          [
            14.161967,
            46.368558
          ],
          [
            14.161818,
            46.368596
          ],
          [
            14.161475,
            46.368591
          ],
          [
            14.161249,
            46.368544
          ],
          [
            14.160711,
            46.368363
          ],
          [
            14.159723,
            46.367979
          ],
          [
            14.15922,
            46.367747
          ],
          [
            14.158883,
            46.36762
          ],
          [
            14.157917,
            46.367076
          ],
          [
            14.157285,
            46.366726
          ],
          [
            14.157088,
            46.366689
          ],
          [
            14.156895,
            46.366689
          ],
          [
            14.156754,
            46.366716
          ],
          [
            14.156639,
            46.36672
          ],
          [
            14.156419,
            46.366676
          ],
          [
            14.156284,
            46.366602
          ],
          [
            14.156232,
            46.366555
          ],
          [
            14.156164,
            46.366446
          ],
          [
            14.156149,
            46.366378
          ],
          [
            14.156018,
            46.366214
          ],
          [
            14.155933,
            46.366145
          ],
          [
            14.155821,
            46.366065
          ],
          [
            14.155635,
            46.365976
          ],
          [
            14.155101,
            46.365763
          ],
          [
            14.154726,
            46.365594
          ],
          [
            14.154286,
            46.365404
          ],
          [
            14.152762,
            46.364757
          ],
          [
            14.151955,
            46.364314
          ],
          [
            14.15159,
            46.364134
          ],
          [
            14.151194,
            46.363962
          ],
          [
            14.150665,
            46.363753
          ],
          [
            14.150568,
            46.363678
          ],
          [
            14.150092,
            46.363534
          ],
          [
            14.149927,
            46.363516
          ],
          [
            14.149838,
            46.36351
          ],
          [
            14.149443,
            46.363534
          ],
          [
            14.149197,
            46.363604
          ],
          [
            14.148573,
            46.36382
          ],
          [
            14.148219,
            46.363911
          ],
          [
            14.147835,
            46.36398
          ],
          [
            14.146443,
            46.364104
          ],
          [
            14.145542,
            46.364182
          ],
          [
            14.145094,
            46.364274
          ],
          [
            14.144688,
            46.364379
          ],
          [
            14.143298,
            46.364828
          ],
          [
            14.142764,
            46.365001
          ],
          [
            14.142494,
            46.365088
          ],
          [
            14.142272,
            46.365212
          ],
          [
            14.142249,
            46.365293
          ],
          [
            14.142161,
            46.365348
          ],
          [
            14.142083,
            46.36536
          ],
          [
            14.141969,
            46.365335
          ],
          [
            14.141633,
            46.365372
          ],
          [
            14.141352,
            46.365455
          ],
          [
            14.139428,
            46.365977
          ],
          [
            14.139041,
            46.366081
          ],
          [
            14.138881,
            46.366156
          ],
          [
            14.138767,
            46.366233
          ],
          [
            14.138752,
            46.366284
          ],
          [
            14.138693,
            46.366333
          ],
          [
            14.138605,
            46.366354
          ],
          [
            14.138513,
            46.366338
          ],
          [
            14.138476,
            46.366318
          ],
          [
            14.138116,
            46.366304
          ],
          [
            14.137686,
            46.366408
          ],
          [
            14.137392,
            46.366493
          ],
          [
            14.13704,
            46.366651
          ],
          [
            14.136706,
            46.366858
          ],
          [
            14.135899,
            46.367464
          ],
          [
            14.135499,
            46.367692
          ],
          [
            14.135257,
            46.367791
          ],
          [
            14.135162,
            46.367825
          ],
          [
            14.13431,
            46.368081
          ],
          [
            14.134056,
            46.368126
          ],
          [
            14.133389,
            46.368177
          ],
          [
            14.133063,
            46.368172
          ],
          [
            14.132646,
            46.368129
          ],
          [
            14.13196,
            46.368008
          ],
          [
            14.130232,
            46.367558
          ],
          [
            14.12844,
            46.367086
          ],
          [
            14.128178,
            46.36703
          ],
          [
            14.12755,
            46.366911
          ],
          [
            14.127218,
            46.366883
          ],
          [
            14.126886,
            46.366874
          ],
          [
            14.126486,
            46.366888
          ],
          [
            14.126072,
            46.366929
          ],
          [
            14.125004,
            46.36706
          ],
          [
            14.124597,
            46.367069
          ],
          [
            14.124022,
            46.367035
          ],
          [
            14.122886,
            46.366927
          ],
          [
            14.122412,
            46.366977
          ],
          [
            14.122278,
            46.367082
          ],
          [
            14.122162,
            46.367112
          ],
          [
            14.122039,
            46.367109
          ],
          [
            14.121926,
            46.367073
          ],
          [
            14.121463,
            46.367215
          ],
          [
            14.120909,
            46.367498
          ],
          [
            14.120752,
            46.367589
          ],
          [
            14.120345,
            46.367825
          ],
          [
            14.119772,
            46.368105
          ],
          [
            14.119461,
            46.368244
          ],
          [
            14.119191,
            46.36834
          ],
          [
            14.118581,
            46.368481
          ],
          [
            14.117905,
            46.368585
          ],
          [
            14.117762,
            46.368596
          ],
          [
            14.117226,
            46.368621
          ],
          [
            14.116836,
            46.368611
          ],
          [
            14.116632,
            46.368599
          ],
          [
            14.116591,
            46.368652
          ],
          [
            14.116508,
            46.36867
          ],
          [
            14.116442,
            46.368649
          ],
          [
            14.116408,
            46.368606
          ],
          [
            14.11618,
            46.368581
          ],
          [
            14.115997,
            46.368526
          ],
          [
            14.115711,
            46.368482
          ],
          [
            14.114665,
            46.368319
          ],
          [
            14.11464,
            46.368415
          ],
          [
            14.114642,
            46.368426
          ],
          [
            14.114571,
            46.368464
          ],
          [
            14.113979,
            46.368626
          ],
          [
            14.113849,
            46.368718
          ],
          [
            14.113979,
            46.368626
          ],
          [
            14.114571,
            46.368464
          ],
          [
            14.114642,
            46.368426
          ],
          [
            14.11464,
            46.368415
          ],
          [
            14.114665,
            46.368319
          ],
          [
            14.115711,
            46.368482
          ],
          [
            14.115997,
            46.368526
          ],
          [
            14.116194,
            46.368527
          ],
          [
            14.11642,
            46.368552
          ],
          [
            14.116462,
            46.368525
          ],
          [
            14.116527,
            46.368514
          ],
          [
            14.116616,
            46.368551
          ],
          [
            14.116632,
            46.368599
          ],
          [
            14.116836,
            46.368611
          ],
          [
            14.117226,
            46.368621
          ],
          [
            14.117762,
            46.368596
          ],
          [
            14.117905,
            46.368585
          ],
          [
            14.118581,
            46.368481
          ],
          [
            14.119191,
            46.36834
          ],
          [
            14.119461,
            46.368244
          ],
          [
            14.119772,
            46.368105
          ],
          [
            14.120345,
            46.367825
          ],
          [
            14.120752,
            46.367589
          ],
          [
            14.120909,
            46.367498
          ],
          [
            14.121463,
            46.367215
          ],
          [
            14.121719,
            46.367021
          ],
          [
            14.121799,
            46.366887
          ],
          [
            14.121821,
            46.366819
          ],
          [
            14.121872,
            46.36676
          ],
          [
            14.121963,
            46.366709
          ],
          [
            14.122074,
            46.366684
          ],
          [
            14.122239,
            46.366701
          ],
          [
            14.122367,
            46.366774
          ],
          [
            14.122561,
            46.366843
          ],
          [
            14.122886,
            46.366927
          ],
          [
            14.124022,
            46.367035
          ],
          [
            14.124597,
            46.367069
          ],
          [
            14.125004,
            46.36706
          ],
          [
            14.126072,
            46.366929
          ],
          [
            14.126486,
            46.366888
          ],
          [
            14.126886,
            46.366874
          ],
          [
            14.127218,
            46.366883
          ],
          [
            14.12755,
            46.366911
          ],
          [
            14.128178,
            46.36703
          ],
          [
            14.12844,
            46.367086
          ],
          [
            14.130232,
            46.367558
          ],
          [
            14.13196,
            46.368008
          ],
          [
            14.132646,
            46.368129
          ],
          [
            14.133063,
            46.368172
          ],
          [
            14.133389,
            46.368177
          ],
          [
            14.134056,
            46.368126
          ],
          [
            14.13431,
            46.368081
          ],
          [
            14.135162,
            46.367825
          ],
          [
            14.135257,
            46.367791
          ],
          [
            14.135499,
            46.367692
          ],
          [
            14.135899,
            46.367464
          ],
          [
            14.136706,
            46.366858
          ],
          [
            14.13704,
            46.366651
          ],
          [
            14.137392,
            46.366493
          ],
          [
            14.137686,
            46.366408
          ],
          [
            14.138116,
            46.366304
          ],
          [
            14.138431,
            46.366213
          ],
          [
            14.138447,
            46.366179
          ],
          [
            14.138516,
            46.366134
          ],
          [
            14.13862,
            46.366121
          ],
          [
            14.138696,
            46.366142
          ],
          [
            14.139041,
            46.366081
          ],
          [
            14.139428,
            46.365977
          ],
          [
            14.141352,
            46.365455
          ],
          [
            14.141633,
            46.365372
          ],
          [
            14.141891,
            46.365217
          ],
          [
            14.141943,
            46.365137
          ],
          [
            14.142021,
            46.365103
          ],
          [
            14.142082,
            46.365096
          ],
          [
            14.142204,
            46.365126
          ],
          [
            14.142494,
            46.365088
          ],
          [
            14.142764,
            46.365001
          ],
          [
            14.143298,
            46.364828
          ],
          [
            14.144688,
            46.364379
          ],
          [
            14.145094,
            46.364274
          ],
          [
            14.145542,
            46.364182
          ],
          [
            14.146443,
            46.364104
          ],
          [
            14.147835,
            46.36398
          ],
          [
            14.148219,
            46.363911
          ],
          [
            14.148573,
            46.36382
          ],
          [
            14.149197,
            46.363604
          ],
          [
            14.149443,
            46.363534
          ],
          [
            14.149838,
            46.36351
          ],
          [
            14.149927,
            46.363516
          ],
          [
            14.150092,
            46.363534
          ],
          [
            14.150568,
            46.363678
          ],
          [
            14.150777,
            46.363742
          ],
          [
            14.15094,
            46.363812
          ],
          [
            14.151236,
            46.363928
          ],
          [
            14.151894,
            46.364223
          ],
          [
            14.154356,
            46.365325
          ],
          [
            14.154799,
            46.365512
          ],
          [
            14.155285,
            46.36572
          ],
          [
            14.155727,
            46.365907
          ],
          [
            14.15598,
            46.365996
          ],
          [
            14.156128,
            46.36603
          ],
          [
            14.156294,
            46.366051
          ],
          [
            14.156413,
            46.366044
          ],
          [
            14.156577,
            46.366003
          ],
          [
            14.156751,
            46.366001
          ],
          [
            14.156917,
            46.366038
          ],
          [
            14.157036,
            46.366097
          ],
          [
            14.157127,
            46.366177
          ],
          [
            14.157182,
            46.366271
          ],
          [
            14.157196,
            46.36639
          ],
          [
            14.157242,
            46.366543
          ],
          [
            14.157297,
            46.36663
          ],
          [
            14.158285,
            46.367209
          ],
          [
            14.158882,
            46.367537
          ],
          [
            14.159153,
            46.367633
          ],
          [
            14.159626,
            46.367716
          ],
          [
            14.159875,
            46.367721
          ],
          [
            14.160091,
            46.367706
          ],
          [
            14.160433,
            46.367643
          ],
          [
            14.16068,
            46.367562
          ],
          [
            14.160894,
            46.367449
          ],
          [
            14.16113,
            46.367286
          ],
          [
            14.161305,
            46.36713
          ],
          [
            14.161521,
            46.366888
          ],
          [
            14.161742,
            46.366746
          ],
          [
            14.162504,
            46.365894
          ],
          [
            14.16272,
            46.365665
          ],
          [
            14.163112,
            46.365245
          ],
          [
            14.165384,
            46.362945
          ],
          [
            14.179844,
            46.348658
          ],
          [
            14.180138,
            46.348371
          ],
          [
            14.181242,
            46.347324
          ],
          [
            14.182528,
            46.34614
          ],
          [
            14.183418,
            46.34535
          ],
          [
            14.185096,
            46.343904
          ],
          [
            14.186834,
            46.342473
          ],
          [
            14.188351,
            46.341259
          ],
          [
            14.189392,
            46.340458
          ],
          [
            14.191009,
            46.339252
          ],
          [
            14.192596,
            46.338106
          ],
          [
            14.194262,
            46.336949
          ],
          [
            14.196322,
            46.335569
          ],
          [
            14.197584,
            46.334752
          ],
          [
            14.199708,
            46.33344
          ],
          [
            14.201576,
            46.332328
          ],
          [
            14.202405,
            46.331868
          ],
          [
            14.203798,
            46.331163
          ],
          [
            14.204531,
            46.330812
          ],
          [
            14.205592,
            46.330349
          ],
          [
            14.206691,
            46.329903
          ],
          [
            14.209946,
            46.328797
          ],
          [
            14.212154,
            46.328135
          ],
          [
            14.214424,
            46.327606
          ],
          [
            14.215211,
            46.327442
          ],
          [
            14.216766,
            46.327152
          ],
          [
            14.217787,
            46.326977
          ],
          [
            14.220897,
            46.326415
          ],
          [
            14.223447,
            46.325873
          ],
          [
            14.22567,
            46.325338
          ],
          [
            14.227186,
            46.324929
          ],
          [
            14.229395,
            46.324271
          ],
          [
            14.231477,
            46.323572
          ],
          [
            14.234528,
            46.322477
          ],
          [
            14.236014,
            46.321903
          ],
          [
            14.237173,
            46.321393
          ],
          [
            14.239058,
            46.320512
          ],
          [
            14.243261,
            46.318539
          ],
          [
            14.246085,
            46.317229
          ],
          [
            14.24757,
            46.316543
          ],
          [
            14.249097,
            46.315916
          ],
          [
            14.250105,
            46.315549
          ],
          [
            14.250955,
            46.315269
          ],
          [
            14.251804,
            46.315017
          ],
          [
            14.252658,
            46.314785
          ],
          [
            14.253777,
            46.31452
          ],
          [
            14.254631,
            46.314341
          ],
          [
            14.255689,
            46.314152
          ],
          [
            14.256464,
            46.314037
          ],
          [
            14.258277,
            46.313816
          ],
          [
            14.259085,
            46.313755
          ],
          [
            14.262022,
            46.313627
          ],
          [
            14.264621,
            46.313531
          ],
          [
            14.265673,
            46.313499
          ],
          [
            14.268053,
            46.313376
          ],
          [
            14.268816,
            46.313325
          ],
          [
            14.270139,
            46.313191
          ],
          [
            14.270921,
            46.313079
          ],
          [
            14.271609,
            46.312956
          ],
          [
            14.272495,
            46.31277
          ],
          [
            14.273287,
            46.312566
          ],
          [
            14.274149,
            46.312307
          ],
          [
            14.27456,
            46.312155
          ],
          [
            14.275097,
            46.311952
          ],
          [
            14.275389,
            46.311836
          ],
          [
            14.276023,
            46.311548
          ],
          [
            14.276557,
            46.311278
          ],
          [
            14.277064,
            46.311
          ],
          [
            14.277685,
            46.310616
          ],
          [
            14.278189,
            46.310269
          ],
          [
            14.278586,
            46.309977
          ],
          [
            14.279042,
            46.309596
          ],
          [
            14.2796,
            46.3091
          ],
          [
            14.280046,
            46.308634
          ],
          [
            14.280369,
            46.308249
          ],
          [
            14.281113,
            46.307259
          ],
          [
            14.281246,
            46.307062
          ],
          [
            14.281438,
            46.306777
          ],
          [
            14.282044,
            46.305764
          ],
          [
            14.282456,
            46.304985
          ],
          [
            14.282942,
            46.303879
          ],
          [
            14.283367,
            46.302675
          ],
          [
            14.28352,
            46.302102
          ],
          [
            14.283722,
            46.301178
          ],
          [
            14.28389,
            46.300059
          ],
          [
            14.283947,
            46.299399
          ],
          [
            14.283967,
            46.298765
          ],
          [
            14.283948,
            46.297784
          ],
          [
            14.283839,
            46.296217
          ],
          [
            14.283872,
            46.295356
          ],
          [
            14.28395,
            46.294778
          ],
          [
            14.284101,
            46.294129
          ],
          [
            14.284221,
            46.29375
          ],
          [
            14.284491,
            46.293031
          ],
          [
            14.284717,
            46.292544
          ],
          [
            14.284935,
            46.292144
          ],
          [
            14.285137,
            46.291812
          ],
          [
            14.285524,
            46.291246
          ],
          [
            14.2858,
            46.290904
          ],
          [
            14.286064,
            46.290539
          ],
          [
            14.287018,
            46.289392
          ],
          [
            14.287445,
            46.288845
          ],
          [
            14.287691,
            46.2885
          ],
          [
            14.28797,
            46.288043
          ],
          [
            14.28829,
            46.287381
          ],
          [
            14.288448,
            46.286969
          ],
          [
            14.288974,
            46.285396
          ],
          [
            14.28925,
            46.284762
          ],
          [
            14.289694,
            46.284072
          ],
          [
            14.289902,
            46.283781
          ],
          [
            14.290366,
            46.283225
          ],
          [
            14.290904,
            46.282695
          ],
          [
            14.291507,
            46.282206
          ],
          [
            14.291829,
            46.281973
          ],
          [
            14.292518,
            46.281542
          ],
          [
            14.293259,
            46.281156
          ],
          [
            14.29405,
            46.280812
          ],
          [
            14.294466,
            46.28066
          ],
          [
            14.295304,
            46.280388
          ],
          [
            14.295875,
            46.280223
          ],
          [
            14.296884,
            46.279959
          ],
          [
            14.297545,
            46.279809
          ],
          [
            14.298718,
            46.279579
          ],
          [
            14.299553,
            46.279419
          ],
          [
            14.3009,
            46.279229
          ],
          [
            14.303256,
            46.278888
          ],
          [
            14.308594,
            46.278116
          ],
          [
            14.31087,
            46.277754
          ],
          [
            14.31308,
            46.277321
          ],
          [
            14.315385,
            46.276754
          ],
          [
            14.31651,
            46.276433
          ],
          [
            14.31761,
            46.276096
          ],
          [
            14.318819,
            46.275684
          ],
          [
            14.319986,
            46.275252
          ],
          [
            14.321091,
            46.274815
          ],
          [
            14.323135,
            46.273914
          ],
          [
            14.32563,
            46.27266
          ],
          [
            14.330066,
            46.270204
          ],
          [
            14.331015,
            46.269702
          ],
          [
            14.332763,
            46.268824
          ],
          [
            14.334565,
            46.26798
          ],
          [
            14.335924,
            46.267392
          ],
          [
            14.337553,
            46.266737
          ],
          [
            14.33779,
            46.26665
          ],
          [
            14.338788,
            46.266267
          ],
          [
            14.33987,
            46.265875
          ],
          [
            14.341693,
            46.265254
          ],
          [
            14.34241,
            46.265025
          ],
          [
            14.344164,
            46.264511
          ],
          [
            14.345268,
            46.264208
          ],
          [
            14.346605,
            46.26387
          ],
          [
            14.349071,
            46.263297
          ],
          [
            14.350678,
            46.262975
          ],
          [
            14.352256,
            46.262683
          ],
          [
            14.367424,
            46.259985
          ],
          [
            14.369535,
            46.259569
          ],
          [
            14.370342,
            46.259404
          ],
          [
            14.372318,
            46.25892
          ],
          [
            14.374162,
            46.258394
          ],
          [
            14.375243,
            46.258046
          ],
          [
            14.377028,
            46.257413
          ],
          [
            14.377681,
            46.257156
          ],
          [
            14.378812,
            46.256673
          ],
          [
            14.379372,
            46.256426
          ],
          [
            14.381172,
            46.255594
          ],
          [
            14.382693,
            46.254785
          ],
          [
            14.383385,
            46.25439
          ],
          [
            14.384287,
            46.253848
          ],
          [
            14.385147,
            46.2533
          ],
          [
            14.385855,
            46.252824
          ],
          [
            14.387263,
            46.251787
          ],
          [
            14.387904,
            46.251281
          ],
          [
            14.389248,
            46.250143
          ],
          [
            14.390758,
            46.248766
          ],
          [
            14.392235,
            46.247356
          ],
          [
            14.396651,
            46.243011
          ],
          [
            14.397604,
            46.242116
          ],
          [
            14.398488,
            46.241323
          ],
          [
            14.39874,
            46.241101
          ],
          [
            14.399141,
            46.240757
          ],
          [
            14.400933,
            46.239305
          ],
          [
            14.402116,
            46.238409
          ],
          [
            14.403635,
            46.237324
          ],
          [
            14.405352,
            46.236175
          ],
          [
            14.406869,
            46.235222
          ],
          [
            14.408388,
            46.234335
          ],
          [
            14.409918,
            46.233494
          ],
          [
            14.412096,
            46.232369
          ],
          [
            14.416404,
            46.23021
          ],
          [
            14.418379,
            46.229228
          ],
          [
            14.423638,
            46.226599
          ],
          [
            14.425804,
            46.225504
          ],
          [
            14.42859,
            46.224122
          ],
          [
            14.432764,
            46.222006
          ],
          [
            14.43491,
            46.220869
          ],
          [
            14.43752,
            46.219437
          ],
          [
            14.439437,
            46.218378
          ],
          [
            14.442992,
            46.216326
          ],
          [
            14.445767,
            46.214658
          ],
          [
            14.448722,
            46.212839
          ],
          [
            14.452931,
            46.210107
          ],
          [
            14.454775,
            46.208864
          ],
          [
            14.458031,
            46.206594
          ],
          [
            14.461232,
            46.204267
          ],
          [
            14.462416,
            46.203376
          ],
          [
            14.466807,
            46.199949
          ],
          [
            14.468289,
            46.198717
          ],
          [
            14.470069,
            46.19726
          ],
          [
            14.472106,
            46.195553
          ],
          [
            14.474025,
            46.193816
          ],
          [
            14.475894,
            46.192136
          ],
          [
            14.476771,
            46.191391
          ],
          [
            14.47898,
            46.18925
          ],
          [
            14.479602,
            46.188582
          ],
          [
            14.480829,
            46.18719
          ],
          [
            14.481323,
            46.186588
          ],
          [
            14.481808,
            46.185958
          ],
          [
            14.482395,
            46.185135
          ],
          [
            14.482786,
            46.184547
          ],
          [
            14.482797,
            46.18443
          ],
          [
            14.483054,
            46.183975
          ],
          [
            14.483144,
            46.183652
          ],
          [
            14.483148,
            46.183492
          ],
          [
            14.483116,
            46.183326
          ],
          [
            14.483056,
            46.183174
          ],
          [
            14.48297,
            46.18304
          ],
          [
            14.482724,
            46.182797
          ],
          [
            14.482362,
            46.182582
          ],
          [
            14.481845,
            46.182384
          ],
          [
            14.48142,
            46.182273
          ],
          [
            14.481067,
            46.182207
          ],
          [
            14.480734,
            46.182207
          ],
          [
            14.480432,
            46.182258
          ],
          [
            14.480149,
            46.182362
          ],
          [
            14.480031,
            46.182429
          ],
          [
            14.479821,
            46.1826
          ],
          [
            14.479624,
            46.182909
          ],
          [
            14.4795,
            46.182976
          ],
          [
            14.480313,
            46.183321
          ],
          [
            14.481598,
            46.183903
          ],
          [
            14.482201,
            46.184144
          ],
          [
            14.482516,
            46.184244
          ],
          [
            14.482618,
            46.184274
          ],
          [
            14.483352,
            46.184472
          ],
          [
            14.483811,
            46.184565
          ],
          [
            14.484258,
            46.184617
          ],
          [
            14.484672,
            46.184647
          ],
          [
            14.485071,
            46.184658
          ],
          [
            14.485527,
            46.184639
          ],
          [
            14.485897,
            46.1846
          ],
          [
            14.486193,
            46.184558
          ],
          [
            14.486589,
            46.184481
          ],
          [
            14.487014,
            46.184365
          ],
          [
            14.487892,
            46.18405
          ],
          [
            14.488803,
            46.1837
          ],
          [
            14.489578,
            46.183455
          ],
          [
            14.490133,
            46.183312
          ],
          [
            14.49066,
            46.183205
          ],
          [
            14.491296,
            46.183104
          ],
          [
            14.491933,
            46.183033
          ],
          [
            14.492543,
            46.183001
          ],
          [
            14.493165,
            46.182999
          ],
          [
            14.494092,
            46.183059
          ],
          [
            14.494789,
            46.183162
          ],
          [
            14.495169,
            46.183237
          ],
          [
            14.495402,
            46.183284
          ],
          [
            14.496301,
            46.183519
          ],
          [
            14.496985,
            46.183758
          ],
          [
            14.498208,
            46.184296
          ],
          [
            14.498421,
            46.184415
          ],
          [
            14.498708,
            46.184576
          ],
          [
            14.49918,
            46.184882
          ],
          [
            14.499732,
            46.18531
          ],
          [
            14.500231,
            46.185817
          ],
          [
            14.501341,
            46.187171
          ],
          [
            14.501823,
            46.187684
          ],
          [
            14.502515,
            46.188306
          ],
          [
            14.503022,
            46.188691
          ],
          [
            14.503595,
            46.189064
          ],
          [
            14.504223,
            46.189436
          ],
          [
            14.504611,
            46.189635
          ],
          [
            14.505034,
            46.189839
          ],
          [
            14.50574,
            46.190121
          ],
          [
            14.506814,
            46.19049
          ],
          [
            14.507262,
            46.1906
          ],
          [
            14.507515,
            46.190645
          ],
          [
            14.507766,
            46.190681
          ],
          [
            14.508695,
            46.190802
          ],
          [
            14.509032,
            46.190865
          ],
          [
            14.509626,
            46.191005
          ],
          [
            14.509809,
            46.191038
          ],
          [
            14.510711,
            46.191143
          ],
          [
            14.514698,
            46.191524
          ],
          [
            14.518155,
            46.191803
          ],
          [
            14.518999,
            46.191904
          ],
          [
            14.51968,
            46.192003
          ],
          [
            14.519805,
            46.192025
          ],
          [
            14.52127,
            46.192292
          ],
          [
            14.522178,
            46.192467
          ],
          [
            14.522445,
            46.19252
          ],
          [
            14.522994,
            46.19262
          ],
          [
            14.52594,
            46.193137
          ],
          [
            14.527527,
            46.193435
          ],
          [
            14.529116,
            46.193698
          ],
          [
            14.530094,
            46.193833
          ],
          [
            14.532841,
            46.1942
          ],
          [
            14.535406,
            46.194363
          ],
          [
            14.536551,
            46.194421
          ],
          [
            14.537728,
            46.194473
          ],
          [
            14.538524,
            46.194525
          ],
          [
            14.538935,
            46.194553
          ],
          [
            14.539594,
            46.194619
          ],
          [
            14.540581,
            46.194766
          ],
          [
            14.541226,
            46.194901
          ],
          [
            14.541515,
            46.194974
          ],
          [
            14.541927,
            46.195087
          ],
          [
            14.542074,
            46.195134
          ],
          [
            14.542109,
            46.195143
          ],
          [
            14.542277,
            46.195192
          ],
          [
            14.542504,
            46.195232
          ],
          [
            14.54283,
            46.195263
          ],
          [
            14.543549,
            46.195285
          ],
          [
            14.543793,
            46.195303
          ],
          [
            14.544211,
            46.195326
          ],
          [
            14.544282,
            46.195315
          ],
          [
            14.544429,
            46.195258
          ],
          [
            14.544537,
            46.195203
          ],
          [
            14.544678,
            46.195156
          ],
          [
            14.545225,
            46.195029
          ],
          [
            14.545518,
            46.19498
          ],
          [
            14.546247,
            46.194898
          ],
          [
            14.54709,
            46.194743
          ],
          [
            14.54715,
            46.194733
          ],
          [
            14.54728,
            46.194711
          ],
          [
            14.547427,
            46.194714
          ],
          [
            14.547605,
            46.194752
          ],
          [
            14.547862,
            46.194868
          ],
          [
            14.548124,
            46.194965
          ],
          [
            14.548219,
            46.194982
          ],
          [
            14.548466,
            46.19498
          ],
          [
            14.548808,
            46.194959
          ],
          [
            14.548891,
            46.19496
          ],
          [
            14.548984,
            46.194981
          ],
          [
            14.549097,
            46.195033
          ],
          [
            14.54964,
            46.195402
          ],
          [
            14.549833,
            46.195485
          ],
          [
            14.550003,
            46.195536
          ],
          [
            14.550324,
            46.195604
          ],
          [
            14.550416,
            46.195616
          ],
          [
            14.552979,
            46.195892
          ],
          [
            14.553154,
            46.195921
          ],
          [
            14.553324,
            46.195968
          ],
          [
            14.55358,
            46.196072
          ],
          [
            14.55395,
            46.196262
          ],
          [
            14.554142,
            46.196339
          ],
          [
            14.554427,
            46.196404
          ],
          [
            14.554808,
            46.196432
          ],
          [
            14.557429,
            46.196446
          ],
          [
            14.557931,
            46.196461
          ],
          [
            14.558522,
            46.196491
          ],
          [
            14.559543,
            46.196579
          ],
          [
            14.559808,
            46.196618
          ],
          [
            14.560073,
            46.196676
          ],
          [
            14.56123,
            46.196982
          ],
          [
            14.562482,
            46.197273
          ],
          [
            14.563416,
            46.197462
          ],
          [
            14.563589,
            46.197499
          ],
          [
            14.565295,
            46.197853
          ],
          [
            14.56577,
            46.197955
          ],
          [
            14.56602,
            46.198026
          ],
          [
            14.566533,
            46.198212
          ],
          [
            14.567309,
            46.198519
          ],
          [
            14.56769,
            46.198665
          ],
          [
            14.568084,
            46.198797
          ],
          [
            14.568236,
            46.198839
          ],
          [
            14.569646,
            46.199136
          ],
          [
            14.571217,
            46.199427
          ],
          [
            14.571759,
            46.199561
          ],
          [
            14.572506,
            46.199787
          ],
          [
            14.5729,
            46.199938
          ],
          [
            14.573168,
            46.200083
          ],
          [
            14.573401,
            46.200279
          ],
          [
            14.573661,
            46.200569
          ],
          [
            14.573808,
            46.200732
          ],
          [
            14.574421,
            46.201246
          ],
          [
            14.574647,
            46.201482
          ],
          [
            14.575501,
            46.202459
          ],
          [
            14.575727,
            46.202658
          ],
          [
            14.57592,
            46.202798
          ],
          [
            14.576046,
            46.202757
          ],
          [
            14.57615,
            46.202779
          ],
          [
            14.576192,
            46.202718
          ],
          [
            14.576361,
            46.202569
          ],
          [
            14.576575,
            46.202453
          ],
          [
            14.57685,
            46.202339
          ],
          [
            14.577887,
            46.201965
          ],
          [
            14.578952,
            46.201633
          ],
          [
            14.57975,
            46.201356
          ],
          [
            14.580587,
            46.201062
          ],
          [
            14.581712,
            46.200728
          ],
          [
            14.582924,
            46.200345
          ],
          [
            14.58472,
            46.199774
          ],
          [
            14.585729,
            46.199486
          ],
          [
            14.586147,
            46.19939
          ],
          [
            14.586502,
            46.199328
          ],
          [
            14.587869,
            46.199153
          ],
          [
            14.58893,
            46.19902
          ],
          [
            14.589608,
            46.198915
          ],
          [
            14.591147,
            46.198518
          ],
          [
            14.591635,
            46.198371
          ],
          [
            14.591738,
            46.198327
          ],
          [
            14.591894,
            46.198194
          ],
          [
            14.592142,
            46.198322
          ],
          [
            14.592444,
            46.198421
          ],
          [
            14.592831,
            46.198519
          ],
          [
            14.593578,
            46.19864
          ],
          [
            14.593608,
            46.198577
          ],
          [
            14.593663,
            46.198522
          ],
          [
            14.59374,
            46.198481
          ],
          [
            14.59383,
            46.198458
          ],
          [
            14.593936,
            46.198456
          ],
          [
            14.594036,
            46.198477
          ],
          [
            14.594121,
            46.19852
          ],
          [
            14.594182,
            46.198579
          ],
          [
            14.59421,
            46.198643
          ],
          [
            14.594209,
            46.19871
          ],
          [
            14.594179,
            46.198774
          ],
          [
            14.594123,
            46.198828
          ],
          [
            14.593977,
            46.198888
          ],
          [
            14.593806,
            46.198887
          ],
          [
            14.593768,
            46.199256
          ],
          [
            14.593733,
            46.199824
          ],
          [
            14.593738,
            46.200142
          ],
          [
            14.593764,
            46.200335
          ],
          [
            14.593822,
            46.200503
          ],
          [
            14.593903,
            46.200649
          ],
          [
            14.594092,
            46.200835
          ],
          [
            14.594579,
            46.201262
          ],
          [
            14.594847,
            46.201446
          ],
          [
            14.595258,
            46.201654
          ],
          [
            14.595931,
            46.201951
          ],
          [
            14.596152,
            46.202069
          ],
          [
            14.596331,
            46.202209
          ],
          [
            14.596588,
            46.202108
          ],
          [
            14.596689,
            46.202093
          ],
          [
            14.596694,
            46.201902
          ],
          [
            14.595573,
            46.201296
          ],
          [
            14.595337,
            46.201167
          ]
        ]
      }
    }
  ]
}
