{
  "type": "FeatureCollection",
  "properties": {
    "dayNumber": 10,
    "title": "Northern Lake Garda"
  },
  "features": [
    {
      "type": "Feature",
      "properties": {
        "mode": "drive",
        "fromStopIndex": 0,
        "toStopIndex": 3,
        "fromName": "Brescia",
        "toName": "Brescia",
        "waypointNames": [
          "Brescia",
          "Limone sul Garda",
          "Riva del Garda",
          "Brescia"
        ],
        "distanceMeters": 159561.5,
        "durationSeconds": 12157.0
      },
      "geometry": {
        "type": "LineString",
        "coordinates": [
          [
            10.211824,
            45.541596
          ],
          [
            10.211837,
            45.541629
          ],
          [
            10.211546,
            45.541718
          ],
          [
            10.210952,
            45.541872
          ],
          [
            10.210897,
            45.541761
          ],
          [
            10.210754,
            45.541411
          ],
          [
            10.210612,
            45.540932
          ],
          [
            10.210517,
            45.5406
          ],
          [
            10.210467,
            45.540405
          ],
          [
            10.210283,
            45.539685
          ],
          [
            10.210066,
            45.538855
          ],
          [
            10.209908,
            45.538209
          ],
          [
            10.209764,
            45.537592
          ],
          [
            10.209678,
            45.537266
          ],
          [
            10.209622,
            45.537052
          ],
          [
            10.209638,
            45.536769
          ],
          [
            10.209687,
            45.536633
          ],
          [
            10.209792,
            45.536503
          ],
          [
            10.210521,
            45.535772
          ],
          [
            10.211213,
            45.535154
          ],
          [
            10.211426,
            45.535031
          ],
          [
            10.211514,
            45.535036
          ],
          [
            10.211591,
            45.535026
          ],
          [
            10.211719,
            45.534964
          ],
          [
            10.211776,
            45.534888
          ],
          [
            10.211912,
            45.534795
          ],
          [
            10.21211,
            45.53472
          ],
          [
            10.213696,
            45.534422
          ],
          [
            10.213741,
            45.534412
          ],
          [
            10.214472,
            45.534274
          ],
          [
            10.215694,
            45.534035
          ],
          [
            10.216646,
            45.53385
          ],
          [
            10.217909,
            45.533604
          ],
          [
            10.217753,
            45.533097
          ],
          [
            10.217612,
            45.532706
          ],
          [
            10.217584,
            45.532632
          ],
          [
            10.217141,
            45.531435
          ],
          [
            10.216875,
            45.530772
          ],
          [
            10.216555,
            45.529966
          ],
          [
            10.216364,
            45.529443
          ],
          [
            10.216187,
            45.529006
          ],
          [
            10.215906,
            45.528273
          ],
          [
            10.215806,
            45.528122
          ],
          [
            10.215716,
            45.528088
          ],
          [
            10.215668,
            45.528009
          ],
          [
            10.215679,
            45.527964
          ],
          [
            10.215142,
            45.526686
          ],
          [
            10.214851,
            45.52592
          ],
          [
            10.214722,
            45.525745
          ],
          [
            10.214647,
            45.52571
          ],
          [
            10.214593,
            45.525659
          ],
          [
            10.214569,
            45.525611
          ],
          [
            10.214579,
            45.525512
          ],
          [
            10.214628,
            45.525453
          ],
          [
            10.214704,
            45.52541
          ],
          [
            10.214797,
            45.525389
          ],
          [
            10.214894,
            45.525393
          ],
          [
            10.21499,
            45.525425
          ],
          [
            10.215149,
            45.525392
          ],
          [
            10.215664,
            45.525221
          ],
          [
            10.215805,
            45.525206
          ],
          [
            10.216232,
            45.525122
          ],
          [
            10.21679,
            45.525009
          ],
          [
            10.218202,
            45.524735
          ],
          [
            10.21873,
            45.524636
          ],
          [
            10.218857,
            45.524596
          ],
          [
            10.219029,
            45.524511
          ],
          [
            10.219087,
            45.524438
          ],
          [
            10.219081,
            45.524226
          ],
          [
            10.219013,
            45.524031
          ],
          [
            10.218924,
            45.523794
          ],
          [
            10.21884,
            45.523559
          ],
          [
            10.218812,
            45.523477
          ],
          [
            10.218669,
            45.523138
          ],
          [
            10.218631,
            45.523053
          ],
          [
            10.218421,
            45.522585
          ],
          [
            10.217212,
            45.520317
          ],
          [
            10.217073,
            45.520106
          ],
          [
            10.217009,
            45.520092
          ],
          [
            10.216941,
            45.520043
          ],
          [
            10.216926,
            45.519953
          ],
          [
            10.216936,
            45.519935
          ],
          [
            10.216962,
            45.51991
          ],
          [
            10.216871,
            45.5197
          ],
          [
            10.216453,
            45.518986
          ],
          [
            10.216055,
            45.518412
          ],
          [
            10.215653,
            45.517866
          ],
          [
            10.215366,
            45.5173
          ],
          [
            10.215172,
            45.516671
          ],
          [
            10.215121,
            45.516353
          ],
          [
            10.215095,
            45.516007
          ],
          [
            10.215109,
            45.515676
          ],
          [
            10.215134,
            45.515535
          ],
          [
            10.215221,
            45.514998
          ],
          [
            10.215274,
            45.514847
          ],
          [
            10.215838,
            45.513622
          ],
          [
            10.216006,
            45.513196
          ],
          [
            10.216001,
            45.513002
          ],
          [
            10.215952,
            45.512887
          ],
          [
            10.215848,
            45.512793
          ],
          [
            10.2157,
            45.512706
          ],
          [
            10.215519,
            45.512671
          ],
          [
            10.215426,
            45.51263
          ],
          [
            10.215307,
            45.512538
          ],
          [
            10.215233,
            45.512403
          ],
          [
            10.215225,
            45.512336
          ],
          [
            10.21525,
            45.51223
          ],
          [
            10.215301,
            45.512151
          ],
          [
            10.215371,
            45.512087
          ],
          [
            10.215404,
            45.512065
          ],
          [
            10.215601,
            45.511989
          ],
          [
            10.215728,
            45.511975
          ],
          [
            10.215881,
            45.511987
          ],
          [
            10.216077,
            45.511962
          ],
          [
            10.216198,
            45.511922
          ],
          [
            10.216586,
            45.511724
          ],
          [
            10.216948,
            45.511644
          ],
          [
            10.217222,
            45.511631
          ],
          [
            10.217754,
            45.511642
          ],
          [
            10.218291,
            45.511587
          ],
          [
            10.21844,
            45.511561
          ],
          [
            10.218886,
            45.511542
          ],
          [
            10.219738,
            45.511328
          ],
          [
            10.219851,
            45.511302
          ],
          [
            10.220482,
            45.51116
          ],
          [
            10.222098,
            45.510795
          ],
          [
            10.222787,
            45.510634
          ],
          [
            10.223697,
            45.510447
          ],
          [
            10.224237,
            45.510353
          ],
          [
            10.225052,
            45.51025
          ],
          [
            10.225387,
            45.510231
          ],
          [
            10.225729,
            45.510213
          ],
          [
            10.227282,
            45.510205
          ],
          [
            10.227959,
            45.510187
          ],
          [
            10.229369,
            45.510082
          ],
          [
            10.229724,
            45.510059
          ],
          [
            10.232714,
            45.509833
          ],
          [
            10.232806,
            45.509824
          ],
          [
            10.232963,
            45.509816
          ],
          [
            10.235834,
            45.509595
          ],
          [
            10.236171,
            45.509558
          ],
          [
            10.237349,
            45.509387
          ],
          [
            10.238461,
            45.509154
          ],
          [
            10.239137,
            45.508983
          ],
          [
            10.239849,
            45.508775
          ],
          [
            10.240558,
            45.508544
          ],
          [
            10.241438,
            45.508201
          ],
          [
            10.242399,
            45.507771
          ],
          [
            10.242819,
            45.507554
          ],
          [
            10.243263,
            45.507307
          ],
          [
            10.245357,
            45.506026
          ],
          [
            10.247208,
            45.504865
          ],
          [
            10.247271,
            45.504825
          ],
          [
            10.250419,
            45.502863
          ],
          [
            10.250786,
            45.502655
          ],
          [
            10.251348,
            45.502382
          ],
          [
            10.251669,
            45.502244
          ],
          [
            10.25252,
            45.501917
          ],
          [
            10.253152,
            45.501715
          ],
          [
            10.254002,
            45.501507
          ],
          [
            10.254583,
            45.501393
          ],
          [
            10.254995,
            45.501332
          ],
          [
            10.255101,
            45.501316
          ],
          [
            10.255667,
            45.501255
          ],
          [
            10.256085,
            45.501229
          ],
          [
            10.258989,
            45.501063
          ],
          [
            10.259238,
            45.501046
          ],
          [
            10.259507,
            45.501028
          ],
          [
            10.262743,
            45.500842
          ],
          [
            10.263331,
            45.500813
          ],
          [
            10.265338,
            45.5007
          ],
          [
            10.267024,
            45.500648
          ],
          [
            10.267866,
            45.500665
          ],
          [
            10.270158,
            45.500769
          ],
          [
            10.273345,
            45.50092
          ],
          [
            10.274337,
            45.500972
          ],
          [
            10.274623,
            45.500983
          ],
          [
            10.274971,
            45.500996
          ],
          [
            10.276966,
            45.501104
          ],
          [
            10.278602,
            45.50117
          ],
          [
            10.278834,
            45.501171
          ],
          [
            10.278974,
            45.501172
          ],
          [
            10.280226,
            45.501155
          ],
          [
            10.281589,
            45.501076
          ],
          [
            10.290679,
            45.499962
          ],
          [
            10.293378,
            45.499625
          ],
          [
            10.293826,
            45.49957
          ],
          [
            10.294504,
            45.499489
          ],
          [
            10.296726,
            45.499214
          ],
          [
            10.296899,
            45.499192
          ],
          [
            10.300277,
            45.498772
          ],
          [
            10.303433,
            45.498371
          ],
          [
            10.30701,
            45.497942
          ],
          [
            10.310459,
            45.497496
          ],
          [
            10.310614,
            45.497475
          ],
          [
            10.310824,
            45.497445
          ],
          [
            10.31388,
            45.497055
          ],
          [
            10.314832,
            45.496932
          ],
          [
            10.315264,
            45.496882
          ],
          [
            10.31589,
            45.496774
          ],
          [
            10.316109,
            45.496722
          ],
          [
            10.316637,
            45.49657
          ],
          [
            10.317078,
            45.496412
          ],
          [
            10.317399,
            45.496275
          ],
          [
            10.317726,
            45.496125
          ],
          [
            10.318431,
            45.495723
          ],
          [
            10.319537,
            45.494916
          ],
          [
            10.320188,
            45.494531
          ],
          [
            10.322618,
            45.492789
          ],
          [
            10.322171,
            45.49316
          ],
          [
            10.321653,
            45.493534
          ],
          [
            10.321498,
            45.49367
          ],
          [
            10.321414,
            45.49379
          ],
          [
            10.321351,
            45.493961
          ],
          [
            10.321341,
            45.494203
          ],
          [
            10.321592,
            45.495311
          ],
          [
            10.321664,
            45.495488
          ],
          [
            10.321739,
            45.495617
          ],
          [
            10.321827,
            45.495718
          ],
          [
            10.321962,
            45.495856
          ],
          [
            10.322075,
            45.495934
          ],
          [
            10.322413,
            45.49611
          ],
          [
            10.322812,
            45.496216
          ],
          [
            10.323244,
            45.496291
          ],
          [
            10.323751,
            45.496289
          ],
          [
            10.324546,
            45.496252
          ],
          [
            10.325304,
            45.496241
          ],
          [
            10.32583,
            45.496256
          ],
          [
            10.326223,
            45.49629
          ],
          [
            10.32673,
            45.496367
          ],
          [
            10.327099,
            45.49644
          ],
          [
            10.327625,
            45.49657
          ],
          [
            10.328059,
            45.496708
          ],
          [
            10.328497,
            45.496876
          ],
          [
            10.328831,
            45.497026
          ],
          [
            10.329537,
            45.49743
          ],
          [
            10.329825,
            45.497628
          ],
          [
            10.330601,
            45.498249
          ],
          [
            10.332118,
            45.499489
          ],
          [
            10.332206,
            45.499561
          ],
          [
            10.333659,
            45.50078
          ],
          [
            10.334115,
            45.501199
          ],
          [
            10.334625,
            45.501713
          ],
          [
            10.334955,
            45.502062
          ],
          [
            10.336581,
            45.503776
          ],
          [
            10.337548,
            45.504788
          ],
          [
            10.337796,
            45.505046
          ],
          [
            10.338125,
            45.505384
          ],
          [
            10.338326,
            45.505591
          ],
          [
            10.339283,
            45.506594
          ],
          [
            10.340364,
            45.507726
          ],
          [
            10.340848,
            45.50825
          ],
          [
            10.341201,
            45.508605
          ],
          [
            10.341776,
            45.509091
          ],
          [
            10.342514,
            45.50957
          ],
          [
            10.343064,
            45.509846
          ],
          [
            10.344134,
            45.510296
          ],
          [
            10.346866,
            45.511376
          ],
          [
            10.347492,
            45.5116
          ],
          [
            10.348059,
            45.511781
          ],
          [
            10.349002,
            45.512037
          ],
          [
            10.349634,
            45.512177
          ],
          [
            10.350222,
            45.512283
          ],
          [
            10.35263,
            45.512643
          ],
          [
            10.355829,
            45.513128
          ],
          [
            10.356583,
            45.513219
          ],
          [
            10.359646,
            45.513524
          ],
          [
            10.361668,
            45.513751
          ],
          [
            10.362061,
            45.513829
          ],
          [
            10.362442,
            45.513932
          ],
          [
            10.362808,
            45.514059
          ],
          [
            10.363156,
            45.51421
          ],
          [
            10.363482,
            45.514383
          ],
          [
            10.363784,
            45.514576
          ],
          [
            10.364186,
            45.5149
          ],
          [
            10.367165,
            45.517834
          ],
          [
            10.367576,
            45.518215
          ],
          [
            10.367942,
            45.51852
          ],
          [
            10.368327,
            45.518813
          ],
          [
            10.368974,
            45.519255
          ],
          [
            10.371686,
            45.520981
          ],
          [
            10.373678,
            45.522248
          ],
          [
            10.374152,
            45.522532
          ],
          [
            10.374418,
            45.52266
          ],
          [
            10.377426,
            45.52399
          ],
          [
            10.378678,
            45.524552
          ],
          [
            10.381892,
            45.526008
          ],
          [
            10.382461,
            45.526243
          ],
          [
            10.38305,
            45.526452
          ],
          [
            10.38712,
            45.527715
          ],
          [
            10.389502,
            45.528464
          ],
          [
            10.391834,
            45.529243
          ],
          [
            10.400274,
            45.53223
          ],
          [
            10.406801,
            45.534651
          ],
          [
            10.408034,
            45.535158
          ],
          [
            10.409828,
            45.535957
          ],
          [
            10.410247,
            45.536134
          ],
          [
            10.410719,
            45.536305
          ],
          [
            10.411372,
            45.536497
          ],
          [
            10.412221,
            45.536674
          ],
          [
            10.412742,
            45.536746
          ],
          [
            10.41514,
            45.536996
          ],
          [
            10.415506,
            45.537065
          ],
          [
            10.415754,
            45.537133
          ],
          [
            10.416048,
            45.537225
          ],
          [
            10.416329,
            45.537334
          ],
          [
            10.416722,
            45.537531
          ],
          [
            10.419037,
            45.539029
          ],
          [
            10.419495,
            45.539338
          ],
          [
            10.420048,
            45.539749
          ],
          [
            10.42191,
            45.541264
          ],
          [
            10.423059,
            45.54221
          ],
          [
            10.426185,
            45.544861
          ],
          [
            10.427628,
            45.54612
          ],
          [
            10.428397,
            45.546856
          ],
          [
            10.429223,
            45.547779
          ],
          [
            10.430508,
            45.549465
          ],
          [
            10.431361,
            45.55061
          ],
          [
            10.431865,
            45.551365
          ],
          [
            10.432174,
            45.551913
          ],
          [
            10.432448,
            45.552447
          ],
          [
            10.432833,
            45.553299
          ],
          [
            10.433093,
            45.553878
          ],
          [
            10.433434,
            45.554437
          ],
          [
            10.435926,
            45.558305
          ],
          [
            10.436239,
            45.558738
          ],
          [
            10.436763,
            45.559399
          ],
          [
            10.43727,
            45.559996
          ],
          [
            10.437821,
            45.560574
          ],
          [
            10.441005,
            45.563619
          ],
          [
            10.44122,
            45.563873
          ],
          [
            10.44141,
            45.564136
          ],
          [
            10.441575,
            45.564407
          ],
          [
            10.441714,
            45.564686
          ],
          [
            10.441827,
            45.56497
          ],
          [
            10.441912,
            45.565259
          ],
          [
            10.441988,
            45.565699
          ],
          [
            10.442169,
            45.567961
          ],
          [
            10.442173,
            45.568355
          ],
          [
            10.442122,
            45.568904
          ],
          [
            10.442059,
            45.56924
          ],
          [
            10.441629,
            45.570856
          ],
          [
            10.441577,
            45.571269
          ],
          [
            10.441579,
            45.571762
          ],
          [
            10.441633,
            45.572163
          ],
          [
            10.441681,
            45.572342
          ],
          [
            10.441888,
            45.5729
          ],
          [
            10.442003,
            45.573129
          ],
          [
            10.442223,
            45.573481
          ],
          [
            10.442569,
            45.57392
          ],
          [
            10.442671,
            45.574042
          ],
          [
            10.444036,
            45.575692
          ],
          [
            10.444284,
            45.575987
          ],
          [
            10.445945,
            45.578012
          ],
          [
            10.448951,
            45.581665
          ],
          [
            10.449315,
            45.582067
          ],
          [
            10.449485,
            45.582218
          ],
          [
            10.449769,
            45.582461
          ],
          [
            10.449989,
            45.58262
          ],
          [
            10.452119,
            45.584009
          ],
          [
            10.452672,
            45.584389
          ],
          [
            10.453124,
            45.584777
          ],
          [
            10.453296,
            45.584948
          ],
          [
            10.454018,
            45.585842
          ],
          [
            10.455931,
            45.588099
          ],
          [
            10.45728,
            45.589973
          ],
          [
            10.457529,
            45.590289
          ],
          [
            10.458437,
            45.591443
          ],
          [
            10.459205,
            45.59241
          ],
          [
            10.459408,
            45.592703
          ],
          [
            10.45958,
            45.593005
          ],
          [
            10.45972,
            45.593316
          ],
          [
            10.459828,
            45.593632
          ],
          [
            10.459978,
            45.594424
          ],
          [
            10.460326,
            45.596723
          ],
          [
            10.460671,
            45.599118
          ],
          [
            10.460747,
            45.599433
          ],
          [
            10.460878,
            45.599812
          ],
          [
            10.460908,
            45.599887
          ],
          [
            10.461058,
            45.600202
          ],
          [
            10.461229,
            45.600499
          ],
          [
            10.461425,
            45.600787
          ],
          [
            10.461647,
            45.601067
          ],
          [
            10.461893,
            45.601336
          ],
          [
            10.462162,
            45.601595
          ],
          [
            10.462506,
            45.601889
          ],
          [
            10.463,
            45.60227
          ],
          [
            10.464052,
            45.603047
          ],
          [
            10.464529,
            45.603402
          ],
          [
            10.46462,
            45.603468
          ],
          [
            10.465446,
            45.604075
          ],
          [
            10.465498,
            45.604114
          ],
          [
            10.465727,
            45.604278
          ],
          [
            10.46594,
            45.604423
          ],
          [
            10.466174,
            45.60455
          ],
          [
            10.466558,
            45.604706
          ],
          [
            10.466974,
            45.604817
          ],
          [
            10.467263,
            45.604864
          ],
          [
            10.467535,
            45.604891
          ],
          [
            10.467905,
            45.604904
          ],
          [
            10.467975,
            45.604907
          ],
          [
            10.473779,
            45.604483
          ],
          [
            10.474986,
            45.604487
          ],
          [
            10.476226,
            45.6046
          ],
          [
            10.478119,
            45.605002
          ],
          [
            10.47857,
            45.605095
          ],
          [
            10.479035,
            45.605221
          ],
          [
            10.47921,
            45.605289
          ],
          [
            10.479911,
            45.605626
          ],
          [
            10.48052,
            45.606014
          ],
          [
            10.480849,
            45.606274
          ],
          [
            10.481206,
            45.606606
          ],
          [
            10.481544,
            45.60703
          ],
          [
            10.482606,
            45.60845
          ],
          [
            10.483689,
            45.609603
          ],
          [
            10.484156,
            45.610316
          ],
          [
            10.484438,
            45.610939
          ],
          [
            10.484746,
            45.611396
          ],
          [
            10.485018,
            45.611668
          ],
          [
            10.485316,
            45.611849
          ],
          [
            10.485608,
            45.611992
          ],
          [
            10.486083,
            45.612115
          ],
          [
            10.486418,
            45.612162
          ],
          [
            10.487761,
            45.612253
          ],
          [
            10.488807,
            45.612364
          ],
          [
            10.489265,
            45.612376
          ],
          [
            10.489716,
            45.612323
          ],
          [
            10.490004,
            45.612251
          ],
          [
            10.490418,
            45.61209
          ],
          [
            10.490794,
            45.611925
          ],
          [
            10.491008,
            45.611831
          ],
          [
            10.493263,
            45.610853
          ],
          [
            10.494656,
            45.610249
          ],
          [
            10.495128,
            45.610084
          ],
          [
            10.495674,
            45.609963
          ],
          [
            10.496873,
            45.609748
          ],
          [
            10.497082,
            45.609711
          ],
          [
            10.497576,
            45.609665
          ],
          [
            10.497873,
            45.609673
          ],
          [
            10.498188,
            45.609706
          ],
          [
            10.498517,
            45.609778
          ],
          [
            10.499724,
            45.610155
          ],
          [
            10.500008,
            45.610256
          ],
          [
            10.5001,
            45.610306
          ],
          [
            10.500434,
            45.610408
          ],
          [
            10.500555,
            45.610427
          ],
          [
            10.500655,
            45.610397
          ],
          [
            10.500828,
            45.610396
          ],
          [
            10.500935,
            45.610428
          ],
          [
            10.501016,
            45.610477
          ],
          [
            10.501069,
            45.610534
          ],
          [
            10.501446,
            45.610718
          ],
          [
            10.5021,
            45.610784
          ],
          [
            10.50242,
            45.610774
          ],
          [
            10.502791,
            45.610722
          ],
          [
            10.504218,
            45.610532
          ],
          [
            10.505407,
            45.610406
          ],
          [
            10.505654,
            45.610404
          ],
          [
            10.506021,
            45.610433
          ],
          [
            10.506377,
            45.610499
          ],
          [
            10.506606,
            45.610564
          ],
          [
            10.507237,
            45.6108
          ],
          [
            10.507872,
            45.611067
          ],
          [
            10.509011,
            45.611549
          ],
          [
            10.509465,
            45.611717
          ],
          [
            10.509716,
            45.611782
          ],
          [
            10.509912,
            45.611775
          ],
          [
            10.510076,
            45.61175
          ],
          [
            10.510177,
            45.611709
          ],
          [
            10.510303,
            45.611704
          ],
          [
            10.510392,
            45.611729
          ],
          [
            10.510473,
            45.611786
          ],
          [
            10.510652,
            45.611845
          ],
          [
            10.510848,
            45.611886
          ],
          [
            10.511235,
            45.611852
          ],
          [
            10.511359,
            45.611839
          ],
          [
            10.511833,
            45.611742
          ],
          [
            10.511933,
            45.611721
          ],
          [
            10.512244,
            45.611658
          ],
          [
            10.512927,
            45.611502
          ],
          [
            10.514167,
            45.611248
          ],
          [
            10.514944,
            45.611059
          ],
          [
            10.518118,
            45.610375
          ],
          [
            10.518348,
            45.61032
          ],
          [
            10.518939,
            45.610178
          ],
          [
            10.519618,
            45.609935
          ],
          [
            10.519961,
            45.609769
          ],
          [
            10.520313,
            45.609573
          ],
          [
            10.521429,
            45.608807
          ],
          [
            10.521766,
            45.608597
          ],
          [
            10.522134,
            45.608506
          ],
          [
            10.522329,
            45.608496
          ],
          [
            10.522524,
            45.608513
          ],
          [
            10.523255,
            45.608702
          ],
          [
            10.52354,
            45.608736
          ],
          [
            10.523893,
            45.608745
          ],
          [
            10.525793,
            45.608616
          ],
          [
            10.526282,
            45.608603
          ],
          [
            10.526538,
            45.608614
          ],
          [
            10.529164,
            45.608847
          ],
          [
            10.529641,
            45.608946
          ],
          [
            10.530458,
            45.609268
          ],
          [
            10.531088,
            45.60955
          ],
          [
            10.531445,
            45.609728
          ],
          [
            10.531801,
            45.609813
          ],
          [
            10.532039,
            45.609812
          ],
          [
            10.532321,
            45.609725
          ],
          [
            10.532863,
            45.609509
          ],
          [
            10.533147,
            45.60948
          ],
          [
            10.533543,
            45.60949
          ],
          [
            10.533985,
            45.609562
          ],
          [
            10.534209,
            45.609649
          ],
          [
            10.534432,
            45.609777
          ],
          [
            10.534778,
            45.610052
          ],
          [
            10.535437,
            45.61026
          ],
          [
            10.536263,
            45.610662
          ],
          [
            10.536464,
            45.610739
          ],
          [
            10.53669,
            45.610782
          ],
          [
            10.537147,
            45.610734
          ],
          [
            10.537377,
            45.610743
          ],
          [
            10.537743,
            45.610822
          ],
          [
            10.53843,
            45.611042
          ],
          [
            10.538948,
            45.611242
          ],
          [
            10.539337,
            45.611391
          ],
          [
            10.539672,
            45.61155
          ],
          [
            10.541234,
            45.612163
          ],
          [
            10.541479,
            45.612224
          ],
          [
            10.541938,
            45.612345
          ],
          [
            10.542399,
            45.612497
          ],
          [
            10.542894,
            45.61263
          ],
          [
            10.543417,
            45.612724
          ],
          [
            10.543971,
            45.612856
          ],
          [
            10.544381,
            45.612981
          ],
          [
            10.545008,
            45.613218
          ],
          [
            10.545413,
            45.613348
          ],
          [
            10.545824,
            45.613451
          ],
          [
            10.547297,
            45.613761
          ],
          [
            10.54877,
            45.614033
          ],
          [
            10.54889,
            45.614055
          ],
          [
            10.549363,
            45.614144
          ],
          [
            10.550304,
            45.614313
          ],
          [
            10.550421,
            45.614338
          ],
          [
            10.550558,
            45.614366
          ],
          [
            10.55111,
            45.614511
          ],
          [
            10.55125,
            45.614565
          ],
          [
            10.552634,
            45.615128
          ],
          [
            10.552988,
            45.615281
          ],
          [
            10.553219,
            45.615381
          ],
          [
            10.553496,
            45.615506
          ],
          [
            10.555355,
            45.616386
          ],
          [
            10.555468,
            45.616439
          ],
          [
            10.55648,
            45.616984
          ],
          [
            10.557393,
            45.617445
          ],
          [
            10.557994,
            45.61779
          ],
          [
            10.55842,
            45.617968
          ],
          [
            10.558858,
            45.618066
          ],
          [
            10.559114,
            45.618126
          ],
          [
            10.559811,
            45.618234
          ],
          [
            10.561014,
            45.618467
          ],
          [
            10.561578,
            45.618564
          ],
          [
            10.562826,
            45.618826
          ],
          [
            10.564467,
            45.619291
          ],
          [
            10.564909,
            45.619469
          ],
          [
            10.565263,
            45.619722
          ],
          [
            10.565341,
            45.619797
          ],
          [
            10.566096,
            45.620339
          ],
          [
            10.566934,
            45.620905
          ],
          [
            10.567256,
            45.6211
          ],
          [
            10.567343,
            45.621153
          ],
          [
            10.568491,
            45.621817
          ],
          [
            10.56887,
            45.621994
          ],
          [
            10.569407,
            45.6222
          ],
          [
            10.569519,
            45.622276
          ],
          [
            10.570138,
            45.622578
          ],
          [
            10.570294,
            45.622682
          ],
          [
            10.570416,
            45.622764
          ],
          [
            10.571258,
            45.623447
          ],
          [
            10.57145,
            45.623571
          ],
          [
            10.571792,
            45.623741
          ],
          [
            10.572601,
            45.624
          ],
          [
            10.572806,
            45.624061
          ],
          [
            10.573139,
            45.624183
          ],
          [
            10.573393,
            45.624294
          ],
          [
            10.573501,
            45.624357
          ],
          [
            10.573728,
            45.624508
          ],
          [
            10.574167,
            45.624867
          ],
          [
            10.574621,
            45.625176
          ],
          [
            10.574943,
            45.625325
          ],
          [
            10.575417,
            45.625492
          ],
          [
            10.57645,
            45.625751
          ],
          [
            10.57682,
            45.625837
          ],
          [
            10.577766,
            45.625991
          ],
          [
            10.578614,
            45.626102
          ],
          [
            10.579529,
            45.626178
          ],
          [
            10.581437,
            45.626166
          ],
          [
            10.582271,
            45.626188
          ],
          [
            10.583081,
            45.626157
          ],
          [
            10.583104,
            45.626154
          ],
          [
            10.584078,
            45.626024
          ],
          [
            10.584244,
            45.626012
          ],
          [
            10.584497,
            45.626041
          ],
          [
            10.584814,
            45.626125
          ],
          [
            10.58528,
            45.626366
          ],
          [
            10.58546,
            45.626497
          ],
          [
            10.586511,
            45.627634
          ],
          [
            10.586618,
            45.627818
          ],
          [
            10.586643,
            45.627994
          ],
          [
            10.586619,
            45.628604
          ],
          [
            10.586602,
            45.628909
          ],
          [
            10.586609,
            45.6292
          ],
          [
            10.586659,
            45.629397
          ],
          [
            10.586739,
            45.629553
          ],
          [
            10.5868,
            45.629671
          ],
          [
            10.587001,
            45.629869
          ],
          [
            10.587311,
            45.630118
          ],
          [
            10.588473,
            45.630979
          ],
          [
            10.589451,
            45.631587
          ],
          [
            10.589931,
            45.631854
          ],
          [
            10.590366,
            45.632071
          ],
          [
            10.591251,
            45.632439
          ],
          [
            10.591511,
            45.632579
          ],
          [
            10.59173,
            45.63275
          ],
          [
            10.592034,
            45.633058
          ],
          [
            10.592262,
            45.633219
          ],
          [
            10.592571,
            45.633396
          ],
          [
            10.594052,
            45.634174
          ],
          [
            10.594527,
            45.634416
          ],
          [
            10.595245,
            45.63474
          ],
          [
            10.595543,
            45.634857
          ],
          [
            10.595668,
            45.634904
          ],
          [
            10.596213,
            45.635127
          ],
          [
            10.596922,
            45.635471
          ],
          [
            10.59721,
            45.635573
          ],
          [
            10.597587,
            45.635654
          ],
          [
            10.597943,
            45.635695
          ],
          [
            10.598453,
            45.635714
          ],
          [
            10.598639,
            45.635713
          ],
          [
            10.59885,
            45.635691
          ],
          [
            10.599166,
            45.63559
          ],
          [
            10.599394,
            45.635471
          ],
          [
            10.599578,
            45.635364
          ],
          [
            10.599819,
            45.635237
          ],
          [
            10.600099,
            45.635131
          ],
          [
            10.600496,
            45.635003
          ],
          [
            10.600984,
            45.634889
          ],
          [
            10.601169,
            45.63489
          ],
          [
            10.601371,
            45.634915
          ],
          [
            10.601645,
            45.635001
          ],
          [
            10.601939,
            45.635141
          ],
          [
            10.601998,
            45.63517
          ],
          [
            10.602071,
            45.635206
          ],
          [
            10.602889,
            45.635639
          ],
          [
            10.602914,
            45.635653
          ],
          [
            10.603736,
            45.636073
          ],
          [
            10.605142,
            45.636774
          ],
          [
            10.605192,
            45.636754
          ],
          [
            10.605274,
            45.636767
          ],
          [
            10.60531,
            45.636825
          ],
          [
            10.605286,
            45.636865
          ],
          [
            10.606092,
            45.637311
          ],
          [
            10.606609,
            45.637666
          ],
          [
            10.607105,
            45.638038
          ],
          [
            10.607311,
            45.638333
          ],
          [
            10.60748,
            45.638647
          ],
          [
            10.607663,
            45.639076
          ],
          [
            10.608027,
            45.63986
          ],
          [
            10.60819,
            45.640144
          ],
          [
            10.608226,
            45.640206
          ],
          [
            10.608518,
            45.640527
          ],
          [
            10.608738,
            45.640686
          ],
          [
            10.608822,
            45.640725
          ],
          [
            10.608883,
            45.640729
          ],
          [
            10.608934,
            45.640752
          ],
          [
            10.608964,
            45.640789
          ],
          [
            10.609012,
            45.640823
          ],
          [
            10.609106,
            45.640857
          ],
          [
            10.609138,
            45.640868
          ],
          [
            10.60951,
            45.64099
          ],
          [
            10.60966,
            45.641039
          ],
          [
            10.610428,
            45.641275
          ],
          [
            10.611347,
            45.64157
          ],
          [
            10.611424,
            45.641594
          ],
          [
            10.613184,
            45.642173
          ],
          [
            10.613342,
            45.642145
          ],
          [
            10.613448,
            45.642107
          ],
          [
            10.613474,
            45.642093
          ],
          [
            10.613549,
            45.64208
          ],
          [
            10.613614,
            45.642092
          ],
          [
            10.613687,
            45.642159
          ],
          [
            10.61369,
            45.64218
          ],
          [
            10.613842,
            45.642389
          ],
          [
            10.614322,
            45.642592
          ],
          [
            10.614856,
            45.64294
          ],
          [
            10.614929,
            45.642983
          ],
          [
            10.615111,
            45.643113
          ],
          [
            10.616072,
            45.643771
          ],
          [
            10.616556,
            45.644133
          ],
          [
            10.616839,
            45.644411
          ],
          [
            10.616969,
            45.644619
          ],
          [
            10.617014,
            45.644696
          ],
          [
            10.617227,
            45.645254
          ],
          [
            10.617403,
            45.645745
          ],
          [
            10.617492,
            45.645882
          ],
          [
            10.617691,
            45.646024
          ],
          [
            10.618295,
            45.646306
          ],
          [
            10.619139,
            45.646839
          ],
          [
            10.620113,
            45.647298
          ],
          [
            10.620973,
            45.647667
          ],
          [
            10.621841,
            45.648079
          ],
          [
            10.622762,
            45.648702
          ],
          [
            10.623234,
            45.648966
          ],
          [
            10.624894,
            45.649767
          ],
          [
            10.625696,
            45.65036
          ],
          [
            10.626186,
            45.650651
          ],
          [
            10.626559,
            45.650851
          ],
          [
            10.627061,
            45.651092
          ],
          [
            10.627292,
            45.651226
          ],
          [
            10.628301,
            45.652083
          ],
          [
            10.628689,
            45.652663
          ],
          [
            10.628914,
            45.652868
          ],
          [
            10.630267,
            45.653615
          ],
          [
            10.631137,
            45.654027
          ],
          [
            10.632131,
            45.654429
          ],
          [
            10.632718,
            45.654639
          ],
          [
            10.63367,
            45.655241
          ],
          [
            10.633947,
            45.655386
          ],
          [
            10.63405,
            45.655478
          ],
          [
            10.634703,
            45.65581
          ],
          [
            10.634869,
            45.655943
          ],
          [
            10.635216,
            45.656169
          ],
          [
            10.635802,
            45.65677
          ],
          [
            10.636069,
            45.657132
          ],
          [
            10.637116,
            45.657868
          ],
          [
            10.637547,
            45.65822
          ],
          [
            10.637809,
            45.658501
          ],
          [
            10.638023,
            45.658625
          ],
          [
            10.638841,
            45.659283
          ],
          [
            10.639001,
            45.659382
          ],
          [
            10.63937,
            45.659493
          ],
          [
            10.639591,
            45.659587
          ],
          [
            10.641174,
            45.660561
          ],
          [
            10.641614,
            45.660881
          ],
          [
            10.642046,
            45.661146
          ],
          [
            10.642325,
            45.661344
          ],
          [
            10.643113,
            45.662064
          ],
          [
            10.643194,
            45.662141
          ],
          [
            10.643528,
            45.662447
          ],
          [
            10.644775,
            45.66352
          ],
          [
            10.64495,
            45.663741
          ],
          [
            10.645087,
            45.663958
          ],
          [
            10.645273,
            45.66435
          ],
          [
            10.645351,
            45.664465
          ],
          [
            10.645639,
            45.664731
          ],
          [
            10.645896,
            45.664901
          ],
          [
            10.646457,
            45.66518
          ],
          [
            10.646691,
            45.665328
          ],
          [
            10.646901,
            45.6655
          ],
          [
            10.647281,
            45.665885
          ],
          [
            10.647708,
            45.666399
          ],
          [
            10.648041,
            45.666912
          ],
          [
            10.64823,
            45.66709
          ],
          [
            10.648989,
            45.667673
          ],
          [
            10.649267,
            45.667978
          ],
          [
            10.649536,
            45.66843
          ],
          [
            10.649752,
            45.668852
          ],
          [
            10.649922,
            45.669161
          ],
          [
            10.650015,
            45.669343
          ],
          [
            10.650174,
            45.669639
          ],
          [
            10.650266,
            45.669782
          ],
          [
            10.650505,
            45.670071
          ],
          [
            10.650872,
            45.670388
          ],
          [
            10.651102,
            45.670554
          ],
          [
            10.651239,
            45.670705
          ],
          [
            10.651378,
            45.670951
          ],
          [
            10.651522,
            45.671326
          ],
          [
            10.651558,
            45.671573
          ],
          [
            10.651533,
            45.671892
          ],
          [
            10.651296,
            45.672419
          ],
          [
            10.651133,
            45.672747
          ],
          [
            10.650904,
            45.673191
          ],
          [
            10.65042,
            45.674036
          ],
          [
            10.65035,
            45.674317
          ],
          [
            10.650396,
            45.674322
          ],
          [
            10.65047,
            45.674361
          ],
          [
            10.650489,
            45.674391
          ],
          [
            10.650481,
            45.674455
          ],
          [
            10.650455,
            45.674483
          ],
          [
            10.650373,
            45.674513
          ],
          [
            10.650406,
            45.674645
          ],
          [
            10.65057,
            45.674946
          ],
          [
            10.650711,
            45.675105
          ],
          [
            10.650838,
            45.675206
          ],
          [
            10.65111,
            45.675422
          ],
          [
            10.65117,
            45.675479
          ],
          [
            10.651246,
            45.675545
          ],
          [
            10.652152,
            45.676244
          ],
          [
            10.652534,
            45.676511
          ],
          [
            10.652729,
            45.676721
          ],
          [
            10.652751,
            45.676754
          ],
          [
            10.653284,
            45.67755
          ],
          [
            10.653306,
            45.677578
          ],
          [
            10.653473,
            45.677793
          ],
          [
            10.65365,
            45.678237
          ],
          [
            10.653735,
            45.678504
          ],
          [
            10.653844,
            45.679049
          ],
          [
            10.65396,
            45.679571
          ],
          [
            10.653991,
            45.679712
          ],
          [
            10.654012,
            45.679808
          ],
          [
            10.654023,
            45.679858
          ],
          [
            10.654116,
            45.680311
          ],
          [
            10.654271,
            45.680983
          ],
          [
            10.654345,
            45.681122
          ],
          [
            10.654467,
            45.681349
          ],
          [
            10.654637,
            45.681581
          ],
          [
            10.654921,
            45.681852
          ],
          [
            10.656551,
            45.683018
          ],
          [
            10.657429,
            45.68364
          ],
          [
            10.657631,
            45.683815
          ],
          [
            10.657653,
            45.683838
          ],
          [
            10.657961,
            45.684163
          ],
          [
            10.658073,
            45.684292
          ],
          [
            10.658205,
            45.684432
          ],
          [
            10.658582,
            45.684815
          ],
          [
            10.658687,
            45.684924
          ],
          [
            10.659038,
            45.685283
          ],
          [
            10.659203,
            45.685456
          ],
          [
            10.659693,
            45.685962
          ],
          [
            10.660034,
            45.686404
          ],
          [
            10.660091,
            45.686481
          ],
          [
            10.660142,
            45.68655
          ],
          [
            10.660395,
            45.68695
          ],
          [
            10.660626,
            45.687319
          ],
          [
            10.660873,
            45.687691
          ],
          [
            10.661008,
            45.687861
          ],
          [
            10.661195,
            45.688039
          ],
          [
            10.661682,
            45.688399
          ],
          [
            10.662399,
            45.68882
          ],
          [
            10.663337,
            45.689288
          ],
          [
            10.663474,
            45.689359
          ],
          [
            10.663718,
            45.68948
          ],
          [
            10.663889,
            45.689611
          ],
          [
            10.664059,
            45.689819
          ],
          [
            10.664128,
            45.690002
          ],
          [
            10.664307,
            45.690506
          ],
          [
            10.664374,
            45.690602
          ],
          [
            10.664494,
            45.6907
          ],
          [
            10.664966,
            45.691004
          ],
          [
            10.665172,
            45.691143
          ],
          [
            10.66625,
            45.691785
          ],
          [
            10.666824,
            45.692149
          ],
          [
            10.666983,
            45.692288
          ],
          [
            10.667066,
            45.692413
          ],
          [
            10.667119,
            45.692541
          ],
          [
            10.667186,
            45.692996
          ],
          [
            10.667205,
            45.693094
          ],
          [
            10.667285,
            45.693398
          ],
          [
            10.667378,
            45.693554
          ],
          [
            10.667603,
            45.693756
          ],
          [
            10.667776,
            45.69387
          ],
          [
            10.667944,
            45.694033
          ],
          [
            10.668312,
            45.694776
          ],
          [
            10.668478,
            45.694916
          ],
          [
            10.668861,
            45.695105
          ],
          [
            10.670508,
            45.695796
          ],
          [
            10.670898,
            45.695897
          ],
          [
            10.671067,
            45.69596
          ],
          [
            10.671287,
            45.696084
          ],
          [
            10.67185,
            45.696545
          ],
          [
            10.671923,
            45.696603
          ],
          [
            10.672514,
            45.69706
          ],
          [
            10.672796,
            45.697239
          ],
          [
            10.673553,
            45.697605
          ],
          [
            10.673838,
            45.697782
          ],
          [
            10.67584,
            45.699148
          ],
          [
            10.67629,
            45.699379
          ],
          [
            10.676642,
            45.699546
          ],
          [
            10.67701,
            45.699739
          ],
          [
            10.677144,
            45.699836
          ],
          [
            10.677956,
            45.700642
          ],
          [
            10.678712,
            45.701377
          ],
          [
            10.678831,
            45.701469
          ],
          [
            10.67907,
            45.701627
          ],
          [
            10.680104,
            45.702175
          ],
          [
            10.680297,
            45.702351
          ],
          [
            10.680383,
            45.702466
          ],
          [
            10.680465,
            45.702638
          ],
          [
            10.680578,
            45.702743
          ],
          [
            10.680727,
            45.702834
          ],
          [
            10.680972,
            45.702954
          ],
          [
            10.68147,
            45.703167
          ],
          [
            10.681742,
            45.703261
          ],
          [
            10.682099,
            45.703368
          ],
          [
            10.683147,
            45.703686
          ],
          [
            10.684091,
            45.704017
          ],
          [
            10.684788,
            45.704231
          ],
          [
            10.685713,
            45.704793
          ],
          [
            10.68739,
            45.705699
          ],
          [
            10.688091,
            45.706184
          ],
          [
            10.688888,
            45.706524
          ],
          [
            10.689482,
            45.706887
          ],
          [
            10.690226,
            45.707557
          ],
          [
            10.690471,
            45.707736
          ],
          [
            10.69095,
            45.707955
          ],
          [
            10.691408,
            45.708101
          ],
          [
            10.691786,
            45.708185
          ],
          [
            10.692309,
            45.708294
          ],
          [
            10.693127,
            45.708474
          ],
          [
            10.693401,
            45.708527
          ],
          [
            10.693823,
            45.708621
          ],
          [
            10.69391,
            45.708643
          ],
          [
            10.694421,
            45.708755
          ],
          [
            10.69478,
            45.708885
          ],
          [
            10.695193,
            45.709073
          ],
          [
            10.695926,
            45.709498
          ],
          [
            10.696455,
            45.709926
          ],
          [
            10.696802,
            45.710309
          ],
          [
            10.697173,
            45.710597
          ],
          [
            10.699108,
            45.711977
          ],
          [
            10.699575,
            45.712359
          ],
          [
            10.699664,
            45.712408
          ],
          [
            10.699827,
            45.712432
          ],
          [
            10.700152,
            45.7124
          ],
          [
            10.700254,
            45.71241
          ],
          [
            10.700362,
            45.712497
          ],
          [
            10.700529,
            45.71277
          ],
          [
            10.700932,
            45.713429
          ],
          [
            10.701333,
            45.714056
          ],
          [
            10.701439,
            45.714182
          ],
          [
            10.701511,
            45.714247
          ],
          [
            10.702268,
            45.7148
          ],
          [
            10.702457,
            45.714958
          ],
          [
            10.703964,
            45.71646
          ],
          [
            10.70424,
            45.716653
          ],
          [
            10.704619,
            45.716871
          ],
          [
            10.70493,
            45.717048
          ],
          [
            10.70592,
            45.71771
          ],
          [
            10.706128,
            45.717897
          ],
          [
            10.706852,
            45.718699
          ],
          [
            10.707121,
            45.719102
          ],
          [
            10.707428,
            45.719562
          ],
          [
            10.708821,
            45.721791
          ],
          [
            10.70937,
            45.722498
          ],
          [
            10.709973,
            45.7231
          ],
          [
            10.710587,
            45.723646
          ],
          [
            10.711129,
            45.724074
          ],
          [
            10.711738,
            45.724509
          ],
          [
            10.715547,
            45.727074
          ],
          [
            10.716337,
            45.727438
          ],
          [
            10.717573,
            45.727865
          ],
          [
            10.717841,
            45.727913
          ],
          [
            10.718374,
            45.727942
          ],
          [
            10.719143,
            45.727924
          ],
          [
            10.719435,
            45.727933
          ],
          [
            10.719637,
            45.727978
          ],
          [
            10.719904,
            45.7281
          ],
          [
            10.720004,
            45.728167
          ],
          [
            10.720162,
            45.728374
          ],
          [
            10.720394,
            45.728916
          ],
          [
            10.720519,
            45.729071
          ],
          [
            10.720841,
            45.729322
          ],
          [
            10.721282,
            45.729598
          ],
          [
            10.723181,
            45.730557
          ],
          [
            10.723594,
            45.730741
          ],
          [
            10.724029,
            45.730925
          ],
          [
            10.725324,
            45.73138
          ],
          [
            10.725634,
            45.731502
          ],
          [
            10.726062,
            45.731697
          ],
          [
            10.727562,
            45.732468
          ],
          [
            10.728329,
            45.732974
          ],
          [
            10.728725,
            45.733197
          ],
          [
            10.729056,
            45.733353
          ],
          [
            10.729709,
            45.733562
          ],
          [
            10.729991,
            45.733692
          ],
          [
            10.730102,
            45.733756
          ],
          [
            10.731113,
            45.734464
          ],
          [
            10.731368,
            45.734637
          ],
          [
            10.732269,
            45.735268
          ],
          [
            10.732478,
            45.735413
          ],
          [
            10.732552,
            45.735455
          ],
          [
            10.732714,
            45.735541
          ],
          [
            10.732884,
            45.735595
          ],
          [
            10.733019,
            45.735617
          ],
          [
            10.733613,
            45.735656
          ],
          [
            10.733818,
            45.735682
          ],
          [
            10.734059,
            45.735732
          ],
          [
            10.734226,
            45.735785
          ],
          [
            10.734539,
            45.735934
          ],
          [
            10.734706,
            45.736031
          ],
          [
            10.734978,
            45.73625
          ],
          [
            10.73511,
            45.736408
          ],
          [
            10.735472,
            45.736902
          ],
          [
            10.735583,
            45.737089
          ],
          [
            10.735631,
            45.737226
          ],
          [
            10.735657,
            45.73743
          ],
          [
            10.735649,
            45.737966
          ],
          [
            10.735671,
            45.738095
          ],
          [
            10.735764,
            45.738267
          ],
          [
            10.735871,
            45.738407
          ],
          [
            10.739738,
            45.74238
          ],
          [
            10.739982,
            45.742614
          ],
          [
            10.740636,
            45.743178
          ],
          [
            10.741059,
            45.743543
          ],
          [
            10.742348,
            45.744955
          ],
          [
            10.743992,
            45.746466
          ],
          [
            10.744529,
            45.746992
          ],
          [
            10.745324,
            45.747895
          ],
          [
            10.745765,
            45.748853
          ],
          [
            10.745911,
            45.749437
          ],
          [
            10.74608,
            45.750308
          ],
          [
            10.746513,
            45.75253
          ],
          [
            10.746818,
            45.753804
          ],
          [
            10.74753,
            45.755704
          ],
          [
            10.747671,
            45.756053
          ],
          [
            10.74782,
            45.756348
          ],
          [
            10.748728,
            45.75805
          ],
          [
            10.74909,
            45.758511
          ],
          [
            10.749478,
            45.758871
          ],
          [
            10.749643,
            45.759014
          ],
          [
            10.751014,
            45.759944
          ],
          [
            10.753028,
            45.761353
          ],
          [
            10.753387,
            45.76161
          ],
          [
            10.75373,
            45.761859
          ],
          [
            10.754497,
            45.762426
          ],
          [
            10.754685,
            45.762533
          ],
          [
            10.755727,
            45.76293
          ],
          [
            10.756004,
            45.763056
          ],
          [
            10.75623,
            45.763184
          ],
          [
            10.757498,
            45.764031
          ],
          [
            10.758051,
            45.764306
          ],
          [
            10.758236,
            45.764437
          ],
          [
            10.758572,
            45.764793
          ],
          [
            10.758681,
            45.76497
          ],
          [
            10.758785,
            45.765247
          ],
          [
            10.758844,
            45.765356
          ],
          [
            10.759012,
            45.765514
          ],
          [
            10.759358,
            45.765786
          ],
          [
            10.75966,
            45.766169
          ],
          [
            10.760004,
            45.766419
          ],
          [
            10.760268,
            45.766761
          ],
          [
            10.760752,
            45.767233
          ],
          [
            10.761038,
            45.76759
          ],
          [
            10.761136,
            45.767677
          ],
          [
            10.761443,
            45.767856
          ],
          [
            10.761662,
            45.768028
          ],
          [
            10.762178,
            45.76859
          ],
          [
            10.762884,
            45.769288
          ],
          [
            10.763355,
            45.769757
          ],
          [
            10.763808,
            45.770201
          ],
          [
            10.763986,
            45.770463
          ],
          [
            10.764815,
            45.771988
          ],
          [
            10.765089,
            45.772454
          ],
          [
            10.766285,
            45.774267
          ],
          [
            10.766583,
            45.774568
          ],
          [
            10.767932,
            45.775613
          ],
          [
            10.769928,
            45.777224
          ],
          [
            10.772495,
            45.779084
          ],
          [
            10.773014,
            45.779439
          ],
          [
            10.773346,
            45.779701
          ],
          [
            10.773663,
            45.78007
          ],
          [
            10.774138,
            45.780688
          ],
          [
            10.774263,
            45.780783
          ],
          [
            10.774537,
            45.780928
          ],
          [
            10.774875,
            45.781056
          ],
          [
            10.775244,
            45.781163
          ],
          [
            10.776122,
            45.781355
          ],
          [
            10.776468,
            45.781446
          ],
          [
            10.776672,
            45.781549
          ],
          [
            10.776844,
            45.781681
          ],
          [
            10.776978,
            45.781832
          ],
          [
            10.777092,
            45.782019
          ],
          [
            10.777462,
            45.782897
          ],
          [
            10.777613,
            45.783399
          ],
          [
            10.777649,
            45.783707
          ],
          [
            10.777615,
            45.783992
          ],
          [
            10.7775,
            45.784288
          ],
          [
            10.777345,
            45.784704
          ],
          [
            10.776929,
            45.786041
          ],
          [
            10.776812,
            45.786514
          ],
          [
            10.776763,
            45.786912
          ],
          [
            10.776833,
            45.787355
          ],
          [
            10.776952,
            45.787697
          ],
          [
            10.777283,
            45.788261
          ],
          [
            10.77771,
            45.788882
          ],
          [
            10.778274,
            45.789527
          ],
          [
            10.779068,
            45.790259
          ],
          [
            10.779764,
            45.791234
          ],
          [
            10.780115,
            45.7922
          ],
          [
            10.780292,
            45.792553
          ],
          [
            10.780792,
            45.793124
          ],
          [
            10.781089,
            45.793528
          ],
          [
            10.781298,
            45.793763
          ],
          [
            10.782108,
            45.794741
          ],
          [
            10.782248,
            45.794964
          ],
          [
            10.782498,
            45.795599
          ],
          [
            10.782835,
            45.796149
          ],
          [
            10.782873,
            45.796252
          ],
          [
            10.782883,
            45.796348
          ],
          [
            10.782833,
            45.796719
          ],
          [
            10.782834,
            45.796889
          ],
          [
            10.782873,
            45.797398
          ],
          [
            10.782904,
            45.797606
          ],
          [
            10.782856,
            45.79796
          ],
          [
            10.782866,
            45.798132
          ],
          [
            10.782937,
            45.798323
          ],
          [
            10.783193,
            45.798859
          ],
          [
            10.783327,
            45.799106
          ],
          [
            10.783372,
            45.799773
          ],
          [
            10.783377,
            45.799954
          ],
          [
            10.783436,
            45.800117
          ],
          [
            10.7835,
            45.800202
          ],
          [
            10.783645,
            45.800304
          ],
          [
            10.783959,
            45.80043
          ],
          [
            10.78474,
            45.800657
          ],
          [
            10.785092,
            45.800774
          ],
          [
            10.785408,
            45.800928
          ],
          [
            10.785582,
            45.801051
          ],
          [
            10.785656,
            45.801106
          ],
          [
            10.785907,
            45.801343
          ],
          [
            10.786337,
            45.801767
          ],
          [
            10.786505,
            45.802013
          ],
          [
            10.786515,
            45.802027
          ],
          [
            10.786622,
            45.802196
          ],
          [
            10.786761,
            45.802493
          ],
          [
            10.78731,
            45.803823
          ],
          [
            10.787363,
            45.803995
          ],
          [
            10.787415,
            45.804315
          ],
          [
            10.787406,
            45.804755
          ],
          [
            10.787391,
            45.804936
          ],
          [
            10.787369,
            45.80529
          ],
          [
            10.787346,
            45.80563
          ],
          [
            10.787364,
            45.806136
          ],
          [
            10.787457,
            45.806648
          ],
          [
            10.787625,
            45.80715
          ],
          [
            10.787722,
            45.807345
          ],
          [
            10.787934,
            45.807629
          ],
          [
            10.78804,
            45.80774
          ],
          [
            10.788235,
            45.807896
          ],
          [
            10.788464,
            45.808048
          ],
          [
            10.788671,
            45.808157
          ],
          [
            10.789037,
            45.808319
          ],
          [
            10.789525,
            45.808572
          ],
          [
            10.789755,
            45.808715
          ],
          [
            10.79001,
            45.80891
          ],
          [
            10.790098,
            45.808989
          ],
          [
            10.790202,
            45.809092
          ],
          [
            10.790762,
            45.80975
          ],
          [
            10.790777,
            45.809768
          ],
          [
            10.790829,
            45.809827
          ],
          [
            10.791015,
            45.810057
          ],
          [
            10.791074,
            45.810129
          ],
          [
            10.791132,
            45.810196
          ],
          [
            10.79177,
            45.810876
          ],
          [
            10.791859,
            45.810998
          ],
          [
            10.79191,
            45.811081
          ],
          [
            10.792033,
            45.811354
          ],
          [
            10.792102,
            45.811577
          ],
          [
            10.792258,
            45.81213
          ],
          [
            10.792287,
            45.812376
          ],
          [
            10.79228,
            45.812652
          ],
          [
            10.792237,
            45.812918
          ],
          [
            10.79214,
            45.813226
          ],
          [
            10.791903,
            45.813695
          ],
          [
            10.791873,
            45.813754
          ],
          [
            10.791854,
            45.813789
          ],
          [
            10.791791,
            45.813908
          ],
          [
            10.791527,
            45.814444
          ],
          [
            10.791454,
            45.814668
          ],
          [
            10.791521,
            45.814686
          ],
          [
            10.791589,
            45.8148
          ],
          [
            10.791888,
            45.815002
          ],
          [
            10.791988,
            45.815046
          ],
          [
            10.792093,
            45.814767
          ],
          [
            10.792067,
            45.814252
          ],
          [
            10.79245,
            45.814306
          ],
          [
            10.792831,
            45.814134
          ],
          [
            10.79245,
            45.814306
          ],
          [
            10.792067,
            45.814252
          ],
          [
            10.792093,
            45.814767
          ],
          [
            10.791988,
            45.815046
          ],
          [
            10.791888,
            45.815002
          ],
          [
            10.791589,
            45.8148
          ],
          [
            10.791487,
            45.814758
          ],
          [
            10.791439,
            45.814753
          ],
          [
            10.791434,
            45.814785
          ],
          [
            10.79141,
            45.815158
          ],
          [
            10.79144,
            45.815493
          ],
          [
            10.791555,
            45.815846
          ],
          [
            10.791656,
            45.816071
          ],
          [
            10.79187,
            45.81636
          ],
          [
            10.792175,
            45.816597
          ],
          [
            10.79251,
            45.816773
          ],
          [
            10.793002,
            45.816967
          ],
          [
            10.793107,
            45.81701
          ],
          [
            10.793428,
            45.817125
          ],
          [
            10.793605,
            45.817185
          ],
          [
            10.794463,
            45.81749
          ],
          [
            10.795494,
            45.818099
          ],
          [
            10.795895,
            45.818367
          ],
          [
            10.796052,
            45.818526
          ],
          [
            10.796112,
            45.81859
          ],
          [
            10.796195,
            45.818684
          ],
          [
            10.796202,
            45.818692
          ],
          [
            10.796242,
            45.818739
          ],
          [
            10.79639,
            45.818907
          ],
          [
            10.796447,
            45.818971
          ],
          [
            10.796499,
            45.819024
          ],
          [
            10.796751,
            45.819231
          ],
          [
            10.797328,
            45.819526
          ],
          [
            10.797493,
            45.819607
          ],
          [
            10.797799,
            45.819761
          ],
          [
            10.798088,
            45.819903
          ],
          [
            10.798846,
            45.820249
          ],
          [
            10.799205,
            45.820451
          ],
          [
            10.799493,
            45.820636
          ],
          [
            10.799801,
            45.820948
          ],
          [
            10.800076,
            45.821219
          ],
          [
            10.800168,
            45.821288
          ],
          [
            10.800412,
            45.821419
          ],
          [
            10.800839,
            45.821567
          ],
          [
            10.80112,
            45.821641
          ],
          [
            10.801218,
            45.821654
          ],
          [
            10.80146,
            45.821671
          ],
          [
            10.801859,
            45.821664
          ],
          [
            10.802349,
            45.821639
          ],
          [
            10.802663,
            45.821663
          ],
          [
            10.802867,
            45.821694
          ],
          [
            10.803306,
            45.821835
          ],
          [
            10.803887,
            45.822052
          ],
          [
            10.803922,
            45.822066
          ],
          [
            10.804183,
            45.822164
          ],
          [
            10.80438,
            45.822251
          ],
          [
            10.804608,
            45.822383
          ],
          [
            10.805045,
            45.822586
          ],
          [
            10.805432,
            45.822736
          ],
          [
            10.805949,
            45.822862
          ],
          [
            10.807211,
            45.823129
          ],
          [
            10.807865,
            45.823306
          ],
          [
            10.808198,
            45.823451
          ],
          [
            10.80837,
            45.823558
          ],
          [
            10.808589,
            45.823727
          ],
          [
            10.808844,
            45.823949
          ],
          [
            10.808961,
            45.824043
          ],
          [
            10.809085,
            45.824112
          ],
          [
            10.809282,
            45.824185
          ],
          [
            10.809422,
            45.824215
          ],
          [
            10.809725,
            45.824227
          ],
          [
            10.810081,
            45.824199
          ],
          [
            10.810308,
            45.824193
          ],
          [
            10.810543,
            45.824208
          ],
          [
            10.810797,
            45.824233
          ],
          [
            10.811048,
            45.824279
          ],
          [
            10.811503,
            45.824391
          ],
          [
            10.811968,
            45.824495
          ],
          [
            10.812067,
            45.824518
          ],
          [
            10.812153,
            45.824537
          ],
          [
            10.812815,
            45.824693
          ],
          [
            10.813113,
            45.824807
          ],
          [
            10.813414,
            45.824991
          ],
          [
            10.813952,
            45.825452
          ],
          [
            10.814105,
            45.825558
          ],
          [
            10.814364,
            45.825707
          ],
          [
            10.814946,
            45.825953
          ],
          [
            10.815274,
            45.826116
          ],
          [
            10.815593,
            45.826376
          ],
          [
            10.816166,
            45.827023
          ],
          [
            10.816423,
            45.827227
          ],
          [
            10.816788,
            45.827432
          ],
          [
            10.817145,
            45.827576
          ],
          [
            10.817543,
            45.82768
          ],
          [
            10.817899,
            45.827715
          ],
          [
            10.81917,
            45.827697
          ],
          [
            10.819638,
            45.827749
          ],
          [
            10.819961,
            45.827828
          ],
          [
            10.82023,
            45.827915
          ],
          [
            10.82046,
            45.828013
          ],
          [
            10.820831,
            45.82823
          ],
          [
            10.821186,
            45.828546
          ],
          [
            10.82121,
            45.828572
          ],
          [
            10.821238,
            45.828599
          ],
          [
            10.821417,
            45.82877
          ],
          [
            10.82161,
            45.828908
          ],
          [
            10.821764,
            45.82901
          ],
          [
            10.822136,
            45.82925
          ],
          [
            10.822331,
            45.829447
          ],
          [
            10.822421,
            45.829582
          ],
          [
            10.823029,
            45.830753
          ],
          [
            10.82316,
            45.830973
          ],
          [
            10.823312,
            45.831137
          ],
          [
            10.823496,
            45.831287
          ],
          [
            10.824589,
            45.83203
          ],
          [
            10.824766,
            45.832216
          ],
          [
            10.824886,
            45.832411
          ],
          [
            10.82506,
            45.832709
          ],
          [
            10.825222,
            45.832996
          ],
          [
            10.825491,
            45.833835
          ],
          [
            10.825503,
            45.833952
          ],
          [
            10.825468,
            45.834232
          ],
          [
            10.825445,
            45.834416
          ],
          [
            10.825337,
            45.834718
          ],
          [
            10.825142,
            45.835995
          ],
          [
            10.825145,
            45.836259
          ],
          [
            10.825188,
            45.836605
          ],
          [
            10.825536,
            45.837488
          ],
          [
            10.825614,
            45.837699
          ],
          [
            10.82569,
            45.837946
          ],
          [
            10.82573,
            45.838099
          ],
          [
            10.825887,
            45.838742
          ],
          [
            10.826007,
            45.839199
          ],
          [
            10.826054,
            45.83955
          ],
          [
            10.826026,
            45.839959
          ],
          [
            10.825964,
            45.840197
          ],
          [
            10.825801,
            45.840669
          ],
          [
            10.825771,
            45.840894
          ],
          [
            10.825792,
            45.84119
          ],
          [
            10.825901,
            45.841662
          ],
          [
            10.826056,
            45.841928
          ],
          [
            10.826184,
            45.842085
          ],
          [
            10.826304,
            45.842265
          ],
          [
            10.826471,
            45.842679
          ],
          [
            10.82656,
            45.842901
          ],
          [
            10.826856,
            45.843424
          ],
          [
            10.826957,
            45.84357
          ],
          [
            10.827235,
            45.843856
          ],
          [
            10.827408,
            45.843988
          ],
          [
            10.827769,
            45.84422
          ],
          [
            10.827905,
            45.844308
          ],
          [
            10.828087,
            45.844436
          ],
          [
            10.828281,
            45.844616
          ],
          [
            10.828407,
            45.844763
          ],
          [
            10.828441,
            45.844803
          ],
          [
            10.828588,
            45.844988
          ],
          [
            10.828748,
            45.845166
          ],
          [
            10.828892,
            45.845301
          ],
          [
            10.829156,
            45.845473
          ],
          [
            10.829831,
            45.845855
          ],
          [
            10.829999,
            45.845984
          ],
          [
            10.830111,
            45.846132
          ],
          [
            10.830206,
            45.846316
          ],
          [
            10.830411,
            45.846933
          ],
          [
            10.830461,
            45.847207
          ],
          [
            10.83055,
            45.848013
          ],
          [
            10.830582,
            45.848145
          ],
          [
            10.831102,
            45.849285
          ],
          [
            10.831328,
            45.849689
          ],
          [
            10.8317,
            45.850234
          ],
          [
            10.831802,
            45.850472
          ],
          [
            10.832298,
            45.852139
          ],
          [
            10.832505,
            45.852496
          ],
          [
            10.832945,
            45.853117
          ],
          [
            10.833383,
            45.853784
          ],
          [
            10.833874,
            45.854448
          ],
          [
            10.83401,
            45.854751
          ],
          [
            10.834078,
            45.855025
          ],
          [
            10.834077,
            45.855293
          ],
          [
            10.833948,
            45.855725
          ],
          [
            10.833774,
            45.856057
          ],
          [
            10.833366,
            45.856629
          ],
          [
            10.833228,
            45.856995
          ],
          [
            10.833026,
            45.857392
          ],
          [
            10.832825,
            45.858292
          ],
          [
            10.832586,
            45.85878
          ],
          [
            10.832567,
            45.858906
          ],
          [
            10.832575,
            45.859132
          ],
          [
            10.832692,
            45.859645
          ],
          [
            10.832705,
            45.85982
          ],
          [
            10.832715,
            45.859936
          ],
          [
            10.832706,
            45.860086
          ],
          [
            10.832552,
            45.860886
          ],
          [
            10.832573,
            45.861131
          ],
          [
            10.832583,
            45.861147
          ],
          [
            10.832696,
            45.861341
          ],
          [
            10.832721,
            45.861389
          ],
          [
            10.832885,
            45.861881
          ],
          [
            10.833562,
            45.864369
          ],
          [
            10.83417,
            45.867492
          ],
          [
            10.834158,
            45.868
          ],
          [
            10.834183,
            45.868415
          ],
          [
            10.834614,
            45.869545
          ],
          [
            10.834782,
            45.869772
          ],
          [
            10.835281,
            45.870353
          ],
          [
            10.835384,
            45.870498
          ],
          [
            10.835571,
            45.870813
          ],
          [
            10.835783,
            45.871388
          ],
          [
            10.836212,
            45.872851
          ],
          [
            10.83772,
            45.879595
          ],
          [
            10.837801,
            45.880006
          ],
          [
            10.837939,
            45.880531
          ],
          [
            10.838123,
            45.881875
          ],
          [
            10.838195,
            45.882276
          ],
          [
            10.838513,
            45.883261
          ],
          [
            10.838611,
            45.883582
          ],
          [
            10.83861,
            45.883761
          ],
          [
            10.838423,
            45.884059
          ],
          [
            10.838229,
            45.884318
          ],
          [
            10.837997,
            45.884644
          ],
          [
            10.837949,
            45.88476
          ],
          [
            10.837892,
            45.885334
          ],
          [
            10.837857,
            45.886153
          ],
          [
            10.837833,
            45.886622
          ],
          [
            10.837844,
            45.886891
          ],
          [
            10.837903,
            45.887011
          ],
          [
            10.837918,
            45.887031
          ],
          [
            10.838085,
            45.887042
          ],
          [
            10.838437,
            45.887062
          ],
          [
            10.838836,
            45.887085
          ],
          [
            10.83896,
            45.887109
          ],
          [
            10.839662,
            45.886763
          ],
          [
            10.839725,
            45.886748
          ],
          [
            10.839776,
            45.886763
          ],
          [
            10.839808,
            45.886824
          ],
          [
            10.839782,
            45.887226
          ],
          [
            10.83976,
            45.887486
          ],
          [
            10.839749,
            45.887625
          ],
          [
            10.83974,
            45.887728
          ],
          [
            10.839718,
            45.887946
          ],
          [
            10.839715,
            45.887978
          ],
          [
            10.839713,
            45.888
          ],
          [
            10.839703,
            45.888115
          ],
          [
            10.839677,
            45.888372
          ],
          [
            10.839665,
            45.888485
          ],
          [
            10.839622,
            45.888521
          ],
          [
            10.839522,
            45.88857
          ],
          [
            10.839448,
            45.888583
          ],
          [
            10.839338,
            45.888547
          ],
          [
            10.839277,
            45.88852
          ],
          [
            10.839225,
            45.888496
          ],
          [
            10.839201,
            45.888482
          ],
          [
            10.839035,
            45.888348
          ],
          [
            10.838525,
            45.887751
          ],
          [
            10.838469,
            45.887692
          ],
          [
            10.83843,
            45.887643
          ],
          [
            10.838381,
            45.88758
          ],
          [
            10.838311,
            45.887495
          ],
          [
            10.838054,
            45.88739
          ],
          [
            10.838005,
            45.887406
          ],
          [
            10.837896,
            45.887405
          ],
          [
            10.837853,
            45.88739
          ],
          [
            10.83779,
            45.887339
          ],
          [
            10.837777,
            45.887261
          ],
          [
            10.83782,
            45.887202
          ],
          [
            10.837858,
            45.88718
          ],
          [
            10.837918,
            45.887031
          ],
          [
            10.837903,
            45.887011
          ],
          [
            10.837844,
            45.886891
          ],
          [
            10.837833,
            45.886622
          ],
          [
            10.837857,
            45.886153
          ],
          [
            10.837892,
            45.885334
          ],
          [
            10.837949,
            45.88476
          ],
          [
            10.837997,
            45.884644
          ],
          [
            10.838229,
            45.884318
          ],
          [
            10.838423,
            45.884059
          ],
          [
            10.83861,
            45.883761
          ],
          [
            10.838611,
            45.883582
          ],
          [
            10.838513,
            45.883261
          ],
          [
            10.838195,
            45.882276
          ],
          [
            10.838123,
            45.881875
          ],
          [
            10.837939,
            45.880531
          ],
          [
            10.837801,
            45.880006
          ],
          [
            10.83772,
            45.879595
          ],
          [
            10.836212,
            45.872851
          ],
          [
            10.835783,
            45.871388
          ],
          [
            10.835571,
            45.870813
          ],
          [
            10.835384,
            45.870498
          ],
          [
            10.835281,
            45.870353
          ],
          [
            10.834782,
            45.869772
          ],
          [
            10.834614,
            45.869545
          ],
          [
            10.834183,
            45.868415
          ],
          [
            10.834158,
            45.868
          ],
          [
            10.83417,
            45.867492
          ],
          [
            10.833562,
            45.864369
          ],
          [
            10.832885,
            45.861881
          ],
          [
            10.832721,
            45.861389
          ],
          [
            10.832696,
            45.861341
          ],
          [
            10.832583,
            45.861147
          ],
          [
            10.832573,
            45.861131
          ],
          [
            10.832552,
            45.860886
          ],
          [
            10.832706,
            45.860086
          ],
          [
            10.832715,
            45.859936
          ],
          [
            10.832705,
            45.85982
          ],
          [
            10.832692,
            45.859645
          ],
          [
            10.832575,
            45.859132
          ],
          [
            10.832567,
            45.858906
          ],
          [
            10.832586,
            45.85878
          ],
          [
            10.832825,
            45.858292
          ],
          [
            10.833026,
            45.857392
          ],
          [
            10.833228,
            45.856995
          ],
          [
            10.833366,
            45.856629
          ],
          [
            10.833774,
            45.856057
          ],
          [
            10.833948,
            45.855725
          ],
          [
            10.834077,
            45.855293
          ],
          [
            10.834078,
            45.855025
          ],
          [
            10.83401,
            45.854751
          ],
          [
            10.833874,
            45.854448
          ],
          [
            10.833383,
            45.853784
          ],
          [
            10.832945,
            45.853117
          ],
          [
            10.832505,
            45.852496
          ],
          [
            10.832298,
            45.852139
          ],
          [
            10.831802,
            45.850472
          ],
          [
            10.8317,
            45.850234
          ],
          [
            10.831328,
            45.849689
          ],
          [
            10.831102,
            45.849285
          ],
          [
            10.830582,
            45.848145
          ],
          [
            10.83055,
            45.848013
          ],
          [
            10.830461,
            45.847207
          ],
          [
            10.830411,
            45.846933
          ],
          [
            10.830206,
            45.846316
          ],
          [
            10.830111,
            45.846132
          ],
          [
            10.829999,
            45.845984
          ],
          [
            10.829831,
            45.845855
          ],
          [
            10.829156,
            45.845473
          ],
          [
            10.828892,
            45.845301
          ],
          [
            10.828748,
            45.845166
          ],
          [
            10.828588,
            45.844988
          ],
          [
            10.828441,
            45.844803
          ],
          [
            10.828407,
            45.844763
          ],
          [
            10.828281,
            45.844616
          ],
          [
            10.828087,
            45.844436
          ],
          [
            10.827905,
            45.844308
          ],
          [
            10.827769,
            45.84422
          ],
          [
            10.827408,
            45.843988
          ],
          [
            10.827235,
            45.843856
          ],
          [
            10.826957,
            45.84357
          ],
          [
            10.826856,
            45.843424
          ],
          [
            10.82656,
            45.842901
          ],
          [
            10.826471,
            45.842679
          ],
          [
            10.826304,
            45.842265
          ],
          [
            10.826184,
            45.842085
          ],
          [
            10.826056,
            45.841928
          ],
          [
            10.825901,
            45.841662
          ],
          [
            10.825792,
            45.84119
          ],
          [
            10.825771,
            45.840894
          ],
          [
            10.825801,
            45.840669
          ],
          [
            10.825964,
            45.840197
          ],
          [
            10.826026,
            45.839959
          ],
          [
            10.826054,
            45.83955
          ],
          [
            10.826007,
            45.839199
          ],
          [
            10.825887,
            45.838742
          ],
          [
            10.82573,
            45.838099
          ],
          [
            10.82569,
            45.837946
          ],
          [
            10.825614,
            45.837699
          ],
          [
            10.825536,
            45.837488
          ],
          [
            10.825188,
            45.836605
          ],
          [
            10.825145,
            45.836259
          ],
          [
            10.825142,
            45.835995
          ],
          [
            10.825337,
            45.834718
          ],
          [
            10.825445,
            45.834416
          ],
          [
            10.825468,
            45.834232
          ],
          [
            10.825503,
            45.833952
          ],
          [
            10.825491,
            45.833835
          ],
          [
            10.825222,
            45.832996
          ],
          [
            10.82506,
            45.832709
          ],
          [
            10.824886,
            45.832411
          ],
          [
            10.824766,
            45.832216
          ],
          [
            10.824589,
            45.83203
          ],
          [
            10.823496,
            45.831287
          ],
          [
            10.823312,
            45.831137
          ],
          [
            10.82316,
            45.830973
          ],
          [
            10.823029,
            45.830753
          ],
          [
            10.822421,
            45.829582
          ],
          [
            10.822331,
            45.829447
          ],
          [
            10.822136,
            45.82925
          ],
          [
            10.821764,
            45.82901
          ],
          [
            10.82161,
            45.828908
          ],
          [
            10.821417,
            45.82877
          ],
          [
            10.821238,
            45.828599
          ],
          [
            10.82121,
            45.828572
          ],
          [
            10.821186,
            45.828546
          ],
          [
            10.820831,
            45.82823
          ],
          [
            10.82046,
            45.828013
          ],
          [
            10.82023,
            45.827915
          ],
          [
            10.819961,
            45.827828
          ],
          [
            10.819638,
            45.827749
          ],
          [
            10.81917,
            45.827697
          ],
          [
            10.817899,
            45.827715
          ],
          [
            10.817543,
            45.82768
          ],
          [
            10.817145,
            45.827576
          ],
          [
            10.816788,
            45.827432
          ],
          [
            10.816423,
            45.827227
          ],
          [
            10.816166,
            45.827023
          ],
          [
            10.815593,
            45.826376
          ],
          [
            10.815274,
            45.826116
          ],
          [
            10.814946,
            45.825953
          ],
          [
            10.814364,
            45.825707
          ],
          [
            10.814105,
            45.825558
          ],
          [
            10.813952,
            45.825452
          ],
          [
            10.813414,
            45.824991
          ],
          [
            10.813113,
            45.824807
          ],
          [
            10.812815,
            45.824693
          ],
          [
            10.812153,
            45.824537
          ],
          [
            10.812067,
            45.824518
          ],
          [
            10.811968,
            45.824495
          ],
          [
            10.811503,
            45.824391
          ],
          [
            10.811048,
            45.824279
          ],
          [
            10.810797,
            45.824233
          ],
          [
            10.810543,
            45.824208
          ],
          [
            10.810308,
            45.824193
          ],
          [
            10.810081,
            45.824199
          ],
          [
            10.809725,
            45.824227
          ],
          [
            10.809422,
            45.824215
          ],
          [
            10.809282,
            45.824185
          ],
          [
            10.809085,
            45.824112
          ],
          [
            10.808961,
            45.824043
          ],
          [
            10.808844,
            45.823949
          ],
          [
            10.808589,
            45.823727
          ],
          [
            10.80837,
            45.823558
          ],
          [
            10.808198,
            45.823451
          ],
          [
            10.807865,
            45.823306
          ],
          [
            10.807211,
            45.823129
          ],
          [
            10.805949,
            45.822862
          ],
          [
            10.805432,
            45.822736
          ],
          [
            10.805045,
            45.822586
          ],
          [
            10.804608,
            45.822383
          ],
          [
            10.80438,
            45.822251
          ],
          [
            10.804183,
            45.822164
          ],
          [
            10.803922,
            45.822066
          ],
          [
            10.803887,
            45.822052
          ],
          [
            10.803306,
            45.821835
          ],
          [
            10.802867,
            45.821694
          ],
          [
            10.802663,
            45.821663
          ],
          [
            10.802349,
            45.821639
          ],
          [
            10.801859,
            45.821664
          ],
          [
            10.80146,
            45.821671
          ],
          [
            10.801218,
            45.821654
          ],
          [
            10.80112,
            45.821641
          ],
          [
            10.800839,
            45.821567
          ],
          [
            10.800412,
            45.821419
          ],
          [
            10.800168,
            45.821288
          ],
          [
            10.800076,
            45.821219
          ],
          [
            10.799801,
            45.820948
          ],
          [
            10.799493,
            45.820636
          ],
          [
            10.799205,
            45.820451
          ],
          [
            10.798846,
            45.820249
          ],
          [
            10.798088,
            45.819903
          ],
          [
            10.797799,
            45.819761
          ],
          [
            10.797493,
            45.819607
          ],
          [
            10.797328,
            45.819526
          ],
          [
            10.796751,
            45.819231
          ],
          [
            10.796499,
            45.819024
          ],
          [
            10.796447,
            45.818971
          ],
          [
            10.79639,
            45.818907
          ],
          [
            10.796242,
            45.818739
          ],
          [
            10.796202,
            45.818692
          ],
          [
            10.796195,
            45.818684
          ],
          [
            10.796112,
            45.81859
          ],
          [
            10.796052,
            45.818526
          ],
          [
            10.795895,
            45.818367
          ],
          [
            10.795494,
            45.818099
          ],
          [
            10.794463,
            45.81749
          ],
          [
            10.793605,
            45.817185
          ],
          [
            10.793428,
            45.817125
          ],
          [
            10.793107,
            45.81701
          ],
          [
            10.793002,
            45.816967
          ],
          [
            10.79251,
            45.816773
          ],
          [
            10.792175,
            45.816597
          ],
          [
            10.79187,
            45.81636
          ],
          [
            10.791656,
            45.816071
          ],
          [
            10.791555,
            45.815846
          ],
          [
            10.79144,
            45.815493
          ],
          [
            10.79141,
            45.815158
          ],
          [
            10.791434,
            45.814785
          ],
          [
            10.791439,
            45.814753
          ],
          [
            10.791454,
            45.814668
          ],
          [
            10.791527,
            45.814444
          ],
          [
            10.791791,
            45.813908
          ],
          [
            10.791854,
            45.813789
          ],
          [
            10.791873,
            45.813754
          ],
          [
            10.791903,
            45.813695
          ],
          [
            10.79214,
            45.813226
          ],
          [
            10.792237,
            45.812918
          ],
          [
            10.79228,
            45.812652
          ],
          [
            10.792287,
            45.812376
          ],
          [
            10.792258,
            45.81213
          ],
          [
            10.792102,
            45.811577
          ],
          [
            10.792033,
            45.811354
          ],
          [
            10.79191,
            45.811081
          ],
          [
            10.791859,
            45.810998
          ],
          [
            10.79177,
            45.810876
          ],
          [
            10.791132,
            45.810196
          ],
          [
            10.791074,
            45.810129
          ],
          [
            10.791015,
            45.810057
          ],
          [
            10.790829,
            45.809827
          ],
          [
            10.790777,
            45.809768
          ],
          [
            10.790762,
            45.80975
          ],
          [
            10.790202,
            45.809092
          ],
          [
            10.790098,
            45.808989
          ],
          [
            10.79001,
            45.80891
          ],
          [
            10.789755,
            45.808715
          ],
          [
            10.789525,
            45.808572
          ],
          [
            10.789037,
            45.808319
          ],
          [
            10.788671,
            45.808157
          ],
          [
            10.788464,
            45.808048
          ],
          [
            10.788235,
            45.807896
          ],
          [
            10.78804,
            45.80774
          ],
          [
            10.787934,
            45.807629
          ],
          [
            10.787722,
            45.807345
          ],
          [
            10.787625,
            45.80715
          ],
          [
            10.787457,
            45.806648
          ],
          [
            10.787364,
            45.806136
          ],
          [
            10.787346,
            45.80563
          ],
          [
            10.787369,
            45.80529
          ],
          [
            10.787391,
            45.804936
          ],
          [
            10.787406,
            45.804755
          ],
          [
            10.787415,
            45.804315
          ],
          [
            10.787363,
            45.803995
          ],
          [
            10.78731,
            45.803823
          ],
          [
            10.786761,
            45.802493
          ],
          [
            10.786622,
            45.802196
          ],
          [
            10.786515,
            45.802027
          ],
          [
            10.786505,
            45.802013
          ],
          [
            10.786337,
            45.801767
          ],
          [
            10.785907,
            45.801343
          ],
          [
            10.785656,
            45.801106
          ],
          [
            10.785582,
            45.801051
          ],
          [
            10.785408,
            45.800928
          ],
          [
            10.785092,
            45.800774
          ],
          [
            10.78474,
            45.800657
          ],
          [
            10.783959,
            45.80043
          ],
          [
            10.783645,
            45.800304
          ],
          [
            10.7835,
            45.800202
          ],
          [
            10.783436,
            45.800117
          ],
          [
            10.783377,
            45.799954
          ],
          [
            10.783372,
            45.799773
          ],
          [
            10.783327,
            45.799106
          ],
          [
            10.783193,
            45.798859
          ],
          [
            10.782937,
            45.798323
          ],
          [
            10.782866,
            45.798132
          ],
          [
            10.782856,
            45.79796
          ],
          [
            10.782904,
            45.797606
          ],
          [
            10.782873,
            45.797398
          ],
          [
            10.782834,
            45.796889
          ],
          [
            10.782833,
            45.796719
          ],
          [
            10.782883,
            45.796348
          ],
          [
            10.782873,
            45.796252
          ],
          [
            10.782835,
            45.796149
          ],
          [
            10.782498,
            45.795599
          ],
          [
            10.782248,
            45.794964
          ],
          [
            10.782108,
            45.794741
          ],
          [
            10.781298,
            45.793763
          ],
          [
            10.781089,
            45.793528
          ],
          [
            10.780792,
            45.793124
          ],
          [
            10.780292,
            45.792553
          ],
          [
            10.780115,
            45.7922
          ],
          [
            10.779764,
            45.791234
          ],
          [
            10.779068,
            45.790259
          ],
          [
            10.778274,
            45.789527
          ],
          [
            10.77771,
            45.788882
          ],
          [
            10.777283,
            45.788261
          ],
          [
            10.776952,
            45.787697
          ],
          [
            10.776833,
            45.787355
          ],
          [
            10.776763,
            45.786912
          ],
          [
            10.776812,
            45.786514
          ],
          [
            10.776929,
            45.786041
          ],
          [
            10.777345,
            45.784704
          ],
          [
            10.7775,
            45.784288
          ],
          [
            10.777615,
            45.783992
          ],
          [
            10.777649,
            45.783707
          ],
          [
            10.777613,
            45.783399
          ],
          [
            10.777462,
            45.782897
          ],
          [
            10.777092,
            45.782019
          ],
          [
            10.776978,
            45.781832
          ],
          [
            10.776844,
            45.781681
          ],
          [
            10.776672,
            45.781549
          ],
          [
            10.776468,
            45.781446
          ],
          [
            10.776122,
            45.781355
          ],
          [
            10.775244,
            45.781163
          ],
          [
            10.774875,
            45.781056
          ],
          [
            10.774537,
            45.780928
          ],
          [
            10.774263,
            45.780783
          ],
          [
            10.774138,
            45.780688
          ],
          [
            10.773663,
            45.78007
          ],
          [
            10.773346,
            45.779701
          ],
          [
            10.773014,
            45.779439
          ],
          [
            10.772495,
            45.779084
          ],
          [
            10.769928,
            45.777224
          ],
          [
            10.767932,
            45.775613
          ],
          [
            10.766583,
            45.774568
          ],
          [
            10.766285,
            45.774267
          ],
          [
            10.765089,
            45.772454
          ],
          [
            10.764815,
            45.771988
          ],
          [
            10.763986,
            45.770463
          ],
          [
            10.763808,
            45.770201
          ],
          [
            10.763355,
            45.769757
          ],
          [
            10.762884,
            45.769288
          ],
          [
            10.762178,
            45.76859
          ],
          [
            10.761662,
            45.768028
          ],
          [
            10.761443,
            45.767856
          ],
          [
            10.761136,
            45.767677
          ],
          [
            10.761038,
            45.76759
          ],
          [
            10.760752,
            45.767233
          ],
          [
            10.760268,
            45.766761
          ],
          [
            10.760004,
            45.766419
          ],
          [
            10.75966,
            45.766169
          ],
          [
            10.759358,
            45.765786
          ],
          [
            10.759012,
            45.765514
          ],
          [
            10.758844,
            45.765356
          ],
          [
            10.758785,
            45.765247
          ],
          [
            10.758681,
            45.76497
          ],
          [
            10.758572,
            45.764793
          ],
          [
            10.758236,
            45.764437
          ],
          [
            10.758051,
            45.764306
          ],
          [
            10.757498,
            45.764031
          ],
          [
            10.75623,
            45.763184
          ],
          [
            10.756004,
            45.763056
          ],
          [
            10.755727,
            45.76293
          ],
          [
            10.754685,
            45.762533
          ],
          [
            10.754497,
            45.762426
          ],
          [
            10.75373,
            45.761859
          ],
          [
            10.753387,
            45.76161
          ],
          [
            10.753028,
            45.761353
          ],
          [
            10.751014,
            45.759944
          ],
          [
            10.749643,
            45.759014
          ],
          [
            10.749478,
            45.758871
          ],
          [
            10.74909,
            45.758511
          ],
          [
            10.748728,
            45.75805
          ],
          [
            10.74782,
            45.756348
          ],
          [
            10.747671,
            45.756053
          ],
          [
            10.74753,
            45.755704
          ],
          [
            10.746818,
            45.753804
          ],
          [
            10.746513,
            45.75253
          ],
          [
            10.74608,
            45.750308
          ],
          [
            10.745911,
            45.749437
          ],
          [
            10.745765,
            45.748853
          ],
          [
            10.745324,
            45.747895
          ],
          [
            10.744529,
            45.746992
          ],
          [
            10.743992,
            45.746466
          ],
          [
            10.742348,
            45.744955
          ],
          [
            10.741059,
            45.743543
          ],
          [
            10.740636,
            45.743178
          ],
          [
            10.739982,
            45.742614
          ],
          [
            10.739738,
            45.74238
          ],
          [
            10.735871,
            45.738407
          ],
          [
            10.735764,
            45.738267
          ],
          [
            10.735671,
            45.738095
          ],
          [
            10.735649,
            45.737966
          ],
          [
            10.735657,
            45.73743
          ],
          [
            10.735631,
            45.737226
          ],
          [
            10.735583,
            45.737089
          ],
          [
            10.735472,
            45.736902
          ],
          [
            10.73511,
            45.736408
          ],
          [
            10.734978,
            45.73625
          ],
          [
            10.734706,
            45.736031
          ],
          [
            10.734539,
            45.735934
          ],
          [
            10.734226,
            45.735785
          ],
          [
            10.734059,
            45.735732
          ],
          [
            10.733818,
            45.735682
          ],
          [
            10.733613,
            45.735656
          ],
          [
            10.733019,
            45.735617
          ],
          [
            10.732884,
            45.735595
          ],
          [
            10.732714,
            45.735541
          ],
          [
            10.732552,
            45.735455
          ],
          [
            10.732478,
            45.735413
          ],
          [
            10.732269,
            45.735268
          ],
          [
            10.731368,
            45.734637
          ],
          [
            10.731113,
            45.734464
          ],
          [
            10.730102,
            45.733756
          ],
          [
            10.729991,
            45.733692
          ],
          [
            10.729709,
            45.733562
          ],
          [
            10.729056,
            45.733353
          ],
          [
            10.728725,
            45.733197
          ],
          [
            10.728329,
            45.732974
          ],
          [
            10.727562,
            45.732468
          ],
          [
            10.726062,
            45.731697
          ],
          [
            10.725634,
            45.731502
          ],
          [
            10.725324,
            45.73138
          ],
          [
            10.724029,
            45.730925
          ],
          [
            10.723594,
            45.730741
          ],
          [
            10.723181,
            45.730557
          ],
          [
            10.721282,
            45.729598
          ],
          [
            10.720841,
            45.729322
          ],
          [
            10.720519,
            45.729071
          ],
          [
            10.720394,
            45.728916
          ],
          [
            10.720162,
            45.728374
          ],
          [
            10.720004,
            45.728167
          ],
          [
            10.719904,
            45.7281
          ],
          [
            10.719637,
            45.727978
          ],
          [
            10.719435,
            45.727933
          ],
          [
            10.719143,
            45.727924
          ],
          [
            10.718374,
            45.727942
          ],
          [
            10.717841,
            45.727913
          ],
          [
            10.717573,
            45.727865
          ],
          [
            10.716337,
            45.727438
          ],
          [
            10.715547,
            45.727074
          ],
          [
            10.711738,
            45.724509
          ],
          [
            10.711129,
            45.724074
          ],
          [
            10.710587,
            45.723646
          ],
          [
            10.709973,
            45.7231
          ],
          [
            10.70937,
            45.722498
          ],
          [
            10.708821,
            45.721791
          ],
          [
            10.707428,
            45.719562
          ],
          [
            10.707121,
            45.719102
          ],
          [
            10.706852,
            45.718699
          ],
          [
            10.706128,
            45.717897
          ],
          [
            10.70592,
            45.71771
          ],
          [
            10.70493,
            45.717048
          ],
          [
            10.704619,
            45.716871
          ],
          [
            10.70424,
            45.716653
          ],
          [
            10.703964,
            45.71646
          ],
          [
            10.702457,
            45.714958
          ],
          [
            10.702268,
            45.7148
          ],
          [
            10.701511,
            45.714247
          ],
          [
            10.701439,
            45.714182
          ],
          [
            10.701333,
            45.714056
          ],
          [
            10.700932,
            45.713429
          ],
          [
            10.700529,
            45.71277
          ],
          [
            10.700362,
            45.712497
          ],
          [
            10.700254,
            45.71241
          ],
          [
            10.700152,
            45.7124
          ],
          [
            10.699827,
            45.712432
          ],
          [
            10.699664,
            45.712408
          ],
          [
            10.699575,
            45.712359
          ],
          [
            10.699108,
            45.711977
          ],
          [
            10.697173,
            45.710597
          ],
          [
            10.696802,
            45.710309
          ],
          [
            10.696455,
            45.709926
          ],
          [
            10.695926,
            45.709498
          ],
          [
            10.695193,
            45.709073
          ],
          [
            10.69478,
            45.708885
          ],
          [
            10.694421,
            45.708755
          ],
          [
            10.69391,
            45.708643
          ],
          [
            10.693823,
            45.708621
          ],
          [
            10.693401,
            45.708527
          ],
          [
            10.693127,
            45.708474
          ],
          [
            10.692309,
            45.708294
          ],
          [
            10.691786,
            45.708185
          ],
          [
            10.691408,
            45.708101
          ],
          [
            10.69095,
            45.707955
          ],
          [
            10.690471,
            45.707736
          ],
          [
            10.690226,
            45.707557
          ],
          [
            10.689482,
            45.706887
          ],
          [
            10.688888,
            45.706524
          ],
          [
            10.688091,
            45.706184
          ],
          [
            10.68739,
            45.705699
          ],
          [
            10.685713,
            45.704793
          ],
          [
            10.684788,
            45.704231
          ],
          [
            10.684091,
            45.704017
          ],
          [
            10.683147,
            45.703686
          ],
          [
            10.682099,
            45.703368
          ],
          [
            10.681742,
            45.703261
          ],
          [
            10.68147,
            45.703167
          ],
          [
            10.680972,
            45.702954
          ],
          [
            10.680727,
            45.702834
          ],
          [
            10.680578,
            45.702743
          ],
          [
            10.680465,
            45.702638
          ],
          [
            10.680383,
            45.702466
          ],
          [
            10.680297,
            45.702351
          ],
          [
            10.680104,
            45.702175
          ],
          [
            10.67907,
            45.701627
          ],
          [
            10.678831,
            45.701469
          ],
          [
            10.678712,
            45.701377
          ],
          [
            10.677956,
            45.700642
          ],
          [
            10.677144,
            45.699836
          ],
          [
            10.67701,
            45.699739
          ],
          [
            10.676642,
            45.699546
          ],
          [
            10.67629,
            45.699379
          ],
          [
            10.67584,
            45.699148
          ],
          [
            10.673838,
            45.697782
          ],
          [
            10.673553,
            45.697605
          ],
          [
            10.672796,
            45.697239
          ],
          [
            10.672514,
            45.69706
          ],
          [
            10.671923,
            45.696603
          ],
          [
            10.67185,
            45.696545
          ],
          [
            10.671287,
            45.696084
          ],
          [
            10.671067,
            45.69596
          ],
          [
            10.670898,
            45.695897
          ],
          [
            10.670508,
            45.695796
          ],
          [
            10.668861,
            45.695105
          ],
          [
            10.668478,
            45.694916
          ],
          [
            10.668312,
            45.694776
          ],
          [
            10.667944,
            45.694033
          ],
          [
            10.667776,
            45.69387
          ],
          [
            10.667603,
            45.693756
          ],
          [
            10.667378,
            45.693554
          ],
          [
            10.667285,
            45.693398
          ],
          [
            10.667205,
            45.693094
          ],
          [
            10.667186,
            45.692996
          ],
          [
            10.667119,
            45.692541
          ],
          [
            10.667066,
            45.692413
          ],
          [
            10.666983,
            45.692288
          ],
          [
            10.666824,
            45.692149
          ],
          [
            10.66625,
            45.691785
          ],
          [
            10.665172,
            45.691143
          ],
          [
            10.664966,
            45.691004
          ],
          [
            10.664494,
            45.6907
          ],
          [
            10.664374,
            45.690602
          ],
          [
            10.664307,
            45.690506
          ],
          [
            10.664128,
            45.690002
          ],
          [
            10.664059,
            45.689819
          ],
          [
            10.663889,
            45.689611
          ],
          [
            10.663718,
            45.68948
          ],
          [
            10.663474,
            45.689359
          ],
          [
            10.663337,
            45.689288
          ],
          [
            10.662399,
            45.68882
          ],
          [
            10.661682,
            45.688399
          ],
          [
            10.661195,
            45.688039
          ],
          [
            10.661008,
            45.687861
          ],
          [
            10.660873,
            45.687691
          ],
          [
            10.660626,
            45.687319
          ],
          [
            10.660395,
            45.68695
          ],
          [
            10.660142,
            45.68655
          ],
          [
            10.660091,
            45.686481
          ],
          [
            10.660034,
            45.686404
          ],
          [
            10.659693,
            45.685962
          ],
          [
            10.659203,
            45.685456
          ],
          [
            10.659038,
            45.685283
          ],
          [
            10.658687,
            45.684924
          ],
          [
            10.658582,
            45.684815
          ],
          [
            10.658205,
            45.684432
          ],
          [
            10.658073,
            45.684292
          ],
          [
            10.657961,
            45.684163
          ],
          [
            10.657653,
            45.683838
          ],
          [
            10.657631,
            45.683815
          ],
          [
            10.657429,
            45.68364
          ],
          [
            10.656551,
            45.683018
          ],
          [
            10.654921,
            45.681852
          ],
          [
            10.654637,
            45.681581
          ],
          [
            10.654467,
            45.681349
          ],
          [
            10.654345,
            45.681122
          ],
          [
            10.654271,
            45.680983
          ],
          [
            10.654116,
            45.680311
          ],
          [
            10.654023,
            45.679858
          ],
          [
            10.654012,
            45.679808
          ],
          [
            10.653991,
            45.679712
          ],
          [
            10.65396,
            45.679571
          ],
          [
            10.653844,
            45.679049
          ],
          [
            10.653735,
            45.678504
          ],
          [
            10.65365,
            45.678237
          ],
          [
            10.653473,
            45.677793
          ],
          [
            10.653306,
            45.677578
          ],
          [
            10.653284,
            45.67755
          ],
          [
            10.652751,
            45.676754
          ],
          [
            10.652729,
            45.676721
          ],
          [
            10.652534,
            45.676511
          ],
          [
            10.652152,
            45.676244
          ],
          [
            10.651246,
            45.675545
          ],
          [
            10.65117,
            45.675479
          ],
          [
            10.65111,
            45.675422
          ],
          [
            10.650838,
            45.675206
          ],
          [
            10.650711,
            45.675105
          ],
          [
            10.65057,
            45.674946
          ],
          [
            10.650406,
            45.674645
          ],
          [
            10.650373,
            45.674513
          ],
          [
            10.650283,
            45.674501
          ],
          [
            10.650222,
            45.674453
          ],
          [
            10.650217,
            45.674388
          ],
          [
            10.65027,
            45.674336
          ],
          [
            10.65035,
            45.674317
          ],
          [
            10.65042,
            45.674036
          ],
          [
            10.650904,
            45.673191
          ],
          [
            10.651133,
            45.672747
          ],
          [
            10.651296,
            45.672419
          ],
          [
            10.651533,
            45.671892
          ],
          [
            10.651558,
            45.671573
          ],
          [
            10.651522,
            45.671326
          ],
          [
            10.651378,
            45.670951
          ],
          [
            10.651239,
            45.670705
          ],
          [
            10.651102,
            45.670554
          ],
          [
            10.650872,
            45.670388
          ],
          [
            10.650505,
            45.670071
          ],
          [
            10.650266,
            45.669782
          ],
          [
            10.650174,
            45.669639
          ],
          [
            10.650015,
            45.669343
          ],
          [
            10.649922,
            45.669161
          ],
          [
            10.649752,
            45.668852
          ],
          [
            10.649536,
            45.66843
          ],
          [
            10.649267,
            45.667978
          ],
          [
            10.648989,
            45.667673
          ],
          [
            10.64823,
            45.66709
          ],
          [
            10.648041,
            45.666912
          ],
          [
            10.647708,
            45.666399
          ],
          [
            10.647281,
            45.665885
          ],
          [
            10.646901,
            45.6655
          ],
          [
            10.646691,
            45.665328
          ],
          [
            10.646457,
            45.66518
          ],
          [
            10.645896,
            45.664901
          ],
          [
            10.645639,
            45.664731
          ],
          [
            10.645351,
            45.664465
          ],
          [
            10.645273,
            45.66435
          ],
          [
            10.645087,
            45.663958
          ],
          [
            10.64495,
            45.663741
          ],
          [
            10.644775,
            45.66352
          ],
          [
            10.643528,
            45.662447
          ],
          [
            10.643194,
            45.662141
          ],
          [
            10.643113,
            45.662064
          ],
          [
            10.642325,
            45.661344
          ],
          [
            10.642046,
            45.661146
          ],
          [
            10.641614,
            45.660881
          ],
          [
            10.641174,
            45.660561
          ],
          [
            10.639591,
            45.659587
          ],
          [
            10.63937,
            45.659493
          ],
          [
            10.639001,
            45.659382
          ],
          [
            10.638841,
            45.659283
          ],
          [
            10.638023,
            45.658625
          ],
          [
            10.637809,
            45.658501
          ],
          [
            10.637547,
            45.65822
          ],
          [
            10.637116,
            45.657868
          ],
          [
            10.636069,
            45.657132
          ],
          [
            10.635802,
            45.65677
          ],
          [
            10.635216,
            45.656169
          ],
          [
            10.634869,
            45.655943
          ],
          [
            10.634703,
            45.65581
          ],
          [
            10.63405,
            45.655478
          ],
          [
            10.633947,
            45.655386
          ],
          [
            10.63367,
            45.655241
          ],
          [
            10.632718,
            45.654639
          ],
          [
            10.632131,
            45.654429
          ],
          [
            10.631137,
            45.654027
          ],
          [
            10.630267,
            45.653615
          ],
          [
            10.628914,
            45.652868
          ],
          [
            10.628689,
            45.652663
          ],
          [
            10.628301,
            45.652083
          ],
          [
            10.627292,
            45.651226
          ],
          [
            10.627061,
            45.651092
          ],
          [
            10.626559,
            45.650851
          ],
          [
            10.626186,
            45.650651
          ],
          [
            10.625696,
            45.65036
          ],
          [
            10.624894,
            45.649767
          ],
          [
            10.623234,
            45.648966
          ],
          [
            10.622762,
            45.648702
          ],
          [
            10.621841,
            45.648079
          ],
          [
            10.620973,
            45.647667
          ],
          [
            10.620113,
            45.647298
          ],
          [
            10.619139,
            45.646839
          ],
          [
            10.618295,
            45.646306
          ],
          [
            10.617691,
            45.646024
          ],
          [
            10.617492,
            45.645882
          ],
          [
            10.617403,
            45.645745
          ],
          [
            10.617227,
            45.645254
          ],
          [
            10.617014,
            45.644696
          ],
          [
            10.616969,
            45.644619
          ],
          [
            10.616839,
            45.644411
          ],
          [
            10.616556,
            45.644133
          ],
          [
            10.616072,
            45.643771
          ],
          [
            10.615111,
            45.643113
          ],
          [
            10.614929,
            45.642983
          ],
          [
            10.614856,
            45.64294
          ],
          [
            10.614322,
            45.642592
          ],
          [
            10.613842,
            45.642389
          ],
          [
            10.613572,
            45.642279
          ],
          [
            10.613512,
            45.642278
          ],
          [
            10.61343,
            45.64224
          ],
          [
            10.613403,
            45.642219
          ],
          [
            10.613184,
            45.642173
          ],
          [
            10.611424,
            45.641594
          ],
          [
            10.611347,
            45.64157
          ],
          [
            10.610428,
            45.641275
          ],
          [
            10.60966,
            45.641039
          ],
          [
            10.60951,
            45.64099
          ],
          [
            10.609138,
            45.640868
          ],
          [
            10.609106,
            45.640857
          ],
          [
            10.609016,
            45.640836
          ],
          [
            10.608965,
            45.640838
          ],
          [
            10.608923,
            45.640884
          ],
          [
            10.608852,
            45.640905
          ],
          [
            10.608771,
            45.640891
          ],
          [
            10.608739,
            45.640871
          ],
          [
            10.608711,
            45.640825
          ],
          [
            10.608723,
            45.640775
          ],
          [
            10.608702,
            45.640739
          ],
          [
            10.608605,
            45.640677
          ],
          [
            10.608511,
            45.640611
          ],
          [
            10.608425,
            45.64052
          ],
          [
            10.608226,
            45.640206
          ],
          [
            10.60819,
            45.640144
          ],
          [
            10.608027,
            45.63986
          ],
          [
            10.607663,
            45.639076
          ],
          [
            10.60748,
            45.638647
          ],
          [
            10.607311,
            45.638333
          ],
          [
            10.607105,
            45.638038
          ],
          [
            10.606609,
            45.637666
          ],
          [
            10.606092,
            45.637311
          ],
          [
            10.605286,
            45.636865
          ],
          [
            10.605235,
            45.636887
          ],
          [
            10.60515,
            45.636872
          ],
          [
            10.605116,
            45.636813
          ],
          [
            10.605142,
            45.636774
          ],
          [
            10.603736,
            45.636073
          ],
          [
            10.602914,
            45.635653
          ],
          [
            10.602889,
            45.635639
          ],
          [
            10.602071,
            45.635206
          ],
          [
            10.601998,
            45.63517
          ],
          [
            10.601939,
            45.635141
          ],
          [
            10.601645,
            45.635001
          ],
          [
            10.601371,
            45.634915
          ],
          [
            10.601169,
            45.63489
          ],
          [
            10.600984,
            45.634889
          ],
          [
            10.600496,
            45.635003
          ],
          [
            10.600099,
            45.635131
          ],
          [
            10.599819,
            45.635237
          ],
          [
            10.599578,
            45.635364
          ],
          [
            10.599394,
            45.635471
          ],
          [
            10.599166,
            45.63559
          ],
          [
            10.59885,
            45.635691
          ],
          [
            10.598639,
            45.635713
          ],
          [
            10.598453,
            45.635714
          ],
          [
            10.597943,
            45.635695
          ],
          [
            10.597587,
            45.635654
          ],
          [
            10.59721,
            45.635573
          ],
          [
            10.596922,
            45.635471
          ],
          [
            10.596213,
            45.635127
          ],
          [
            10.595668,
            45.634904
          ],
          [
            10.595543,
            45.634857
          ],
          [
            10.595245,
            45.63474
          ],
          [
            10.594527,
            45.634416
          ],
          [
            10.594052,
            45.634174
          ],
          [
            10.592571,
            45.633396
          ],
          [
            10.592262,
            45.633219
          ],
          [
            10.592034,
            45.633058
          ],
          [
            10.59173,
            45.63275
          ],
          [
            10.591511,
            45.632579
          ],
          [
            10.591251,
            45.632439
          ],
          [
            10.590366,
            45.632071
          ],
          [
            10.589931,
            45.631854
          ],
          [
            10.589451,
            45.631587
          ],
          [
            10.588473,
            45.630979
          ],
          [
            10.587311,
            45.630118
          ],
          [
            10.587001,
            45.629869
          ],
          [
            10.5868,
            45.629671
          ],
          [
            10.586739,
            45.629553
          ],
          [
            10.586659,
            45.629397
          ],
          [
            10.586609,
            45.6292
          ],
          [
            10.586602,
            45.628909
          ],
          [
            10.586619,
            45.628604
          ],
          [
            10.586643,
            45.627994
          ],
          [
            10.586618,
            45.627818
          ],
          [
            10.586511,
            45.627634
          ],
          [
            10.58546,
            45.626497
          ],
          [
            10.58528,
            45.626366
          ],
          [
            10.584814,
            45.626125
          ],
          [
            10.584497,
            45.626041
          ],
          [
            10.584244,
            45.626012
          ],
          [
            10.584078,
            45.626024
          ],
          [
            10.583104,
            45.626154
          ],
          [
            10.583081,
            45.626157
          ],
          [
            10.582271,
            45.626188
          ],
          [
            10.581437,
            45.626166
          ],
          [
            10.579529,
            45.626178
          ],
          [
            10.578614,
            45.626102
          ],
          [
            10.577766,
            45.625991
          ],
          [
            10.57682,
            45.625837
          ],
          [
            10.57645,
            45.625751
          ],
          [
            10.575417,
            45.625492
          ],
          [
            10.574943,
            45.625325
          ],
          [
            10.574621,
            45.625176
          ],
          [
            10.574167,
            45.624867
          ],
          [
            10.573728,
            45.624508
          ],
          [
            10.573501,
            45.624357
          ],
          [
            10.573393,
            45.624294
          ],
          [
            10.573139,
            45.624183
          ],
          [
            10.572806,
            45.624061
          ],
          [
            10.572601,
            45.624
          ],
          [
            10.571792,
            45.623741
          ],
          [
            10.57145,
            45.623571
          ],
          [
            10.571258,
            45.623447
          ],
          [
            10.570416,
            45.622764
          ],
          [
            10.570294,
            45.622682
          ],
          [
            10.570138,
            45.622578
          ],
          [
            10.569519,
            45.622276
          ],
          [
            10.569407,
            45.6222
          ],
          [
            10.56887,
            45.621994
          ],
          [
            10.568491,
            45.621817
          ],
          [
            10.567343,
            45.621153
          ],
          [
            10.567256,
            45.6211
          ],
          [
            10.566934,
            45.620905
          ],
          [
            10.566096,
            45.620339
          ],
          [
            10.565341,
            45.619797
          ],
          [
            10.565263,
            45.619722
          ],
          [
            10.564909,
            45.619469
          ],
          [
            10.564467,
            45.619291
          ],
          [
            10.562826,
            45.618826
          ],
          [
            10.561578,
            45.618564
          ],
          [
            10.561014,
            45.618467
          ],
          [
            10.559811,
            45.618234
          ],
          [
            10.559114,
            45.618126
          ],
          [
            10.558858,
            45.618066
          ],
          [
            10.55842,
            45.617968
          ],
          [
            10.557994,
            45.61779
          ],
          [
            10.557393,
            45.617445
          ],
          [
            10.55648,
            45.616984
          ],
          [
            10.555468,
            45.616439
          ],
          [
            10.555355,
            45.616386
          ],
          [
            10.553496,
            45.615506
          ],
          [
            10.553219,
            45.615381
          ],
          [
            10.552988,
            45.615281
          ],
          [
            10.552634,
            45.615128
          ],
          [
            10.55125,
            45.614565
          ],
          [
            10.55111,
            45.614511
          ],
          [
            10.550558,
            45.614366
          ],
          [
            10.550421,
            45.614338
          ],
          [
            10.550304,
            45.614313
          ],
          [
            10.549363,
            45.614144
          ],
          [
            10.54889,
            45.614055
          ],
          [
            10.54877,
            45.614033
          ],
          [
            10.547297,
            45.613761
          ],
          [
            10.545824,
            45.613451
          ],
          [
            10.545413,
            45.613348
          ],
          [
            10.545008,
            45.613218
          ],
          [
            10.544381,
            45.612981
          ],
          [
            10.543971,
            45.612856
          ],
          [
            10.543417,
            45.612724
          ],
          [
            10.542894,
            45.61263
          ],
          [
            10.542399,
            45.612497
          ],
          [
            10.541938,
            45.612345
          ],
          [
            10.541479,
            45.612224
          ],
          [
            10.541234,
            45.612163
          ],
          [
            10.539672,
            45.61155
          ],
          [
            10.539337,
            45.611391
          ],
          [
            10.538948,
            45.611242
          ],
          [
            10.53843,
            45.611042
          ],
          [
            10.537743,
            45.610822
          ],
          [
            10.537377,
            45.610743
          ],
          [
            10.537147,
            45.610734
          ],
          [
            10.53669,
            45.610782
          ],
          [
            10.536464,
            45.610739
          ],
          [
            10.536263,
            45.610662
          ],
          [
            10.535437,
            45.61026
          ],
          [
            10.534778,
            45.610052
          ],
          [
            10.534432,
            45.609777
          ],
          [
            10.534209,
            45.609649
          ],
          [
            10.533985,
            45.609562
          ],
          [
            10.533543,
            45.60949
          ],
          [
            10.533147,
            45.60948
          ],
          [
            10.532863,
            45.609509
          ],
          [
            10.532321,
            45.609725
          ],
          [
            10.532039,
            45.609812
          ],
          [
            10.531801,
            45.609813
          ],
          [
            10.531445,
            45.609728
          ],
          [
            10.531088,
            45.60955
          ],
          [
            10.530458,
            45.609268
          ],
          [
            10.529641,
            45.608946
          ],
          [
            10.529164,
            45.608847
          ],
          [
            10.526538,
            45.608614
          ],
          [
            10.526282,
            45.608603
          ],
          [
            10.525793,
            45.608616
          ],
          [
            10.523893,
            45.608745
          ],
          [
            10.52354,
            45.608736
          ],
          [
            10.523255,
            45.608702
          ],
          [
            10.522524,
            45.608513
          ],
          [
            10.522329,
            45.608496
          ],
          [
            10.522134,
            45.608506
          ],
          [
            10.521766,
            45.608597
          ],
          [
            10.521429,
            45.608807
          ],
          [
            10.520313,
            45.609573
          ],
          [
            10.519961,
            45.609769
          ],
          [
            10.519618,
            45.609935
          ],
          [
            10.518939,
            45.610178
          ],
          [
            10.518348,
            45.61032
          ],
          [
            10.518118,
            45.610375
          ],
          [
            10.514944,
            45.611059
          ],
          [
            10.514167,
            45.611248
          ],
          [
            10.512927,
            45.611502
          ],
          [
            10.512244,
            45.611658
          ],
          [
            10.511933,
            45.611721
          ],
          [
            10.511833,
            45.611742
          ],
          [
            10.511359,
            45.611839
          ],
          [
            10.511235,
            45.611852
          ],
          [
            10.510848,
            45.611886
          ],
          [
            10.510453,
            45.611999
          ],
          [
            10.510332,
            45.612056
          ],
          [
            10.510216,
            45.612062
          ],
          [
            10.510113,
            45.612036
          ],
          [
            10.510052,
            45.611998
          ],
          [
            10.510011,
            45.611948
          ],
          [
            10.509716,
            45.611782
          ],
          [
            10.509465,
            45.611717
          ],
          [
            10.509011,
            45.611549
          ],
          [
            10.507872,
            45.611067
          ],
          [
            10.507237,
            45.6108
          ],
          [
            10.506606,
            45.610564
          ],
          [
            10.506377,
            45.610499
          ],
          [
            10.506021,
            45.610433
          ],
          [
            10.505654,
            45.610404
          ],
          [
            10.505407,
            45.610406
          ],
          [
            10.504218,
            45.610532
          ],
          [
            10.502791,
            45.610722
          ],
          [
            10.50242,
            45.610774
          ],
          [
            10.5021,
            45.610784
          ],
          [
            10.501446,
            45.610718
          ],
          [
            10.500973,
            45.610748
          ],
          [
            10.500798,
            45.610778
          ],
          [
            10.500655,
            45.610759
          ],
          [
            10.50059,
            45.610737
          ],
          [
            10.500482,
            45.610669
          ],
          [
            10.500433,
            45.610611
          ],
          [
            10.500278,
            45.610452
          ],
          [
            10.5001,
            45.610306
          ],
          [
            10.500008,
            45.610256
          ],
          [
            10.499724,
            45.610155
          ],
          [
            10.498517,
            45.609778
          ],
          [
            10.498188,
            45.609706
          ],
          [
            10.497873,
            45.609673
          ],
          [
            10.497576,
            45.609665
          ],
          [
            10.497082,
            45.609711
          ],
          [
            10.496873,
            45.609748
          ],
          [
            10.495674,
            45.609963
          ],
          [
            10.495128,
            45.610084
          ],
          [
            10.494656,
            45.610249
          ],
          [
            10.493263,
            45.610853
          ],
          [
            10.491008,
            45.611831
          ],
          [
            10.490794,
            45.611925
          ],
          [
            10.490418,
            45.61209
          ],
          [
            10.490004,
            45.612251
          ],
          [
            10.489716,
            45.612323
          ],
          [
            10.489265,
            45.612376
          ],
          [
            10.488807,
            45.612364
          ],
          [
            10.487761,
            45.612253
          ],
          [
            10.486418,
            45.612162
          ],
          [
            10.486083,
            45.612115
          ],
          [
            10.485608,
            45.611992
          ],
          [
            10.485316,
            45.611849
          ],
          [
            10.485018,
            45.611668
          ],
          [
            10.484746,
            45.611396
          ],
          [
            10.484438,
            45.610939
          ],
          [
            10.484156,
            45.610316
          ],
          [
            10.483689,
            45.609603
          ],
          [
            10.482606,
            45.60845
          ],
          [
            10.481544,
            45.60703
          ],
          [
            10.481206,
            45.606606
          ],
          [
            10.480849,
            45.606274
          ],
          [
            10.48052,
            45.606014
          ],
          [
            10.479911,
            45.605626
          ],
          [
            10.47921,
            45.605289
          ],
          [
            10.479035,
            45.605221
          ],
          [
            10.47857,
            45.605095
          ],
          [
            10.478119,
            45.605002
          ],
          [
            10.476226,
            45.6046
          ],
          [
            10.474986,
            45.604487
          ],
          [
            10.473779,
            45.604483
          ],
          [
            10.467975,
            45.604907
          ],
          [
            10.467905,
            45.604904
          ],
          [
            10.467535,
            45.604891
          ],
          [
            10.467263,
            45.604864
          ],
          [
            10.466974,
            45.604817
          ],
          [
            10.466558,
            45.604706
          ],
          [
            10.466174,
            45.60455
          ],
          [
            10.46594,
            45.604423
          ],
          [
            10.465727,
            45.604278
          ],
          [
            10.465498,
            45.604114
          ],
          [
            10.465446,
            45.604075
          ],
          [
            10.46462,
            45.603468
          ],
          [
            10.464529,
            45.603402
          ],
          [
            10.464052,
            45.603047
          ],
          [
            10.463,
            45.60227
          ],
          [
            10.462506,
            45.601889
          ],
          [
            10.462162,
            45.601595
          ],
          [
            10.461893,
            45.601336
          ],
          [
            10.461647,
            45.601067
          ],
          [
            10.461425,
            45.600787
          ],
          [
            10.461229,
            45.600499
          ],
          [
            10.461058,
            45.600202
          ],
          [
            10.460908,
            45.599887
          ],
          [
            10.460878,
            45.599812
          ],
          [
            10.460747,
            45.599433
          ],
          [
            10.460671,
            45.599118
          ],
          [
            10.460326,
            45.596723
          ],
          [
            10.459978,
            45.594424
          ],
          [
            10.459828,
            45.593632
          ],
          [
            10.45972,
            45.593316
          ],
          [
            10.45958,
            45.593005
          ],
          [
            10.459408,
            45.592703
          ],
          [
            10.459205,
            45.59241
          ],
          [
            10.458437,
            45.591443
          ],
          [
            10.457529,
            45.590289
          ],
          [
            10.45728,
            45.589973
          ],
          [
            10.455931,
            45.588099
          ],
          [
            10.454018,
            45.585842
          ],
          [
            10.453296,
            45.584948
          ],
          [
            10.453124,
            45.584777
          ],
          [
            10.452672,
            45.584389
          ],
          [
            10.452119,
            45.584009
          ],
          [
            10.449989,
            45.58262
          ],
          [
            10.449769,
            45.582461
          ],
          [
            10.449485,
            45.582218
          ],
          [
            10.449315,
            45.582067
          ],
          [
            10.448951,
            45.581665
          ],
          [
            10.445945,
            45.578012
          ],
          [
            10.444284,
            45.575987
          ],
          [
            10.444036,
            45.575692
          ],
          [
            10.442671,
            45.574042
          ],
          [
            10.442569,
            45.57392
          ],
          [
            10.442223,
            45.573481
          ],
          [
            10.442003,
            45.573129
          ],
          [
            10.441888,
            45.5729
          ],
          [
            10.441681,
            45.572342
          ],
          [
            10.441633,
            45.572163
          ],
          [
            10.441579,
            45.571762
          ],
          [
            10.441577,
            45.571269
          ],
          [
            10.441629,
            45.570856
          ],
          [
            10.442059,
            45.56924
          ],
          [
            10.442122,
            45.568904
          ],
          [
            10.442173,
            45.568355
          ],
          [
            10.442169,
            45.567961
          ],
          [
            10.441988,
            45.565699
          ],
          [
            10.441912,
            45.565259
          ],
          [
            10.441827,
            45.56497
          ],
          [
            10.441714,
            45.564686
          ],
          [
            10.441575,
            45.564407
          ],
          [
            10.44141,
            45.564136
          ],
          [
            10.44122,
            45.563873
          ],
          [
            10.441005,
            45.563619
          ],
          [
            10.437821,
            45.560574
          ],
          [
            10.43727,
            45.559996
          ],
          [
            10.436763,
            45.559399
          ],
          [
            10.436239,
            45.558738
          ],
          [
            10.435926,
            45.558305
          ],
          [
            10.433434,
            45.554437
          ],
          [
            10.433093,
            45.553878
          ],
          [
            10.432833,
            45.553299
          ],
          [
            10.432448,
            45.552447
          ],
          [
            10.432174,
            45.551913
          ],
          [
            10.431865,
            45.551365
          ],
          [
            10.431361,
            45.55061
          ],
          [
            10.430508,
            45.549465
          ],
          [
            10.429223,
            45.547779
          ],
          [
            10.428397,
            45.546856
          ],
          [
            10.427628,
            45.54612
          ],
          [
            10.426185,
            45.544861
          ],
          [
            10.423059,
            45.54221
          ],
          [
            10.42191,
            45.541264
          ],
          [
            10.420048,
            45.539749
          ],
          [
            10.419495,
            45.539338
          ],
          [
            10.419037,
            45.539029
          ],
          [
            10.416722,
            45.537531
          ],
          [
            10.416329,
            45.537334
          ],
          [
            10.416048,
            45.537225
          ],
          [
            10.415754,
            45.537133
          ],
          [
            10.415506,
            45.537065
          ],
          [
            10.41514,
            45.536996
          ],
          [
            10.412742,
            45.536746
          ],
          [
            10.412221,
            45.536674
          ],
          [
            10.411372,
            45.536497
          ],
          [
            10.410719,
            45.536305
          ],
          [
            10.410247,
            45.536134
          ],
          [
            10.409828,
            45.535957
          ],
          [
            10.408034,
            45.535158
          ],
          [
            10.406801,
            45.534651
          ],
          [
            10.400274,
            45.53223
          ],
          [
            10.391834,
            45.529243
          ],
          [
            10.389502,
            45.528464
          ],
          [
            10.38712,
            45.527715
          ],
          [
            10.38305,
            45.526452
          ],
          [
            10.382461,
            45.526243
          ],
          [
            10.381892,
            45.526008
          ],
          [
            10.378678,
            45.524552
          ],
          [
            10.377426,
            45.52399
          ],
          [
            10.374418,
            45.52266
          ],
          [
            10.374152,
            45.522532
          ],
          [
            10.373678,
            45.522248
          ],
          [
            10.371686,
            45.520981
          ],
          [
            10.368974,
            45.519255
          ],
          [
            10.368327,
            45.518813
          ],
          [
            10.367942,
            45.51852
          ],
          [
            10.367576,
            45.518215
          ],
          [
            10.367165,
            45.517834
          ],
          [
            10.364186,
            45.5149
          ],
          [
            10.363784,
            45.514576
          ],
          [
            10.363482,
            45.514383
          ],
          [
            10.363156,
            45.51421
          ],
          [
            10.362808,
            45.514059
          ],
          [
            10.362442,
            45.513932
          ],
          [
            10.362061,
            45.513829
          ],
          [
            10.361668,
            45.513751
          ],
          [
            10.359646,
            45.513524
          ],
          [
            10.356583,
            45.513219
          ],
          [
            10.355829,
            45.513128
          ],
          [
            10.35263,
            45.512643
          ],
          [
            10.350222,
            45.512283
          ],
          [
            10.349634,
            45.512177
          ],
          [
            10.349002,
            45.512037
          ],
          [
            10.348059,
            45.511781
          ],
          [
            10.347492,
            45.5116
          ],
          [
            10.346866,
            45.511376
          ],
          [
            10.344134,
            45.510296
          ],
          [
            10.343064,
            45.509846
          ],
          [
            10.342514,
            45.50957
          ],
          [
            10.341776,
            45.509091
          ],
          [
            10.341201,
            45.508605
          ],
          [
            10.340848,
            45.50825
          ],
          [
            10.340364,
            45.507726
          ],
          [
            10.339283,
            45.506594
          ],
          [
            10.338326,
            45.505591
          ],
          [
            10.338125,
            45.505384
          ],
          [
            10.337796,
            45.505046
          ],
          [
            10.337548,
            45.504788
          ],
          [
            10.336581,
            45.503776
          ],
          [
            10.334955,
            45.502062
          ],
          [
            10.334625,
            45.501713
          ],
          [
            10.334115,
            45.501199
          ],
          [
            10.333659,
            45.50078
          ],
          [
            10.332206,
            45.499561
          ],
          [
            10.332118,
            45.499489
          ],
          [
            10.330601,
            45.498249
          ],
          [
            10.329825,
            45.497628
          ],
          [
            10.329537,
            45.49743
          ],
          [
            10.328831,
            45.497026
          ],
          [
            10.328497,
            45.496876
          ],
          [
            10.328059,
            45.496708
          ],
          [
            10.327625,
            45.49657
          ],
          [
            10.327099,
            45.49644
          ],
          [
            10.32673,
            45.496367
          ],
          [
            10.326223,
            45.49629
          ],
          [
            10.32583,
            45.496256
          ],
          [
            10.325304,
            45.496241
          ],
          [
            10.324546,
            45.496252
          ],
          [
            10.323751,
            45.496289
          ],
          [
            10.323244,
            45.496291
          ],
          [
            10.322184,
            45.496328
          ],
          [
            10.32151,
            45.496331
          ],
          [
            10.319636,
            45.496447
          ],
          [
            10.318266,
            45.496582
          ],
          [
            10.317072,
            45.496727
          ],
          [
            10.314508,
            45.497076
          ],
          [
            10.310632,
            45.497553
          ],
          [
            10.310482,
            45.497572
          ],
          [
            10.309867,
            45.49765
          ],
          [
            10.30703,
            45.498011
          ],
          [
            10.303443,
            45.498445
          ],
          [
            10.300828,
            45.49877
          ],
          [
            10.300306,
            45.498843
          ],
          [
            10.296916,
            45.499262
          ],
          [
            10.29674,
            45.499286
          ],
          [
            10.294572,
            45.499551
          ],
          [
            10.2941,
            45.49961
          ],
          [
            10.284301,
            45.500829
          ],
          [
            10.281605,
            45.501147
          ],
          [
            10.280967,
            45.501197
          ],
          [
            10.28023,
            45.50123
          ],
          [
            10.279203,
            45.501254
          ],
          [
            10.278973,
            45.50125
          ],
          [
            10.278834,
            45.501248
          ],
          [
            10.276963,
            45.501175
          ],
          [
            10.275406,
            45.501094
          ],
          [
            10.274628,
            45.501053
          ],
          [
            10.274344,
            45.501042
          ],
          [
            10.273468,
            45.501001
          ],
          [
            10.270235,
            45.500847
          ],
          [
            10.267867,
            45.500734
          ],
          [
            10.267033,
            45.500726
          ],
          [
            10.266014,
            45.500748
          ],
          [
            10.264751,
            45.5008
          ],
          [
            10.263234,
            45.500894
          ],
          [
            10.262652,
            45.50092
          ],
          [
            10.259247,
            45.501126
          ],
          [
            10.258998,
            45.50114
          ],
          [
            10.256059,
            45.501304
          ],
          [
            10.255645,
            45.501329
          ],
          [
            10.255047,
            45.501398
          ],
          [
            10.254946,
            45.501411
          ],
          [
            10.254022,
            45.50158
          ],
          [
            10.253182,
            45.501781
          ],
          [
            10.252557,
            45.501981
          ],
          [
            10.251713,
            45.502307
          ],
          [
            10.251386,
            45.502449
          ],
          [
            10.25083,
            45.502721
          ],
          [
            10.247325,
            45.504878
          ],
          [
            10.247273,
            45.504911
          ],
          [
            10.244599,
            45.50659
          ],
          [
            10.243332,
            45.507357
          ],
          [
            10.242865,
            45.507621
          ],
          [
            10.242466,
            45.507823
          ],
          [
            10.241488,
            45.508267
          ],
          [
            10.241083,
            45.508434
          ],
          [
            10.240588,
            45.508612
          ],
          [
            10.239881,
            45.508846
          ],
          [
            10.239184,
            45.509048
          ],
          [
            10.238513,
            45.509222
          ],
          [
            10.237367,
            45.509458
          ],
          [
            10.23685,
            45.509543
          ],
          [
            10.235843,
            45.509665
          ],
          [
            10.233279,
            45.509863
          ],
          [
            10.232915,
            45.509888
          ],
          [
            10.232749,
            45.509901
          ],
          [
            10.229721,
            45.510123
          ],
          [
            10.229373,
            45.510151
          ],
          [
            10.228507,
            45.510227
          ],
          [
            10.227968,
            45.510258
          ],
          [
            10.226612,
            45.510304
          ],
          [
            10.225974,
            45.510316
          ],
          [
            10.225416,
            45.510344
          ],
          [
            10.225078,
            45.510379
          ],
          [
            10.224233,
            45.510478
          ],
          [
            10.223742,
            45.510565
          ],
          [
            10.221989,
            45.510954
          ],
          [
            10.221019,
            45.511171
          ],
          [
            10.219897,
            45.511447
          ],
          [
            10.21979,
            45.511473
          ],
          [
            10.219355,
            45.511575
          ],
          [
            10.218538,
            45.511844
          ],
          [
            10.218394,
            45.511891
          ],
          [
            10.218037,
            45.511999
          ],
          [
            10.216465,
            45.512379
          ],
          [
            10.216359,
            45.512414
          ],
          [
            10.216231,
            45.512482
          ],
          [
            10.216159,
            45.512574
          ],
          [
            10.216124,
            45.512718
          ],
          [
            10.216134,
            45.513145
          ],
          [
            10.216097,
            45.513346
          ],
          [
            10.215982,
            45.513646
          ],
          [
            10.215487,
            45.514678
          ],
          [
            10.215365,
            45.514982
          ],
          [
            10.215248,
            45.515678
          ],
          [
            10.21524,
            45.515996
          ],
          [
            10.215322,
            45.516649
          ],
          [
            10.215405,
            45.516955
          ],
          [
            10.215521,
            45.517266
          ],
          [
            10.215649,
            45.51756
          ],
          [
            10.215812,
            45.517827
          ],
          [
            10.216164,
            45.518374
          ],
          [
            10.21655,
            45.518956
          ],
          [
            10.217023,
            45.519776
          ],
          [
            10.217066,
            45.519828
          ],
          [
            10.217142,
            45.519872
          ],
          [
            10.217184,
            45.519886
          ],
          [
            10.217256,
            45.519952
          ],
          [
            10.217249,
            45.520035
          ],
          [
            10.217232,
            45.520057
          ],
          [
            10.217257,
            45.520202
          ],
          [
            10.217753,
            45.521111
          ],
          [
            10.217977,
            45.521507
          ],
          [
            10.218162,
            45.521845
          ],
          [
            10.218567,
            45.522552
          ],
          [
            10.218649,
            45.522724
          ],
          [
            10.2188,
            45.523033
          ],
          [
            10.218829,
            45.523095
          ],
          [
            10.218859,
            45.523178
          ],
          [
            10.21915,
            45.523882
          ],
          [
            10.219314,
            45.524407
          ],
          [
            10.219377,
            45.524436
          ],
          [
            10.21944,
            45.524523
          ],
          [
            10.219437,
            45.524573
          ],
          [
            10.219382,
            45.524645
          ],
          [
            10.2193,
            45.524681
          ],
          [
            10.219203,
            45.524687
          ],
          [
            10.219123,
            45.524667
          ],
          [
            10.217952,
            45.524876
          ],
          [
            10.215693,
            45.525304
          ],
          [
            10.215439,
            45.525373
          ],
          [
            10.215269,
            45.525441
          ],
          [
            10.215097,
            45.525568
          ],
          [
            10.215091,
            45.525613
          ],
          [
            10.215036,
            45.525693
          ],
          [
            10.215038,
            45.525789
          ],
          [
            10.215067,
            45.525878
          ],
          [
            10.215366,
            45.52664
          ],
          [
            10.215783,
            45.527744
          ],
          [
            10.215886,
            45.527893
          ],
          [
            10.215965,
            45.52793
          ],
          [
            10.216005,
            45.528011
          ],
          [
            10.215992,
            45.528053
          ],
          [
            10.215958,
            45.528089
          ],
          [
            10.215964,
            45.528201
          ],
          [
            10.216274,
            45.528984
          ],
          [
            10.216449,
            45.529425
          ],
          [
            10.216649,
            45.529948
          ],
          [
            10.216975,
            45.530749
          ],
          [
            10.217233,
            45.531417
          ],
          [
            10.21752,
            45.532193
          ],
          [
            10.217681,
            45.532612
          ],
          [
            10.217715,
            45.53268
          ],
          [
            10.217932,
            45.533178
          ],
          [
            10.218084,
            45.533552
          ],
          [
            10.2181,
            45.533672
          ],
          [
            10.218137,
            45.533968
          ],
          [
            10.218121,
            45.534137
          ],
          [
            10.218038,
            45.534151
          ],
          [
            10.217959,
            45.534165
          ],
          [
            10.217417,
            45.534267
          ],
          [
            10.216836,
            45.534378
          ],
          [
            10.215885,
            45.534559
          ],
          [
            10.215539,
            45.534625
          ],
          [
            10.215507,
            45.534631
          ],
          [
            10.214771,
            45.534771
          ],
          [
            10.21466,
            45.534793
          ],
          [
            10.213911,
            45.534936
          ],
          [
            10.213864,
            45.534945
          ],
          [
            10.212376,
            45.535232
          ],
          [
            10.212139,
            45.535314
          ],
          [
            10.21211,
            45.535323
          ],
          [
            10.211868,
            45.535496
          ],
          [
            10.210911,
            45.536485
          ],
          [
            10.210809,
            45.536617
          ],
          [
            10.210734,
            45.536787
          ],
          [
            10.210662,
            45.537312
          ],
          [
            10.210673,
            45.537459
          ],
          [
            10.211263,
            45.539559
          ],
          [
            10.211444,
            45.540283
          ],
          [
            10.211735,
            45.541278
          ],
          [
            10.211805,
            45.541532
          ],
          [
            10.21182,
            45.541585
          ],
          [
            10.211824,
            45.541596
          ]
        ]
      }
    }
  ]
}
