{
  "type": "FeatureCollection",
  "properties": {
    "dayNumber": 12,
    "title": "The Bernina Express"
  },
  "features": [
    {
      "type": "Feature",
      "properties": {
        "mode": "drive",
        "fromStopIndex": 0,
        "toStopIndex": 1,
        "fromName": "Brescia",
        "toName": "Tirano",
        "waypointNames": [
          "Brescia",
          "Tirano"
        ],
        "distanceMeters": 131879.6,
        "durationSeconds": 9086.6
      },
      "geometry": {
        "type": "LineString",
        "coordinates": [
          [
            10.236766,
            45.565692
          ],
          [
            10.236466,
            45.565187
          ],
          [
            10.236373,
            45.56503
          ],
          [
            10.236273,
            45.564866
          ],
          [
            10.236084,
            45.564555
          ],
          [
            10.235833,
            45.564122
          ],
          [
            10.235726,
            45.563924
          ],
          [
            10.235562,
            45.563616
          ],
          [
            10.23546,
            45.56354
          ],
          [
            10.235264,
            45.563263
          ],
          [
            10.235209,
            45.563249
          ],
          [
            10.232826,
            45.563678
          ],
          [
            10.231377,
            45.563938
          ],
          [
            10.229998,
            45.564198
          ],
          [
            10.229884,
            45.564232
          ],
          [
            10.229855,
            45.564254
          ],
          [
            10.229791,
            45.564267
          ],
          [
            10.229748,
            45.564258
          ],
          [
            10.22939,
            45.564291
          ],
          [
            10.229186,
            45.564326
          ],
          [
            10.229012,
            45.564374
          ],
          [
            10.228964,
            45.564421
          ],
          [
            10.228892,
            45.564437
          ],
          [
            10.2288,
            45.564411
          ],
          [
            10.228768,
            45.564374
          ],
          [
            10.228765,
            45.56433
          ],
          [
            10.228673,
            45.56409
          ],
          [
            10.228595,
            45.563786
          ],
          [
            10.2285,
            45.563147
          ],
          [
            10.228492,
            45.56307
          ],
          [
            10.228255,
            45.560907
          ],
          [
            10.228239,
            45.560742
          ],
          [
            10.228195,
            45.560341
          ],
          [
            10.228192,
            45.560306
          ],
          [
            10.228116,
            45.559667
          ],
          [
            10.228096,
            45.559452
          ],
          [
            10.228065,
            45.559265
          ],
          [
            10.22798,
            45.559082
          ],
          [
            10.227889,
            45.558952
          ],
          [
            10.227817,
            45.558854
          ],
          [
            10.22761,
            45.558655
          ],
          [
            10.227187,
            45.55837
          ],
          [
            10.226928,
            45.558306
          ],
          [
            10.226686,
            45.558281
          ],
          [
            10.22601,
            45.558365
          ],
          [
            10.225406,
            45.558452
          ],
          [
            10.224584,
            45.558589
          ],
          [
            10.224166,
            45.558655
          ],
          [
            10.222736,
            45.55888
          ],
          [
            10.22268,
            45.558888
          ],
          [
            10.222501,
            45.558917
          ],
          [
            10.220827,
            45.559184
          ],
          [
            10.219355,
            45.55942
          ],
          [
            10.219291,
            45.559492
          ],
          [
            10.219166,
            45.559513
          ],
          [
            10.21906,
            45.55947
          ],
          [
            10.218295,
            45.559585
          ],
          [
            10.21728,
            45.55974
          ],
          [
            10.21422,
            45.560215
          ],
          [
            10.21418,
            45.560281
          ],
          [
            10.214101,
            45.560319
          ],
          [
            10.214004,
            45.560322
          ],
          [
            10.213897,
            45.560267
          ],
          [
            10.213306,
            45.560367
          ],
          [
            10.213134,
            45.560397
          ],
          [
            10.21239,
            45.560509
          ],
          [
            10.211916,
            45.560559
          ],
          [
            10.211657,
            45.560583
          ],
          [
            10.211327,
            45.560591
          ],
          [
            10.210657,
            45.560592
          ],
          [
            10.210604,
            45.560589
          ],
          [
            10.210232,
            45.560571
          ],
          [
            10.209608,
            45.560508
          ],
          [
            10.20935,
            45.560481
          ],
          [
            10.209015,
            45.560465
          ],
          [
            10.208911,
            45.560467
          ],
          [
            10.20877,
            45.560496
          ],
          [
            10.208604,
            45.560578
          ],
          [
            10.208469,
            45.560666
          ],
          [
            10.208456,
            45.560709
          ],
          [
            10.208368,
            45.560816
          ],
          [
            10.208296,
            45.560864
          ],
          [
            10.208088,
            45.560896
          ],
          [
            10.207952,
            45.560877
          ],
          [
            10.207862,
            45.560847
          ],
          [
            10.207703,
            45.560745
          ],
          [
            10.207639,
            45.560676
          ],
          [
            10.207573,
            45.560544
          ],
          [
            10.20757,
            45.560437
          ],
          [
            10.207421,
            45.560237
          ],
          [
            10.207252,
            45.560072
          ],
          [
            10.20704,
            45.559954
          ],
          [
            10.206414,
            45.559699
          ],
          [
            10.20572,
            45.559367
          ],
          [
            10.2054,
            45.559185
          ],
          [
            10.204883,
            45.558854
          ],
          [
            10.204174,
            45.558306
          ],
          [
            10.203814,
            45.55797
          ],
          [
            10.201788,
            45.555892
          ],
          [
            10.201293,
            45.555366
          ],
          [
            10.199248,
            45.553837
          ],
          [
            10.19837,
            45.553267
          ],
          [
            10.196875,
            45.552337
          ],
          [
            10.196511,
            45.552154
          ],
          [
            10.194768,
            45.551323
          ],
          [
            10.194006,
            45.550932
          ],
          [
            10.193268,
            45.550554
          ],
          [
            10.192329,
            45.550097
          ],
          [
            10.191568,
            45.549714
          ],
          [
            10.189895,
            45.548893
          ],
          [
            10.18761,
            45.547768
          ],
          [
            10.187158,
            45.547511
          ],
          [
            10.186734,
            45.547244
          ],
          [
            10.186383,
            45.546978
          ],
          [
            10.186048,
            45.546702
          ],
          [
            10.185796,
            45.546463
          ],
          [
            10.185639,
            45.546305
          ],
          [
            10.185257,
            45.545854
          ],
          [
            10.184875,
            45.545245
          ],
          [
            10.184481,
            45.544508
          ],
          [
            10.184108,
            45.543821
          ],
          [
            10.183637,
            45.542944
          ],
          [
            10.183395,
            45.542455
          ],
          [
            10.183271,
            45.542188
          ],
          [
            10.182647,
            45.540679
          ],
          [
            10.18207,
            45.539205
          ],
          [
            10.181825,
            45.538626
          ],
          [
            10.181506,
            45.537963
          ],
          [
            10.181275,
            45.537528
          ],
          [
            10.180436,
            45.536055
          ],
          [
            10.179386,
            45.534316
          ],
          [
            10.178825,
            45.533325
          ],
          [
            10.178566,
            45.532815
          ],
          [
            10.177157,
            45.52989
          ],
          [
            10.176995,
            45.529709
          ],
          [
            10.176901,
            45.529539
          ],
          [
            10.176511,
            45.528784
          ],
          [
            10.176336,
            45.528502
          ],
          [
            10.175559,
            45.526918
          ],
          [
            10.175411,
            45.526663
          ],
          [
            10.175336,
            45.526593
          ],
          [
            10.175141,
            45.526483
          ],
          [
            10.174906,
            45.526425
          ],
          [
            10.174656,
            45.526425
          ],
          [
            10.174535,
            45.526446
          ],
          [
            10.174158,
            45.526559
          ],
          [
            10.17318,
            45.526965
          ],
          [
            10.172879,
            45.527041
          ],
          [
            10.172184,
            45.527359
          ],
          [
            10.171673,
            45.52755
          ],
          [
            10.171308,
            45.527746
          ],
          [
            10.171179,
            45.52781
          ],
          [
            10.170523,
            45.528129
          ],
          [
            10.169446,
            45.528688
          ],
          [
            10.169181,
            45.528823
          ],
          [
            10.168713,
            45.529061
          ],
          [
            10.168452,
            45.529189
          ],
          [
            10.167813,
            45.529505
          ],
          [
            10.167338,
            45.529747
          ],
          [
            10.167115,
            45.529862
          ],
          [
            10.16632,
            45.530279
          ],
          [
            10.165666,
            45.530617
          ],
          [
            10.165427,
            45.530745
          ],
          [
            10.164852,
            45.531027
          ],
          [
            10.161724,
            45.532711
          ],
          [
            10.161446,
            45.532852
          ],
          [
            10.160668,
            45.533246
          ],
          [
            10.158119,
            45.534538
          ],
          [
            10.156397,
            45.535424
          ],
          [
            10.153889,
            45.536727
          ],
          [
            10.152845,
            45.537269
          ],
          [
            10.151744,
            45.537841
          ],
          [
            10.149923,
            45.538787
          ],
          [
            10.148837,
            45.539351
          ],
          [
            10.148087,
            45.539741
          ],
          [
            10.146937,
            45.540356
          ],
          [
            10.14684,
            45.54041
          ],
          [
            10.145907,
            45.540922
          ],
          [
            10.142258,
            45.542927
          ],
          [
            10.141505,
            45.543341
          ],
          [
            10.141309,
            45.543442
          ],
          [
            10.139275,
            45.544566
          ],
          [
            10.138172,
            45.545144
          ],
          [
            10.137953,
            45.545266
          ],
          [
            10.137225,
            45.545667
          ],
          [
            10.137003,
            45.545789
          ],
          [
            10.136583,
            45.546017
          ],
          [
            10.135584,
            45.546594
          ],
          [
            10.133926,
            45.547504
          ],
          [
            10.133442,
            45.547803
          ],
          [
            10.133231,
            45.547955
          ],
          [
            10.132602,
            45.548421
          ],
          [
            10.132306,
            45.54868
          ],
          [
            10.131994,
            45.549
          ],
          [
            10.13172,
            45.549272
          ],
          [
            10.131229,
            45.549809
          ],
          [
            10.130878,
            45.550275
          ],
          [
            10.129838,
            45.551965
          ],
          [
            10.129644,
            45.552315
          ],
          [
            10.129519,
            45.552592
          ],
          [
            10.129385,
            45.552949
          ],
          [
            10.129286,
            45.553337
          ],
          [
            10.128318,
            45.558023
          ],
          [
            10.128279,
            45.55821
          ],
          [
            10.127954,
            45.559803
          ],
          [
            10.127882,
            45.560082
          ],
          [
            10.127669,
            45.56082
          ],
          [
            10.127237,
            45.562181
          ],
          [
            10.126917,
            45.563208
          ],
          [
            10.126499,
            45.565014
          ],
          [
            10.125724,
            45.568367
          ],
          [
            10.125708,
            45.568505
          ],
          [
            10.125779,
            45.568526
          ],
          [
            10.125858,
            45.568595
          ],
          [
            10.12602,
            45.56869
          ],
          [
            10.126496,
            45.568805
          ],
          [
            10.126298,
            45.568965
          ],
          [
            10.126109,
            45.569104
          ],
          [
            10.125401,
            45.569699
          ],
          [
            10.123539,
            45.571304
          ],
          [
            10.122908,
            45.571926
          ],
          [
            10.122072,
            45.57266
          ],
          [
            10.121848,
            45.572847
          ],
          [
            10.12019,
            45.574101
          ],
          [
            10.117495,
            45.576387
          ],
          [
            10.112892,
            45.580253
          ],
          [
            10.10877,
            45.58375
          ],
          [
            10.107243,
            45.585023
          ],
          [
            10.103701,
            45.588003
          ],
          [
            10.102714,
            45.588825
          ],
          [
            10.101621,
            45.589754
          ],
          [
            10.101458,
            45.58988
          ],
          [
            10.09998,
            45.591142
          ],
          [
            10.09742,
            45.593267
          ],
          [
            10.096315,
            45.594208
          ],
          [
            10.092878,
            45.59715
          ],
          [
            10.091161,
            45.598626
          ],
          [
            10.08975,
            45.59982
          ],
          [
            10.087344,
            45.60186
          ],
          [
            10.085431,
            45.603539
          ],
          [
            10.082103,
            45.606395
          ],
          [
            10.08169,
            45.606802
          ],
          [
            10.081183,
            45.607367
          ],
          [
            10.080527,
            45.608238
          ],
          [
            10.0798,
            45.609177
          ],
          [
            10.079606,
            45.60944
          ],
          [
            10.07902,
            45.610094
          ],
          [
            10.077677,
            45.611805
          ],
          [
            10.077231,
            45.612326
          ],
          [
            10.077026,
            45.612604
          ],
          [
            10.07689,
            45.612824
          ],
          [
            10.076707,
            45.613185
          ],
          [
            10.076602,
            45.61347
          ],
          [
            10.076526,
            45.61376
          ],
          [
            10.076479,
            45.614053
          ],
          [
            10.076461,
            45.614347
          ],
          [
            10.076474,
            45.614638
          ],
          [
            10.076484,
            45.615565
          ],
          [
            10.076489,
            45.615897
          ],
          [
            10.076492,
            45.617689
          ],
          [
            10.076492,
            45.617786
          ],
          [
            10.076492,
            45.618105
          ],
          [
            10.076492,
            45.618842
          ],
          [
            10.076502,
            45.620307
          ],
          [
            10.07654,
            45.621077
          ],
          [
            10.076591,
            45.621328
          ],
          [
            10.076666,
            45.621699
          ],
          [
            10.077017,
            45.622972
          ],
          [
            10.077522,
            45.624786
          ],
          [
            10.078696,
            45.628989
          ],
          [
            10.078818,
            45.629551
          ],
          [
            10.078856,
            45.630062
          ],
          [
            10.078835,
            45.630605
          ],
          [
            10.078717,
            45.631263
          ],
          [
            10.078561,
            45.631786
          ],
          [
            10.078329,
            45.632311
          ],
          [
            10.078184,
            45.632588
          ],
          [
            10.076499,
            45.635745
          ],
          [
            10.075963,
            45.636764
          ],
          [
            10.073557,
            45.640923
          ],
          [
            10.064525,
            45.654682
          ],
          [
            10.06382,
            45.655756
          ],
          [
            10.063731,
            45.655915
          ],
          [
            10.063364,
            45.656681
          ],
          [
            10.063304,
            45.656879
          ],
          [
            10.063282,
            45.657072
          ],
          [
            10.063295,
            45.657551
          ],
          [
            10.063407,
            45.657973
          ],
          [
            10.063501,
            45.658179
          ],
          [
            10.063699,
            45.65849
          ],
          [
            10.064078,
            45.658937
          ],
          [
            10.064838,
            45.659713
          ],
          [
            10.065973,
            45.660893
          ],
          [
            10.066305,
            45.661228
          ],
          [
            10.066573,
            45.661497
          ],
          [
            10.067006,
            45.661874
          ],
          [
            10.067555,
            45.662281
          ],
          [
            10.067784,
            45.662431
          ],
          [
            10.069564,
            45.663525
          ],
          [
            10.072779,
            45.665466
          ],
          [
            10.078404,
            45.668636
          ],
          [
            10.081544,
            45.670534
          ],
          [
            10.083894,
            45.671981
          ],
          [
            10.08678,
            45.673668
          ],
          [
            10.089399,
            45.675801
          ],
          [
            10.09222,
            45.678341
          ],
          [
            10.092762,
            45.67881
          ],
          [
            10.093304,
            45.679234
          ],
          [
            10.09394,
            45.679668
          ],
          [
            10.094625,
            45.680029
          ],
          [
            10.102837,
            45.68349
          ],
          [
            10.102935,
            45.683536
          ],
          [
            10.103794,
            45.68394
          ],
          [
            10.104137,
            45.6841
          ],
          [
            10.105767,
            45.684902
          ],
          [
            10.106301,
            45.685286
          ],
          [
            10.106579,
            45.685538
          ],
          [
            10.107701,
            45.686794
          ],
          [
            10.108252,
            45.68752
          ],
          [
            10.108463,
            45.687817
          ],
          [
            10.11005,
            45.690078
          ],
          [
            10.110361,
            45.690485
          ],
          [
            10.110791,
            45.690963
          ],
          [
            10.111094,
            45.69129
          ],
          [
            10.111293,
            45.691515
          ],
          [
            10.111947,
            45.692223
          ],
          [
            10.112805,
            45.693105
          ],
          [
            10.113055,
            45.693421
          ],
          [
            10.113338,
            45.693892
          ],
          [
            10.11446,
            45.696009
          ],
          [
            10.114735,
            45.696443
          ],
          [
            10.114922,
            45.696698
          ],
          [
            10.114962,
            45.696753
          ],
          [
            10.116485,
            45.698759
          ],
          [
            10.117968,
            45.700528
          ],
          [
            10.11851,
            45.701144
          ],
          [
            10.119657,
            45.702414
          ],
          [
            10.120519,
            45.703759
          ],
          [
            10.120696,
            45.704044
          ],
          [
            10.121125,
            45.704754
          ],
          [
            10.121228,
            45.704972
          ],
          [
            10.121383,
            45.705414
          ],
          [
            10.121459,
            45.705761
          ],
          [
            10.121516,
            45.706411
          ],
          [
            10.121531,
            45.707522
          ],
          [
            10.12162,
            45.708187
          ],
          [
            10.121675,
            45.708441
          ],
          [
            10.122077,
            45.710308
          ],
          [
            10.122205,
            45.710919
          ],
          [
            10.122244,
            45.711234
          ],
          [
            10.122194,
            45.711846
          ],
          [
            10.122049,
            45.712268
          ],
          [
            10.121793,
            45.712786
          ],
          [
            10.120945,
            45.714348
          ],
          [
            10.120817,
            45.714582
          ],
          [
            10.120001,
            45.716086
          ],
          [
            10.119629,
            45.716731
          ],
          [
            10.119498,
            45.716937
          ],
          [
            10.119107,
            45.717606
          ],
          [
            10.119059,
            45.717688
          ],
          [
            10.113812,
            45.726287
          ],
          [
            10.111712,
            45.729668
          ],
          [
            10.110426,
            45.731801
          ],
          [
            10.110147,
            45.732232
          ],
          [
            10.109893,
            45.732581
          ],
          [
            10.109584,
            45.732894
          ],
          [
            10.109218,
            45.73323
          ],
          [
            10.108833,
            45.733505
          ],
          [
            10.108345,
            45.733816
          ],
          [
            10.106305,
            45.734856
          ],
          [
            10.10526,
            45.735366
          ],
          [
            10.105191,
            45.735403
          ],
          [
            10.104116,
            45.735948
          ],
          [
            10.103911,
            45.736067
          ],
          [
            10.103608,
            45.736244
          ],
          [
            10.103276,
            45.736504
          ],
          [
            10.102967,
            45.736783
          ],
          [
            10.102705,
            45.737057
          ],
          [
            10.102516,
            45.737287
          ],
          [
            10.102375,
            45.737513
          ],
          [
            10.102188,
            45.73777
          ],
          [
            10.102047,
            45.738131
          ],
          [
            10.101856,
            45.739076
          ],
          [
            10.101746,
            45.739398
          ],
          [
            10.101475,
            45.739907
          ],
          [
            10.101003,
            45.740486
          ],
          [
            10.098626,
            45.742467
          ],
          [
            10.098475,
            45.742596
          ],
          [
            10.098291,
            45.742754
          ],
          [
            10.09815,
            45.742862
          ],
          [
            10.094588,
            45.745877
          ],
          [
            10.092466,
            45.747698
          ],
          [
            10.088437,
            45.751078
          ],
          [
            10.086823,
            45.752467
          ],
          [
            10.08538,
            45.753664
          ],
          [
            10.085004,
            45.754001
          ],
          [
            10.084414,
            45.754469
          ],
          [
            10.08407,
            45.754691
          ],
          [
            10.0837,
            45.754915
          ],
          [
            10.080277,
            45.756786
          ],
          [
            10.079511,
            45.757227
          ],
          [
            10.079037,
            45.757498
          ],
          [
            10.078842,
            45.757617
          ],
          [
            10.07867,
            45.757729
          ],
          [
            10.078279,
            45.758012
          ],
          [
            10.077991,
            45.758257
          ],
          [
            10.07761,
            45.758556
          ],
          [
            10.07741,
            45.758663
          ],
          [
            10.077281,
            45.758712
          ],
          [
            10.076876,
            45.758899
          ],
          [
            10.076551,
            45.759087
          ],
          [
            10.076229,
            45.759303
          ],
          [
            10.075924,
            45.759545
          ],
          [
            10.075734,
            45.759768
          ],
          [
            10.075648,
            45.759901
          ],
          [
            10.075294,
            45.76061
          ],
          [
            10.075239,
            45.760737
          ],
          [
            10.074785,
            45.761796
          ],
          [
            10.074341,
            45.762772
          ],
          [
            10.074151,
            45.763143
          ],
          [
            10.073383,
            45.765057
          ],
          [
            10.073024,
            45.76567
          ],
          [
            10.072536,
            45.766328
          ],
          [
            10.071776,
            45.767078
          ],
          [
            10.071088,
            45.767656
          ],
          [
            10.069963,
            45.768405
          ],
          [
            10.069729,
            45.768558
          ],
          [
            10.069579,
            45.768682
          ],
          [
            10.069361,
            45.768886
          ],
          [
            10.069121,
            45.769167
          ],
          [
            10.068873,
            45.769682
          ],
          [
            10.068725,
            45.770147
          ],
          [
            10.068664,
            45.770488
          ],
          [
            10.068634,
            45.770883
          ],
          [
            10.068698,
            45.771647
          ],
          [
            10.06905,
            45.772483
          ],
          [
            10.069364,
            45.773025
          ],
          [
            10.069812,
            45.773729
          ],
          [
            10.070711,
            45.774951
          ],
          [
            10.071077,
            45.775412
          ],
          [
            10.071559,
            45.775841
          ],
          [
            10.071769,
            45.776019
          ],
          [
            10.072526,
            45.776738
          ],
          [
            10.073013,
            45.777499
          ],
          [
            10.073188,
            45.778159
          ],
          [
            10.073346,
            45.780622
          ],
          [
            10.073635,
            45.781472
          ],
          [
            10.074121,
            45.782654
          ],
          [
            10.074403,
            45.782988
          ],
          [
            10.074848,
            45.78325
          ],
          [
            10.075101,
            45.783352
          ],
          [
            10.075464,
            45.783419
          ],
          [
            10.076594,
            45.783487
          ],
          [
            10.078776,
            45.783568
          ],
          [
            10.078936,
            45.78358
          ],
          [
            10.080003,
            45.783729
          ],
          [
            10.080289,
            45.783792
          ],
          [
            10.08055,
            45.783886
          ],
          [
            10.080909,
            45.784047
          ],
          [
            10.081776,
            45.784585
          ],
          [
            10.082189,
            45.784776
          ],
          [
            10.082665,
            45.784951
          ],
          [
            10.083385,
            45.785124
          ],
          [
            10.083665,
            45.785199
          ],
          [
            10.083912,
            45.785286
          ],
          [
            10.084584,
            45.785607
          ],
          [
            10.084922,
            45.785732
          ],
          [
            10.085299,
            45.785833
          ],
          [
            10.085534,
            45.785877
          ],
          [
            10.08616,
            45.785958
          ],
          [
            10.086835,
            45.78602
          ],
          [
            10.088453,
            45.786178
          ],
          [
            10.089379,
            45.786314
          ],
          [
            10.090382,
            45.786554
          ],
          [
            10.091144,
            45.786806
          ],
          [
            10.091854,
            45.787098
          ],
          [
            10.09373,
            45.787958
          ],
          [
            10.098107,
            45.790034
          ],
          [
            10.100309,
            45.791108
          ],
          [
            10.105115,
            45.793824
          ],
          [
            10.10651,
            45.794654
          ],
          [
            10.107232,
            45.795256
          ],
          [
            10.108012,
            45.795963
          ],
          [
            10.108738,
            45.796724
          ],
          [
            10.109305,
            45.797272
          ],
          [
            10.110327,
            45.798121
          ],
          [
            10.111059,
            45.798648
          ],
          [
            10.111884,
            45.799128
          ],
          [
            10.11222,
            45.799341
          ],
          [
            10.113063,
            45.799831
          ],
          [
            10.113696,
            45.800212
          ],
          [
            10.114638,
            45.80083
          ],
          [
            10.114932,
            45.801061
          ],
          [
            10.115285,
            45.801387
          ],
          [
            10.115592,
            45.801741
          ],
          [
            10.115809,
            45.802042
          ],
          [
            10.116187,
            45.802656
          ],
          [
            10.117491,
            45.805191
          ],
          [
            10.11831,
            45.806895
          ],
          [
            10.118811,
            45.807852
          ],
          [
            10.121162,
            45.812658
          ],
          [
            10.121563,
            45.813586
          ],
          [
            10.12191,
            45.81471
          ],
          [
            10.12191,
            45.81531
          ],
          [
            10.121584,
            45.816585
          ],
          [
            10.121557,
            45.816693
          ],
          [
            10.1215,
            45.816923
          ],
          [
            10.121495,
            45.817241
          ],
          [
            10.121426,
            45.817809
          ],
          [
            10.121236,
            45.81861
          ],
          [
            10.121241,
            45.818758
          ],
          [
            10.121277,
            45.818816
          ],
          [
            10.121337,
            45.818862
          ],
          [
            10.121505,
            45.81892
          ],
          [
            10.121593,
            45.818922
          ],
          [
            10.121772,
            45.818857
          ],
          [
            10.121867,
            45.818784
          ],
          [
            10.121915,
            45.818691
          ],
          [
            10.121927,
            45.818612
          ],
          [
            10.12197,
            45.81856
          ],
          [
            10.122064,
            45.81851
          ],
          [
            10.122123,
            45.818498
          ],
          [
            10.122225,
            45.818501
          ],
          [
            10.1223,
            45.818523
          ],
          [
            10.12236,
            45.81856
          ],
          [
            10.122405,
            45.818619
          ],
          [
            10.122415,
            45.818683
          ],
          [
            10.122365,
            45.818777
          ],
          [
            10.122393,
            45.818991
          ],
          [
            10.12329,
            45.820228
          ],
          [
            10.124112,
            45.821378
          ],
          [
            10.124206,
            45.821515
          ],
          [
            10.124849,
            45.822438
          ],
          [
            10.125334,
            45.823082
          ],
          [
            10.125546,
            45.823377
          ],
          [
            10.12677,
            45.825078
          ],
          [
            10.127089,
            45.825546
          ],
          [
            10.127208,
            45.825779
          ],
          [
            10.127328,
            45.826124
          ],
          [
            10.12741,
            45.826594
          ],
          [
            10.127427,
            45.826733
          ],
          [
            10.127484,
            45.827208
          ],
          [
            10.127546,
            45.827458
          ],
          [
            10.127605,
            45.827493
          ],
          [
            10.127645,
            45.82754
          ],
          [
            10.127661,
            45.827593
          ],
          [
            10.127656,
            45.827633
          ],
          [
            10.127605,
            45.827704
          ],
          [
            10.127681,
            45.827948
          ],
          [
            10.12789,
            45.828272
          ],
          [
            10.128547,
            45.829081
          ],
          [
            10.128705,
            45.829276
          ],
          [
            10.129043,
            45.829707
          ],
          [
            10.129325,
            45.830086
          ],
          [
            10.129844,
            45.830716
          ],
          [
            10.130179,
            45.83112
          ],
          [
            10.130289,
            45.831239
          ],
          [
            10.130322,
            45.831247
          ],
          [
            10.130372,
            45.831307
          ],
          [
            10.130399,
            45.831379
          ],
          [
            10.130473,
            45.83148
          ],
          [
            10.130476,
            45.831485
          ],
          [
            10.130765,
            45.831863
          ],
          [
            10.130924,
            45.832052
          ],
          [
            10.131319,
            45.83255
          ],
          [
            10.131342,
            45.832578
          ],
          [
            10.131957,
            45.833333
          ],
          [
            10.132327,
            45.83378
          ],
          [
            10.133188,
            45.834582
          ],
          [
            10.133231,
            45.834626
          ],
          [
            10.133505,
            45.834871
          ],
          [
            10.133551,
            45.834914
          ],
          [
            10.134017,
            45.835395
          ],
          [
            10.134386,
            45.835725
          ],
          [
            10.134644,
            45.835949
          ],
          [
            10.13472,
            45.836021
          ],
          [
            10.135723,
            45.836959
          ],
          [
            10.135904,
            45.837125
          ],
          [
            10.136145,
            45.837353
          ],
          [
            10.136343,
            45.837528
          ],
          [
            10.136737,
            45.837917
          ],
          [
            10.136882,
            45.837989
          ],
          [
            10.137058,
            45.838007
          ],
          [
            10.137092,
            45.837992
          ],
          [
            10.137156,
            45.837976
          ],
          [
            10.137287,
            45.83799
          ],
          [
            10.13738,
            45.838056
          ],
          [
            10.1374,
            45.838101
          ],
          [
            10.137397,
            45.838149
          ],
          [
            10.137331,
            45.838229
          ],
          [
            10.13737,
            45.838508
          ],
          [
            10.137489,
            45.838619
          ],
          [
            10.138433,
            45.839493
          ],
          [
            10.138795,
            45.839828
          ],
          [
            10.141171,
            45.842026
          ],
          [
            10.141776,
            45.842586
          ],
          [
            10.142199,
            45.842979
          ],
          [
            10.142934,
            45.843664
          ],
          [
            10.14327,
            45.843866
          ],
          [
            10.143625,
            45.844007
          ],
          [
            10.143705,
            45.843966
          ],
          [
            10.143798,
            45.843945
          ],
          [
            10.143897,
            45.843946
          ],
          [
            10.14399,
            45.843969
          ],
          [
            10.144068,
            45.84401
          ],
          [
            10.144145,
            45.844116
          ],
          [
            10.144148,
            45.84418
          ],
          [
            10.144125,
            45.844241
          ],
          [
            10.14417,
            45.844404
          ],
          [
            10.144168,
            45.844534
          ],
          [
            10.144185,
            45.844647
          ],
          [
            10.144247,
            45.844839
          ],
          [
            10.144429,
            45.845111
          ],
          [
            10.145966,
            45.846526
          ],
          [
            10.146123,
            45.846674
          ],
          [
            10.146661,
            45.847195
          ],
          [
            10.146895,
            45.847425
          ],
          [
            10.14892,
            45.849299
          ],
          [
            10.14936,
            45.849724
          ],
          [
            10.15106,
            45.851282
          ],
          [
            10.151252,
            45.851461
          ],
          [
            10.15132,
            45.851525
          ],
          [
            10.152479,
            45.852594
          ],
          [
            10.153445,
            45.853498
          ],
          [
            10.153719,
            45.853609
          ],
          [
            10.153843,
            45.853655
          ],
          [
            10.153867,
            45.853684
          ],
          [
            10.153874,
            45.853771
          ],
          [
            10.153886,
            45.853853
          ],
          [
            10.153933,
            45.853959
          ],
          [
            10.154449,
            45.854416
          ],
          [
            10.15584,
            45.85571
          ],
          [
            10.158621,
            45.858303
          ],
          [
            10.158676,
            45.858359
          ],
          [
            10.161306,
            45.860826
          ],
          [
            10.161485,
            45.860991
          ],
          [
            10.162482,
            45.861907
          ],
          [
            10.163039,
            45.862419
          ],
          [
            10.163659,
            45.862978
          ],
          [
            10.167001,
            45.86609
          ],
          [
            10.168648,
            45.867657
          ],
          [
            10.168909,
            45.867899
          ],
          [
            10.169163,
            45.868011
          ],
          [
            10.16936,
            45.868052
          ],
          [
            10.169436,
            45.868034
          ],
          [
            10.169594,
            45.868043
          ],
          [
            10.169676,
            45.868077
          ],
          [
            10.169737,
            45.868128
          ],
          [
            10.169771,
            45.86819
          ],
          [
            10.169761,
            45.86829
          ],
          [
            10.169725,
            45.868387
          ],
          [
            10.169734,
            45.868525
          ],
          [
            10.169782,
            45.868614
          ],
          [
            10.170112,
            45.869015
          ],
          [
            10.170266,
            45.869225
          ],
          [
            10.170596,
            45.869748
          ],
          [
            10.170697,
            45.869916
          ],
          [
            10.170874,
            45.870312
          ],
          [
            10.171181,
            45.871156
          ],
          [
            10.171219,
            45.871255
          ],
          [
            10.171601,
            45.872288
          ],
          [
            10.171735,
            45.872497
          ],
          [
            10.171907,
            45.872697
          ],
          [
            10.172024,
            45.872823
          ],
          [
            10.172103,
            45.872876
          ],
          [
            10.172235,
            45.87292
          ],
          [
            10.172298,
            45.873013
          ],
          [
            10.172608,
            45.873106
          ],
          [
            10.172944,
            45.873223
          ],
          [
            10.173135,
            45.873289
          ],
          [
            10.173317,
            45.873357
          ],
          [
            10.174078,
            45.873619
          ],
          [
            10.174341,
            45.873603
          ],
          [
            10.174452,
            45.873549
          ],
          [
            10.174587,
            45.873556
          ],
          [
            10.174879,
            45.873424
          ],
          [
            10.175008,
            45.873327
          ],
          [
            10.175971,
            45.872418
          ],
          [
            10.176049,
            45.872323
          ],
          [
            10.176089,
            45.872232
          ],
          [
            10.176085,
            45.872167
          ],
          [
            10.176047,
            45.872086
          ],
          [
            10.175951,
            45.871993
          ],
          [
            10.175818,
            45.871932
          ],
          [
            10.175697,
            45.871903
          ],
          [
            10.174456,
            45.871822
          ],
          [
            10.174242,
            45.871789
          ],
          [
            10.175288,
            45.871752
          ],
          [
            10.175554,
            45.871707
          ],
          [
            10.175698,
            45.871668
          ],
          [
            10.175798,
            45.871623
          ],
          [
            10.175906,
            45.871542
          ],
          [
            10.176106,
            45.871266
          ],
          [
            10.176103,
            45.871403
          ],
          [
            10.176129,
            45.871498
          ],
          [
            10.176193,
            45.871606
          ],
          [
            10.176286,
            45.871694
          ],
          [
            10.176403,
            45.871761
          ],
          [
            10.176669,
            45.871873
          ],
          [
            10.177162,
            45.871968
          ],
          [
            10.177773,
            45.872136
          ],
          [
            10.178556,
            45.872425
          ],
          [
            10.178963,
            45.87261
          ],
          [
            10.17955,
            45.872945
          ],
          [
            10.180603,
            45.873627
          ],
          [
            10.18192,
            45.874481
          ],
          [
            10.182319,
            45.874734
          ],
          [
            10.18513,
            45.876525
          ],
          [
            10.185344,
            45.876659
          ],
          [
            10.187049,
            45.877767
          ],
          [
            10.187161,
            45.877845
          ],
          [
            10.187672,
            45.8782
          ],
          [
            10.18814,
            45.878615
          ],
          [
            10.188309,
            45.878799
          ],
          [
            10.188399,
            45.878888
          ],
          [
            10.188731,
            45.879201
          ],
          [
            10.190837,
            45.881287
          ],
          [
            10.191496,
            45.881926
          ],
          [
            10.191907,
            45.882279
          ],
          [
            10.192332,
            45.882576
          ],
          [
            10.192884,
            45.882881
          ],
          [
            10.195433,
            45.883996
          ],
          [
            10.196119,
            45.884323
          ],
          [
            10.19654,
            45.884613
          ],
          [
            10.196956,
            45.884958
          ],
          [
            10.197238,
            45.885278
          ],
          [
            10.197492,
            45.885654
          ],
          [
            10.198797,
            45.888039
          ],
          [
            10.198886,
            45.888198
          ],
          [
            10.199187,
            45.888741
          ],
          [
            10.199465,
            45.889235
          ],
          [
            10.199834,
            45.889851
          ],
          [
            10.200008,
            45.8901
          ],
          [
            10.200259,
            45.890414
          ],
          [
            10.200653,
            45.890856
          ],
          [
            10.201065,
            45.891257
          ],
          [
            10.201821,
            45.891917
          ],
          [
            10.205631,
            45.894939
          ],
          [
            10.206694,
            45.895716
          ],
          [
            10.207294,
            45.896117
          ],
          [
            10.209667,
            45.897591
          ],
          [
            10.210844,
            45.898312
          ],
          [
            10.215342,
            45.901047
          ],
          [
            10.217108,
            45.902131
          ],
          [
            10.217553,
            45.902402
          ],
          [
            10.218114,
            45.90274
          ],
          [
            10.219666,
            45.903693
          ],
          [
            10.220139,
            45.903976
          ],
          [
            10.221089,
            45.904554
          ],
          [
            10.221907,
            45.90506
          ],
          [
            10.222329,
            45.90535
          ],
          [
            10.223012,
            45.905867
          ],
          [
            10.223281,
            45.906089
          ],
          [
            10.223649,
            45.906433
          ],
          [
            10.224169,
            45.906929
          ],
          [
            10.229545,
            45.912118
          ],
          [
            10.23215,
            45.914652
          ],
          [
            10.232838,
            45.915346
          ],
          [
            10.237355,
            45.919728
          ],
          [
            10.237926,
            45.920279
          ],
          [
            10.238626,
            45.920969
          ],
          [
            10.238878,
            45.921205
          ],
          [
            10.23902,
            45.921352
          ],
          [
            10.239753,
            45.922121
          ],
          [
            10.24008,
            45.922514
          ],
          [
            10.240954,
            45.923605
          ],
          [
            10.241332,
            45.924066
          ],
          [
            10.242152,
            45.925064
          ],
          [
            10.242861,
            45.92594
          ],
          [
            10.24387,
            45.927198
          ],
          [
            10.244352,
            45.927775
          ],
          [
            10.244715,
            45.928159
          ],
          [
            10.245052,
            45.928461
          ],
          [
            10.245336,
            45.92867
          ],
          [
            10.245827,
            45.929024
          ],
          [
            10.246306,
            45.929309
          ],
          [
            10.246847,
            45.929552
          ],
          [
            10.248481,
            45.930218
          ],
          [
            10.250549,
            45.931097
          ],
          [
            10.254258,
            45.932619
          ],
          [
            10.255574,
            45.93312
          ],
          [
            10.256819,
            45.933556
          ],
          [
            10.261245,
            45.934916
          ],
          [
            10.263513,
            45.935588
          ],
          [
            10.266935,
            45.936593
          ],
          [
            10.267882,
            45.936861
          ],
          [
            10.2704,
            45.937614
          ],
          [
            10.272247,
            45.938167
          ],
          [
            10.272503,
            45.938247
          ],
          [
            10.276446,
            45.939419
          ],
          [
            10.279184,
            45.94026
          ],
          [
            10.279955,
            45.940523
          ],
          [
            10.280407,
            45.940725
          ],
          [
            10.280828,
            45.940968
          ],
          [
            10.281128,
            45.94116
          ],
          [
            10.281506,
            45.941454
          ],
          [
            10.281898,
            45.941835
          ],
          [
            10.282163,
            45.942152
          ],
          [
            10.282292,
            45.942337
          ],
          [
            10.283107,
            45.944148
          ],
          [
            10.283684,
            45.945843
          ],
          [
            10.284971,
            45.951141
          ],
          [
            10.285354,
            45.952175
          ],
          [
            10.285652,
            45.952856
          ],
          [
            10.285946,
            45.953455
          ],
          [
            10.286095,
            45.95376
          ],
          [
            10.286307,
            45.954119
          ],
          [
            10.286562,
            45.954481
          ],
          [
            10.287142,
            45.955058
          ],
          [
            10.287488,
            45.955339
          ],
          [
            10.287831,
            45.955555
          ],
          [
            10.288501,
            45.955954
          ],
          [
            10.291995,
            45.957746
          ],
          [
            10.294012,
            45.958799
          ],
          [
            10.295041,
            45.959266
          ],
          [
            10.295928,
            45.959597
          ],
          [
            10.298853,
            45.960564
          ],
          [
            10.301978,
            45.961554
          ],
          [
            10.306719,
            45.963081
          ],
          [
            10.308552,
            45.963676
          ],
          [
            10.309749,
            45.96406
          ],
          [
            10.310806,
            45.964406
          ],
          [
            10.31201,
            45.964799
          ],
          [
            10.312286,
            45.964892
          ],
          [
            10.313502,
            45.965268
          ],
          [
            10.313876,
            45.965403
          ],
          [
            10.314322,
            45.965594
          ],
          [
            10.314742,
            45.965806
          ],
          [
            10.315519,
            45.966253
          ],
          [
            10.316044,
            45.966625
          ],
          [
            10.316511,
            45.966931
          ],
          [
            10.316956,
            45.967255
          ],
          [
            10.317435,
            45.967627
          ],
          [
            10.317894,
            45.968015
          ],
          [
            10.318382,
            45.96847
          ],
          [
            10.318846,
            45.968938
          ],
          [
            10.319535,
            45.969736
          ],
          [
            10.320268,
            45.970784
          ],
          [
            10.321249,
            45.972233
          ],
          [
            10.324795,
            45.977646
          ],
          [
            10.324951,
            45.977893
          ],
          [
            10.325379,
            45.97852
          ],
          [
            10.325827,
            45.979094
          ],
          [
            10.326324,
            45.979619
          ],
          [
            10.326977,
            45.980163
          ],
          [
            10.327426,
            45.980487
          ],
          [
            10.327537,
            45.98056
          ],
          [
            10.328172,
            45.980948
          ],
          [
            10.328468,
            45.981126
          ],
          [
            10.329062,
            45.981464
          ],
          [
            10.329564,
            45.981754
          ],
          [
            10.32968,
            45.981822
          ],
          [
            10.330498,
            45.982295
          ],
          [
            10.330674,
            45.982396
          ],
          [
            10.331696,
            45.982992
          ],
          [
            10.333011,
            45.983759
          ],
          [
            10.333626,
            45.984161
          ],
          [
            10.334021,
            45.984457
          ],
          [
            10.334379,
            45.984759
          ],
          [
            10.334679,
            45.985057
          ],
          [
            10.334962,
            45.985373
          ],
          [
            10.33533,
            45.985879
          ],
          [
            10.335624,
            45.986391
          ],
          [
            10.335742,
            45.986652
          ],
          [
            10.335891,
            45.987066
          ],
          [
            10.336569,
            45.989262
          ],
          [
            10.336776,
            45.989837
          ],
          [
            10.336881,
            45.990043
          ],
          [
            10.337549,
            45.991246
          ],
          [
            10.337933,
            45.991915
          ],
          [
            10.337974,
            45.991997
          ],
          [
            10.338352,
            45.992666
          ],
          [
            10.338507,
            45.992764
          ],
          [
            10.338576,
            45.992844
          ],
          [
            10.338721,
            45.99295
          ],
          [
            10.338839,
            45.992989
          ],
          [
            10.339196,
            45.993009
          ],
          [
            10.338976,
            45.993145
          ],
          [
            10.338905,
            45.993261
          ],
          [
            10.338882,
            45.993396
          ],
          [
            10.338892,
            45.993611
          ],
          [
            10.339006,
            45.993812
          ],
          [
            10.33941,
            45.994517
          ],
          [
            10.339531,
            45.994732
          ],
          [
            10.339593,
            45.994842
          ],
          [
            10.340085,
            45.995603
          ],
          [
            10.340335,
            45.995878
          ],
          [
            10.341278,
            45.996718
          ],
          [
            10.341917,
            45.997133
          ],
          [
            10.343429,
            45.99785
          ],
          [
            10.344471,
            45.998366
          ],
          [
            10.345492,
            45.998808
          ],
          [
            10.346082,
            45.999132
          ],
          [
            10.346472,
            45.99941
          ],
          [
            10.346931,
            45.999718
          ],
          [
            10.347372,
            46.00005
          ],
          [
            10.347659,
            46.000318
          ],
          [
            10.347815,
            46.000496
          ],
          [
            10.348152,
            46.000966
          ],
          [
            10.348318,
            46.001251
          ],
          [
            10.348434,
            46.001505
          ],
          [
            10.348531,
            46.001785
          ],
          [
            10.348603,
            46.002066
          ],
          [
            10.348649,
            46.002355
          ],
          [
            10.348666,
            46.002641
          ],
          [
            10.348646,
            46.002932
          ],
          [
            10.348505,
            46.00374
          ],
          [
            10.34757,
            46.007902
          ],
          [
            10.34739,
            46.008804
          ],
          [
            10.347346,
            46.009162
          ],
          [
            10.347341,
            46.009746
          ],
          [
            10.347371,
            46.010042
          ],
          [
            10.347467,
            46.010515
          ],
          [
            10.347585,
            46.010864
          ],
          [
            10.347828,
            46.011428
          ],
          [
            10.348071,
            46.011894
          ],
          [
            10.348269,
            46.012225
          ],
          [
            10.348615,
            46.01281
          ],
          [
            10.34876,
            46.012894
          ],
          [
            10.34894,
            46.013104
          ],
          [
            10.349448,
            46.013666
          ],
          [
            10.349645,
            46.013854
          ],
          [
            10.349756,
            46.01392
          ],
          [
            10.349874,
            46.013939
          ],
          [
            10.350071,
            46.014061
          ],
          [
            10.350171,
            46.014194
          ],
          [
            10.35018,
            46.014335
          ],
          [
            10.350149,
            46.014569
          ],
          [
            10.350187,
            46.014724
          ],
          [
            10.350148,
            46.015619
          ],
          [
            10.350076,
            46.016482
          ],
          [
            10.349987,
            46.016713
          ],
          [
            10.349812,
            46.017387
          ],
          [
            10.349696,
            46.017942
          ],
          [
            10.349631,
            46.01995
          ],
          [
            10.349707,
            46.021034
          ],
          [
            10.349883,
            46.021798
          ],
          [
            10.350178,
            46.022763
          ],
          [
            10.351183,
            46.02489
          ],
          [
            10.351734,
            46.02655
          ],
          [
            10.351948,
            46.027624
          ],
          [
            10.352039,
            46.02864
          ],
          [
            10.351954,
            46.029724
          ],
          [
            10.351677,
            46.030971
          ],
          [
            10.351428,
            46.031784
          ],
          [
            10.351106,
            46.032499
          ],
          [
            10.35066,
            46.033317
          ],
          [
            10.350353,
            46.033821
          ],
          [
            10.350002,
            46.03429
          ],
          [
            10.348686,
            46.03577
          ],
          [
            10.347342,
            46.037234
          ],
          [
            10.346627,
            46.037981
          ],
          [
            10.34653,
            46.038084
          ],
          [
            10.34572,
            46.038951
          ],
          [
            10.345442,
            46.039248
          ],
          [
            10.343944,
            46.040873
          ],
          [
            10.343735,
            46.041076
          ],
          [
            10.342256,
            46.042757
          ],
          [
            10.341927,
            46.043175
          ],
          [
            10.341638,
            46.043607
          ],
          [
            10.341359,
            46.044113
          ],
          [
            10.340924,
            46.045111
          ],
          [
            10.340785,
            46.045606
          ],
          [
            10.340621,
            46.046584
          ],
          [
            10.340613,
            46.047848
          ],
          [
            10.340547,
            46.049216
          ],
          [
            10.340506,
            46.052822
          ],
          [
            10.34043,
            46.056423
          ],
          [
            10.340409,
            46.059061
          ],
          [
            10.340309,
            46.064058
          ],
          [
            10.340114,
            46.068653
          ],
          [
            10.339975,
            46.069799
          ],
          [
            10.339758,
            46.070928
          ],
          [
            10.33873,
            46.075103
          ],
          [
            10.338467,
            46.075839
          ],
          [
            10.338149,
            46.076565
          ],
          [
            10.337593,
            46.077489
          ],
          [
            10.336611,
            46.078597
          ],
          [
            10.335485,
            46.079728
          ],
          [
            10.333388,
            46.08171
          ],
          [
            10.332211,
            46.082938
          ],
          [
            10.330827,
            46.084224
          ],
          [
            10.330653,
            46.084391
          ],
          [
            10.329401,
            46.085611
          ],
          [
            10.328958,
            46.086037
          ],
          [
            10.328802,
            46.08639
          ],
          [
            10.328482,
            46.087101
          ],
          [
            10.328269,
            46.087463
          ],
          [
            10.328129,
            46.087592
          ],
          [
            10.327955,
            46.087701
          ],
          [
            10.327754,
            46.087784
          ],
          [
            10.327519,
            46.08784
          ],
          [
            10.327147,
            46.08786
          ],
          [
            10.32655,
            46.087774
          ],
          [
            10.324765,
            46.087383
          ],
          [
            10.324232,
            46.087287
          ],
          [
            10.323694,
            46.08726
          ],
          [
            10.32323,
            46.087285
          ],
          [
            10.322244,
            46.087477
          ],
          [
            10.321795,
            46.087543
          ],
          [
            10.319879,
            46.087939
          ],
          [
            10.31967,
            46.088018
          ],
          [
            10.319504,
            46.088103
          ],
          [
            10.319345,
            46.088301
          ],
          [
            10.319353,
            46.088384
          ],
          [
            10.31933,
            46.088423
          ],
          [
            10.319293,
            46.088455
          ],
          [
            10.319186,
            46.088492
          ],
          [
            10.319041,
            46.088559
          ],
          [
            10.318901,
            46.08866
          ],
          [
            10.31797,
            46.089613
          ],
          [
            10.317676,
            46.089795
          ],
          [
            10.317158,
            46.089973
          ],
          [
            10.316906,
            46.090121
          ],
          [
            10.316795,
            46.090213
          ],
          [
            10.316547,
            46.090488
          ],
          [
            10.316379,
            46.090774
          ],
          [
            10.316341,
            46.090906
          ],
          [
            10.316314,
            46.092025
          ],
          [
            10.316257,
            46.092336
          ],
          [
            10.316128,
            46.092847
          ],
          [
            10.315825,
            46.093423
          ],
          [
            10.315483,
            46.094029
          ],
          [
            10.314459,
            46.095725
          ],
          [
            10.314405,
            46.095967
          ],
          [
            10.314434,
            46.096257
          ],
          [
            10.314511,
            46.096774
          ],
          [
            10.314685,
            46.097568
          ],
          [
            10.314795,
            46.098223
          ],
          [
            10.314801,
            46.098477
          ],
          [
            10.314765,
            46.098616
          ],
          [
            10.314674,
            46.098788
          ],
          [
            10.314475,
            46.099062
          ],
          [
            10.314338,
            46.099202
          ],
          [
            10.314152,
            46.099339
          ],
          [
            10.313885,
            46.09953
          ],
          [
            10.313685,
            46.099767
          ],
          [
            10.313572,
            46.099999
          ],
          [
            10.313523,
            46.100189
          ],
          [
            10.313518,
            46.100358
          ],
          [
            10.313542,
            46.100516
          ],
          [
            10.313594,
            46.100658
          ],
          [
            10.313692,
            46.10084
          ],
          [
            10.314357,
            46.101777
          ],
          [
            10.314419,
            46.10189
          ],
          [
            10.314443,
            46.101983
          ],
          [
            10.314455,
            46.102123
          ],
          [
            10.31443,
            46.10219
          ],
          [
            10.314378,
            46.102271
          ],
          [
            10.314262,
            46.102387
          ],
          [
            10.313754,
            46.102694
          ],
          [
            10.313611,
            46.102829
          ],
          [
            10.313427,
            46.103104
          ],
          [
            10.313282,
            46.103362
          ],
          [
            10.313082,
            46.104001
          ],
          [
            10.313045,
            46.104368
          ],
          [
            10.31312,
            46.104818
          ],
          [
            10.313135,
            46.105189
          ],
          [
            10.313056,
            46.105666
          ],
          [
            10.31304,
            46.105985
          ],
          [
            10.313081,
            46.106157
          ],
          [
            10.31334,
            46.106632
          ],
          [
            10.314045,
            46.107746
          ],
          [
            10.3143,
            46.108313
          ],
          [
            10.314319,
            46.108519
          ],
          [
            10.314312,
            46.108605
          ],
          [
            10.314269,
            46.108684
          ],
          [
            10.314135,
            46.108797
          ],
          [
            10.313841,
            46.108938
          ],
          [
            10.313151,
            46.10922
          ],
          [
            10.312652,
            46.109443
          ],
          [
            10.312458,
            46.109574
          ],
          [
            10.312307,
            46.109739
          ],
          [
            10.31222,
            46.109907
          ],
          [
            10.312183,
            46.110096
          ],
          [
            10.3122,
            46.110289
          ],
          [
            10.312262,
            46.110466
          ],
          [
            10.312437,
            46.110791
          ],
          [
            10.31337,
            46.112382
          ],
          [
            10.313472,
            46.112507
          ],
          [
            10.313554,
            46.112598
          ],
          [
            10.313681,
            46.112739
          ],
          [
            10.313956,
            46.112988
          ],
          [
            10.316445,
            46.114919
          ],
          [
            10.317582,
            46.115833
          ],
          [
            10.317739,
            46.116
          ],
          [
            10.318153,
            46.116546
          ],
          [
            10.31836,
            46.116827
          ],
          [
            10.31853,
            46.117116
          ],
          [
            10.318625,
            46.117525
          ],
          [
            10.318637,
            46.117851
          ],
          [
            10.318648,
            46.118371
          ],
          [
            10.318695,
            46.118549
          ],
          [
            10.318751,
            46.118743
          ],
          [
            10.318822,
            46.118896
          ],
          [
            10.319004,
            46.119186
          ],
          [
            10.319637,
            46.119832
          ],
          [
            10.319805,
            46.119988
          ],
          [
            10.319943,
            46.120114
          ],
          [
            10.320089,
            46.120255
          ],
          [
            10.320865,
            46.120986
          ],
          [
            10.320944,
            46.121059
          ],
          [
            10.321542,
            46.121627
          ],
          [
            10.322124,
            46.122164
          ],
          [
            10.322741,
            46.122769
          ],
          [
            10.322847,
            46.122862
          ],
          [
            10.323828,
            46.123803
          ],
          [
            10.324485,
            46.124415
          ],
          [
            10.324529,
            46.12446
          ],
          [
            10.32456,
            46.124486
          ],
          [
            10.325608,
            46.125484
          ],
          [
            10.327148,
            46.126958
          ],
          [
            10.328779,
            46.128503
          ],
          [
            10.333468,
            46.132968
          ],
          [
            10.333804,
            46.133157
          ],
          [
            10.333904,
            46.133206
          ],
          [
            10.333953,
            46.133284
          ],
          [
            10.333953,
            46.133327
          ],
          [
            10.334132,
            46.133588
          ],
          [
            10.335514,
            46.134954
          ],
          [
            10.335819,
            46.135276
          ],
          [
            10.336018,
            46.135539
          ],
          [
            10.336611,
            46.136467
          ],
          [
            10.339478,
            46.141405
          ],
          [
            10.339764,
            46.141837
          ],
          [
            10.34023,
            46.142469
          ],
          [
            10.341706,
            46.14433
          ],
          [
            10.34317,
            46.14623
          ],
          [
            10.343336,
            46.146527
          ],
          [
            10.343504,
            46.146991
          ],
          [
            10.343624,
            46.147174
          ],
          [
            10.344421,
            46.148077
          ],
          [
            10.344559,
            46.148254
          ],
          [
            10.344836,
            46.148709
          ],
          [
            10.344927,
            46.148961
          ],
          [
            10.34493,
            46.149072
          ],
          [
            10.344878,
            46.149332
          ],
          [
            10.344861,
            46.14955
          ],
          [
            10.344977,
            46.150116
          ],
          [
            10.345764,
            46.152233
          ],
          [
            10.345766,
            46.152537
          ],
          [
            10.345547,
            46.153232
          ],
          [
            10.345527,
            46.153416
          ],
          [
            10.345587,
            46.153615
          ],
          [
            10.345965,
            46.15422
          ],
          [
            10.346071,
            46.154448
          ],
          [
            10.346101,
            46.15458
          ],
          [
            10.346146,
            46.155569
          ],
          [
            10.346162,
            46.155739
          ],
          [
            10.346284,
            46.156006
          ],
          [
            10.34738,
            46.157284
          ],
          [
            10.347482,
            46.157402
          ],
          [
            10.347581,
            46.157475
          ],
          [
            10.347668,
            46.157525
          ],
          [
            10.347795,
            46.157557
          ],
          [
            10.348335,
            46.157555
          ],
          [
            10.348456,
            46.157573
          ],
          [
            10.348598,
            46.15762
          ],
          [
            10.348717,
            46.157693
          ],
          [
            10.348805,
            46.157771
          ],
          [
            10.348838,
            46.157862
          ],
          [
            10.348839,
            46.157968
          ],
          [
            10.348664,
            46.158777
          ],
          [
            10.3486,
            46.15928
          ],
          [
            10.348619,
            46.159461
          ],
          [
            10.348692,
            46.159681
          ],
          [
            10.348862,
            46.159986
          ],
          [
            10.350168,
            46.161603
          ],
          [
            10.350292,
            46.161761
          ],
          [
            10.350448,
            46.162042
          ],
          [
            10.350537,
            46.162315
          ],
          [
            10.350574,
            46.162518
          ],
          [
            10.350588,
            46.162759
          ],
          [
            10.350554,
            46.163082
          ],
          [
            10.350207,
            46.164421
          ],
          [
            10.350232,
            46.164655
          ],
          [
            10.350286,
            46.164729
          ],
          [
            10.350382,
            46.164809
          ],
          [
            10.350407,
            46.164816
          ],
          [
            10.350502,
            46.164871
          ],
          [
            10.350541,
            46.164951
          ],
          [
            10.350525,
            46.165018
          ],
          [
            10.35047,
            46.165074
          ],
          [
            10.350338,
            46.165115
          ],
          [
            10.350162,
            46.16523
          ],
          [
            10.349947,
            46.165514
          ],
          [
            10.349858,
            46.165783
          ],
          [
            10.349489,
            46.167203
          ],
          [
            10.349378,
            46.16745
          ],
          [
            10.349218,
            46.167661
          ],
          [
            10.349015,
            46.167857
          ],
          [
            10.348263,
            46.168309
          ],
          [
            10.347087,
            46.169089
          ],
          [
            10.347055,
            46.169129
          ],
          [
            10.347025,
            46.169227
          ],
          [
            10.347024,
            46.169266
          ],
          [
            10.346964,
            46.16933
          ],
          [
            10.346923,
            46.169347
          ],
          [
            10.346829,
            46.169354
          ],
          [
            10.346784,
            46.169343
          ],
          [
            10.346619,
            46.16937
          ],
          [
            10.345624,
            46.170018
          ],
          [
            10.344489,
            46.170726
          ],
          [
            10.344035,
            46.171012
          ],
          [
            10.343968,
            46.171049
          ],
          [
            10.343736,
            46.171178
          ],
          [
            10.343479,
            46.171397
          ],
          [
            10.343358,
            46.171521
          ],
          [
            10.343294,
            46.171618
          ],
          [
            10.343262,
            46.171674
          ],
          [
            10.343049,
            46.171838
          ],
          [
            10.342926,
            46.171864
          ],
          [
            10.342841,
            46.171857
          ],
          [
            10.342763,
            46.171832
          ],
          [
            10.342612,
            46.171706
          ],
          [
            10.342442,
            46.171445
          ],
          [
            10.342252,
            46.171301
          ],
          [
            10.341992,
            46.171257
          ],
          [
            10.341832,
            46.171264
          ],
          [
            10.341682,
            46.171299
          ],
          [
            10.34135,
            46.171492
          ],
          [
            10.340459,
            46.17208
          ],
          [
            10.340026,
            46.172347
          ],
          [
            10.339306,
            46.172757
          ],
          [
            10.338614,
            46.173119
          ],
          [
            10.338327,
            46.173239
          ],
          [
            10.337745,
            46.173455
          ],
          [
            10.337645,
            46.173494
          ],
          [
            10.337296,
            46.17361
          ],
          [
            10.336917,
            46.173711
          ],
          [
            10.335885,
            46.173914
          ],
          [
            10.334374,
            46.174259
          ],
          [
            10.333395,
            46.17448
          ],
          [
            10.332597,
            46.174617
          ],
          [
            10.331925,
            46.174679
          ],
          [
            10.331603,
            46.174748
          ],
          [
            10.331499,
            46.174756
          ],
          [
            10.331484,
            46.174781
          ],
          [
            10.331419,
            46.174833
          ],
          [
            10.331345,
            46.174853
          ],
          [
            10.331147,
            46.174854
          ],
          [
            10.331068,
            46.174821
          ],
          [
            10.330566,
            46.174732
          ],
          [
            10.329907,
            46.174776
          ],
          [
            10.327876,
            46.174868
          ],
          [
            10.32551,
            46.175012
          ],
          [
            10.324576,
            46.174976
          ],
          [
            10.323349,
            46.174896
          ],
          [
            10.321342,
            46.174788
          ],
          [
            10.31673,
            46.174986
          ],
          [
            10.316177,
            46.175088
          ],
          [
            10.315655,
            46.175249
          ],
          [
            10.315562,
            46.17526
          ],
          [
            10.315161,
            46.175249
          ],
          [
            10.314728,
            46.17516
          ],
          [
            10.313454,
            46.174815
          ],
          [
            10.313055,
            46.174745
          ],
          [
            10.311557,
            46.174576
          ],
          [
            10.309803,
            46.174182
          ],
          [
            10.308422,
            46.173641
          ],
          [
            10.306024,
            46.173016
          ],
          [
            10.304787,
            46.171966
          ],
          [
            10.304703,
            46.171884
          ],
          [
            10.304496,
            46.171709
          ],
          [
            10.304132,
            46.171393
          ],
          [
            10.303234,
            46.171113
          ],
          [
            10.300918,
            46.170205
          ],
          [
            10.300724,
            46.170186
          ],
          [
            10.300528,
            46.170246
          ],
          [
            10.300244,
            46.170301
          ],
          [
            10.300017,
            46.170293
          ],
          [
            10.299824,
            46.170244
          ],
          [
            10.299679,
            46.170183
          ],
          [
            10.299252,
            46.169931
          ],
          [
            10.298951,
            46.169866
          ],
          [
            10.29828,
            46.169829
          ],
          [
            10.297808,
            46.169762
          ],
          [
            10.297125,
            46.169615
          ],
          [
            10.296716,
            46.169561
          ],
          [
            10.296381,
            46.169574
          ],
          [
            10.296063,
            46.169639
          ],
          [
            10.295394,
            46.169964
          ],
          [
            10.295271,
            46.169994
          ],
          [
            10.294823,
            46.169955
          ],
          [
            10.294334,
            46.16987
          ],
          [
            10.294126,
            46.169874
          ],
          [
            10.293957,
            46.169933
          ],
          [
            10.293866,
            46.169992
          ],
          [
            10.293805,
            46.17007
          ],
          [
            10.293608,
            46.170131
          ],
          [
            10.293351,
            46.170141
          ],
          [
            10.292887,
            46.170041
          ],
          [
            10.29258,
            46.170019
          ],
          [
            10.292247,
            46.170025
          ],
          [
            10.291916,
            46.170054
          ],
          [
            10.291748,
            46.17001
          ],
          [
            10.291674,
            46.169951
          ],
          [
            10.291438,
            46.169671
          ],
          [
            10.291161,
            46.169426
          ],
          [
            10.291007,
            46.169377
          ],
          [
            10.290864,
            46.169376
          ],
          [
            10.290792,
            46.169425
          ],
          [
            10.290753,
            46.16953
          ],
          [
            10.290767,
            46.169675
          ],
          [
            10.290721,
            46.169764
          ],
          [
            10.290599,
            46.169849
          ],
          [
            10.290256,
            46.169951
          ],
          [
            10.289963,
            46.169969
          ],
          [
            10.289225,
            46.169829
          ],
          [
            10.288334,
            46.16983
          ],
          [
            10.287496,
            46.169609
          ],
          [
            10.287322,
            46.169613
          ],
          [
            10.28712,
            46.16972
          ],
          [
            10.285619,
            46.170198
          ],
          [
            10.285395,
            46.170189
          ],
          [
            10.284627,
            46.169928
          ],
          [
            10.284152,
            46.169739
          ],
          [
            10.283528,
            46.16955
          ],
          [
            10.28307,
            46.169521
          ],
          [
            10.28269,
            46.169536
          ],
          [
            10.282461,
            46.16954
          ],
          [
            10.281114,
            46.169422
          ],
          [
            10.280211,
            46.169288
          ],
          [
            10.279276,
            46.169201
          ],
          [
            10.278607,
            46.169168
          ],
          [
            10.277932,
            46.169096
          ],
          [
            10.27684,
            46.169021
          ],
          [
            10.274791,
            46.168767
          ],
          [
            10.273373,
            46.16857
          ],
          [
            10.273296,
            46.168562
          ],
          [
            10.271454,
            46.1685
          ],
          [
            10.270739,
            46.168489
          ],
          [
            10.270457,
            46.168459
          ],
          [
            10.27018,
            46.168388
          ],
          [
            10.269907,
            46.168292
          ],
          [
            10.269666,
            46.168156
          ],
          [
            10.269273,
            46.167866
          ],
          [
            10.268396,
            46.16711
          ],
          [
            10.268231,
            46.167032
          ],
          [
            10.266787,
            46.166697
          ],
          [
            10.265929,
            46.166481
          ],
          [
            10.264676,
            46.166127
          ],
          [
            10.26265,
            46.165526
          ],
          [
            10.262489,
            46.165495
          ],
          [
            10.262223,
            46.165485
          ],
          [
            10.260732,
            46.165606
          ],
          [
            10.260633,
            46.165615
          ],
          [
            10.260332,
            46.165639
          ],
          [
            10.260008,
            46.165631
          ],
          [
            10.259961,
            46.165685
          ],
          [
            10.259923,
            46.165702
          ],
          [
            10.259833,
            46.16571
          ],
          [
            10.259789,
            46.1657
          ],
          [
            10.259758,
            46.165686
          ],
          [
            10.259715,
            46.165644
          ],
          [
            10.25941,
            46.165716
          ],
          [
            10.258244,
            46.165824
          ],
          [
            10.257182,
            46.165903
          ],
          [
            10.256702,
            46.16597
          ],
          [
            10.254657,
            46.166491
          ],
          [
            10.25346,
            46.166861
          ],
          [
            10.252074,
            46.167312
          ],
          [
            10.251203,
            46.16757
          ],
          [
            10.251047,
            46.167583
          ],
          [
            10.249034,
            46.167533
          ],
          [
            10.247736,
            46.167293
          ],
          [
            10.247454,
            46.167252
          ],
          [
            10.246664,
            46.167104
          ],
          [
            10.246596,
            46.167078
          ],
          [
            10.246437,
            46.167017
          ],
          [
            10.245932,
            46.166778
          ],
          [
            10.245739,
            46.166711
          ],
          [
            10.244604,
            46.166388
          ],
          [
            10.244042,
            46.166183
          ],
          [
            10.243242,
            46.165857
          ],
          [
            10.24312,
            46.165861
          ],
          [
            10.243108,
            46.16589
          ],
          [
            10.243061,
            46.165919
          ],
          [
            10.242993,
            46.165922
          ],
          [
            10.242952,
            46.165904
          ],
          [
            10.242728,
            46.166076
          ],
          [
            10.242273,
            46.16619
          ],
          [
            10.242063,
            46.166203
          ],
          [
            10.240946,
            46.16658
          ],
          [
            10.240835,
            46.16662
          ],
          [
            10.240746,
            46.166651
          ],
          [
            10.240649,
            46.166755
          ],
          [
            10.238965,
            46.166083
          ],
          [
            10.238688,
            46.165977
          ],
          [
            10.238485,
            46.16594
          ],
          [
            10.238133,
            46.165917
          ],
          [
            10.237838,
            46.165926
          ],
          [
            10.235629,
            46.166113
          ],
          [
            10.234671,
            46.166174
          ],
          [
            10.234191,
            46.166212
          ],
          [
            10.234063,
            46.166201
          ],
          [
            10.233601,
            46.165963
          ],
          [
            10.233192,
            46.165811
          ],
          [
            10.232724,
            46.165668
          ],
          [
            10.232139,
            46.165511
          ],
          [
            10.231844,
            46.165478
          ],
          [
            10.231672,
            46.165479
          ],
          [
            10.231522,
            46.165492
          ],
          [
            10.23139,
            46.165522
          ],
          [
            10.23121,
            46.165581
          ],
          [
            10.230782,
            46.165778
          ],
          [
            10.230642,
            46.165815
          ],
          [
            10.227689,
            46.16637
          ],
          [
            10.226831,
            46.166476
          ],
          [
            10.226285,
            46.166576
          ],
          [
            10.225664,
            46.166793
          ],
          [
            10.225404,
            46.166843
          ],
          [
            10.225066,
            46.166848
          ],
          [
            10.2239,
            46.166778
          ],
          [
            10.223412,
            46.166715
          ],
          [
            10.22267,
            46.166509
          ],
          [
            10.222474,
            46.166422
          ],
          [
            10.222263,
            46.166266
          ],
          [
            10.222007,
            46.166147
          ],
          [
            10.221683,
            46.166039
          ],
          [
            10.221524,
            46.166016
          ],
          [
            10.221219,
            46.166034
          ],
          [
            10.220281,
            46.166352
          ],
          [
            10.220045,
            46.166426
          ],
          [
            10.21989,
            46.166461
          ],
          [
            10.219772,
            46.166467
          ],
          [
            10.219441,
            46.16645
          ],
          [
            10.219064,
            46.166429
          ],
          [
            10.218088,
            46.166523
          ],
          [
            10.217713,
            46.166487
          ],
          [
            10.21703,
            46.166531
          ],
          [
            10.216369,
            46.166596
          ],
          [
            10.216218,
            46.166596
          ],
          [
            10.216095,
            46.16655
          ],
          [
            10.215704,
            46.166378
          ],
          [
            10.215362,
            46.166378
          ],
          [
            10.214227,
            46.166468
          ],
          [
            10.213245,
            46.166521
          ],
          [
            10.212592,
            46.166542
          ],
          [
            10.210668,
            46.166274
          ],
          [
            10.210415,
            46.166259
          ],
          [
            10.209713,
            46.166272
          ],
          [
            10.209585,
            46.166262
          ],
          [
            10.209274,
            46.166198
          ],
          [
            10.20912,
            46.166147
          ],
          [
            10.20898,
            46.166081
          ],
          [
            10.208869,
            46.166003
          ],
          [
            10.208329,
            46.165488
          ],
          [
            10.208283,
            46.165443
          ],
          [
            10.208009,
            46.165188
          ],
          [
            10.207936,
            46.165067
          ],
          [
            10.207865,
            46.1647
          ],
          [
            10.207793,
            46.164588
          ],
          [
            10.207691,
            46.16449
          ],
          [
            10.207559,
            46.164419
          ],
          [
            10.2074,
            46.164369
          ],
          [
            10.207072,
            46.164297
          ],
          [
            10.206842,
            46.164265
          ],
          [
            10.206596,
            46.164262
          ],
          [
            10.205593,
            46.164309
          ],
          [
            10.205268,
            46.164285
          ],
          [
            10.205001,
            46.164229
          ],
          [
            10.204233,
            46.163992
          ],
          [
            10.204037,
            46.163946
          ],
          [
            10.203456,
            46.163956
          ],
          [
            10.202772,
            46.163977
          ],
          [
            10.202614,
            46.163962
          ],
          [
            10.202464,
            46.163916
          ],
          [
            10.202338,
            46.163853
          ],
          [
            10.202228,
            46.163764
          ],
          [
            10.201574,
            46.162848
          ],
          [
            10.201407,
            46.162731
          ],
          [
            10.201237,
            46.162671
          ],
          [
            10.201015,
            46.162652
          ],
          [
            10.200776,
            46.162655
          ],
          [
            10.200573,
            46.162615
          ],
          [
            10.200075,
            46.162466
          ],
          [
            10.199898,
            46.162442
          ],
          [
            10.199153,
            46.162436
          ],
          [
            10.198966,
            46.162466
          ],
          [
            10.198406,
            46.162639
          ],
          [
            10.197542,
            46.162662
          ],
          [
            10.197243,
            46.162655
          ],
          [
            10.196753,
            46.162565
          ],
          [
            10.195597,
            46.162133
          ],
          [
            10.19541,
            46.16208
          ],
          [
            10.195261,
            46.16206
          ],
          [
            10.194845,
            46.162041
          ],
          [
            10.194541,
            46.161996
          ],
          [
            10.194105,
            46.161842
          ],
          [
            10.193736,
            46.161768
          ],
          [
            10.19318,
            46.161692
          ],
          [
            10.192904,
            46.161693
          ],
          [
            10.192643,
            46.161717
          ],
          [
            10.192419,
            46.161703
          ],
          [
            10.192134,
            46.161593
          ],
          [
            10.191683,
            46.161475
          ],
          [
            10.19109,
            46.161452
          ],
          [
            10.190707,
            46.161421
          ],
          [
            10.19057,
            46.161392
          ],
          [
            10.19048,
            46.16135
          ],
          [
            10.190448,
            46.161334
          ],
          [
            10.190247,
            46.161122
          ],
          [
            10.190089,
            46.160836
          ],
          [
            10.189906,
            46.160585
          ],
          [
            10.189706,
            46.160396
          ],
          [
            10.189477,
            46.160233
          ],
          [
            10.189163,
            46.160129
          ],
          [
            10.188961,
            46.160092
          ],
          [
            10.188767,
            46.160027
          ],
          [
            10.188568,
            46.159854
          ],
          [
            10.188382,
            46.159651
          ],
          [
            10.188209,
            46.159534
          ],
          [
            10.188034,
            46.159471
          ],
          [
            10.187858,
            46.159437
          ],
          [
            10.18735,
            46.159379
          ],
          [
            10.187023,
            46.159413
          ],
          [
            10.186721,
            46.159486
          ],
          [
            10.186395,
            46.159631
          ],
          [
            10.186021,
            46.159903
          ],
          [
            10.185622,
            46.160121
          ],
          [
            10.185425,
            46.160176
          ],
          [
            10.185185,
            46.160179
          ],
          [
            10.18341,
            46.159862
          ],
          [
            10.183093,
            46.15984
          ],
          [
            10.182862,
            46.159846
          ],
          [
            10.18261,
            46.159875
          ],
          [
            10.182403,
            46.159906
          ],
          [
            10.181895,
            46.159995
          ],
          [
            10.181643,
            46.160006
          ],
          [
            10.181447,
            46.15999
          ],
          [
            10.181241,
            46.159922
          ],
          [
            10.181115,
            46.159841
          ],
          [
            10.180896,
            46.159633
          ],
          [
            10.18045,
            46.159128
          ],
          [
            10.179983,
            46.158638
          ],
          [
            10.179744,
            46.158438
          ],
          [
            10.179691,
            46.158392
          ],
          [
            10.179504,
            46.158135
          ],
          [
            10.179392,
            46.158017
          ],
          [
            10.179291,
            46.157949
          ],
          [
            10.178885,
            46.157807
          ],
          [
            10.178561,
            46.157634
          ],
          [
            10.178385,
            46.157588
          ],
          [
            10.178233,
            46.157576
          ],
          [
            10.177762,
            46.157609
          ],
          [
            10.177416,
            46.157606
          ],
          [
            10.176288,
            46.157535
          ],
          [
            10.175891,
            46.157561
          ],
          [
            10.174797,
            46.157781
          ],
          [
            10.173707,
            46.158078
          ],
          [
            10.173456,
            46.15813
          ],
          [
            10.172936,
            46.158173
          ],
          [
            10.172706,
            46.158216
          ],
          [
            10.172467,
            46.158274
          ],
          [
            10.171846,
            46.1585
          ],
          [
            10.171541,
            46.158565
          ],
          [
            10.171366,
            46.158564
          ],
          [
            10.171207,
            46.158544
          ],
          [
            10.171039,
            46.158491
          ],
          [
            10.170791,
            46.158389
          ],
          [
            10.169938,
            46.158068
          ],
          [
            10.169498,
            46.157947
          ],
          [
            10.168854,
            46.157799
          ],
          [
            10.166863,
            46.157322
          ],
          [
            10.166514,
            46.157283
          ],
          [
            10.165953,
            46.15725
          ],
          [
            10.165824,
            46.15722
          ],
          [
            10.16553,
            46.15711
          ],
          [
            10.165314,
            46.156998
          ],
          [
            10.16515,
            46.156884
          ],
          [
            10.164903,
            46.156744
          ],
          [
            10.164652,
            46.156622
          ],
          [
            10.164428,
            46.156527
          ],
          [
            10.164129,
            46.156431
          ],
          [
            10.163499,
            46.15628
          ],
          [
            10.163387,
            46.156253
          ],
          [
            10.162871,
            46.156136
          ],
          [
            10.161575,
            46.155845
          ],
          [
            10.160715,
            46.155655
          ],
          [
            10.159856,
            46.155479
          ],
          [
            10.158906,
            46.155285
          ],
          [
            10.158694,
            46.155243
          ],
          [
            10.158532,
            46.155207
          ],
          [
            10.158174,
            46.155131
          ],
          [
            10.15751,
            46.154984
          ],
          [
            10.157147,
            46.154904
          ],
          [
            10.15585,
            46.154636
          ],
          [
            10.155287,
            46.154534
          ],
          [
            10.154346,
            46.154365
          ],
          [
            10.154274,
            46.15435
          ],
          [
            10.153455,
            46.154175
          ],
          [
            10.153169,
            46.154117
          ],
          [
            10.152703,
            46.15402
          ],
          [
            10.152587,
            46.153996
          ],
          [
            10.151808,
            46.15383
          ],
          [
            10.150619,
            46.153573
          ],
          [
            10.150193,
            46.153495
          ],
          [
            10.149827,
            46.153454
          ],
          [
            10.149471,
            46.153436
          ],
          [
            10.1494,
            46.153433
          ],
          [
            10.148793,
            46.153418
          ],
          [
            10.1483,
            46.153411
          ],
          [
            10.147476,
            46.153392
          ],
          [
            10.147134,
            46.15338
          ],
          [
            10.146835,
            46.15335
          ],
          [
            10.146559,
            46.153294
          ],
          [
            10.146368,
            46.153227
          ],
          [
            10.14633,
            46.153214
          ],
          [
            10.145036,
            46.152721
          ],
          [
            10.144294,
            46.1525
          ],
          [
            10.144077,
            46.152414
          ],
          [
            10.142948,
            46.15184
          ],
          [
            10.14353,
            46.151406
          ],
          [
            10.142862,
            46.151097
          ],
          [
            10.142451,
            46.150864
          ],
          [
            10.142285,
            46.15077
          ],
          [
            10.142123,
            46.150735
          ],
          [
            10.14108,
            46.150607
          ],
          [
            10.140105,
            46.150642
          ],
          [
            10.139616,
            46.1507
          ],
          [
            10.139259,
            46.150771
          ],
          [
            10.138789,
            46.150777
          ],
          [
            10.138437,
            46.150736
          ],
          [
            10.138378,
            46.150655
          ],
          [
            10.138294,
            46.150638
          ],
          [
            10.137619,
            46.150592
          ],
          [
            10.136739,
            46.150386
          ],
          [
            10.13649,
            46.15035
          ],
          [
            10.135946,
            46.150312
          ],
          [
            10.135679,
            46.150259
          ],
          [
            10.135236,
            46.150116
          ],
          [
            10.134424,
            46.149952
          ],
          [
            10.133561,
            46.149799
          ],
          [
            10.133261,
            46.149781
          ],
          [
            10.132857,
            46.149787
          ],
          [
            10.132288,
            46.149708
          ],
          [
            10.131779,
            46.149693
          ],
          [
            10.131148,
            46.149685
          ],
          [
            10.129552,
            46.149512
          ],
          [
            10.12911,
            46.149491
          ],
          [
            10.128809,
            46.149528
          ],
          [
            10.128579,
            46.149581
          ],
          [
            10.128365,
            46.149633
          ],
          [
            10.127636,
            46.14992
          ],
          [
            10.127521,
            46.149989
          ],
          [
            10.127277,
            46.150192
          ],
          [
            10.127011,
            46.150291
          ],
          [
            10.126838,
            46.150318
          ],
          [
            10.125964,
            46.150288
          ],
          [
            10.12574,
            46.150294
          ],
          [
            10.124392,
            46.150548
          ],
          [
            10.124242,
            46.150561
          ],
          [
            10.12329,
            46.150518
          ],
          [
            10.122982,
            46.150529
          ],
          [
            10.122832,
            46.150561
          ],
          [
            10.121779,
            46.150973
          ],
          [
            10.121598,
            46.151022
          ],
          [
            10.121482,
            46.151039
          ],
          [
            10.121142,
            46.151033
          ],
          [
            10.120943,
            46.151062
          ],
          [
            10.120795,
            46.151109
          ],
          [
            10.120338,
            46.151341
          ],
          [
            10.119798,
            46.151869
          ],
          [
            10.119673,
            46.152339
          ],
          [
            10.119597,
            46.152488
          ],
          [
            10.119506,
            46.152551
          ],
          [
            10.119406,
            46.152591
          ],
          [
            10.119262,
            46.152618
          ],
          [
            10.119125,
            46.152615
          ],
          [
            10.117855,
            46.152351
          ],
          [
            10.117682,
            46.152327
          ],
          [
            10.117552,
            46.152334
          ],
          [
            10.117348,
            46.152374
          ],
          [
            10.116816,
            46.152568
          ],
          [
            10.116052,
            46.152886
          ],
          [
            10.115858,
            46.152988
          ],
          [
            10.115706,
            46.153099
          ],
          [
            10.114942,
            46.153736
          ],
          [
            10.114623,
            46.153981
          ],
          [
            10.113733,
            46.154346
          ],
          [
            10.113588,
            46.154387
          ],
          [
            10.113344,
            46.154427
          ],
          [
            10.113101,
            46.154516
          ],
          [
            10.111859,
            46.155156
          ],
          [
            10.111793,
            46.155198
          ],
          [
            10.111741,
            46.15526
          ],
          [
            10.1117,
            46.155332
          ],
          [
            10.111684,
            46.155414
          ],
          [
            10.111743,
            46.155891
          ],
          [
            10.11181,
            46.156036
          ],
          [
            10.111871,
            46.156093
          ],
          [
            10.113584,
            46.15712
          ],
          [
            10.114013,
            46.157418
          ],
          [
            10.114119,
            46.157514
          ],
          [
            10.114162,
            46.157737
          ],
          [
            10.114268,
            46.157934
          ],
          [
            10.114484,
            46.158232
          ],
          [
            10.114596,
            46.15831
          ],
          [
            10.115297,
            46.158487
          ],
          [
            10.116594,
            46.15875
          ],
          [
            10.11692,
            46.158811
          ],
          [
            10.117919,
            46.158932
          ],
          [
            10.118054,
            46.158974
          ],
          [
            10.118768,
            46.159411
          ],
          [
            10.119148,
            46.159609
          ],
          [
            10.119557,
            46.159872
          ],
          [
            10.120091,
            46.160156
          ],
          [
            10.120362,
            46.16027
          ],
          [
            10.120578,
            46.160297
          ],
          [
            10.120788,
            46.160305
          ],
          [
            10.121271,
            46.160447
          ],
          [
            10.121636,
            46.160481
          ],
          [
            10.121856,
            46.160534
          ],
          [
            10.122341,
            46.160794
          ],
          [
            10.122559,
            46.160957
          ],
          [
            10.122657,
            46.161156
          ],
          [
            10.122701,
            46.161306
          ],
          [
            10.122818,
            46.161475
          ],
          [
            10.12302,
            46.16161
          ],
          [
            10.123111,
            46.161713
          ],
          [
            10.123365,
            46.162251
          ],
          [
            10.123589,
            46.162395
          ],
          [
            10.12408,
            46.162901
          ],
          [
            10.124337,
            46.163073
          ],
          [
            10.124496,
            46.16314
          ],
          [
            10.124676,
            46.163176
          ],
          [
            10.125017,
            46.163196
          ],
          [
            10.125314,
            46.163259
          ],
          [
            10.126234,
            46.163581
          ],
          [
            10.12649,
            46.163708
          ],
          [
            10.126804,
            46.164152
          ],
          [
            10.127153,
            46.16472
          ],
          [
            10.127273,
            46.164822
          ],
          [
            10.127637,
            46.164996
          ],
          [
            10.127726,
            46.165035
          ],
          [
            10.127962,
            46.165088
          ],
          [
            10.12818,
            46.165178
          ],
          [
            10.128335,
            46.165312
          ],
          [
            10.128434,
            46.165457
          ],
          [
            10.128618,
            46.165886
          ],
          [
            10.12865,
            46.166334
          ],
          [
            10.128866,
            46.167266
          ],
          [
            10.129013,
            46.167545
          ],
          [
            10.129179,
            46.167815
          ],
          [
            10.12945,
            46.168104
          ],
          [
            10.129729,
            46.168345
          ],
          [
            10.129926,
            46.168468
          ],
          [
            10.130252,
            46.168635
          ],
          [
            10.130499,
            46.16898
          ],
          [
            10.130843,
            46.169269
          ],
          [
            10.130985,
            46.169424
          ],
          [
            10.13109,
            46.169704
          ],
          [
            10.131205,
            46.169854
          ],
          [
            10.13137,
            46.169989
          ],
          [
            10.131757,
            46.170216
          ],
          [
            10.13255,
            46.1706
          ],
          [
            10.132654,
            46.170706
          ],
          [
            10.132706,
            46.170825
          ],
          [
            10.132642,
            46.170994
          ],
          [
            10.132501,
            46.171179
          ],
          [
            10.132276,
            46.171473
          ],
          [
            10.132175,
            46.17164
          ],
          [
            10.132165,
            46.171749
          ],
          [
            10.132253,
            46.171886
          ],
          [
            10.132485,
            46.172103
          ],
          [
            10.132542,
            46.172252
          ],
          [
            10.132579,
            46.172445
          ],
          [
            10.132681,
            46.173604
          ],
          [
            10.132669,
            46.173777
          ],
          [
            10.132586,
            46.174154
          ],
          [
            10.132602,
            46.174252
          ],
          [
            10.132685,
            46.17438
          ],
          [
            10.133267,
            46.17494
          ],
          [
            10.133611,
            46.175172
          ],
          [
            10.13419,
            46.175521
          ],
          [
            10.134349,
            46.175581
          ],
          [
            10.134554,
            46.17561
          ],
          [
            10.135582,
            46.175682
          ],
          [
            10.136081,
            46.175665
          ],
          [
            10.136323,
            46.175705
          ],
          [
            10.136668,
            46.175818
          ],
          [
            10.136874,
            46.175846
          ],
          [
            10.137086,
            46.175803
          ],
          [
            10.137218,
            46.1758
          ],
          [
            10.137334,
            46.175819
          ],
          [
            10.137392,
            46.175847
          ],
          [
            10.137438,
            46.175908
          ],
          [
            10.137521,
            46.17614
          ],
          [
            10.137688,
            46.176385
          ],
          [
            10.137801,
            46.176581
          ],
          [
            10.137872,
            46.176889
          ],
          [
            10.137927,
            46.177267
          ],
          [
            10.138277,
            46.17773
          ],
          [
            10.138329,
            46.177834
          ],
          [
            10.138341,
            46.177903
          ],
          [
            10.138297,
            46.177965
          ],
          [
            10.138189,
            46.178004
          ],
          [
            10.138076,
            46.178002
          ],
          [
            10.137979,
            46.177957
          ],
          [
            10.137934,
            46.177893
          ],
          [
            10.137928,
            46.177687
          ],
          [
            10.137894,
            46.177606
          ],
          [
            10.137762,
            46.177434
          ],
          [
            10.137506,
            46.176996
          ],
          [
            10.137121,
            46.176686
          ],
          [
            10.136972,
            46.176503
          ],
          [
            10.136879,
            46.176448
          ],
          [
            10.136795,
            46.176407
          ],
          [
            10.136698,
            46.176385
          ],
          [
            10.136561,
            46.176374
          ],
          [
            10.136462,
            46.176386
          ],
          [
            10.136352,
            46.176425
          ],
          [
            10.135984,
            46.176677
          ],
          [
            10.135842,
            46.176731
          ],
          [
            10.135056,
            46.176867
          ],
          [
            10.134743,
            46.176902
          ],
          [
            10.134554,
            46.176897
          ],
          [
            10.13436,
            46.17684
          ],
          [
            10.134212,
            46.176709
          ],
          [
            10.134041,
            46.176442
          ],
          [
            10.133917,
            46.176394
          ],
          [
            10.133785,
            46.176379
          ],
          [
            10.133703,
            46.17639
          ],
          [
            10.133408,
            46.176499
          ],
          [
            10.133209,
            46.176504
          ],
          [
            10.132895,
            46.176469
          ],
          [
            10.132654,
            46.176419
          ],
          [
            10.132536,
            46.176371
          ],
          [
            10.132331,
            46.176185
          ],
          [
            10.132198,
            46.176139
          ],
          [
            10.131755,
            46.17609
          ],
          [
            10.130986,
            46.175968
          ],
          [
            10.130771,
            46.175914
          ],
          [
            10.130625,
            46.175799
          ],
          [
            10.130031,
            46.1752
          ],
          [
            10.129798,
            46.17501
          ],
          [
            10.129706,
            46.175066
          ],
          [
            10.129708,
            46.175086
          ],
          [
            10.130101,
            46.1756
          ],
          [
            10.130595,
            46.176005
          ],
          [
            10.130685,
            46.176198
          ],
          [
            10.130664,
            46.17635
          ],
          [
            10.130711,
            46.176509
          ],
          [
            10.130879,
            46.176645
          ],
          [
            10.131204,
            46.176856
          ],
          [
            10.131543,
            46.177036
          ],
          [
            10.132117,
            46.177192
          ],
          [
            10.132556,
            46.177225
          ],
          [
            10.13282,
            46.17732
          ],
          [
            10.133067,
            46.177437
          ],
          [
            10.133291,
            46.177565
          ],
          [
            10.133452,
            46.177698
          ],
          [
            10.133584,
            46.177931
          ],
          [
            10.13373,
            46.178059
          ],
          [
            10.133937,
            46.178098
          ],
          [
            10.134119,
            46.178094
          ],
          [
            10.13421,
            46.178142
          ],
          [
            10.134241,
            46.178189
          ],
          [
            10.134256,
            46.178391
          ],
          [
            10.134494,
            46.17863
          ],
          [
            10.1348,
            46.178767
          ],
          [
            10.135069,
            46.17909
          ],
          [
            10.135362,
            46.180037
          ],
          [
            10.135425,
            46.180258
          ],
          [
            10.135417,
            46.180298
          ],
          [
            10.135365,
            46.180348
          ],
          [
            10.135288,
            46.180364
          ],
          [
            10.135242,
            46.180357
          ],
          [
            10.135169,
            46.1803
          ],
          [
            10.135053,
            46.179973
          ],
          [
            10.134953,
            46.179846
          ],
          [
            10.134804,
            46.179735
          ],
          [
            10.133852,
            46.179197
          ],
          [
            10.133584,
            46.179108
          ],
          [
            10.133365,
            46.178969
          ],
          [
            10.133289,
            46.178901
          ],
          [
            10.133131,
            46.178804
          ],
          [
            10.132963,
            46.178765
          ],
          [
            10.132717,
            46.178764
          ],
          [
            10.132143,
            46.178744
          ],
          [
            10.131472,
            46.178629
          ],
          [
            10.130588,
            46.178512
          ],
          [
            10.130153,
            46.178374
          ],
          [
            10.129684,
            46.17835
          ],
          [
            10.129441,
            46.178312
          ],
          [
            10.1292,
            46.178239
          ],
          [
            10.129098,
            46.178234
          ],
          [
            10.129053,
            46.178246
          ],
          [
            10.129029,
            46.178296
          ],
          [
            10.129055,
            46.178339
          ],
          [
            10.12912,
            46.178371
          ],
          [
            10.129402,
            46.178449
          ],
          [
            10.129901,
            46.178541
          ],
          [
            10.13022,
            46.178697
          ],
          [
            10.130394,
            46.178816
          ],
          [
            10.130755,
            46.178892
          ],
          [
            10.131014,
            46.179006
          ],
          [
            10.13145,
            46.1793
          ],
          [
            10.131505,
            46.179381
          ],
          [
            10.131469,
            46.179488
          ],
          [
            10.1314,
            46.179571
          ],
          [
            10.131268,
            46.17964
          ],
          [
            10.13102,
            46.179711
          ],
          [
            10.130726,
            46.17985
          ],
          [
            10.130429,
            46.180102
          ],
          [
            10.130295,
            46.180258
          ],
          [
            10.130227,
            46.180377
          ],
          [
            10.130178,
            46.180416
          ],
          [
            10.130105,
            46.180451
          ],
          [
            10.129952,
            46.180492
          ],
          [
            10.129742,
            46.180633
          ],
          [
            10.129325,
            46.18068
          ],
          [
            10.128488,
            46.180626
          ],
          [
            10.128385,
            46.180668
          ],
          [
            10.128359,
            46.180695
          ],
          [
            10.128348,
            46.180745
          ],
          [
            10.128372,
            46.180785
          ],
          [
            10.128441,
            46.18081
          ],
          [
            10.128594,
            46.180767
          ],
          [
            10.128812,
            46.180737
          ],
          [
            10.128984,
            46.180764
          ],
          [
            10.129324,
            46.180866
          ],
          [
            10.1299,
            46.180869
          ],
          [
            10.130338,
            46.180983
          ],
          [
            10.130631,
            46.181021
          ],
          [
            10.13132,
            46.181144
          ],
          [
            10.131584,
            46.181237
          ],
          [
            10.131734,
            46.181305
          ],
          [
            10.132427,
            46.18174
          ],
          [
            10.133021,
            46.182237
          ],
          [
            10.133159,
            46.182388
          ],
          [
            10.133272,
            46.182555
          ],
          [
            10.133395,
            46.182826
          ],
          [
            10.133454,
            46.182909
          ],
          [
            10.133629,
            46.183015
          ],
          [
            10.134142,
            46.183144
          ],
          [
            10.134389,
            46.183223
          ],
          [
            10.134592,
            46.18336
          ],
          [
            10.135033,
            46.183684
          ],
          [
            10.135205,
            46.183777
          ],
          [
            10.135496,
            46.183819
          ],
          [
            10.135541,
            46.183856
          ],
          [
            10.135681,
            46.184078
          ],
          [
            10.135922,
            46.184422
          ],
          [
            10.136232,
            46.1848
          ],
          [
            10.136301,
            46.184947
          ],
          [
            10.136205,
            46.185321
          ],
          [
            10.136149,
            46.185916
          ],
          [
            10.136101,
            46.185932
          ],
          [
            10.136057,
            46.185919
          ],
          [
            10.13595,
            46.185645
          ],
          [
            10.135874,
            46.18556
          ],
          [
            10.13578,
            46.185502
          ],
          [
            10.1353,
            46.185387
          ],
          [
            10.135082,
            46.185309
          ],
          [
            10.134988,
            46.185279
          ],
          [
            10.134668,
            46.185124
          ],
          [
            10.134561,
            46.185094
          ],
          [
            10.134486,
            46.185109
          ],
          [
            10.134449,
            46.185137
          ],
          [
            10.134265,
            46.185361
          ],
          [
            10.13427,
            46.185418
          ],
          [
            10.134319,
            46.185483
          ],
          [
            10.135368,
            46.186862
          ],
          [
            10.13541,
            46.186954
          ],
          [
            10.135368,
            46.187017
          ],
          [
            10.135285,
            46.187048
          ],
          [
            10.135176,
            46.187045
          ],
          [
            10.134929,
            46.186902
          ],
          [
            10.134664,
            46.186794
          ],
          [
            10.134408,
            46.186734
          ],
          [
            10.134228,
            46.186727
          ],
          [
            10.13392,
            46.186737
          ],
          [
            10.133716,
            46.186774
          ],
          [
            10.133499,
            46.18685
          ],
          [
            10.13228,
            46.187356
          ],
          [
            10.131112,
            46.187834
          ],
          [
            10.130873,
            46.187964
          ],
          [
            10.130775,
            46.188023
          ],
          [
            10.130563,
            46.188246
          ],
          [
            10.130553,
            46.188302
          ],
          [
            10.130502,
            46.188357
          ],
          [
            10.130373,
            46.188394
          ],
          [
            10.130317,
            46.188389
          ],
          [
            10.130064,
            46.188463
          ],
          [
            10.130024,
            46.188495
          ],
          [
            10.130298,
            46.188793
          ],
          [
            10.132519,
            46.190996
          ],
          [
            10.134775,
            46.193199
          ],
          [
            10.135022,
            46.19339
          ],
          [
            10.137894,
            46.195208
          ],
          [
            10.139941,
            46.196715
          ],
          [
            10.142856,
            46.198285
          ],
          [
            10.143337,
            46.19855
          ],
          [
            10.144186,
            46.198928
          ],
          [
            10.145252,
            46.19935
          ],
          [
            10.145527,
            46.199494
          ],
          [
            10.146027,
            46.200029
          ],
          [
            10.147263,
            46.201398
          ],
          [
            10.147434,
            46.201528
          ],
          [
            10.148932,
            46.202383
          ],
          [
            10.149479,
            46.202696
          ],
          [
            10.14978,
            46.202814
          ],
          [
            10.15004,
            46.202854
          ],
          [
            10.150226,
            46.20288
          ],
          [
            10.150409,
            46.202915
          ],
          [
            10.150751,
            46.20302
          ],
          [
            10.151238,
            46.203245
          ],
          [
            10.151417,
            46.203371
          ],
          [
            10.151499,
            46.203454
          ],
          [
            10.151587,
            46.203565
          ],
          [
            10.151714,
            46.203785
          ],
          [
            10.151832,
            46.203956
          ],
          [
            10.151972,
            46.204075
          ],
          [
            10.153165,
            46.204805
          ],
          [
            10.153478,
            46.205021
          ],
          [
            10.155849,
            46.206373
          ],
          [
            10.156993,
            46.207033
          ],
          [
            10.159949,
            46.208735
          ],
          [
            10.162633,
            46.210208
          ],
          [
            10.164386,
            46.211225
          ],
          [
            10.164446,
            46.21126
          ],
          [
            10.166103,
            46.212218
          ],
          [
            10.167096,
            46.212776
          ],
          [
            10.167652,
            46.213098
          ],
          [
            10.169208,
            46.213988
          ],
          [
            10.169188,
            46.214005
          ],
          [
            10.168933,
            46.214227
          ],
          [
            10.168888,
            46.214256
          ],
          [
            10.16882,
            46.214302
          ],
          [
            10.168687,
            46.21428
          ],
          [
            10.168597,
            46.214297
          ],
          [
            10.168513,
            46.214269
          ],
          [
            10.168382,
            46.214323
          ],
          [
            10.167491,
            46.214444
          ],
          [
            10.166662,
            46.214547
          ],
          [
            10.166685,
            46.214586
          ],
          [
            10.166766,
            46.21464
          ]
        ]
      }
    },
    {
      "type": "Feature",
      "properties": {
        "mode": "drive",
        "fromStopIndex": 8,
        "toStopIndex": 9,
        "fromName": "Tirano",
        "toName": "Brescia",
        "waypointNames": [
          "Tirano",
          "Brescia"
        ],
        "distanceMeters": 131755.4,
        "durationSeconds": 9055.1
      },
      "geometry": {
        "type": "LineString",
        "coordinates": [
          [
            10.166766,
            46.21464
          ],
          [
            10.166685,
            46.214586
          ],
          [
            10.166662,
            46.214547
          ],
          [
            10.167491,
            46.214444
          ],
          [
            10.168382,
            46.214323
          ],
          [
            10.168513,
            46.214269
          ],
          [
            10.168475,
            46.2142
          ],
          [
            10.168484,
            46.214171
          ],
          [
            10.168537,
            46.214127
          ],
          [
            10.168538,
            46.214043
          ],
          [
            10.168445,
            46.213961
          ],
          [
            10.165012,
            46.211995
          ],
          [
            10.164692,
            46.211817
          ],
          [
            10.164089,
            46.211493
          ],
          [
            10.164113,
            46.211468
          ],
          [
            10.164356,
            46.211249
          ],
          [
            10.164386,
            46.211225
          ],
          [
            10.162633,
            46.210208
          ],
          [
            10.159949,
            46.208735
          ],
          [
            10.156993,
            46.207033
          ],
          [
            10.155849,
            46.206373
          ],
          [
            10.153478,
            46.205021
          ],
          [
            10.153165,
            46.204805
          ],
          [
            10.151972,
            46.204075
          ],
          [
            10.151832,
            46.203956
          ],
          [
            10.151714,
            46.203785
          ],
          [
            10.151587,
            46.203565
          ],
          [
            10.151499,
            46.203454
          ],
          [
            10.151417,
            46.203371
          ],
          [
            10.151238,
            46.203245
          ],
          [
            10.150751,
            46.20302
          ],
          [
            10.150409,
            46.202915
          ],
          [
            10.150226,
            46.20288
          ],
          [
            10.15004,
            46.202854
          ],
          [
            10.14978,
            46.202814
          ],
          [
            10.149479,
            46.202696
          ],
          [
            10.148932,
            46.202383
          ],
          [
            10.147434,
            46.201528
          ],
          [
            10.147263,
            46.201398
          ],
          [
            10.146027,
            46.200029
          ],
          [
            10.145527,
            46.199494
          ],
          [
            10.145252,
            46.19935
          ],
          [
            10.144186,
            46.198928
          ],
          [
            10.143337,
            46.19855
          ],
          [
            10.142856,
            46.198285
          ],
          [
            10.139941,
            46.196715
          ],
          [
            10.137894,
            46.195208
          ],
          [
            10.135022,
            46.19339
          ],
          [
            10.134775,
            46.193199
          ],
          [
            10.132519,
            46.190996
          ],
          [
            10.130298,
            46.188793
          ],
          [
            10.130024,
            46.188495
          ],
          [
            10.130064,
            46.188463
          ],
          [
            10.130172,
            46.188281
          ],
          [
            10.130178,
            46.188215
          ],
          [
            10.130234,
            46.188155
          ],
          [
            10.130277,
            46.188135
          ],
          [
            10.130378,
            46.18812
          ],
          [
            10.130442,
            46.18813
          ],
          [
            10.130775,
            46.188023
          ],
          [
            10.130873,
            46.187964
          ],
          [
            10.131112,
            46.187834
          ],
          [
            10.13228,
            46.187356
          ],
          [
            10.133499,
            46.18685
          ],
          [
            10.133716,
            46.186774
          ],
          [
            10.13392,
            46.186737
          ],
          [
            10.134228,
            46.186727
          ],
          [
            10.134408,
            46.186734
          ],
          [
            10.134664,
            46.186794
          ],
          [
            10.134929,
            46.186902
          ],
          [
            10.135176,
            46.187045
          ],
          [
            10.135285,
            46.187048
          ],
          [
            10.135368,
            46.187017
          ],
          [
            10.13541,
            46.186954
          ],
          [
            10.135368,
            46.186862
          ],
          [
            10.134319,
            46.185483
          ],
          [
            10.13427,
            46.185418
          ],
          [
            10.134265,
            46.185361
          ],
          [
            10.134449,
            46.185137
          ],
          [
            10.134486,
            46.185109
          ],
          [
            10.134561,
            46.185094
          ],
          [
            10.134668,
            46.185124
          ],
          [
            10.134988,
            46.185279
          ],
          [
            10.135082,
            46.185309
          ],
          [
            10.1353,
            46.185387
          ],
          [
            10.13578,
            46.185502
          ],
          [
            10.135874,
            46.18556
          ],
          [
            10.13595,
            46.185645
          ],
          [
            10.136057,
            46.185919
          ],
          [
            10.136101,
            46.185932
          ],
          [
            10.136149,
            46.185916
          ],
          [
            10.136205,
            46.185321
          ],
          [
            10.136301,
            46.184947
          ],
          [
            10.136232,
            46.1848
          ],
          [
            10.135922,
            46.184422
          ],
          [
            10.135681,
            46.184078
          ],
          [
            10.135541,
            46.183856
          ],
          [
            10.135496,
            46.183819
          ],
          [
            10.135205,
            46.183777
          ],
          [
            10.135033,
            46.183684
          ],
          [
            10.134592,
            46.18336
          ],
          [
            10.134389,
            46.183223
          ],
          [
            10.134142,
            46.183144
          ],
          [
            10.133629,
            46.183015
          ],
          [
            10.133454,
            46.182909
          ],
          [
            10.133395,
            46.182826
          ],
          [
            10.133272,
            46.182555
          ],
          [
            10.133159,
            46.182388
          ],
          [
            10.133021,
            46.182237
          ],
          [
            10.132427,
            46.18174
          ],
          [
            10.131734,
            46.181305
          ],
          [
            10.131584,
            46.181237
          ],
          [
            10.13132,
            46.181144
          ],
          [
            10.130631,
            46.181021
          ],
          [
            10.130338,
            46.180983
          ],
          [
            10.1299,
            46.180869
          ],
          [
            10.129324,
            46.180866
          ],
          [
            10.128984,
            46.180764
          ],
          [
            10.128812,
            46.180737
          ],
          [
            10.128594,
            46.180767
          ],
          [
            10.128441,
            46.18081
          ],
          [
            10.128372,
            46.180785
          ],
          [
            10.128348,
            46.180745
          ],
          [
            10.128359,
            46.180695
          ],
          [
            10.128385,
            46.180668
          ],
          [
            10.128488,
            46.180626
          ],
          [
            10.129325,
            46.18068
          ],
          [
            10.129742,
            46.180633
          ],
          [
            10.129952,
            46.180492
          ],
          [
            10.130105,
            46.180451
          ],
          [
            10.130178,
            46.180416
          ],
          [
            10.130227,
            46.180377
          ],
          [
            10.130295,
            46.180258
          ],
          [
            10.130429,
            46.180102
          ],
          [
            10.130726,
            46.17985
          ],
          [
            10.13102,
            46.179711
          ],
          [
            10.131268,
            46.17964
          ],
          [
            10.1314,
            46.179571
          ],
          [
            10.131469,
            46.179488
          ],
          [
            10.131505,
            46.179381
          ],
          [
            10.13145,
            46.1793
          ],
          [
            10.131014,
            46.179006
          ],
          [
            10.130755,
            46.178892
          ],
          [
            10.130394,
            46.178816
          ],
          [
            10.13022,
            46.178697
          ],
          [
            10.129901,
            46.178541
          ],
          [
            10.129402,
            46.178449
          ],
          [
            10.12912,
            46.178371
          ],
          [
            10.129055,
            46.178339
          ],
          [
            10.129029,
            46.178296
          ],
          [
            10.129053,
            46.178246
          ],
          [
            10.129098,
            46.178234
          ],
          [
            10.1292,
            46.178239
          ],
          [
            10.129441,
            46.178312
          ],
          [
            10.129684,
            46.17835
          ],
          [
            10.130153,
            46.178374
          ],
          [
            10.130588,
            46.178512
          ],
          [
            10.131472,
            46.178629
          ],
          [
            10.132143,
            46.178744
          ],
          [
            10.132717,
            46.178764
          ],
          [
            10.132963,
            46.178765
          ],
          [
            10.133131,
            46.178804
          ],
          [
            10.133289,
            46.178901
          ],
          [
            10.133365,
            46.178969
          ],
          [
            10.133584,
            46.179108
          ],
          [
            10.133852,
            46.179197
          ],
          [
            10.134804,
            46.179735
          ],
          [
            10.134953,
            46.179846
          ],
          [
            10.135053,
            46.179973
          ],
          [
            10.135169,
            46.1803
          ],
          [
            10.135242,
            46.180357
          ],
          [
            10.135288,
            46.180364
          ],
          [
            10.135365,
            46.180348
          ],
          [
            10.135417,
            46.180298
          ],
          [
            10.135425,
            46.180258
          ],
          [
            10.135362,
            46.180037
          ],
          [
            10.135069,
            46.17909
          ],
          [
            10.1348,
            46.178767
          ],
          [
            10.134494,
            46.17863
          ],
          [
            10.134256,
            46.178391
          ],
          [
            10.134241,
            46.178189
          ],
          [
            10.13421,
            46.178142
          ],
          [
            10.134119,
            46.178094
          ],
          [
            10.133937,
            46.178098
          ],
          [
            10.13373,
            46.178059
          ],
          [
            10.133584,
            46.177931
          ],
          [
            10.133452,
            46.177698
          ],
          [
            10.133291,
            46.177565
          ],
          [
            10.133067,
            46.177437
          ],
          [
            10.13282,
            46.17732
          ],
          [
            10.132556,
            46.177225
          ],
          [
            10.132117,
            46.177192
          ],
          [
            10.131543,
            46.177036
          ],
          [
            10.131204,
            46.176856
          ],
          [
            10.130879,
            46.176645
          ],
          [
            10.130711,
            46.176509
          ],
          [
            10.130664,
            46.17635
          ],
          [
            10.130685,
            46.176198
          ],
          [
            10.130595,
            46.176005
          ],
          [
            10.130101,
            46.1756
          ],
          [
            10.129708,
            46.175086
          ],
          [
            10.129706,
            46.175066
          ],
          [
            10.129798,
            46.17501
          ],
          [
            10.130031,
            46.1752
          ],
          [
            10.130625,
            46.175799
          ],
          [
            10.130771,
            46.175914
          ],
          [
            10.130986,
            46.175968
          ],
          [
            10.131755,
            46.17609
          ],
          [
            10.132198,
            46.176139
          ],
          [
            10.132331,
            46.176185
          ],
          [
            10.132536,
            46.176371
          ],
          [
            10.132654,
            46.176419
          ],
          [
            10.132895,
            46.176469
          ],
          [
            10.133209,
            46.176504
          ],
          [
            10.133408,
            46.176499
          ],
          [
            10.133703,
            46.17639
          ],
          [
            10.133785,
            46.176379
          ],
          [
            10.133917,
            46.176394
          ],
          [
            10.134041,
            46.176442
          ],
          [
            10.134212,
            46.176709
          ],
          [
            10.13436,
            46.17684
          ],
          [
            10.134554,
            46.176897
          ],
          [
            10.134743,
            46.176902
          ],
          [
            10.135056,
            46.176867
          ],
          [
            10.135842,
            46.176731
          ],
          [
            10.135984,
            46.176677
          ],
          [
            10.136352,
            46.176425
          ],
          [
            10.136462,
            46.176386
          ],
          [
            10.136561,
            46.176374
          ],
          [
            10.136698,
            46.176385
          ],
          [
            10.136795,
            46.176407
          ],
          [
            10.136879,
            46.176448
          ],
          [
            10.136972,
            46.176503
          ],
          [
            10.137121,
            46.176686
          ],
          [
            10.137506,
            46.176996
          ],
          [
            10.137762,
            46.177434
          ],
          [
            10.137894,
            46.177606
          ],
          [
            10.137928,
            46.177687
          ],
          [
            10.137934,
            46.177893
          ],
          [
            10.137979,
            46.177957
          ],
          [
            10.138076,
            46.178002
          ],
          [
            10.138189,
            46.178004
          ],
          [
            10.138297,
            46.177965
          ],
          [
            10.138341,
            46.177903
          ],
          [
            10.138329,
            46.177834
          ],
          [
            10.138277,
            46.17773
          ],
          [
            10.137927,
            46.177267
          ],
          [
            10.137872,
            46.176889
          ],
          [
            10.137801,
            46.176581
          ],
          [
            10.137688,
            46.176385
          ],
          [
            10.137521,
            46.17614
          ],
          [
            10.137438,
            46.175908
          ],
          [
            10.137392,
            46.175847
          ],
          [
            10.137334,
            46.175819
          ],
          [
            10.137218,
            46.1758
          ],
          [
            10.137086,
            46.175803
          ],
          [
            10.136874,
            46.175846
          ],
          [
            10.136668,
            46.175818
          ],
          [
            10.136323,
            46.175705
          ],
          [
            10.136081,
            46.175665
          ],
          [
            10.135582,
            46.175682
          ],
          [
            10.134554,
            46.17561
          ],
          [
            10.134349,
            46.175581
          ],
          [
            10.13419,
            46.175521
          ],
          [
            10.133611,
            46.175172
          ],
          [
            10.133267,
            46.17494
          ],
          [
            10.132685,
            46.17438
          ],
          [
            10.132602,
            46.174252
          ],
          [
            10.132586,
            46.174154
          ],
          [
            10.132669,
            46.173777
          ],
          [
            10.132681,
            46.173604
          ],
          [
            10.132579,
            46.172445
          ],
          [
            10.132542,
            46.172252
          ],
          [
            10.132485,
            46.172103
          ],
          [
            10.132253,
            46.171886
          ],
          [
            10.132165,
            46.171749
          ],
          [
            10.132175,
            46.17164
          ],
          [
            10.132276,
            46.171473
          ],
          [
            10.132501,
            46.171179
          ],
          [
            10.132642,
            46.170994
          ],
          [
            10.132706,
            46.170825
          ],
          [
            10.132654,
            46.170706
          ],
          [
            10.13255,
            46.1706
          ],
          [
            10.131757,
            46.170216
          ],
          [
            10.13137,
            46.169989
          ],
          [
            10.131205,
            46.169854
          ],
          [
            10.13109,
            46.169704
          ],
          [
            10.130985,
            46.169424
          ],
          [
            10.130843,
            46.169269
          ],
          [
            10.130499,
            46.16898
          ],
          [
            10.130252,
            46.168635
          ],
          [
            10.129926,
            46.168468
          ],
          [
            10.129729,
            46.168345
          ],
          [
            10.12945,
            46.168104
          ],
          [
            10.129179,
            46.167815
          ],
          [
            10.129013,
            46.167545
          ],
          [
            10.128866,
            46.167266
          ],
          [
            10.12865,
            46.166334
          ],
          [
            10.128618,
            46.165886
          ],
          [
            10.128434,
            46.165457
          ],
          [
            10.128335,
            46.165312
          ],
          [
            10.12818,
            46.165178
          ],
          [
            10.127962,
            46.165088
          ],
          [
            10.127726,
            46.165035
          ],
          [
            10.127637,
            46.164996
          ],
          [
            10.127273,
            46.164822
          ],
          [
            10.127153,
            46.16472
          ],
          [
            10.126804,
            46.164152
          ],
          [
            10.12649,
            46.163708
          ],
          [
            10.126234,
            46.163581
          ],
          [
            10.125314,
            46.163259
          ],
          [
            10.125017,
            46.163196
          ],
          [
            10.124676,
            46.163176
          ],
          [
            10.124496,
            46.16314
          ],
          [
            10.124337,
            46.163073
          ],
          [
            10.12408,
            46.162901
          ],
          [
            10.123589,
            46.162395
          ],
          [
            10.123365,
            46.162251
          ],
          [
            10.123111,
            46.161713
          ],
          [
            10.12302,
            46.16161
          ],
          [
            10.122818,
            46.161475
          ],
          [
            10.122701,
            46.161306
          ],
          [
            10.122657,
            46.161156
          ],
          [
            10.122559,
            46.160957
          ],
          [
            10.122341,
            46.160794
          ],
          [
            10.121856,
            46.160534
          ],
          [
            10.121636,
            46.160481
          ],
          [
            10.121271,
            46.160447
          ],
          [
            10.120788,
            46.160305
          ],
          [
            10.120578,
            46.160297
          ],
          [
            10.120362,
            46.16027
          ],
          [
            10.120091,
            46.160156
          ],
          [
            10.119557,
            46.159872
          ],
          [
            10.119148,
            46.159609
          ],
          [
            10.118768,
            46.159411
          ],
          [
            10.118054,
            46.158974
          ],
          [
            10.117919,
            46.158932
          ],
          [
            10.11692,
            46.158811
          ],
          [
            10.116594,
            46.15875
          ],
          [
            10.115297,
            46.158487
          ],
          [
            10.114596,
            46.15831
          ],
          [
            10.114484,
            46.158232
          ],
          [
            10.114268,
            46.157934
          ],
          [
            10.114162,
            46.157737
          ],
          [
            10.114119,
            46.157514
          ],
          [
            10.114013,
            46.157418
          ],
          [
            10.113584,
            46.15712
          ],
          [
            10.111871,
            46.156093
          ],
          [
            10.11181,
            46.156036
          ],
          [
            10.111743,
            46.155891
          ],
          [
            10.111684,
            46.155414
          ],
          [
            10.1117,
            46.155332
          ],
          [
            10.111741,
            46.15526
          ],
          [
            10.111793,
            46.155198
          ],
          [
            10.111859,
            46.155156
          ],
          [
            10.113101,
            46.154516
          ],
          [
            10.113344,
            46.154427
          ],
          [
            10.113588,
            46.154387
          ],
          [
            10.113733,
            46.154346
          ],
          [
            10.114623,
            46.153981
          ],
          [
            10.114942,
            46.153736
          ],
          [
            10.115706,
            46.153099
          ],
          [
            10.115858,
            46.152988
          ],
          [
            10.116052,
            46.152886
          ],
          [
            10.116816,
            46.152568
          ],
          [
            10.117348,
            46.152374
          ],
          [
            10.117552,
            46.152334
          ],
          [
            10.117682,
            46.152327
          ],
          [
            10.117855,
            46.152351
          ],
          [
            10.119125,
            46.152615
          ],
          [
            10.119262,
            46.152618
          ],
          [
            10.119406,
            46.152591
          ],
          [
            10.119506,
            46.152551
          ],
          [
            10.119597,
            46.152488
          ],
          [
            10.119673,
            46.152339
          ],
          [
            10.119798,
            46.151869
          ],
          [
            10.120338,
            46.151341
          ],
          [
            10.120795,
            46.151109
          ],
          [
            10.120943,
            46.151062
          ],
          [
            10.121142,
            46.151033
          ],
          [
            10.121482,
            46.151039
          ],
          [
            10.121598,
            46.151022
          ],
          [
            10.121779,
            46.150973
          ],
          [
            10.122832,
            46.150561
          ],
          [
            10.122982,
            46.150529
          ],
          [
            10.12329,
            46.150518
          ],
          [
            10.124242,
            46.150561
          ],
          [
            10.124392,
            46.150548
          ],
          [
            10.12574,
            46.150294
          ],
          [
            10.125964,
            46.150288
          ],
          [
            10.126838,
            46.150318
          ],
          [
            10.127011,
            46.150291
          ],
          [
            10.127277,
            46.150192
          ],
          [
            10.127521,
            46.149989
          ],
          [
            10.127636,
            46.14992
          ],
          [
            10.128365,
            46.149633
          ],
          [
            10.128579,
            46.149581
          ],
          [
            10.128809,
            46.149528
          ],
          [
            10.12911,
            46.149491
          ],
          [
            10.129552,
            46.149512
          ],
          [
            10.131148,
            46.149685
          ],
          [
            10.131779,
            46.149693
          ],
          [
            10.132288,
            46.149708
          ],
          [
            10.132857,
            46.149787
          ],
          [
            10.133261,
            46.149781
          ],
          [
            10.133561,
            46.149799
          ],
          [
            10.134424,
            46.149952
          ],
          [
            10.135236,
            46.150116
          ],
          [
            10.135679,
            46.150259
          ],
          [
            10.135946,
            46.150312
          ],
          [
            10.13649,
            46.15035
          ],
          [
            10.136739,
            46.150386
          ],
          [
            10.137619,
            46.150592
          ],
          [
            10.138294,
            46.150638
          ],
          [
            10.138378,
            46.150655
          ],
          [
            10.138437,
            46.150736
          ],
          [
            10.138789,
            46.150777
          ],
          [
            10.139259,
            46.150771
          ],
          [
            10.139616,
            46.1507
          ],
          [
            10.140105,
            46.150642
          ],
          [
            10.14108,
            46.150607
          ],
          [
            10.142123,
            46.150735
          ],
          [
            10.142285,
            46.15077
          ],
          [
            10.142451,
            46.150864
          ],
          [
            10.142862,
            46.151097
          ],
          [
            10.14353,
            46.151406
          ],
          [
            10.142948,
            46.15184
          ],
          [
            10.144077,
            46.152414
          ],
          [
            10.144294,
            46.1525
          ],
          [
            10.145036,
            46.152721
          ],
          [
            10.14633,
            46.153214
          ],
          [
            10.146368,
            46.153227
          ],
          [
            10.146559,
            46.153294
          ],
          [
            10.146835,
            46.15335
          ],
          [
            10.147134,
            46.15338
          ],
          [
            10.147476,
            46.153392
          ],
          [
            10.1483,
            46.153411
          ],
          [
            10.148793,
            46.153418
          ],
          [
            10.1494,
            46.153433
          ],
          [
            10.149471,
            46.153436
          ],
          [
            10.149827,
            46.153454
          ],
          [
            10.150193,
            46.153495
          ],
          [
            10.150619,
            46.153573
          ],
          [
            10.151808,
            46.15383
          ],
          [
            10.152587,
            46.153996
          ],
          [
            10.152703,
            46.15402
          ],
          [
            10.153169,
            46.154117
          ],
          [
            10.153455,
            46.154175
          ],
          [
            10.154274,
            46.15435
          ],
          [
            10.154346,
            46.154365
          ],
          [
            10.155287,
            46.154534
          ],
          [
            10.15585,
            46.154636
          ],
          [
            10.157147,
            46.154904
          ],
          [
            10.15751,
            46.154984
          ],
          [
            10.158174,
            46.155131
          ],
          [
            10.158532,
            46.155207
          ],
          [
            10.158694,
            46.155243
          ],
          [
            10.158906,
            46.155285
          ],
          [
            10.159856,
            46.155479
          ],
          [
            10.160715,
            46.155655
          ],
          [
            10.161575,
            46.155845
          ],
          [
            10.162871,
            46.156136
          ],
          [
            10.163387,
            46.156253
          ],
          [
            10.163499,
            46.15628
          ],
          [
            10.164129,
            46.156431
          ],
          [
            10.164428,
            46.156527
          ],
          [
            10.164652,
            46.156622
          ],
          [
            10.164903,
            46.156744
          ],
          [
            10.16515,
            46.156884
          ],
          [
            10.165314,
            46.156998
          ],
          [
            10.16553,
            46.15711
          ],
          [
            10.165824,
            46.15722
          ],
          [
            10.165953,
            46.15725
          ],
          [
            10.166514,
            46.157283
          ],
          [
            10.166863,
            46.157322
          ],
          [
            10.168854,
            46.157799
          ],
          [
            10.169498,
            46.157947
          ],
          [
            10.169938,
            46.158068
          ],
          [
            10.170791,
            46.158389
          ],
          [
            10.171039,
            46.158491
          ],
          [
            10.171207,
            46.158544
          ],
          [
            10.171366,
            46.158564
          ],
          [
            10.171541,
            46.158565
          ],
          [
            10.171846,
            46.1585
          ],
          [
            10.172467,
            46.158274
          ],
          [
            10.172706,
            46.158216
          ],
          [
            10.172936,
            46.158173
          ],
          [
            10.173456,
            46.15813
          ],
          [
            10.173707,
            46.158078
          ],
          [
            10.174797,
            46.157781
          ],
          [
            10.175891,
            46.157561
          ],
          [
            10.176288,
            46.157535
          ],
          [
            10.177416,
            46.157606
          ],
          [
            10.177762,
            46.157609
          ],
          [
            10.178233,
            46.157576
          ],
          [
            10.178385,
            46.157588
          ],
          [
            10.178561,
            46.157634
          ],
          [
            10.178885,
            46.157807
          ],
          [
            10.179291,
            46.157949
          ],
          [
            10.179392,
            46.158017
          ],
          [
            10.179504,
            46.158135
          ],
          [
            10.179691,
            46.158392
          ],
          [
            10.179744,
            46.158438
          ],
          [
            10.179983,
            46.158638
          ],
          [
            10.18045,
            46.159128
          ],
          [
            10.180896,
            46.159633
          ],
          [
            10.181115,
            46.159841
          ],
          [
            10.181241,
            46.159922
          ],
          [
            10.181447,
            46.15999
          ],
          [
            10.181643,
            46.160006
          ],
          [
            10.181895,
            46.159995
          ],
          [
            10.182403,
            46.159906
          ],
          [
            10.18261,
            46.159875
          ],
          [
            10.182862,
            46.159846
          ],
          [
            10.183093,
            46.15984
          ],
          [
            10.18341,
            46.159862
          ],
          [
            10.185185,
            46.160179
          ],
          [
            10.185425,
            46.160176
          ],
          [
            10.185622,
            46.160121
          ],
          [
            10.186021,
            46.159903
          ],
          [
            10.186395,
            46.159631
          ],
          [
            10.186721,
            46.159486
          ],
          [
            10.187023,
            46.159413
          ],
          [
            10.18735,
            46.159379
          ],
          [
            10.187858,
            46.159437
          ],
          [
            10.188034,
            46.159471
          ],
          [
            10.188209,
            46.159534
          ],
          [
            10.188382,
            46.159651
          ],
          [
            10.188568,
            46.159854
          ],
          [
            10.188767,
            46.160027
          ],
          [
            10.188961,
            46.160092
          ],
          [
            10.189163,
            46.160129
          ],
          [
            10.189477,
            46.160233
          ],
          [
            10.189706,
            46.160396
          ],
          [
            10.189906,
            46.160585
          ],
          [
            10.190089,
            46.160836
          ],
          [
            10.190247,
            46.161122
          ],
          [
            10.190448,
            46.161334
          ],
          [
            10.19048,
            46.16135
          ],
          [
            10.19057,
            46.161392
          ],
          [
            10.190707,
            46.161421
          ],
          [
            10.19109,
            46.161452
          ],
          [
            10.191683,
            46.161475
          ],
          [
            10.192134,
            46.161593
          ],
          [
            10.192419,
            46.161703
          ],
          [
            10.192643,
            46.161717
          ],
          [
            10.192904,
            46.161693
          ],
          [
            10.19318,
            46.161692
          ],
          [
            10.193736,
            46.161768
          ],
          [
            10.194105,
            46.161842
          ],
          [
            10.194541,
            46.161996
          ],
          [
            10.194845,
            46.162041
          ],
          [
            10.195261,
            46.16206
          ],
          [
            10.19541,
            46.16208
          ],
          [
            10.195597,
            46.162133
          ],
          [
            10.196753,
            46.162565
          ],
          [
            10.197243,
            46.162655
          ],
          [
            10.197542,
            46.162662
          ],
          [
            10.198406,
            46.162639
          ],
          [
            10.198966,
            46.162466
          ],
          [
            10.199153,
            46.162436
          ],
          [
            10.199898,
            46.162442
          ],
          [
            10.200075,
            46.162466
          ],
          [
            10.200573,
            46.162615
          ],
          [
            10.200776,
            46.162655
          ],
          [
            10.201015,
            46.162652
          ],
          [
            10.201237,
            46.162671
          ],
          [
            10.201407,
            46.162731
          ],
          [
            10.201574,
            46.162848
          ],
          [
            10.202228,
            46.163764
          ],
          [
            10.202338,
            46.163853
          ],
          [
            10.202464,
            46.163916
          ],
          [
            10.202614,
            46.163962
          ],
          [
            10.202772,
            46.163977
          ],
          [
            10.203456,
            46.163956
          ],
          [
            10.204037,
            46.163946
          ],
          [
            10.204233,
            46.163992
          ],
          [
            10.205001,
            46.164229
          ],
          [
            10.205268,
            46.164285
          ],
          [
            10.205593,
            46.164309
          ],
          [
            10.206596,
            46.164262
          ],
          [
            10.206842,
            46.164265
          ],
          [
            10.207072,
            46.164297
          ],
          [
            10.2074,
            46.164369
          ],
          [
            10.207559,
            46.164419
          ],
          [
            10.207691,
            46.16449
          ],
          [
            10.207793,
            46.164588
          ],
          [
            10.207865,
            46.1647
          ],
          [
            10.207936,
            46.165067
          ],
          [
            10.208009,
            46.165188
          ],
          [
            10.208283,
            46.165443
          ],
          [
            10.208329,
            46.165488
          ],
          [
            10.208869,
            46.166003
          ],
          [
            10.20898,
            46.166081
          ],
          [
            10.20912,
            46.166147
          ],
          [
            10.209274,
            46.166198
          ],
          [
            10.209585,
            46.166262
          ],
          [
            10.209713,
            46.166272
          ],
          [
            10.210415,
            46.166259
          ],
          [
            10.210668,
            46.166274
          ],
          [
            10.212592,
            46.166542
          ],
          [
            10.213245,
            46.166521
          ],
          [
            10.214227,
            46.166468
          ],
          [
            10.215362,
            46.166378
          ],
          [
            10.215704,
            46.166378
          ],
          [
            10.216095,
            46.16655
          ],
          [
            10.216218,
            46.166596
          ],
          [
            10.216369,
            46.166596
          ],
          [
            10.21703,
            46.166531
          ],
          [
            10.217713,
            46.166487
          ],
          [
            10.218088,
            46.166523
          ],
          [
            10.219064,
            46.166429
          ],
          [
            10.219441,
            46.16645
          ],
          [
            10.219772,
            46.166467
          ],
          [
            10.21989,
            46.166461
          ],
          [
            10.220045,
            46.166426
          ],
          [
            10.220281,
            46.166352
          ],
          [
            10.221219,
            46.166034
          ],
          [
            10.221524,
            46.166016
          ],
          [
            10.221683,
            46.166039
          ],
          [
            10.222007,
            46.166147
          ],
          [
            10.222263,
            46.166266
          ],
          [
            10.222474,
            46.166422
          ],
          [
            10.22267,
            46.166509
          ],
          [
            10.223412,
            46.166715
          ],
          [
            10.2239,
            46.166778
          ],
          [
            10.225066,
            46.166848
          ],
          [
            10.225404,
            46.166843
          ],
          [
            10.225664,
            46.166793
          ],
          [
            10.226285,
            46.166576
          ],
          [
            10.226831,
            46.166476
          ],
          [
            10.227689,
            46.16637
          ],
          [
            10.230642,
            46.165815
          ],
          [
            10.230782,
            46.165778
          ],
          [
            10.23121,
            46.165581
          ],
          [
            10.23139,
            46.165522
          ],
          [
            10.231522,
            46.165492
          ],
          [
            10.231672,
            46.165479
          ],
          [
            10.231844,
            46.165478
          ],
          [
            10.232139,
            46.165511
          ],
          [
            10.232724,
            46.165668
          ],
          [
            10.233192,
            46.165811
          ],
          [
            10.233601,
            46.165963
          ],
          [
            10.234063,
            46.166201
          ],
          [
            10.234191,
            46.166212
          ],
          [
            10.234671,
            46.166174
          ],
          [
            10.235629,
            46.166113
          ],
          [
            10.237838,
            46.165926
          ],
          [
            10.238133,
            46.165917
          ],
          [
            10.238485,
            46.16594
          ],
          [
            10.238688,
            46.165977
          ],
          [
            10.238965,
            46.166083
          ],
          [
            10.240649,
            46.166755
          ],
          [
            10.240746,
            46.166651
          ],
          [
            10.240835,
            46.16662
          ],
          [
            10.240946,
            46.16658
          ],
          [
            10.242063,
            46.166203
          ],
          [
            10.243156,
            46.166872
          ],
          [
            10.243971,
            46.167277
          ],
          [
            10.244177,
            46.167355
          ],
          [
            10.244885,
            46.167477
          ],
          [
            10.245226,
            46.167553
          ],
          [
            10.245499,
            46.16767
          ],
          [
            10.245936,
            46.167912
          ],
          [
            10.24613,
            46.167975
          ],
          [
            10.247005,
            46.168054
          ],
          [
            10.247382,
            46.168088
          ],
          [
            10.247733,
            46.168098
          ],
          [
            10.247959,
            46.168091
          ],
          [
            10.24818,
            46.16806
          ],
          [
            10.248622,
            46.167915
          ],
          [
            10.248823,
            46.167881
          ],
          [
            10.249062,
            46.167884
          ],
          [
            10.249306,
            46.16791
          ],
          [
            10.249545,
            46.167917
          ],
          [
            10.250974,
            46.167683
          ],
          [
            10.251047,
            46.167583
          ],
          [
            10.251203,
            46.16757
          ],
          [
            10.252074,
            46.167312
          ],
          [
            10.25346,
            46.166861
          ],
          [
            10.254657,
            46.166491
          ],
          [
            10.256702,
            46.16597
          ],
          [
            10.257182,
            46.165903
          ],
          [
            10.258244,
            46.165824
          ],
          [
            10.25941,
            46.165716
          ],
          [
            10.259715,
            46.165644
          ],
          [
            10.259712,
            46.165573
          ],
          [
            10.259737,
            46.165541
          ],
          [
            10.259823,
            46.165502
          ],
          [
            10.259875,
            46.1655
          ],
          [
            10.259967,
            46.16553
          ],
          [
            10.260011,
            46.165595
          ],
          [
            10.260008,
            46.165631
          ],
          [
            10.260332,
            46.165639
          ],
          [
            10.260633,
            46.165615
          ],
          [
            10.260732,
            46.165606
          ],
          [
            10.262223,
            46.165485
          ],
          [
            10.262489,
            46.165495
          ],
          [
            10.26265,
            46.165526
          ],
          [
            10.264676,
            46.166127
          ],
          [
            10.265929,
            46.166481
          ],
          [
            10.266787,
            46.166697
          ],
          [
            10.268231,
            46.167032
          ],
          [
            10.268396,
            46.16711
          ],
          [
            10.269273,
            46.167866
          ],
          [
            10.269666,
            46.168156
          ],
          [
            10.269907,
            46.168292
          ],
          [
            10.27018,
            46.168388
          ],
          [
            10.270457,
            46.168459
          ],
          [
            10.270739,
            46.168489
          ],
          [
            10.271454,
            46.1685
          ],
          [
            10.273296,
            46.168562
          ],
          [
            10.273373,
            46.16857
          ],
          [
            10.274791,
            46.168767
          ],
          [
            10.27684,
            46.169021
          ],
          [
            10.277932,
            46.169096
          ],
          [
            10.278607,
            46.169168
          ],
          [
            10.279276,
            46.169201
          ],
          [
            10.280211,
            46.169288
          ],
          [
            10.281114,
            46.169422
          ],
          [
            10.282461,
            46.16954
          ],
          [
            10.28269,
            46.169536
          ],
          [
            10.28307,
            46.169521
          ],
          [
            10.283528,
            46.16955
          ],
          [
            10.284152,
            46.169739
          ],
          [
            10.284627,
            46.169928
          ],
          [
            10.285395,
            46.170189
          ],
          [
            10.285619,
            46.170198
          ],
          [
            10.28712,
            46.16972
          ],
          [
            10.287322,
            46.169613
          ],
          [
            10.287496,
            46.169609
          ],
          [
            10.288334,
            46.16983
          ],
          [
            10.289225,
            46.169829
          ],
          [
            10.289963,
            46.169969
          ],
          [
            10.290256,
            46.169951
          ],
          [
            10.290599,
            46.169849
          ],
          [
            10.290721,
            46.169764
          ],
          [
            10.290767,
            46.169675
          ],
          [
            10.290753,
            46.16953
          ],
          [
            10.290792,
            46.169425
          ],
          [
            10.290864,
            46.169376
          ],
          [
            10.291007,
            46.169377
          ],
          [
            10.291161,
            46.169426
          ],
          [
            10.291438,
            46.169671
          ],
          [
            10.291674,
            46.169951
          ],
          [
            10.291748,
            46.17001
          ],
          [
            10.291916,
            46.170054
          ],
          [
            10.292247,
            46.170025
          ],
          [
            10.29258,
            46.170019
          ],
          [
            10.292887,
            46.170041
          ],
          [
            10.293351,
            46.170141
          ],
          [
            10.293608,
            46.170131
          ],
          [
            10.293805,
            46.17007
          ],
          [
            10.293866,
            46.169992
          ],
          [
            10.293957,
            46.169933
          ],
          [
            10.294126,
            46.169874
          ],
          [
            10.294334,
            46.16987
          ],
          [
            10.294823,
            46.169955
          ],
          [
            10.295271,
            46.169994
          ],
          [
            10.295394,
            46.169964
          ],
          [
            10.296063,
            46.169639
          ],
          [
            10.296381,
            46.169574
          ],
          [
            10.296716,
            46.169561
          ],
          [
            10.297125,
            46.169615
          ],
          [
            10.297808,
            46.169762
          ],
          [
            10.29828,
            46.169829
          ],
          [
            10.298951,
            46.169866
          ],
          [
            10.299252,
            46.169931
          ],
          [
            10.299679,
            46.170183
          ],
          [
            10.299824,
            46.170244
          ],
          [
            10.300017,
            46.170293
          ],
          [
            10.300244,
            46.170301
          ],
          [
            10.300528,
            46.170246
          ],
          [
            10.300724,
            46.170186
          ],
          [
            10.300918,
            46.170205
          ],
          [
            10.303234,
            46.171113
          ],
          [
            10.304132,
            46.171393
          ],
          [
            10.304496,
            46.171709
          ],
          [
            10.304703,
            46.171884
          ],
          [
            10.304787,
            46.171966
          ],
          [
            10.306024,
            46.173016
          ],
          [
            10.308422,
            46.173641
          ],
          [
            10.309803,
            46.174182
          ],
          [
            10.311557,
            46.174576
          ],
          [
            10.313055,
            46.174745
          ],
          [
            10.313454,
            46.174815
          ],
          [
            10.314728,
            46.17516
          ],
          [
            10.315161,
            46.175249
          ],
          [
            10.315562,
            46.17526
          ],
          [
            10.315655,
            46.175249
          ],
          [
            10.316177,
            46.175088
          ],
          [
            10.31673,
            46.174986
          ],
          [
            10.321342,
            46.174788
          ],
          [
            10.323349,
            46.174896
          ],
          [
            10.324576,
            46.174976
          ],
          [
            10.32551,
            46.175012
          ],
          [
            10.327876,
            46.174868
          ],
          [
            10.329907,
            46.174776
          ],
          [
            10.330566,
            46.174732
          ],
          [
            10.331046,
            46.174602
          ],
          [
            10.331119,
            46.174555
          ],
          [
            10.33121,
            46.174537
          ],
          [
            10.331313,
            46.174538
          ],
          [
            10.331445,
            46.174577
          ],
          [
            10.33147,
            46.174587
          ],
          [
            10.331613,
            46.174629
          ],
          [
            10.331925,
            46.174679
          ],
          [
            10.332597,
            46.174617
          ],
          [
            10.333395,
            46.17448
          ],
          [
            10.334374,
            46.174259
          ],
          [
            10.335885,
            46.173914
          ],
          [
            10.336917,
            46.173711
          ],
          [
            10.337296,
            46.17361
          ],
          [
            10.337645,
            46.173494
          ],
          [
            10.337745,
            46.173455
          ],
          [
            10.338327,
            46.173239
          ],
          [
            10.338614,
            46.173119
          ],
          [
            10.339306,
            46.172757
          ],
          [
            10.340026,
            46.172347
          ],
          [
            10.340459,
            46.17208
          ],
          [
            10.34135,
            46.171492
          ],
          [
            10.341682,
            46.171299
          ],
          [
            10.341832,
            46.171264
          ],
          [
            10.341992,
            46.171257
          ],
          [
            10.342252,
            46.171301
          ],
          [
            10.342619,
            46.1714
          ],
          [
            10.342953,
            46.171414
          ],
          [
            10.343042,
            46.171403
          ],
          [
            10.343293,
            46.171358
          ],
          [
            10.343736,
            46.171178
          ],
          [
            10.343968,
            46.171049
          ],
          [
            10.344035,
            46.171012
          ],
          [
            10.344489,
            46.170726
          ],
          [
            10.345624,
            46.170018
          ],
          [
            10.346619,
            46.16937
          ],
          [
            10.346695,
            46.169231
          ],
          [
            10.346706,
            46.169198
          ],
          [
            10.346768,
            46.169145
          ],
          [
            10.346875,
            46.169126
          ],
          [
            10.347087,
            46.169089
          ],
          [
            10.348263,
            46.168309
          ],
          [
            10.349015,
            46.167857
          ],
          [
            10.349218,
            46.167661
          ],
          [
            10.349378,
            46.16745
          ],
          [
            10.349489,
            46.167203
          ],
          [
            10.349858,
            46.165783
          ],
          [
            10.349947,
            46.165514
          ],
          [
            10.34997,
            46.165379
          ],
          [
            10.350059,
            46.165186
          ],
          [
            10.350103,
            46.165014
          ],
          [
            10.350092,
            46.164935
          ],
          [
            10.350138,
            46.164862
          ],
          [
            10.350151,
            46.164565
          ],
          [
            10.350207,
            46.164421
          ],
          [
            10.350554,
            46.163082
          ],
          [
            10.350588,
            46.162759
          ],
          [
            10.350574,
            46.162518
          ],
          [
            10.350537,
            46.162315
          ],
          [
            10.350448,
            46.162042
          ],
          [
            10.350292,
            46.161761
          ],
          [
            10.350168,
            46.161603
          ],
          [
            10.348862,
            46.159986
          ],
          [
            10.348692,
            46.159681
          ],
          [
            10.348619,
            46.159461
          ],
          [
            10.3486,
            46.15928
          ],
          [
            10.348664,
            46.158777
          ],
          [
            10.348839,
            46.157968
          ],
          [
            10.348838,
            46.157862
          ],
          [
            10.348805,
            46.157771
          ],
          [
            10.348717,
            46.157693
          ],
          [
            10.348598,
            46.15762
          ],
          [
            10.348456,
            46.157573
          ],
          [
            10.348335,
            46.157555
          ],
          [
            10.347795,
            46.157557
          ],
          [
            10.347668,
            46.157525
          ],
          [
            10.347581,
            46.157475
          ],
          [
            10.347482,
            46.157402
          ],
          [
            10.34738,
            46.157284
          ],
          [
            10.346284,
            46.156006
          ],
          [
            10.346162,
            46.155739
          ],
          [
            10.346146,
            46.155569
          ],
          [
            10.346101,
            46.15458
          ],
          [
            10.346071,
            46.154448
          ],
          [
            10.345965,
            46.15422
          ],
          [
            10.345587,
            46.153615
          ],
          [
            10.345527,
            46.153416
          ],
          [
            10.345547,
            46.153232
          ],
          [
            10.345766,
            46.152537
          ],
          [
            10.345764,
            46.152233
          ],
          [
            10.344977,
            46.150116
          ],
          [
            10.344861,
            46.14955
          ],
          [
            10.344878,
            46.149332
          ],
          [
            10.34493,
            46.149072
          ],
          [
            10.344927,
            46.148961
          ],
          [
            10.344836,
            46.148709
          ],
          [
            10.344559,
            46.148254
          ],
          [
            10.344421,
            46.148077
          ],
          [
            10.343624,
            46.147174
          ],
          [
            10.343504,
            46.146991
          ],
          [
            10.343336,
            46.146527
          ],
          [
            10.34317,
            46.14623
          ],
          [
            10.341706,
            46.14433
          ],
          [
            10.34023,
            46.142469
          ],
          [
            10.339764,
            46.141837
          ],
          [
            10.339478,
            46.141405
          ],
          [
            10.336611,
            46.136467
          ],
          [
            10.336018,
            46.135539
          ],
          [
            10.335819,
            46.135276
          ],
          [
            10.335514,
            46.134954
          ],
          [
            10.334132,
            46.133588
          ],
          [
            10.333775,
            46.133461
          ],
          [
            10.333756,
            46.133462
          ],
          [
            10.333637,
            46.133452
          ],
          [
            10.333578,
            46.133427
          ],
          [
            10.333505,
            46.133345
          ],
          [
            10.333508,
            46.13326
          ],
          [
            10.333468,
            46.132968
          ],
          [
            10.328779,
            46.128503
          ],
          [
            10.327148,
            46.126958
          ],
          [
            10.325608,
            46.125484
          ],
          [
            10.32456,
            46.124486
          ],
          [
            10.324529,
            46.12446
          ],
          [
            10.324485,
            46.124415
          ],
          [
            10.323828,
            46.123803
          ],
          [
            10.322847,
            46.122862
          ],
          [
            10.322741,
            46.122769
          ],
          [
            10.322124,
            46.122164
          ],
          [
            10.321542,
            46.121627
          ],
          [
            10.320944,
            46.121059
          ],
          [
            10.320865,
            46.120986
          ],
          [
            10.320089,
            46.120255
          ],
          [
            10.319943,
            46.120114
          ],
          [
            10.319805,
            46.119988
          ],
          [
            10.319637,
            46.119832
          ],
          [
            10.319004,
            46.119186
          ],
          [
            10.318822,
            46.118896
          ],
          [
            10.318751,
            46.118743
          ],
          [
            10.318695,
            46.118549
          ],
          [
            10.318648,
            46.118371
          ],
          [
            10.318637,
            46.117851
          ],
          [
            10.318625,
            46.117525
          ],
          [
            10.31853,
            46.117116
          ],
          [
            10.31836,
            46.116827
          ],
          [
            10.318153,
            46.116546
          ],
          [
            10.317739,
            46.116
          ],
          [
            10.317582,
            46.115833
          ],
          [
            10.316445,
            46.114919
          ],
          [
            10.313956,
            46.112988
          ],
          [
            10.313681,
            46.112739
          ],
          [
            10.313554,
            46.112598
          ],
          [
            10.313472,
            46.112507
          ],
          [
            10.31337,
            46.112382
          ],
          [
            10.312437,
            46.110791
          ],
          [
            10.312262,
            46.110466
          ],
          [
            10.3122,
            46.110289
          ],
          [
            10.312183,
            46.110096
          ],
          [
            10.31222,
            46.109907
          ],
          [
            10.312307,
            46.109739
          ],
          [
            10.312458,
            46.109574
          ],
          [
            10.312652,
            46.109443
          ],
          [
            10.313151,
            46.10922
          ],
          [
            10.313841,
            46.108938
          ],
          [
            10.314135,
            46.108797
          ],
          [
            10.314269,
            46.108684
          ],
          [
            10.314312,
            46.108605
          ],
          [
            10.314319,
            46.108519
          ],
          [
            10.3143,
            46.108313
          ],
          [
            10.314045,
            46.107746
          ],
          [
            10.31334,
            46.106632
          ],
          [
            10.313081,
            46.106157
          ],
          [
            10.31304,
            46.105985
          ],
          [
            10.313056,
            46.105666
          ],
          [
            10.313135,
            46.105189
          ],
          [
            10.31312,
            46.104818
          ],
          [
            10.313045,
            46.104368
          ],
          [
            10.313082,
            46.104001
          ],
          [
            10.313282,
            46.103362
          ],
          [
            10.313427,
            46.103104
          ],
          [
            10.313611,
            46.102829
          ],
          [
            10.313754,
            46.102694
          ],
          [
            10.314262,
            46.102387
          ],
          [
            10.314378,
            46.102271
          ],
          [
            10.31443,
            46.10219
          ],
          [
            10.314455,
            46.102123
          ],
          [
            10.314443,
            46.101983
          ],
          [
            10.314419,
            46.10189
          ],
          [
            10.314357,
            46.101777
          ],
          [
            10.313692,
            46.10084
          ],
          [
            10.313594,
            46.100658
          ],
          [
            10.313542,
            46.100516
          ],
          [
            10.313518,
            46.100358
          ],
          [
            10.313523,
            46.100189
          ],
          [
            10.313572,
            46.099999
          ],
          [
            10.313685,
            46.099767
          ],
          [
            10.313885,
            46.09953
          ],
          [
            10.314152,
            46.099339
          ],
          [
            10.314338,
            46.099202
          ],
          [
            10.314475,
            46.099062
          ],
          [
            10.314674,
            46.098788
          ],
          [
            10.314765,
            46.098616
          ],
          [
            10.314801,
            46.098477
          ],
          [
            10.314795,
            46.098223
          ],
          [
            10.314685,
            46.097568
          ],
          [
            10.314511,
            46.096774
          ],
          [
            10.314434,
            46.096257
          ],
          [
            10.314405,
            46.095967
          ],
          [
            10.314459,
            46.095725
          ],
          [
            10.315483,
            46.094029
          ],
          [
            10.315825,
            46.093423
          ],
          [
            10.316128,
            46.092847
          ],
          [
            10.316257,
            46.092336
          ],
          [
            10.316314,
            46.092025
          ],
          [
            10.316341,
            46.090906
          ],
          [
            10.316379,
            46.090774
          ],
          [
            10.316547,
            46.090488
          ],
          [
            10.316795,
            46.090213
          ],
          [
            10.316906,
            46.090121
          ],
          [
            10.317158,
            46.089973
          ],
          [
            10.317676,
            46.089795
          ],
          [
            10.31797,
            46.089613
          ],
          [
            10.318901,
            46.08866
          ],
          [
            10.319005,
            46.088452
          ],
          [
            10.318947,
            46.088371
          ],
          [
            10.318975,
            46.088277
          ],
          [
            10.319047,
            46.088228
          ],
          [
            10.319103,
            46.088212
          ],
          [
            10.31922,
            46.088216
          ],
          [
            10.319504,
            46.088103
          ],
          [
            10.31967,
            46.088018
          ],
          [
            10.319879,
            46.087939
          ],
          [
            10.321795,
            46.087543
          ],
          [
            10.322827,
            46.087268
          ],
          [
            10.323487,
            46.087074
          ],
          [
            10.323824,
            46.087013
          ],
          [
            10.324133,
            46.086998
          ],
          [
            10.324365,
            46.087008
          ],
          [
            10.325207,
            46.08714
          ],
          [
            10.325599,
            46.087166
          ],
          [
            10.326366,
            46.087131
          ],
          [
            10.326748,
            46.08708
          ],
          [
            10.327299,
            46.086948
          ],
          [
            10.327823,
            46.086746
          ],
          [
            10.328034,
            46.086628
          ],
          [
            10.328569,
            46.086268
          ],
          [
            10.328958,
            46.086037
          ],
          [
            10.329401,
            46.085611
          ],
          [
            10.330653,
            46.084391
          ],
          [
            10.330827,
            46.084224
          ],
          [
            10.332211,
            46.082938
          ],
          [
            10.333388,
            46.08171
          ],
          [
            10.335485,
            46.079728
          ],
          [
            10.336611,
            46.078597
          ],
          [
            10.337593,
            46.077489
          ],
          [
            10.338149,
            46.076565
          ],
          [
            10.338467,
            46.075839
          ],
          [
            10.33873,
            46.075103
          ],
          [
            10.339758,
            46.070928
          ],
          [
            10.339975,
            46.069799
          ],
          [
            10.340114,
            46.068653
          ],
          [
            10.340309,
            46.064058
          ],
          [
            10.340409,
            46.059061
          ],
          [
            10.34043,
            46.056423
          ],
          [
            10.340506,
            46.052822
          ],
          [
            10.340547,
            46.049216
          ],
          [
            10.340613,
            46.047848
          ],
          [
            10.340621,
            46.046584
          ],
          [
            10.340785,
            46.045606
          ],
          [
            10.340924,
            46.045111
          ],
          [
            10.341359,
            46.044113
          ],
          [
            10.341638,
            46.043607
          ],
          [
            10.341927,
            46.043175
          ],
          [
            10.342256,
            46.042757
          ],
          [
            10.343735,
            46.041076
          ],
          [
            10.343944,
            46.040873
          ],
          [
            10.345442,
            46.039248
          ],
          [
            10.34572,
            46.038951
          ],
          [
            10.34653,
            46.038084
          ],
          [
            10.346627,
            46.037981
          ],
          [
            10.347342,
            46.037234
          ],
          [
            10.348686,
            46.03577
          ],
          [
            10.350002,
            46.03429
          ],
          [
            10.350353,
            46.033821
          ],
          [
            10.35066,
            46.033317
          ],
          [
            10.351106,
            46.032499
          ],
          [
            10.351428,
            46.031784
          ],
          [
            10.351677,
            46.030971
          ],
          [
            10.351954,
            46.029724
          ],
          [
            10.352039,
            46.02864
          ],
          [
            10.351948,
            46.027624
          ],
          [
            10.351734,
            46.02655
          ],
          [
            10.351183,
            46.02489
          ],
          [
            10.350178,
            46.022763
          ],
          [
            10.349883,
            46.021798
          ],
          [
            10.349707,
            46.021034
          ],
          [
            10.349631,
            46.01995
          ],
          [
            10.349696,
            46.017942
          ],
          [
            10.349812,
            46.017387
          ],
          [
            10.349987,
            46.016713
          ],
          [
            10.350038,
            46.016048
          ],
          [
            10.349991,
            46.015473
          ],
          [
            10.349908,
            46.01507
          ],
          [
            10.349577,
            46.014391
          ],
          [
            10.348615,
            46.01281
          ],
          [
            10.348269,
            46.012225
          ],
          [
            10.348071,
            46.011894
          ],
          [
            10.347828,
            46.011428
          ],
          [
            10.347585,
            46.010864
          ],
          [
            10.347467,
            46.010515
          ],
          [
            10.347371,
            46.010042
          ],
          [
            10.347341,
            46.009746
          ],
          [
            10.347346,
            46.009162
          ],
          [
            10.34739,
            46.008804
          ],
          [
            10.34757,
            46.007902
          ],
          [
            10.348505,
            46.00374
          ],
          [
            10.348646,
            46.002932
          ],
          [
            10.348666,
            46.002641
          ],
          [
            10.348649,
            46.002355
          ],
          [
            10.348603,
            46.002066
          ],
          [
            10.348531,
            46.001785
          ],
          [
            10.348434,
            46.001505
          ],
          [
            10.348318,
            46.001251
          ],
          [
            10.348152,
            46.000966
          ],
          [
            10.347815,
            46.000496
          ],
          [
            10.347659,
            46.000318
          ],
          [
            10.347372,
            46.00005
          ],
          [
            10.346931,
            45.999718
          ],
          [
            10.346472,
            45.99941
          ],
          [
            10.346082,
            45.999132
          ],
          [
            10.345492,
            45.998808
          ],
          [
            10.344471,
            45.998366
          ],
          [
            10.343429,
            45.99785
          ],
          [
            10.341917,
            45.997133
          ],
          [
            10.341278,
            45.996718
          ],
          [
            10.340335,
            45.995878
          ],
          [
            10.340085,
            45.995603
          ],
          [
            10.339593,
            45.994842
          ],
          [
            10.339531,
            45.994732
          ],
          [
            10.33941,
            45.994517
          ],
          [
            10.339006,
            45.993812
          ],
          [
            10.338699,
            45.993603
          ],
          [
            10.3386,
            45.993566
          ],
          [
            10.338473,
            45.993546
          ],
          [
            10.338301,
            45.993556
          ],
          [
            10.338477,
            45.99342
          ],
          [
            10.338531,
            45.993347
          ],
          [
            10.338565,
            45.993198
          ],
          [
            10.338561,
            45.99303
          ],
          [
            10.338352,
            45.992666
          ],
          [
            10.337974,
            45.991997
          ],
          [
            10.337933,
            45.991915
          ],
          [
            10.337549,
            45.991246
          ],
          [
            10.336881,
            45.990043
          ],
          [
            10.336776,
            45.989837
          ],
          [
            10.336569,
            45.989262
          ],
          [
            10.335891,
            45.987066
          ],
          [
            10.335742,
            45.986652
          ],
          [
            10.335624,
            45.986391
          ],
          [
            10.33533,
            45.985879
          ],
          [
            10.334962,
            45.985373
          ],
          [
            10.334679,
            45.985057
          ],
          [
            10.334379,
            45.984759
          ],
          [
            10.334021,
            45.984457
          ],
          [
            10.333626,
            45.984161
          ],
          [
            10.333011,
            45.983759
          ],
          [
            10.331696,
            45.982992
          ],
          [
            10.330674,
            45.982396
          ],
          [
            10.330498,
            45.982295
          ],
          [
            10.32968,
            45.981822
          ],
          [
            10.329564,
            45.981754
          ],
          [
            10.329062,
            45.981464
          ],
          [
            10.328468,
            45.981126
          ],
          [
            10.328172,
            45.980948
          ],
          [
            10.327537,
            45.98056
          ],
          [
            10.327426,
            45.980487
          ],
          [
            10.326977,
            45.980163
          ],
          [
            10.326324,
            45.979619
          ],
          [
            10.325827,
            45.979094
          ],
          [
            10.325379,
            45.97852
          ],
          [
            10.324951,
            45.977893
          ],
          [
            10.324795,
            45.977646
          ],
          [
            10.321249,
            45.972233
          ],
          [
            10.320268,
            45.970784
          ],
          [
            10.319535,
            45.969736
          ],
          [
            10.318846,
            45.968938
          ],
          [
            10.318382,
            45.96847
          ],
          [
            10.317894,
            45.968015
          ],
          [
            10.317435,
            45.967627
          ],
          [
            10.316956,
            45.967255
          ],
          [
            10.316511,
            45.966931
          ],
          [
            10.316044,
            45.966625
          ],
          [
            10.315519,
            45.966253
          ],
          [
            10.314742,
            45.965806
          ],
          [
            10.314322,
            45.965594
          ],
          [
            10.313876,
            45.965403
          ],
          [
            10.313502,
            45.965268
          ],
          [
            10.312286,
            45.964892
          ],
          [
            10.31201,
            45.964799
          ],
          [
            10.310806,
            45.964406
          ],
          [
            10.309749,
            45.96406
          ],
          [
            10.308552,
            45.963676
          ],
          [
            10.306719,
            45.963081
          ],
          [
            10.301978,
            45.961554
          ],
          [
            10.298853,
            45.960564
          ],
          [
            10.295928,
            45.959597
          ],
          [
            10.295041,
            45.959266
          ],
          [
            10.294012,
            45.958799
          ],
          [
            10.291995,
            45.957746
          ],
          [
            10.288501,
            45.955954
          ],
          [
            10.287831,
            45.955555
          ],
          [
            10.287488,
            45.955339
          ],
          [
            10.287142,
            45.955058
          ],
          [
            10.286562,
            45.954481
          ],
          [
            10.286307,
            45.954119
          ],
          [
            10.286095,
            45.95376
          ],
          [
            10.285946,
            45.953455
          ],
          [
            10.285652,
            45.952856
          ],
          [
            10.285354,
            45.952175
          ],
          [
            10.284971,
            45.951141
          ],
          [
            10.283684,
            45.945843
          ],
          [
            10.283107,
            45.944148
          ],
          [
            10.282292,
            45.942337
          ],
          [
            10.282163,
            45.942152
          ],
          [
            10.281898,
            45.941835
          ],
          [
            10.281506,
            45.941454
          ],
          [
            10.281128,
            45.94116
          ],
          [
            10.280828,
            45.940968
          ],
          [
            10.280407,
            45.940725
          ],
          [
            10.279955,
            45.940523
          ],
          [
            10.279184,
            45.94026
          ],
          [
            10.276446,
            45.939419
          ],
          [
            10.272503,
            45.938247
          ],
          [
            10.272247,
            45.938167
          ],
          [
            10.2704,
            45.937614
          ],
          [
            10.267882,
            45.936861
          ],
          [
            10.266935,
            45.936593
          ],
          [
            10.263513,
            45.935588
          ],
          [
            10.261245,
            45.934916
          ],
          [
            10.256819,
            45.933556
          ],
          [
            10.255574,
            45.93312
          ],
          [
            10.254258,
            45.932619
          ],
          [
            10.250549,
            45.931097
          ],
          [
            10.248481,
            45.930218
          ],
          [
            10.246847,
            45.929552
          ],
          [
            10.246306,
            45.929309
          ],
          [
            10.245827,
            45.929024
          ],
          [
            10.245336,
            45.92867
          ],
          [
            10.245052,
            45.928461
          ],
          [
            10.244715,
            45.928159
          ],
          [
            10.244352,
            45.927775
          ],
          [
            10.24387,
            45.927198
          ],
          [
            10.242861,
            45.92594
          ],
          [
            10.242152,
            45.925064
          ],
          [
            10.241332,
            45.924066
          ],
          [
            10.240954,
            45.923605
          ],
          [
            10.24008,
            45.922514
          ],
          [
            10.239753,
            45.922121
          ],
          [
            10.23902,
            45.921352
          ],
          [
            10.238878,
            45.921205
          ],
          [
            10.238626,
            45.920969
          ],
          [
            10.237926,
            45.920279
          ],
          [
            10.237355,
            45.919728
          ],
          [
            10.232838,
            45.915346
          ],
          [
            10.23215,
            45.914652
          ],
          [
            10.229545,
            45.912118
          ],
          [
            10.224169,
            45.906929
          ],
          [
            10.223649,
            45.906433
          ],
          [
            10.223281,
            45.906089
          ],
          [
            10.223012,
            45.905867
          ],
          [
            10.222329,
            45.90535
          ],
          [
            10.221907,
            45.90506
          ],
          [
            10.221089,
            45.904554
          ],
          [
            10.220139,
            45.903976
          ],
          [
            10.219666,
            45.903693
          ],
          [
            10.218114,
            45.90274
          ],
          [
            10.217553,
            45.902402
          ],
          [
            10.217108,
            45.902131
          ],
          [
            10.215342,
            45.901047
          ],
          [
            10.210844,
            45.898312
          ],
          [
            10.209667,
            45.897591
          ],
          [
            10.207294,
            45.896117
          ],
          [
            10.206694,
            45.895716
          ],
          [
            10.205631,
            45.894939
          ],
          [
            10.201821,
            45.891917
          ],
          [
            10.201065,
            45.891257
          ],
          [
            10.200653,
            45.890856
          ],
          [
            10.200259,
            45.890414
          ],
          [
            10.200008,
            45.8901
          ],
          [
            10.199834,
            45.889851
          ],
          [
            10.199465,
            45.889235
          ],
          [
            10.199187,
            45.888741
          ],
          [
            10.198886,
            45.888198
          ],
          [
            10.198797,
            45.888039
          ],
          [
            10.197492,
            45.885654
          ],
          [
            10.197238,
            45.885278
          ],
          [
            10.196956,
            45.884958
          ],
          [
            10.19654,
            45.884613
          ],
          [
            10.196119,
            45.884323
          ],
          [
            10.195433,
            45.883996
          ],
          [
            10.192884,
            45.882881
          ],
          [
            10.192332,
            45.882576
          ],
          [
            10.191907,
            45.882279
          ],
          [
            10.191496,
            45.881926
          ],
          [
            10.190837,
            45.881287
          ],
          [
            10.188731,
            45.879201
          ],
          [
            10.188399,
            45.878888
          ],
          [
            10.188309,
            45.878799
          ],
          [
            10.18814,
            45.878615
          ],
          [
            10.187672,
            45.8782
          ],
          [
            10.187161,
            45.877845
          ],
          [
            10.187049,
            45.877767
          ],
          [
            10.185344,
            45.876659
          ],
          [
            10.18513,
            45.876525
          ],
          [
            10.182319,
            45.874734
          ],
          [
            10.18192,
            45.874481
          ],
          [
            10.180603,
            45.873627
          ],
          [
            10.17955,
            45.872945
          ],
          [
            10.177788,
            45.872367
          ],
          [
            10.177599,
            45.872317
          ],
          [
            10.177411,
            45.872289
          ],
          [
            10.177192,
            45.872283
          ],
          [
            10.176989,
            45.872302
          ],
          [
            10.176775,
            45.87235
          ],
          [
            10.176623,
            45.872402
          ],
          [
            10.176438,
            45.872492
          ],
          [
            10.175512,
            45.873054
          ],
          [
            10.175008,
            45.873327
          ],
          [
            10.174879,
            45.873424
          ],
          [
            10.174753,
            45.873588
          ],
          [
            10.174693,
            45.873635
          ],
          [
            10.174706,
            45.873677
          ],
          [
            10.174674,
            45.87376
          ],
          [
            10.174588,
            45.873811
          ],
          [
            10.174477,
            45.873822
          ],
          [
            10.174375,
            45.87379
          ],
          [
            10.174314,
            45.873725
          ],
          [
            10.174078,
            45.873619
          ],
          [
            10.173317,
            45.873357
          ],
          [
            10.173135,
            45.873289
          ],
          [
            10.172944,
            45.873223
          ],
          [
            10.172608,
            45.873106
          ],
          [
            10.172373,
            45.873098
          ],
          [
            10.172257,
            45.873118
          ],
          [
            10.17215,
            45.873173
          ],
          [
            10.172018,
            45.873175
          ],
          [
            10.171954,
            45.873155
          ],
          [
            10.171871,
            45.873078
          ],
          [
            10.171864,
            45.872997
          ],
          [
            10.171883,
            45.872958
          ],
          [
            10.171929,
            45.872794
          ],
          [
            10.171907,
            45.872697
          ],
          [
            10.171735,
            45.872497
          ],
          [
            10.171601,
            45.872288
          ],
          [
            10.171219,
            45.871255
          ],
          [
            10.171181,
            45.871156
          ],
          [
            10.170874,
            45.870312
          ],
          [
            10.170697,
            45.869916
          ],
          [
            10.170596,
            45.869748
          ],
          [
            10.170266,
            45.869225
          ],
          [
            10.170112,
            45.869015
          ],
          [
            10.169782,
            45.868614
          ],
          [
            10.169677,
            45.868511
          ],
          [
            10.169557,
            45.868445
          ],
          [
            10.169463,
            45.868424
          ],
          [
            10.169343,
            45.868396
          ],
          [
            10.169232,
            45.868307
          ],
          [
            10.16921,
            45.86825
          ],
          [
            10.169222,
            45.868165
          ],
          [
            10.169066,
            45.868018
          ],
          [
            10.168909,
            45.867899
          ],
          [
            10.168648,
            45.867657
          ],
          [
            10.167001,
            45.86609
          ],
          [
            10.163659,
            45.862978
          ],
          [
            10.163039,
            45.862419
          ],
          [
            10.162482,
            45.861907
          ],
          [
            10.161485,
            45.860991
          ],
          [
            10.161306,
            45.860826
          ],
          [
            10.158676,
            45.858359
          ],
          [
            10.158621,
            45.858303
          ],
          [
            10.15584,
            45.85571
          ],
          [
            10.154449,
            45.854416
          ],
          [
            10.153933,
            45.853959
          ],
          [
            10.153844,
            45.853897
          ],
          [
            10.153733,
            45.853857
          ],
          [
            10.153681,
            45.853858
          ],
          [
            10.153587,
            45.85383
          ],
          [
            10.153532,
            45.853774
          ],
          [
            10.153526,
            45.853707
          ],
          [
            10.153517,
            45.853637
          ],
          [
            10.153445,
            45.853498
          ],
          [
            10.152479,
            45.852594
          ],
          [
            10.15132,
            45.851525
          ],
          [
            10.151252,
            45.851461
          ],
          [
            10.15106,
            45.851282
          ],
          [
            10.14936,
            45.849724
          ],
          [
            10.14892,
            45.849299
          ],
          [
            10.146895,
            45.847425
          ],
          [
            10.146661,
            45.847195
          ],
          [
            10.146123,
            45.846674
          ],
          [
            10.145966,
            45.846526
          ],
          [
            10.144429,
            45.845111
          ],
          [
            10.144247,
            45.844839
          ],
          [
            10.144185,
            45.844647
          ],
          [
            10.144168,
            45.844534
          ],
          [
            10.144111,
            45.844449
          ],
          [
            10.14398,
            45.844349
          ],
          [
            10.143908,
            45.844365
          ],
          [
            10.143755,
            45.844361
          ],
          [
            10.143676,
            45.844335
          ],
          [
            10.143563,
            45.844242
          ],
          [
            10.143541,
            45.844163
          ],
          [
            10.143487,
            45.844086
          ],
          [
            10.14339,
            45.844007
          ],
          [
            10.1431,
            45.843833
          ],
          [
            10.142934,
            45.843664
          ],
          [
            10.142199,
            45.842979
          ],
          [
            10.141776,
            45.842586
          ],
          [
            10.141171,
            45.842026
          ],
          [
            10.138795,
            45.839828
          ],
          [
            10.138433,
            45.839493
          ],
          [
            10.137489,
            45.838619
          ],
          [
            10.13737,
            45.838508
          ],
          [
            10.137178,
            45.838266
          ],
          [
            10.137062,
            45.838235
          ],
          [
            10.136992,
            45.838164
          ],
          [
            10.13679,
            45.837993
          ],
          [
            10.136737,
            45.837917
          ],
          [
            10.136343,
            45.837528
          ],
          [
            10.136145,
            45.837353
          ],
          [
            10.135904,
            45.837125
          ],
          [
            10.135723,
            45.836959
          ],
          [
            10.13472,
            45.836021
          ],
          [
            10.134644,
            45.835949
          ],
          [
            10.134386,
            45.835725
          ],
          [
            10.134017,
            45.835395
          ],
          [
            10.133551,
            45.834914
          ],
          [
            10.133505,
            45.834871
          ],
          [
            10.133231,
            45.834626
          ],
          [
            10.133188,
            45.834582
          ],
          [
            10.132327,
            45.83378
          ],
          [
            10.131957,
            45.833333
          ],
          [
            10.131342,
            45.832578
          ],
          [
            10.131319,
            45.83255
          ],
          [
            10.130924,
            45.832052
          ],
          [
            10.130765,
            45.831863
          ],
          [
            10.130476,
            45.831485
          ],
          [
            10.130473,
            45.83148
          ],
          [
            10.130255,
            45.831377
          ],
          [
            10.130195,
            45.831354
          ],
          [
            10.130177,
            45.831284
          ],
          [
            10.130194,
            45.831263
          ],
          [
            10.130179,
            45.83112
          ],
          [
            10.129844,
            45.830716
          ],
          [
            10.129325,
            45.830086
          ],
          [
            10.129043,
            45.829707
          ],
          [
            10.128705,
            45.829276
          ],
          [
            10.128547,
            45.829081
          ],
          [
            10.12789,
            45.828272
          ],
          [
            10.127681,
            45.827948
          ],
          [
            10.127431,
            45.827761
          ],
          [
            10.127323,
            45.827744
          ],
          [
            10.127276,
            45.827722
          ],
          [
            10.127227,
            45.827682
          ],
          [
            10.127196,
            45.827579
          ],
          [
            10.12726,
            45.827485
          ],
          [
            10.127322,
            45.827454
          ],
          [
            10.127402,
            45.827362
          ],
          [
            10.127484,
            45.827208
          ],
          [
            10.127427,
            45.826733
          ],
          [
            10.12741,
            45.826594
          ],
          [
            10.127328,
            45.826124
          ],
          [
            10.127208,
            45.825779
          ],
          [
            10.127089,
            45.825546
          ],
          [
            10.12677,
            45.825078
          ],
          [
            10.125546,
            45.823377
          ],
          [
            10.125334,
            45.823082
          ],
          [
            10.124849,
            45.822438
          ],
          [
            10.124206,
            45.821515
          ],
          [
            10.124112,
            45.821378
          ],
          [
            10.12329,
            45.820228
          ],
          [
            10.122393,
            45.818991
          ],
          [
            10.122279,
            45.8189
          ],
          [
            10.122182,
            45.818846
          ],
          [
            10.122046,
            45.818826
          ],
          [
            10.121835,
            45.818899
          ],
          [
            10.121659,
            45.818998
          ],
          [
            10.121524,
            45.819124
          ],
          [
            10.121379,
            45.81925
          ],
          [
            10.121234,
            45.819413
          ],
          [
            10.121043,
            45.819714
          ],
          [
            10.120917,
            45.82003
          ],
          [
            10.120783,
            45.820195
          ],
          [
            10.120846,
            45.819789
          ],
          [
            10.121043,
            45.818851
          ],
          [
            10.121315,
            45.817784
          ],
          [
            10.1215,
            45.816923
          ],
          [
            10.121557,
            45.816693
          ],
          [
            10.121584,
            45.816585
          ],
          [
            10.12191,
            45.81531
          ],
          [
            10.12191,
            45.81471
          ],
          [
            10.121563,
            45.813586
          ],
          [
            10.121162,
            45.812658
          ],
          [
            10.118811,
            45.807852
          ],
          [
            10.11831,
            45.806895
          ],
          [
            10.117491,
            45.805191
          ],
          [
            10.116187,
            45.802656
          ],
          [
            10.115809,
            45.802042
          ],
          [
            10.115592,
            45.801741
          ],
          [
            10.115285,
            45.801387
          ],
          [
            10.114932,
            45.801061
          ],
          [
            10.114638,
            45.80083
          ],
          [
            10.113696,
            45.800212
          ],
          [
            10.113063,
            45.799831
          ],
          [
            10.11222,
            45.799341
          ],
          [
            10.111884,
            45.799128
          ],
          [
            10.111059,
            45.798648
          ],
          [
            10.110327,
            45.798121
          ],
          [
            10.109305,
            45.797272
          ],
          [
            10.108738,
            45.796724
          ],
          [
            10.108012,
            45.795963
          ],
          [
            10.107232,
            45.795256
          ],
          [
            10.10651,
            45.794654
          ],
          [
            10.105115,
            45.793824
          ],
          [
            10.100309,
            45.791108
          ],
          [
            10.098107,
            45.790034
          ],
          [
            10.09373,
            45.787958
          ],
          [
            10.091854,
            45.787098
          ],
          [
            10.091144,
            45.786806
          ],
          [
            10.090382,
            45.786554
          ],
          [
            10.089379,
            45.786314
          ],
          [
            10.088453,
            45.786178
          ],
          [
            10.086835,
            45.78602
          ],
          [
            10.08616,
            45.785958
          ],
          [
            10.085534,
            45.785877
          ],
          [
            10.085299,
            45.785833
          ],
          [
            10.084922,
            45.785732
          ],
          [
            10.084584,
            45.785607
          ],
          [
            10.083912,
            45.785286
          ],
          [
            10.083665,
            45.785199
          ],
          [
            10.083385,
            45.785124
          ],
          [
            10.082665,
            45.784951
          ],
          [
            10.082189,
            45.784776
          ],
          [
            10.081776,
            45.784585
          ],
          [
            10.080909,
            45.784047
          ],
          [
            10.08055,
            45.783886
          ],
          [
            10.080289,
            45.783792
          ],
          [
            10.080003,
            45.783729
          ],
          [
            10.078936,
            45.78358
          ],
          [
            10.078776,
            45.783568
          ],
          [
            10.076594,
            45.783487
          ],
          [
            10.075464,
            45.783419
          ],
          [
            10.075101,
            45.783352
          ],
          [
            10.074848,
            45.78325
          ],
          [
            10.074403,
            45.782988
          ],
          [
            10.074121,
            45.782654
          ],
          [
            10.073635,
            45.781472
          ],
          [
            10.073346,
            45.780622
          ],
          [
            10.073188,
            45.778159
          ],
          [
            10.073013,
            45.777499
          ],
          [
            10.072526,
            45.776738
          ],
          [
            10.071769,
            45.776019
          ],
          [
            10.071559,
            45.775841
          ],
          [
            10.071077,
            45.775412
          ],
          [
            10.070711,
            45.774951
          ],
          [
            10.069812,
            45.773729
          ],
          [
            10.069364,
            45.773025
          ],
          [
            10.06905,
            45.772483
          ],
          [
            10.068698,
            45.771647
          ],
          [
            10.068634,
            45.770883
          ],
          [
            10.068664,
            45.770488
          ],
          [
            10.068725,
            45.770147
          ],
          [
            10.068873,
            45.769682
          ],
          [
            10.069121,
            45.769167
          ],
          [
            10.069361,
            45.768886
          ],
          [
            10.069579,
            45.768682
          ],
          [
            10.069729,
            45.768558
          ],
          [
            10.069963,
            45.768405
          ],
          [
            10.071088,
            45.767656
          ],
          [
            10.071776,
            45.767078
          ],
          [
            10.072536,
            45.766328
          ],
          [
            10.073024,
            45.76567
          ],
          [
            10.073383,
            45.765057
          ],
          [
            10.074151,
            45.763143
          ],
          [
            10.074341,
            45.762772
          ],
          [
            10.074785,
            45.761796
          ],
          [
            10.075239,
            45.760737
          ],
          [
            10.075294,
            45.76061
          ],
          [
            10.075648,
            45.759901
          ],
          [
            10.075734,
            45.759768
          ],
          [
            10.075924,
            45.759545
          ],
          [
            10.076229,
            45.759303
          ],
          [
            10.076551,
            45.759087
          ],
          [
            10.076876,
            45.758899
          ],
          [
            10.077281,
            45.758712
          ],
          [
            10.07741,
            45.758663
          ],
          [
            10.07761,
            45.758556
          ],
          [
            10.077991,
            45.758257
          ],
          [
            10.078279,
            45.758012
          ],
          [
            10.07867,
            45.757729
          ],
          [
            10.078842,
            45.757617
          ],
          [
            10.079037,
            45.757498
          ],
          [
            10.079511,
            45.757227
          ],
          [
            10.080277,
            45.756786
          ],
          [
            10.0837,
            45.754915
          ],
          [
            10.08407,
            45.754691
          ],
          [
            10.084414,
            45.754469
          ],
          [
            10.085004,
            45.754001
          ],
          [
            10.08538,
            45.753664
          ],
          [
            10.086823,
            45.752467
          ],
          [
            10.088437,
            45.751078
          ],
          [
            10.092466,
            45.747698
          ],
          [
            10.094588,
            45.745877
          ],
          [
            10.09815,
            45.742862
          ],
          [
            10.098291,
            45.742754
          ],
          [
            10.098475,
            45.742596
          ],
          [
            10.098626,
            45.742467
          ],
          [
            10.101003,
            45.740486
          ],
          [
            10.101475,
            45.739907
          ],
          [
            10.101746,
            45.739398
          ],
          [
            10.101856,
            45.739076
          ],
          [
            10.102047,
            45.738131
          ],
          [
            10.102188,
            45.73777
          ],
          [
            10.102375,
            45.737513
          ],
          [
            10.102516,
            45.737287
          ],
          [
            10.102705,
            45.737057
          ],
          [
            10.102967,
            45.736783
          ],
          [
            10.103276,
            45.736504
          ],
          [
            10.103608,
            45.736244
          ],
          [
            10.103911,
            45.736067
          ],
          [
            10.104116,
            45.735948
          ],
          [
            10.105191,
            45.735403
          ],
          [
            10.10526,
            45.735366
          ],
          [
            10.106305,
            45.734856
          ],
          [
            10.108345,
            45.733816
          ],
          [
            10.108833,
            45.733505
          ],
          [
            10.109218,
            45.73323
          ],
          [
            10.109584,
            45.732894
          ],
          [
            10.109893,
            45.732581
          ],
          [
            10.110147,
            45.732232
          ],
          [
            10.110426,
            45.731801
          ],
          [
            10.111712,
            45.729668
          ],
          [
            10.113812,
            45.726287
          ],
          [
            10.119059,
            45.717688
          ],
          [
            10.119107,
            45.717606
          ],
          [
            10.119498,
            45.716937
          ],
          [
            10.119629,
            45.716731
          ],
          [
            10.120001,
            45.716086
          ],
          [
            10.120817,
            45.714582
          ],
          [
            10.120945,
            45.714348
          ],
          [
            10.121793,
            45.712786
          ],
          [
            10.122049,
            45.712268
          ],
          [
            10.122194,
            45.711846
          ],
          [
            10.122244,
            45.711234
          ],
          [
            10.122205,
            45.710919
          ],
          [
            10.122077,
            45.710308
          ],
          [
            10.121675,
            45.708441
          ],
          [
            10.12162,
            45.708187
          ],
          [
            10.121531,
            45.707522
          ],
          [
            10.121516,
            45.706411
          ],
          [
            10.121459,
            45.705761
          ],
          [
            10.121383,
            45.705414
          ],
          [
            10.121228,
            45.704972
          ],
          [
            10.121125,
            45.704754
          ],
          [
            10.120696,
            45.704044
          ],
          [
            10.120519,
            45.703759
          ],
          [
            10.119657,
            45.702414
          ],
          [
            10.11851,
            45.701144
          ],
          [
            10.117968,
            45.700528
          ],
          [
            10.116485,
            45.698759
          ],
          [
            10.114962,
            45.696753
          ],
          [
            10.114922,
            45.696698
          ],
          [
            10.114735,
            45.696443
          ],
          [
            10.11446,
            45.696009
          ],
          [
            10.113338,
            45.693892
          ],
          [
            10.113055,
            45.693421
          ],
          [
            10.112805,
            45.693105
          ],
          [
            10.111947,
            45.692223
          ],
          [
            10.111293,
            45.691515
          ],
          [
            10.111094,
            45.69129
          ],
          [
            10.110699,
            45.690998
          ],
          [
            10.110056,
            45.690372
          ],
          [
            10.109659,
            45.689937
          ],
          [
            10.109489,
            45.689677
          ],
          [
            10.10929,
            45.689354
          ],
          [
            10.109196,
            45.689057
          ],
          [
            10.108541,
            45.688137
          ],
          [
            10.108252,
            45.68752
          ],
          [
            10.107701,
            45.686794
          ],
          [
            10.106579,
            45.685538
          ],
          [
            10.106301,
            45.685286
          ],
          [
            10.105767,
            45.684902
          ],
          [
            10.104137,
            45.6841
          ],
          [
            10.103794,
            45.68394
          ],
          [
            10.102935,
            45.683536
          ],
          [
            10.102837,
            45.68349
          ],
          [
            10.094625,
            45.680029
          ],
          [
            10.09394,
            45.679668
          ],
          [
            10.093304,
            45.679234
          ],
          [
            10.092762,
            45.67881
          ],
          [
            10.09222,
            45.678341
          ],
          [
            10.089399,
            45.675801
          ],
          [
            10.08678,
            45.673668
          ],
          [
            10.083894,
            45.671981
          ],
          [
            10.081544,
            45.670534
          ],
          [
            10.078404,
            45.668636
          ],
          [
            10.072779,
            45.665466
          ],
          [
            10.069564,
            45.663525
          ],
          [
            10.067784,
            45.662431
          ],
          [
            10.067555,
            45.662281
          ],
          [
            10.067006,
            45.661874
          ],
          [
            10.066573,
            45.661497
          ],
          [
            10.066305,
            45.661228
          ],
          [
            10.065973,
            45.660893
          ],
          [
            10.064838,
            45.659713
          ],
          [
            10.064078,
            45.658937
          ],
          [
            10.063699,
            45.65849
          ],
          [
            10.063501,
            45.658179
          ],
          [
            10.063407,
            45.657973
          ],
          [
            10.063295,
            45.657551
          ],
          [
            10.063282,
            45.657072
          ],
          [
            10.063304,
            45.656879
          ],
          [
            10.063364,
            45.656681
          ],
          [
            10.063731,
            45.655915
          ],
          [
            10.06382,
            45.655756
          ],
          [
            10.064525,
            45.654682
          ],
          [
            10.073557,
            45.640923
          ],
          [
            10.075963,
            45.636764
          ],
          [
            10.076499,
            45.635745
          ],
          [
            10.078184,
            45.632588
          ],
          [
            10.078329,
            45.632311
          ],
          [
            10.078561,
            45.631786
          ],
          [
            10.078717,
            45.631263
          ],
          [
            10.078835,
            45.630605
          ],
          [
            10.078856,
            45.630062
          ],
          [
            10.078818,
            45.629551
          ],
          [
            10.078696,
            45.628989
          ],
          [
            10.077522,
            45.624786
          ],
          [
            10.077017,
            45.622972
          ],
          [
            10.076666,
            45.621699
          ],
          [
            10.076591,
            45.621328
          ],
          [
            10.07654,
            45.621077
          ],
          [
            10.076502,
            45.620307
          ],
          [
            10.076492,
            45.618842
          ],
          [
            10.076492,
            45.618105
          ],
          [
            10.076492,
            45.617786
          ],
          [
            10.076492,
            45.617689
          ],
          [
            10.076489,
            45.615897
          ],
          [
            10.076484,
            45.615565
          ],
          [
            10.076474,
            45.614638
          ],
          [
            10.076461,
            45.614347
          ],
          [
            10.076479,
            45.614053
          ],
          [
            10.076526,
            45.61376
          ],
          [
            10.076602,
            45.61347
          ],
          [
            10.076707,
            45.613185
          ],
          [
            10.07689,
            45.612824
          ],
          [
            10.077026,
            45.612604
          ],
          [
            10.077231,
            45.612326
          ],
          [
            10.077677,
            45.611805
          ],
          [
            10.07902,
            45.610094
          ],
          [
            10.07947,
            45.609382
          ],
          [
            10.08109,
            45.607317
          ],
          [
            10.081607,
            45.606738
          ],
          [
            10.082067,
            45.606276
          ],
          [
            10.084081,
            45.604576
          ],
          [
            10.08534,
            45.603497
          ],
          [
            10.087264,
            45.601807
          ],
          [
            10.089665,
            45.59977
          ],
          [
            10.090826,
            45.598769
          ],
          [
            10.097494,
            45.593095
          ],
          [
            10.098798,
            45.592015
          ],
          [
            10.102841,
            45.588576
          ],
          [
            10.108053,
            45.584227
          ],
          [
            10.111775,
            45.58108
          ],
          [
            10.112583,
            45.580388
          ],
          [
            10.112835,
            45.580172
          ],
          [
            10.114815,
            45.578533
          ],
          [
            10.120097,
            45.574067
          ],
          [
            10.121814,
            45.57278
          ],
          [
            10.122274,
            45.572362
          ],
          [
            10.122736,
            45.571878
          ],
          [
            10.123952,
            45.570467
          ],
          [
            10.124348,
            45.569966
          ],
          [
            10.124818,
            45.569212
          ],
          [
            10.125052,
            45.568611
          ],
          [
            10.125149,
            45.568319
          ],
          [
            10.125632,
            45.566858
          ],
          [
            10.126297,
            45.56479
          ],
          [
            10.127731,
            45.560324
          ],
          [
            10.127861,
            45.559811
          ],
          [
            10.128189,
            45.558208
          ],
          [
            10.128225,
            45.558027
          ],
          [
            10.12855,
            45.556448
          ],
          [
            10.128706,
            45.555692
          ],
          [
            10.128776,
            45.555434
          ],
          [
            10.128827,
            45.55499
          ],
          [
            10.128813,
            45.554532
          ],
          [
            10.128299,
            45.552213
          ],
          [
            10.128287,
            45.552006
          ],
          [
            10.1283,
            45.551806
          ],
          [
            10.128366,
            45.551587
          ],
          [
            10.128477,
            45.551403
          ],
          [
            10.128612,
            45.551228
          ],
          [
            10.128749,
            45.551096
          ],
          [
            10.129063,
            45.550867
          ],
          [
            10.129242,
            45.550764
          ],
          [
            10.129733,
            45.550475
          ],
          [
            10.130378,
            45.550066
          ],
          [
            10.130854,
            45.549734
          ],
          [
            10.131039,
            45.549571
          ],
          [
            10.131189,
            45.549413
          ],
          [
            10.131585,
            45.549007
          ],
          [
            10.132581,
            45.547884
          ],
          [
            10.132726,
            45.547723
          ],
          [
            10.132815,
            45.547627
          ],
          [
            10.132936,
            45.547444
          ],
          [
            10.133086,
            45.54725
          ],
          [
            10.133358,
            45.547015
          ],
          [
            10.133535,
            45.546899
          ],
          [
            10.133834,
            45.546739
          ],
          [
            10.134109,
            45.546615
          ],
          [
            10.134404,
            45.546515
          ],
          [
            10.135611,
            45.546184
          ],
          [
            10.135926,
            45.546086
          ],
          [
            10.136902,
            45.545701
          ],
          [
            10.137138,
            45.545569
          ],
          [
            10.137837,
            45.545183
          ],
          [
            10.138079,
            45.54505
          ],
          [
            10.140269,
            45.543852
          ],
          [
            10.141113,
            45.543363
          ],
          [
            10.141353,
            45.543232
          ],
          [
            10.145679,
            45.540857
          ],
          [
            10.146687,
            45.540304
          ],
          [
            10.146816,
            45.540235
          ],
          [
            10.147919,
            45.539643
          ],
          [
            10.149798,
            45.538666
          ],
          [
            10.151657,
            45.537701
          ],
          [
            10.152765,
            45.537126
          ],
          [
            10.156272,
            45.535304
          ],
          [
            10.157995,
            45.534418
          ],
          [
            10.159586,
            45.53355
          ],
          [
            10.161294,
            45.532692
          ],
          [
            10.161593,
            45.532539
          ],
          [
            10.164201,
            45.531181
          ],
          [
            10.165667,
            45.530431
          ],
          [
            10.166247,
            45.530141
          ],
          [
            10.166928,
            45.529792
          ],
          [
            10.16723,
            45.529636
          ],
          [
            10.167741,
            45.529384
          ],
          [
            10.168414,
            45.529044
          ],
          [
            10.168608,
            45.52895
          ],
          [
            10.169097,
            45.528704
          ],
          [
            10.169316,
            45.528585
          ],
          [
            10.170142,
            45.52814
          ],
          [
            10.171044,
            45.527692
          ],
          [
            10.171179,
            45.527623
          ],
          [
            10.171276,
            45.527574
          ],
          [
            10.171396,
            45.527438
          ],
          [
            10.172551,
            45.526751
          ],
          [
            10.17342,
            45.526358
          ],
          [
            10.174022,
            45.526057
          ],
          [
            10.17426,
            45.525923
          ],
          [
            10.174465,
            45.525771
          ],
          [
            10.174485,
            45.525663
          ],
          [
            10.174538,
            45.525561
          ],
          [
            10.174621,
            45.525467
          ],
          [
            10.174731,
            45.525389
          ],
          [
            10.174845,
            45.525335
          ],
          [
            10.174971,
            45.525296
          ],
          [
            10.175106,
            45.525275
          ],
          [
            10.175295,
            45.525276
          ],
          [
            10.175464,
            45.525306
          ],
          [
            10.175649,
            45.525379
          ],
          [
            10.175796,
            45.525487
          ],
          [
            10.175893,
            45.525619
          ],
          [
            10.175931,
            45.525765
          ],
          [
            10.175924,
            45.525862
          ],
          [
            10.17589,
            45.525956
          ],
          [
            10.175808,
            45.526566
          ],
          [
            10.175896,
            45.526828
          ],
          [
            10.176685,
            45.528431
          ],
          [
            10.177164,
            45.529477
          ],
          [
            10.177247,
            45.529667
          ],
          [
            10.177287,
            45.529874
          ],
          [
            10.178686,
            45.532801
          ],
          [
            10.179217,
            45.533808
          ],
          [
            10.179569,
            45.534397
          ],
          [
            10.180535,
            45.536036
          ],
          [
            10.181348,
            45.537417
          ],
          [
            10.181749,
            45.538191
          ],
          [
            10.18219,
            45.539185
          ],
          [
            10.18278,
            45.540671
          ],
          [
            10.183393,
            45.54216
          ],
          [
            10.183516,
            45.542428
          ],
          [
            10.183742,
            45.542906
          ],
          [
            10.184242,
            45.543843
          ],
          [
            10.184704,
            45.544659
          ],
          [
            10.184985,
            45.545206
          ],
          [
            10.185181,
            45.545544
          ],
          [
            10.185371,
            45.545819
          ],
          [
            10.185589,
            45.54609
          ],
          [
            10.1859,
            45.546423
          ],
          [
            10.186492,
            45.546937
          ],
          [
            10.186834,
            45.547198
          ],
          [
            10.187248,
            45.547452
          ],
          [
            10.187704,
            45.547704
          ],
          [
            10.189936,
            45.54882
          ],
          [
            10.191164,
            45.549434
          ],
          [
            10.19166,
            45.549671
          ],
          [
            10.192353,
            45.549975
          ],
          [
            10.193382,
            45.550481
          ],
          [
            10.19431,
            45.550946
          ],
          [
            10.194837,
            45.551247
          ],
          [
            10.19698,
            45.552245
          ],
          [
            10.19937,
            45.553427
          ],
          [
            10.199708,
            45.553618
          ],
          [
            10.200263,
            45.553982
          ],
          [
            10.20077,
            45.55437
          ],
          [
            10.201115,
            45.554672
          ],
          [
            10.201357,
            45.55491
          ],
          [
            10.201596,
            45.555211
          ],
          [
            10.201991,
            45.555846
          ],
          [
            10.202105,
            45.556022
          ],
          [
            10.202557,
            45.556537
          ],
          [
            10.203926,
            45.557923
          ],
          [
            10.204465,
            45.558407
          ],
          [
            10.204817,
            45.558667
          ],
          [
            10.204846,
            45.558688
          ],
          [
            10.205143,
            45.558901
          ],
          [
            10.205502,
            45.559128
          ],
          [
            10.205807,
            45.559298
          ],
          [
            10.20626,
            45.559519
          ],
          [
            10.206818,
            45.559748
          ],
          [
            10.206928,
            45.559792
          ],
          [
            10.207251,
            45.55992
          ],
          [
            10.207471,
            45.559958
          ],
          [
            10.2082,
            45.560161
          ],
          [
            10.209266,
            45.56039
          ],
          [
            10.210159,
            45.560474
          ],
          [
            10.211015,
            45.560506
          ],
          [
            10.211576,
            45.560492
          ],
          [
            10.21238,
            45.560418
          ],
          [
            10.213364,
            45.560265
          ],
          [
            10.213873,
            45.560182
          ],
          [
            10.213924,
            45.560115
          ],
          [
            10.214005,
            45.560084
          ],
          [
            10.214096,
            45.560086
          ],
          [
            10.214188,
            45.560132
          ],
          [
            10.217251,
            45.559651
          ],
          [
            10.218053,
            45.559528
          ],
          [
            10.219026,
            45.559376
          ],
          [
            10.219093,
            45.559301
          ],
          [
            10.219218,
            45.559281
          ],
          [
            10.219325,
            45.559326
          ],
          [
            10.220822,
            45.55909
          ],
          [
            10.225422,
            45.558365
          ],
          [
            10.226251,
            45.558238
          ],
          [
            10.22657,
            45.558178
          ],
          [
            10.226844,
            45.558098
          ],
          [
            10.227323,
            45.557948
          ],
          [
            10.22752,
            45.557905
          ],
          [
            10.227779,
            45.557889
          ],
          [
            10.22786,
            45.557904
          ],
          [
            10.228003,
            45.558015
          ],
          [
            10.228035,
            45.558239
          ],
          [
            10.228042,
            45.558291
          ],
          [
            10.228085,
            45.558665
          ],
          [
            10.228087,
            45.558694
          ],
          [
            10.228146,
            45.559183
          ],
          [
            10.228254,
            45.560123
          ],
          [
            10.228292,
            45.560488
          ],
          [
            10.228299,
            45.560553
          ],
          [
            10.228408,
            45.561568
          ],
          [
            10.228428,
            45.561759
          ],
          [
            10.228442,
            45.561894
          ],
          [
            10.228477,
            45.562216
          ],
          [
            10.228492,
            45.562358
          ],
          [
            10.228545,
            45.562859
          ],
          [
            10.22862,
            45.563507
          ],
          [
            10.228705,
            45.563909
          ],
          [
            10.228768,
            45.564116
          ],
          [
            10.228837,
            45.56421
          ],
          [
            10.22891,
            45.56426
          ],
          [
            10.22896,
            45.564274
          ],
          [
            10.229532,
            45.564198
          ],
          [
            10.229711,
            45.564162
          ],
          [
            10.229727,
            45.564147
          ],
          [
            10.229772,
            45.564129
          ],
          [
            10.229848,
            45.564136
          ],
          [
            10.229969,
            45.564127
          ],
          [
            10.230698,
            45.563971
          ],
          [
            10.231109,
            45.563893
          ],
          [
            10.231346,
            45.563834
          ],
          [
            10.232432,
            45.563633
          ],
          [
            10.232586,
            45.563605
          ],
          [
            10.234031,
            45.563338
          ],
          [
            10.235145,
            45.563132
          ],
          [
            10.235166,
            45.563102
          ],
          [
            10.23526,
            45.563066
          ],
          [
            10.235342,
            45.563074
          ],
          [
            10.235373,
            45.563087
          ],
          [
            10.235403,
            45.563111
          ],
          [
            10.235425,
            45.563171
          ],
          [
            10.235413,
            45.563204
          ],
          [
            10.235462,
            45.563348
          ],
          [
            10.235555,
            45.563513
          ],
          [
            10.235562,
            45.563616
          ],
          [
            10.235726,
            45.563924
          ],
          [
            10.235833,
            45.564122
          ],
          [
            10.236084,
            45.564555
          ],
          [
            10.236273,
            45.564866
          ],
          [
            10.236373,
            45.56503
          ],
          [
            10.236466,
            45.565187
          ],
          [
            10.236766,
            45.565692
          ]
        ]
      }
    }
  ]
}
