{
  "type": "FeatureCollection",
  "properties": {
    "dayNumber": 9,
    "title": "One More Morning in the Dolomites"
  },
  "features": [
    {
      "type": "Feature",
      "properties": {
        "mode": "drive",
        "fromStopIndex": 0,
        "toStopIndex": 2,
        "fromName": "Selva di Val Gardena",
        "toName": "Brescia",
        "waypointNames": [
          "Selva di Val Gardena",
          "Santa Maddalena — Val di Funes",
          "Brescia"
        ],
        "distanceMeters": 268433.6,
        "durationSeconds": 12209.6
      },
      "geometry": {
        "type": "LineString",
        "coordinates": [
          [
            11.759955,
            46.55386
          ],
          [
            11.759512,
            46.553955
          ],
          [
            11.759177,
            46.554034
          ],
          [
            11.758903,
            46.554142
          ],
          [
            11.758394,
            46.554442
          ],
          [
            11.757099,
            46.555221
          ],
          [
            11.756376,
            46.555654
          ],
          [
            11.756192,
            46.555764
          ],
          [
            11.7561,
            46.555817
          ],
          [
            11.75588,
            46.555943
          ],
          [
            11.755322,
            46.556258
          ],
          [
            11.755157,
            46.556336
          ],
          [
            11.754955,
            46.556393
          ],
          [
            11.754632,
            46.556431
          ],
          [
            11.753248,
            46.556576
          ],
          [
            11.751976,
            46.556727
          ],
          [
            11.751506,
            46.556776
          ],
          [
            11.750801,
            46.556831
          ],
          [
            11.750415,
            46.556821
          ],
          [
            11.750212,
            46.556833
          ],
          [
            11.749929,
            46.556898
          ],
          [
            11.749739,
            46.556968
          ],
          [
            11.749233,
            46.55719
          ],
          [
            11.749018,
            46.55731
          ],
          [
            11.748635,
            46.557553
          ],
          [
            11.748345,
            46.557747
          ],
          [
            11.748166,
            46.557903
          ],
          [
            11.747867,
            46.558346
          ],
          [
            11.747626,
            46.558701
          ],
          [
            11.747556,
            46.558761
          ],
          [
            11.747469,
            46.558808
          ],
          [
            11.747252,
            46.558874
          ],
          [
            11.747084,
            46.558877
          ],
          [
            11.746918,
            46.55886
          ],
          [
            11.746698,
            46.558789
          ],
          [
            11.745238,
            46.557928
          ],
          [
            11.745088,
            46.557859
          ],
          [
            11.744966,
            46.557821
          ],
          [
            11.744754,
            46.557787
          ],
          [
            11.744634,
            46.557785
          ],
          [
            11.744303,
            46.55783
          ],
          [
            11.743501,
            46.558037
          ],
          [
            11.743375,
            46.558071
          ],
          [
            11.743061,
            46.558154
          ],
          [
            11.742985,
            46.558174
          ],
          [
            11.742511,
            46.5583
          ],
          [
            11.741487,
            46.558575
          ],
          [
            11.741103,
            46.558697
          ],
          [
            11.740578,
            46.558974
          ],
          [
            11.740384,
            46.559059
          ],
          [
            11.740118,
            46.559114
          ],
          [
            11.739894,
            46.559119
          ],
          [
            11.73969,
            46.559104
          ],
          [
            11.739062,
            46.558999
          ],
          [
            11.738842,
            46.559015
          ],
          [
            11.737993,
            46.55917
          ],
          [
            11.737754,
            46.559178
          ],
          [
            11.737542,
            46.559157
          ],
          [
            11.737311,
            46.559171
          ],
          [
            11.736663,
            46.559324
          ],
          [
            11.736422,
            46.559331
          ],
          [
            11.735855,
            46.559315
          ],
          [
            11.735103,
            46.559359
          ],
          [
            11.734914,
            46.559342
          ],
          [
            11.734814,
            46.559319
          ],
          [
            11.734701,
            46.559272
          ],
          [
            11.734397,
            46.559062
          ],
          [
            11.73431,
            46.559007
          ],
          [
            11.734128,
            46.558917
          ],
          [
            11.733794,
            46.558782
          ],
          [
            11.733704,
            46.558728
          ],
          [
            11.733612,
            46.558656
          ],
          [
            11.733277,
            46.558298
          ],
          [
            11.733199,
            46.558211
          ],
          [
            11.732987,
            46.558009
          ],
          [
            11.732664,
            46.557807
          ],
          [
            11.732461,
            46.557673
          ],
          [
            11.732354,
            46.557577
          ],
          [
            11.73217,
            46.557341
          ],
          [
            11.731929,
            46.557028
          ],
          [
            11.731499,
            46.556509
          ],
          [
            11.731383,
            46.556395
          ],
          [
            11.73089,
            46.556079
          ],
          [
            11.730482,
            46.555903
          ],
          [
            11.729854,
            46.555724
          ],
          [
            11.729393,
            46.555648
          ],
          [
            11.729073,
            46.555625
          ],
          [
            11.728748,
            46.555632
          ],
          [
            11.72826,
            46.55568
          ],
          [
            11.727573,
            46.555796
          ],
          [
            11.726994,
            46.555917
          ],
          [
            11.72669,
            46.55599
          ],
          [
            11.726416,
            46.556056
          ],
          [
            11.726024,
            46.556123
          ],
          [
            11.725211,
            46.556151
          ],
          [
            11.725194,
            46.556203
          ],
          [
            11.725141,
            46.556241
          ],
          [
            11.725067,
            46.556255
          ],
          [
            11.724993,
            46.556242
          ],
          [
            11.724933,
            46.556196
          ],
          [
            11.724924,
            46.556135
          ],
          [
            11.72494,
            46.556106
          ],
          [
            11.72475,
            46.556035
          ],
          [
            11.724221,
            46.555833
          ],
          [
            11.724095,
            46.555788
          ],
          [
            11.723215,
            46.555491
          ],
          [
            11.722772,
            46.55536
          ],
          [
            11.722435,
            46.555282
          ],
          [
            11.721937,
            46.555231
          ],
          [
            11.721535,
            46.55523
          ],
          [
            11.721219,
            46.555249
          ],
          [
            11.720896,
            46.555306
          ],
          [
            11.720433,
            46.555434
          ],
          [
            11.720154,
            46.555537
          ],
          [
            11.719768,
            46.555733
          ],
          [
            11.71959,
            46.555839
          ],
          [
            11.71944,
            46.555961
          ],
          [
            11.719151,
            46.556247
          ],
          [
            11.718956,
            46.556551
          ],
          [
            11.718892,
            46.556664
          ],
          [
            11.718694,
            46.55702
          ],
          [
            11.718506,
            46.557375
          ],
          [
            11.718352,
            46.557541
          ],
          [
            11.718231,
            46.557638
          ],
          [
            11.718147,
            46.557709
          ],
          [
            11.717966,
            46.557803
          ],
          [
            11.717453,
            46.557995
          ],
          [
            11.717358,
            46.558024
          ],
          [
            11.717128,
            46.558061
          ],
          [
            11.716473,
            46.558071
          ],
          [
            11.716279,
            46.558091
          ],
          [
            11.713914,
            46.558504
          ],
          [
            11.713673,
            46.55858
          ],
          [
            11.712996,
            46.558886
          ],
          [
            11.712335,
            46.559196
          ],
          [
            11.712065,
            46.559303
          ],
          [
            11.71196,
            46.559323
          ],
          [
            11.711806,
            46.559329
          ],
          [
            11.71149,
            46.559268
          ],
          [
            11.711098,
            46.559166
          ],
          [
            11.710853,
            46.559126
          ],
          [
            11.710554,
            46.559131
          ],
          [
            11.710253,
            46.559179
          ],
          [
            11.709829,
            46.559252
          ],
          [
            11.709538,
            46.559329
          ],
          [
            11.709407,
            46.559397
          ],
          [
            11.709247,
            46.559509
          ],
          [
            11.708857,
            46.559803
          ],
          [
            11.708364,
            46.560169
          ],
          [
            11.708155,
            46.560324
          ],
          [
            11.707621,
            46.560721
          ],
          [
            11.707219,
            46.560975
          ],
          [
            11.706835,
            46.561164
          ],
          [
            11.70675,
            46.561204
          ],
          [
            11.7064,
            46.561374
          ],
          [
            11.706296,
            46.56141
          ],
          [
            11.706054,
            46.56144
          ],
          [
            11.705778,
            46.561413
          ],
          [
            11.705358,
            46.561337
          ],
          [
            11.705002,
            46.561302
          ],
          [
            11.704303,
            46.561257
          ],
          [
            11.704082,
            46.561272
          ],
          [
            11.703614,
            46.561427
          ],
          [
            11.703399,
            46.561534
          ],
          [
            11.703198,
            46.56167
          ],
          [
            11.702147,
            46.562434
          ],
          [
            11.701847,
            46.562674
          ],
          [
            11.701665,
            46.562787
          ],
          [
            11.701571,
            46.562827
          ],
          [
            11.700728,
            46.563068
          ],
          [
            11.700052,
            46.563439
          ],
          [
            11.699686,
            46.563595
          ],
          [
            11.699229,
            46.563738
          ],
          [
            11.698985,
            46.563788
          ],
          [
            11.698883,
            46.563805
          ],
          [
            11.698414,
            46.563854
          ],
          [
            11.697774,
            46.563863
          ],
          [
            11.69736,
            46.563897
          ],
          [
            11.696564,
            46.56403
          ],
          [
            11.69592,
            46.564164
          ],
          [
            11.69543,
            46.564285
          ],
          [
            11.694995,
            46.564426
          ],
          [
            11.692329,
            46.565481
          ],
          [
            11.691936,
            46.565629
          ],
          [
            11.691487,
            46.565774
          ],
          [
            11.691287,
            46.565836
          ],
          [
            11.690486,
            46.566037
          ],
          [
            11.688475,
            46.566467
          ],
          [
            11.687844,
            46.566631
          ],
          [
            11.687454,
            46.566758
          ],
          [
            11.686922,
            46.566973
          ],
          [
            11.686486,
            46.56718
          ],
          [
            11.685518,
            46.567698
          ],
          [
            11.685069,
            46.56794
          ],
          [
            11.684053,
            46.56848
          ],
          [
            11.683719,
            46.568645
          ],
          [
            11.683215,
            46.568856
          ],
          [
            11.682857,
            46.568989
          ],
          [
            11.682615,
            46.569074
          ],
          [
            11.681296,
            46.569533
          ],
          [
            11.679462,
            46.57021
          ],
          [
            11.678958,
            46.570432
          ],
          [
            11.67867,
            46.570576
          ],
          [
            11.678162,
            46.570841
          ],
          [
            11.677334,
            46.571254
          ],
          [
            11.675581,
            46.572126
          ],
          [
            11.675541,
            46.572146
          ],
          [
            11.67525,
            46.572323
          ],
          [
            11.675154,
            46.572408
          ],
          [
            11.675153,
            46.572443
          ],
          [
            11.6751,
            46.572502
          ],
          [
            11.675011,
            46.572525
          ],
          [
            11.674964,
            46.572521
          ],
          [
            11.674836,
            46.572534
          ],
          [
            11.674633,
            46.572619
          ],
          [
            11.674546,
            46.572637
          ],
          [
            11.674201,
            46.572789
          ],
          [
            11.673105,
            46.573203
          ],
          [
            11.672777,
            46.573306
          ],
          [
            11.672571,
            46.573353
          ],
          [
            11.67197,
            46.573456
          ],
          [
            11.671361,
            46.573514
          ],
          [
            11.670948,
            46.573522
          ],
          [
            11.670579,
            46.57351
          ],
          [
            11.669401,
            46.57342
          ],
          [
            11.669189,
            46.573409
          ],
          [
            11.66883,
            46.573416
          ],
          [
            11.668335,
            46.573498
          ],
          [
            11.668022,
            46.57357
          ],
          [
            11.667471,
            46.573659
          ],
          [
            11.667111,
            46.573679
          ],
          [
            11.66681,
            46.573721
          ],
          [
            11.666774,
            46.573751
          ],
          [
            11.666665,
            46.57378
          ],
          [
            11.666554,
            46.573755
          ],
          [
            11.66651,
            46.57372
          ],
          [
            11.66642,
            46.57368
          ],
          [
            11.666079,
            46.573546
          ],
          [
            11.666007,
            46.573526
          ],
          [
            11.665598,
            46.573408
          ],
          [
            11.665291,
            46.573344
          ],
          [
            11.665033,
            46.573313
          ],
          [
            11.664815,
            46.573301
          ],
          [
            11.664449,
            46.573314
          ],
          [
            11.664132,
            46.573355
          ],
          [
            11.663152,
            46.573575
          ],
          [
            11.66269,
            46.573648
          ],
          [
            11.662229,
            46.573686
          ],
          [
            11.661495,
            46.573696
          ],
          [
            11.661065,
            46.573685
          ],
          [
            11.661017,
            46.573684
          ],
          [
            11.660917,
            46.573683
          ],
          [
            11.660749,
            46.57368
          ],
          [
            11.660236,
            46.573674
          ],
          [
            11.659769,
            46.573693
          ],
          [
            11.658773,
            46.573741
          ],
          [
            11.658769,
            46.573657
          ],
          [
            11.657935,
            46.573709
          ],
          [
            11.65748,
            46.573717
          ],
          [
            11.656915,
            46.573714
          ],
          [
            11.656428,
            46.573692
          ],
          [
            11.65635,
            46.57379
          ],
          [
            11.655865,
            46.573723
          ],
          [
            11.655512,
            46.573652
          ],
          [
            11.654994,
            46.573526
          ],
          [
            11.654598,
            46.573434
          ],
          [
            11.654238,
            46.57339
          ],
          [
            11.653075,
            46.57346
          ],
          [
            11.652675,
            46.573454
          ],
          [
            11.650552,
            46.573151
          ],
          [
            11.649799,
            46.573044
          ],
          [
            11.648849,
            46.572905
          ],
          [
            11.648572,
            46.572885
          ],
          [
            11.648246,
            46.572905
          ],
          [
            11.648048,
            46.572955
          ],
          [
            11.647927,
            46.573004
          ],
          [
            11.647815,
            46.573073
          ],
          [
            11.647396,
            46.573431
          ],
          [
            11.647088,
            46.573693
          ],
          [
            11.646606,
            46.574106
          ],
          [
            11.646079,
            46.574555
          ],
          [
            11.645997,
            46.574626
          ],
          [
            11.645592,
            46.574942
          ],
          [
            11.645437,
            46.575049
          ],
          [
            11.645206,
            46.575202
          ],
          [
            11.644605,
            46.575605
          ],
          [
            11.64439,
            46.575793
          ],
          [
            11.644163,
            46.57604
          ],
          [
            11.644088,
            46.576119
          ],
          [
            11.643751,
            46.576486
          ],
          [
            11.643351,
            46.576963
          ],
          [
            11.643052,
            46.57727
          ],
          [
            11.642813,
            46.577461
          ],
          [
            11.641342,
            46.578465
          ],
          [
            11.640802,
            46.578987
          ],
          [
            11.639896,
            46.580016
          ],
          [
            11.639603,
            46.580352
          ],
          [
            11.63943,
            46.580548
          ],
          [
            11.637322,
            46.582946
          ],
          [
            11.637107,
            46.583142
          ],
          [
            11.636921,
            46.583281
          ],
          [
            11.636269,
            46.583689
          ],
          [
            11.635469,
            46.584173
          ],
          [
            11.634653,
            46.584616
          ],
          [
            11.634359,
            46.584764
          ],
          [
            11.633948,
            46.584973
          ],
          [
            11.63374,
            46.585152
          ],
          [
            11.633707,
            46.5852
          ],
          [
            11.633694,
            46.585271
          ],
          [
            11.633698,
            46.585319
          ],
          [
            11.633675,
            46.585365
          ],
          [
            11.633629,
            46.585401
          ],
          [
            11.633575,
            46.58554
          ],
          [
            11.633376,
            46.585673
          ],
          [
            11.632866,
            46.586019
          ],
          [
            11.632491,
            46.586263
          ],
          [
            11.632383,
            46.586333
          ],
          [
            11.632002,
            46.586585
          ],
          [
            11.631891,
            46.586686
          ],
          [
            11.631761,
            46.586852
          ],
          [
            11.63165,
            46.587077
          ],
          [
            11.631502,
            46.587579
          ],
          [
            11.631425,
            46.587742
          ],
          [
            11.631114,
            46.588288
          ],
          [
            11.630861,
            46.58876
          ],
          [
            11.630742,
            46.58901
          ],
          [
            11.630719,
            46.589186
          ],
          [
            11.630753,
            46.589351
          ],
          [
            11.630812,
            46.589494
          ],
          [
            11.631342,
            46.590151
          ],
          [
            11.631402,
            46.590305
          ],
          [
            11.631416,
            46.590386
          ],
          [
            11.631404,
            46.590455
          ],
          [
            11.631303,
            46.590597
          ],
          [
            11.631037,
            46.590804
          ],
          [
            11.630741,
            46.591004
          ],
          [
            11.630553,
            46.591096
          ],
          [
            11.630144,
            46.591242
          ],
          [
            11.6296,
            46.591401
          ],
          [
            11.62931,
            46.59146
          ],
          [
            11.6289,
            46.591507
          ],
          [
            11.628683,
            46.591564
          ],
          [
            11.628603,
            46.591607
          ],
          [
            11.628251,
            46.591886
          ],
          [
            11.628026,
            46.592088
          ],
          [
            11.62745,
            46.592774
          ],
          [
            11.627272,
            46.592956
          ],
          [
            11.626827,
            46.593283
          ],
          [
            11.62676,
            46.593354
          ],
          [
            11.626263,
            46.594053
          ],
          [
            11.626116,
            46.594212
          ],
          [
            11.625948,
            46.594344
          ],
          [
            11.625743,
            46.594444
          ],
          [
            11.625251,
            46.594583
          ],
          [
            11.624853,
            46.594778
          ],
          [
            11.624652,
            46.594858
          ],
          [
            11.62444,
            46.594904
          ],
          [
            11.624179,
            46.594928
          ],
          [
            11.623968,
            46.594981
          ],
          [
            11.6238,
            46.59506
          ],
          [
            11.623267,
            46.595391
          ],
          [
            11.622644,
            46.595649
          ],
          [
            11.622268,
            46.595853
          ],
          [
            11.622125,
            46.59596
          ],
          [
            11.622063,
            46.596027
          ],
          [
            11.621994,
            46.596146
          ],
          [
            11.621969,
            46.596305
          ],
          [
            11.622038,
            46.597064
          ],
          [
            11.622019,
            46.597254
          ],
          [
            11.621928,
            46.597557
          ],
          [
            11.621931,
            46.597717
          ],
          [
            11.621984,
            46.597844
          ],
          [
            11.622177,
            46.598147
          ],
          [
            11.6223,
            46.598465
          ],
          [
            11.62231,
            46.598642
          ],
          [
            11.622252,
            46.598739
          ],
          [
            11.622065,
            46.598904
          ],
          [
            11.621884,
            46.598989
          ],
          [
            11.621675,
            46.599037
          ],
          [
            11.621505,
            46.599056
          ],
          [
            11.621269,
            46.599037
          ],
          [
            11.620392,
            46.598735
          ],
          [
            11.620285,
            46.598684
          ],
          [
            11.620163,
            46.598598
          ],
          [
            11.619982,
            46.598426
          ],
          [
            11.619344,
            46.597984
          ],
          [
            11.619245,
            46.597916
          ],
          [
            11.618078,
            46.597355
          ],
          [
            11.617905,
            46.59729
          ],
          [
            11.617702,
            46.59726
          ],
          [
            11.617524,
            46.597268
          ],
          [
            11.616928,
            46.597429
          ],
          [
            11.616377,
            46.597592
          ],
          [
            11.616178,
            46.597699
          ],
          [
            11.615934,
            46.597912
          ],
          [
            11.6155,
            46.598382
          ],
          [
            11.615428,
            46.598533
          ],
          [
            11.615377,
            46.598724
          ],
          [
            11.615361,
            46.598887
          ],
          [
            11.615394,
            46.599348
          ],
          [
            11.615368,
            46.599553
          ],
          [
            11.615336,
            46.599631
          ],
          [
            11.61504,
            46.600074
          ],
          [
            11.614883,
            46.600232
          ],
          [
            11.614674,
            46.600414
          ],
          [
            11.61445,
            46.6005
          ],
          [
            11.614352,
            46.600516
          ],
          [
            11.614247,
            46.600513
          ],
          [
            11.614079,
            46.600461
          ],
          [
            11.613997,
            46.600415
          ],
          [
            11.613646,
            46.600144
          ],
          [
            11.613525,
            46.600026
          ],
          [
            11.613469,
            46.599904
          ],
          [
            11.613417,
            46.599662
          ],
          [
            11.613331,
            46.599536
          ],
          [
            11.613265,
            46.599485
          ],
          [
            11.612894,
            46.599267
          ],
          [
            11.612724,
            46.599193
          ],
          [
            11.612035,
            46.599017
          ],
          [
            11.611827,
            46.598984
          ],
          [
            11.610795,
            46.598994
          ],
          [
            11.610563,
            46.598985
          ],
          [
            11.610299,
            46.598955
          ],
          [
            11.6099,
            46.598886
          ],
          [
            11.609524,
            46.598802
          ],
          [
            11.609149,
            46.598653
          ],
          [
            11.609003,
            46.598622
          ],
          [
            11.608656,
            46.598582
          ],
          [
            11.608331,
            46.598568
          ],
          [
            11.607909,
            46.598595
          ],
          [
            11.607534,
            46.598681
          ],
          [
            11.607293,
            46.598785
          ],
          [
            11.60711,
            46.598922
          ],
          [
            11.60703,
            46.599009
          ],
          [
            11.606932,
            46.599174
          ],
          [
            11.606882,
            46.59947
          ],
          [
            11.606833,
            46.599587
          ],
          [
            11.606711,
            46.599686
          ],
          [
            11.606476,
            46.599807
          ],
          [
            11.60632,
            46.599938
          ],
          [
            11.606243,
            46.600061
          ],
          [
            11.606098,
            46.600372
          ],
          [
            11.60582,
            46.600799
          ],
          [
            11.605667,
            46.60092
          ],
          [
            11.60535,
            46.601074
          ],
          [
            11.602964,
            46.602159
          ],
          [
            11.602858,
            46.602205
          ],
          [
            11.6026,
            46.60228
          ],
          [
            11.602499,
            46.602292
          ],
          [
            11.602278,
            46.602289
          ],
          [
            11.602127,
            46.602261
          ],
          [
            11.602019,
            46.602226
          ],
          [
            11.601693,
            46.602086
          ],
          [
            11.601567,
            46.602012
          ],
          [
            11.601298,
            46.601819
          ],
          [
            11.601136,
            46.601662
          ],
          [
            11.600585,
            46.601051
          ],
          [
            11.600528,
            46.600856
          ],
          [
            11.60049,
            46.600576
          ],
          [
            11.600456,
            46.60049
          ],
          [
            11.600226,
            46.60021
          ],
          [
            11.600074,
            46.6001
          ],
          [
            11.599908,
            46.600044
          ],
          [
            11.599822,
            46.600032
          ],
          [
            11.599554,
            46.600027
          ],
          [
            11.599362,
            46.600069
          ],
          [
            11.59925,
            46.600112
          ],
          [
            11.598854,
            46.600365
          ],
          [
            11.598184,
            46.600705
          ],
          [
            11.597812,
            46.600923
          ],
          [
            11.597669,
            46.600964
          ],
          [
            11.597484,
            46.600972
          ],
          [
            11.597268,
            46.600908
          ],
          [
            11.597124,
            46.600807
          ],
          [
            11.596783,
            46.600393
          ],
          [
            11.596413,
            46.600034
          ],
          [
            11.596287,
            46.599863
          ],
          [
            11.596088,
            46.599502
          ],
          [
            11.596005,
            46.599412
          ],
          [
            11.595778,
            46.599299
          ],
          [
            11.594824,
            46.598893
          ],
          [
            11.594582,
            46.598811
          ],
          [
            11.593892,
            46.598645
          ],
          [
            11.593125,
            46.5984
          ],
          [
            11.592551,
            46.598235
          ],
          [
            11.592359,
            46.598193
          ],
          [
            11.591106,
            46.59813
          ],
          [
            11.590277,
            46.598163
          ],
          [
            11.589921,
            46.59817
          ],
          [
            11.589777,
            46.598194
          ],
          [
            11.589603,
            46.598271
          ],
          [
            11.589103,
            46.598628
          ],
          [
            11.588914,
            46.598795
          ],
          [
            11.588737,
            46.598919
          ],
          [
            11.58852,
            46.598982
          ],
          [
            11.588209,
            46.598983
          ],
          [
            11.587518,
            46.598793
          ],
          [
            11.587294,
            46.59879
          ],
          [
            11.587117,
            46.598823
          ],
          [
            11.58669,
            46.598945
          ],
          [
            11.586506,
            46.599023
          ],
          [
            11.586428,
            46.59908
          ],
          [
            11.586056,
            46.599474
          ],
          [
            11.585901,
            46.599574
          ],
          [
            11.585619,
            46.599662
          ],
          [
            11.58523,
            46.599735
          ],
          [
            11.58509,
            46.599748
          ],
          [
            11.584941,
            46.599738
          ],
          [
            11.584727,
            46.599683
          ],
          [
            11.584615,
            46.599632
          ],
          [
            11.584109,
            46.599314
          ],
          [
            11.583936,
            46.599226
          ],
          [
            11.583097,
            46.598989
          ],
          [
            11.582722,
            46.598903
          ],
          [
            11.582417,
            46.598899
          ],
          [
            11.582195,
            46.598932
          ],
          [
            11.581883,
            46.599002
          ],
          [
            11.581114,
            46.599043
          ],
          [
            11.580911,
            46.599094
          ],
          [
            11.580688,
            46.59919
          ],
          [
            11.580313,
            46.599457
          ],
          [
            11.580133,
            46.599529
          ],
          [
            11.579958,
            46.599568
          ],
          [
            11.579743,
            46.599591
          ],
          [
            11.578968,
            46.5996
          ],
          [
            11.578549,
            46.59962
          ],
          [
            11.578042,
            46.599637
          ],
          [
            11.57779,
            46.59963
          ],
          [
            11.577598,
            46.599577
          ],
          [
            11.577416,
            46.599474
          ],
          [
            11.576995,
            46.599149
          ],
          [
            11.57689,
            46.599099
          ],
          [
            11.57668,
            46.599037
          ],
          [
            11.576415,
            46.598986
          ],
          [
            11.575784,
            46.59887
          ],
          [
            11.575533,
            46.598823
          ],
          [
            11.57448,
            46.598635
          ],
          [
            11.574235,
            46.598618
          ],
          [
            11.573991,
            46.598649
          ],
          [
            11.573495,
            46.598778
          ],
          [
            11.573327,
            46.598786
          ],
          [
            11.572915,
            46.598774
          ],
          [
            11.572728,
            46.598794
          ],
          [
            11.572505,
            46.598847
          ],
          [
            11.572078,
            46.598997
          ],
          [
            11.571485,
            46.599206
          ],
          [
            11.571169,
            46.599387
          ],
          [
            11.570704,
            46.599749
          ],
          [
            11.570547,
            46.599891
          ],
          [
            11.570432,
            46.600072
          ],
          [
            11.570317,
            46.600365
          ],
          [
            11.570232,
            46.600494
          ],
          [
            11.570179,
            46.600543
          ],
          [
            11.570068,
            46.600612
          ],
          [
            11.569926,
            46.600663
          ],
          [
            11.569187,
            46.600758
          ],
          [
            11.568954,
            46.600818
          ],
          [
            11.568414,
            46.600978
          ],
          [
            11.568139,
            46.601041
          ],
          [
            11.567704,
            46.601204
          ],
          [
            11.567425,
            46.601248
          ],
          [
            11.567238,
            46.601246
          ],
          [
            11.567064,
            46.601223
          ],
          [
            11.566482,
            46.601044
          ],
          [
            11.565355,
            46.60065
          ],
          [
            11.564718,
            46.60051
          ],
          [
            11.56438,
            46.600459
          ],
          [
            11.564181,
            46.600464
          ],
          [
            11.563925,
            46.600534
          ],
          [
            11.563804,
            46.600602
          ],
          [
            11.563414,
            46.600887
          ],
          [
            11.563145,
            46.601071
          ],
          [
            11.562861,
            46.601209
          ],
          [
            11.56202,
            46.601567
          ],
          [
            11.561959,
            46.601593
          ],
          [
            11.561258,
            46.601887
          ],
          [
            11.560884,
            46.601979
          ],
          [
            11.560629,
            46.602002
          ],
          [
            11.560352,
            46.602002
          ],
          [
            11.55935,
            46.601948
          ],
          [
            11.559055,
            46.601928
          ],
          [
            11.558306,
            46.601877
          ],
          [
            11.557899,
            46.601848
          ],
          [
            11.557494,
            46.601837
          ],
          [
            11.557072,
            46.601849
          ],
          [
            11.556343,
            46.601781
          ],
          [
            11.556094,
            46.601792
          ],
          [
            11.555794,
            46.601828
          ],
          [
            11.555498,
            46.60182
          ],
          [
            11.555226,
            46.601775
          ],
          [
            11.554903,
            46.601686
          ],
          [
            11.554795,
            46.601668
          ],
          [
            11.554554,
            46.601665
          ],
          [
            11.554266,
            46.601723
          ],
          [
            11.553427,
            46.601974
          ],
          [
            11.55304,
            46.602124
          ],
          [
            11.552386,
            46.602427
          ],
          [
            11.552271,
            46.602478
          ],
          [
            11.55141,
            46.602758
          ],
          [
            11.550885,
            46.602958
          ],
          [
            11.5501,
            46.603371
          ],
          [
            11.549963,
            46.603433
          ],
          [
            11.549771,
            46.603495
          ],
          [
            11.549345,
            46.603569
          ],
          [
            11.548841,
            46.603645
          ],
          [
            11.548171,
            46.603851
          ],
          [
            11.547968,
            46.603868
          ],
          [
            11.547507,
            46.603829
          ],
          [
            11.547301,
            46.60383
          ],
          [
            11.547048,
            46.603862
          ],
          [
            11.546604,
            46.603954
          ],
          [
            11.545501,
            46.604182
          ],
          [
            11.54522,
            46.604273
          ],
          [
            11.542909,
            46.605309
          ],
          [
            11.542541,
            46.605499
          ],
          [
            11.542185,
            46.605733
          ],
          [
            11.542047,
            46.605838
          ],
          [
            11.541944,
            46.605945
          ],
          [
            11.541679,
            46.606296
          ],
          [
            11.541627,
            46.606451
          ],
          [
            11.541654,
            46.60669
          ],
          [
            11.541968,
            46.607916
          ],
          [
            11.542005,
            46.60803
          ],
          [
            11.542081,
            46.608143
          ],
          [
            11.542523,
            46.608501
          ],
          [
            11.542702,
            46.608747
          ],
          [
            11.542831,
            46.608974
          ],
          [
            11.543233,
            46.609481
          ],
          [
            11.543319,
            46.609642
          ],
          [
            11.543451,
            46.610105
          ],
          [
            11.543623,
            46.610389
          ],
          [
            11.543982,
            46.610866
          ],
          [
            11.544674,
            46.611854
          ],
          [
            11.544744,
            46.611997
          ],
          [
            11.545378,
            46.613702
          ],
          [
            11.545838,
            46.614584
          ],
          [
            11.546099,
            46.615192
          ],
          [
            11.546213,
            46.615358
          ],
          [
            11.546601,
            46.61582
          ],
          [
            11.546993,
            46.6163
          ],
          [
            11.547414,
            46.616974
          ],
          [
            11.547586,
            46.617255
          ],
          [
            11.547854,
            46.617867
          ],
          [
            11.547941,
            46.618026
          ],
          [
            11.548128,
            46.618266
          ],
          [
            11.54828,
            46.618415
          ],
          [
            11.54885,
            46.61885
          ],
          [
            11.549078,
            46.619118
          ],
          [
            11.549142,
            46.619285
          ],
          [
            11.549154,
            46.619419
          ],
          [
            11.549102,
            46.620031
          ],
          [
            11.549087,
            46.620384
          ],
          [
            11.549108,
            46.620547
          ],
          [
            11.549208,
            46.620875
          ],
          [
            11.549323,
            46.6211
          ],
          [
            11.549495,
            46.621309
          ],
          [
            11.549703,
            46.621509
          ],
          [
            11.55088,
            46.622389
          ],
          [
            11.551123,
            46.62258
          ],
          [
            11.551534,
            46.622998
          ],
          [
            11.551613,
            46.623119
          ],
          [
            11.551633,
            46.623232
          ],
          [
            11.55155,
            46.623685
          ],
          [
            11.551563,
            46.623811
          ],
          [
            11.551614,
            46.623919
          ],
          [
            11.551768,
            46.624074
          ],
          [
            11.552392,
            46.624489
          ],
          [
            11.552494,
            46.624615
          ],
          [
            11.552717,
            46.6251
          ],
          [
            11.552801,
            46.62522
          ],
          [
            11.552917,
            46.62532
          ],
          [
            11.553049,
            46.625401
          ],
          [
            11.553372,
            46.625567
          ],
          [
            11.55349,
            46.625691
          ],
          [
            11.553531,
            46.625768
          ],
          [
            11.553561,
            46.625963
          ],
          [
            11.553533,
            46.626111
          ],
          [
            11.553227,
            46.626953
          ],
          [
            11.553192,
            46.627242
          ],
          [
            11.553254,
            46.627438
          ],
          [
            11.553493,
            46.627803
          ],
          [
            11.553592,
            46.627905
          ],
          [
            11.554083,
            46.628254
          ],
          [
            11.554245,
            46.628389
          ],
          [
            11.554414,
            46.628582
          ],
          [
            11.554759,
            46.629089
          ],
          [
            11.554907,
            46.629225
          ],
          [
            11.555122,
            46.629318
          ],
          [
            11.555561,
            46.629431
          ],
          [
            11.555712,
            46.629483
          ],
          [
            11.555942,
            46.629594
          ],
          [
            11.557051,
            46.63042
          ],
          [
            11.557683,
            46.63076
          ],
          [
            11.557896,
            46.630952
          ],
          [
            11.558617,
            46.631763
          ],
          [
            11.558982,
            46.632099
          ],
          [
            11.559267,
            46.632451
          ],
          [
            11.559464,
            46.632604
          ],
          [
            11.559877,
            46.632859
          ],
          [
            11.560113,
            46.633029
          ],
          [
            11.560242,
            46.633197
          ],
          [
            11.560328,
            46.633658
          ],
          [
            11.560449,
            46.633829
          ],
          [
            11.560632,
            46.633979
          ],
          [
            11.56118,
            46.634313
          ],
          [
            11.56135,
            46.634491
          ],
          [
            11.561517,
            46.634684
          ],
          [
            11.561596,
            46.634739
          ],
          [
            11.562147,
            46.635037
          ],
          [
            11.56237,
            46.635144
          ],
          [
            11.562716,
            46.63528
          ],
          [
            11.563039,
            46.635368
          ],
          [
            11.563744,
            46.635458
          ],
          [
            11.563869,
            46.6355
          ],
          [
            11.564088,
            46.635658
          ],
          [
            11.564244,
            46.635772
          ],
          [
            11.564381,
            46.635843
          ],
          [
            11.564836,
            46.636028
          ],
          [
            11.565451,
            46.63631
          ],
          [
            11.566462,
            46.63677
          ],
          [
            11.567541,
            46.637306
          ],
          [
            11.567762,
            46.637393
          ],
          [
            11.568236,
            46.63752
          ],
          [
            11.56916,
            46.637731
          ],
          [
            11.569759,
            46.637843
          ],
          [
            11.57074,
            46.637956
          ],
          [
            11.57089,
            46.637985
          ],
          [
            11.571015,
            46.638022
          ],
          [
            11.571207,
            46.638105
          ],
          [
            11.571344,
            46.638228
          ],
          [
            11.571366,
            46.638322
          ],
          [
            11.571375,
            46.638469
          ],
          [
            11.571336,
            46.638699
          ],
          [
            11.571141,
            46.639053
          ],
          [
            11.571076,
            46.639227
          ],
          [
            11.571063,
            46.639329
          ],
          [
            11.571087,
            46.639456
          ],
          [
            11.571201,
            46.639613
          ],
          [
            11.571971,
            46.640183
          ],
          [
            11.572235,
            46.640335
          ],
          [
            11.572447,
            46.640419
          ],
          [
            11.573322,
            46.640662
          ],
          [
            11.573649,
            46.640828
          ],
          [
            11.57459,
            46.64154
          ],
          [
            11.574887,
            46.641875
          ],
          [
            11.575183,
            46.642203
          ],
          [
            11.575314,
            46.642312
          ],
          [
            11.575623,
            46.642485
          ],
          [
            11.576322,
            46.6428
          ],
          [
            11.577206,
            46.643351
          ],
          [
            11.577734,
            46.643569
          ],
          [
            11.578214,
            46.643695
          ],
          [
            11.579753,
            46.643992
          ],
          [
            11.580999,
            46.644171
          ],
          [
            11.58134,
            46.644235
          ],
          [
            11.581538,
            46.644288
          ],
          [
            11.582028,
            46.64446
          ],
          [
            11.583153,
            46.644875
          ],
          [
            11.583408,
            46.644939
          ],
          [
            11.583787,
            46.645001
          ],
          [
            11.583889,
            46.645019
          ],
          [
            11.584125,
            46.645074
          ],
          [
            11.584449,
            46.645211
          ],
          [
            11.584608,
            46.645307
          ],
          [
            11.584702,
            46.645386
          ],
          [
            11.584807,
            46.645507
          ],
          [
            11.584876,
            46.645584
          ],
          [
            11.584922,
            46.645647
          ],
          [
            11.585051,
            46.645757
          ],
          [
            11.58512,
            46.645788
          ],
          [
            11.585164,
            46.645836
          ],
          [
            11.585168,
            46.64592
          ],
          [
            11.585148,
            46.645952
          ],
          [
            11.585059,
            46.646006
          ],
          [
            11.58498,
            46.646017
          ],
          [
            11.584927,
            46.646012
          ],
          [
            11.584913,
            46.646049
          ],
          [
            11.584935,
            46.646153
          ],
          [
            11.584983,
            46.646255
          ],
          [
            11.585223,
            46.646713
          ],
          [
            11.585867,
            46.64771
          ],
          [
            11.585984,
            46.647862
          ],
          [
            11.586668,
            46.648752
          ],
          [
            11.587115,
            46.649259
          ],
          [
            11.587283,
            46.649404
          ],
          [
            11.587596,
            46.649586
          ],
          [
            11.58775,
            46.649649
          ],
          [
            11.587889,
            46.649665
          ],
          [
            11.587898,
            46.649714
          ],
          [
            11.588053,
            46.649933
          ],
          [
            11.588583,
            46.650571
          ],
          [
            11.588819,
            46.650791
          ],
          [
            11.589088,
            46.650999
          ],
          [
            11.589558,
            46.651287
          ],
          [
            11.590706,
            46.651921
          ],
          [
            11.592492,
            46.653024
          ],
          [
            11.592726,
            46.653168
          ],
          [
            11.593769,
            46.653567
          ],
          [
            11.596106,
            46.654276
          ],
          [
            11.596332,
            46.654394
          ],
          [
            11.596385,
            46.654422
          ],
          [
            11.596516,
            46.654479
          ],
          [
            11.596674,
            46.654544
          ],
          [
            11.596938,
            46.654622
          ],
          [
            11.597001,
            46.654573
          ],
          [
            11.597055,
            46.654555
          ],
          [
            11.597014,
            46.654475
          ],
          [
            11.596996,
            46.65437
          ],
          [
            11.597021,
            46.65427
          ],
          [
            11.597087,
            46.654176
          ],
          [
            11.597652,
            46.653801
          ],
          [
            11.598118,
            46.653533
          ],
          [
            11.598902,
            46.653157
          ],
          [
            11.599069,
            46.653084
          ],
          [
            11.599174,
            46.653057
          ],
          [
            11.599375,
            46.653041
          ],
          [
            11.599727,
            46.653113
          ],
          [
            11.599981,
            46.653131
          ],
          [
            11.600192,
            46.653095
          ],
          [
            11.60037,
            46.653013
          ],
          [
            11.60052,
            46.65295
          ],
          [
            11.600718,
            46.652915
          ],
          [
            11.600966,
            46.652892
          ],
          [
            11.601141,
            46.652861
          ],
          [
            11.601272,
            46.652794
          ],
          [
            11.601521,
            46.652606
          ],
          [
            11.60177,
            46.652496
          ],
          [
            11.601862,
            46.652412
          ],
          [
            11.601986,
            46.652066
          ],
          [
            11.602021,
            46.651976
          ],
          [
            11.602112,
            46.651798
          ],
          [
            11.602423,
            46.6514
          ],
          [
            11.602487,
            46.651353
          ],
          [
            11.602613,
            46.651303
          ],
          [
            11.602689,
            46.65129
          ],
          [
            11.603164,
            46.651266
          ],
          [
            11.603244,
            46.651244
          ],
          [
            11.603352,
            46.651181
          ],
          [
            11.603431,
            46.651078
          ],
          [
            11.603556,
            46.650486
          ],
          [
            11.603678,
            46.650351
          ],
          [
            11.603891,
            46.650235
          ],
          [
            11.604174,
            46.650116
          ],
          [
            11.60437,
            46.649974
          ],
          [
            11.604635,
            46.649677
          ],
          [
            11.604821,
            46.649568
          ],
          [
            11.605067,
            46.649507
          ],
          [
            11.605907,
            46.649494
          ],
          [
            11.606991,
            46.649524
          ],
          [
            11.607294,
            46.649527
          ],
          [
            11.607556,
            46.649512
          ],
          [
            11.608176,
            46.649422
          ],
          [
            11.608635,
            46.649336
          ],
          [
            11.608815,
            46.649278
          ],
          [
            11.609,
            46.649188
          ],
          [
            11.60933,
            46.64897
          ],
          [
            11.609475,
            46.648893
          ],
          [
            11.60965,
            46.648839
          ],
          [
            11.609795,
            46.648817
          ],
          [
            11.610339,
            46.648803
          ],
          [
            11.610504,
            46.648785
          ],
          [
            11.610661,
            46.648726
          ],
          [
            11.610762,
            46.648647
          ],
          [
            11.610848,
            46.648534
          ],
          [
            11.610937,
            46.648402
          ],
          [
            11.611068,
            46.648271
          ],
          [
            11.611197,
            46.648196
          ],
          [
            11.611559,
            46.64803
          ],
          [
            11.61201,
            46.64783
          ],
          [
            11.6123,
            46.647739
          ],
          [
            11.612714,
            46.647683
          ],
          [
            11.613384,
            46.647635
          ],
          [
            11.613587,
            46.647599
          ],
          [
            11.613745,
            46.647537
          ],
          [
            11.613828,
            46.647484
          ],
          [
            11.614112,
            46.647231
          ],
          [
            11.614388,
            46.646987
          ],
          [
            11.614569,
            46.646874
          ],
          [
            11.615041,
            46.646673
          ],
          [
            11.615347,
            46.646588
          ],
          [
            11.615529,
            46.646579
          ],
          [
            11.616099,
            46.646664
          ],
          [
            11.616275,
            46.646702
          ],
          [
            11.616491,
            46.646797
          ],
          [
            11.616748,
            46.646978
          ],
          [
            11.617281,
            46.647349
          ],
          [
            11.6176,
            46.647554
          ],
          [
            11.617779,
            46.647648
          ],
          [
            11.617907,
            46.647691
          ],
          [
            11.618058,
            46.647725
          ],
          [
            11.618204,
            46.647738
          ],
          [
            11.618539,
            46.647717
          ],
          [
            11.618657,
            46.647679
          ],
          [
            11.618792,
            46.647611
          ],
          [
            11.618931,
            46.647499
          ],
          [
            11.619042,
            46.647324
          ],
          [
            11.619056,
            46.646799
          ],
          [
            11.619195,
            46.646572
          ],
          [
            11.619294,
            46.646485
          ],
          [
            11.619442,
            46.646406
          ],
          [
            11.619627,
            46.646349
          ],
          [
            11.620379,
            46.646288
          ],
          [
            11.620677,
            46.646218
          ],
          [
            11.620888,
            46.646098
          ],
          [
            11.62103,
            46.64598
          ],
          [
            11.621108,
            46.645861
          ],
          [
            11.621349,
            46.645252
          ],
          [
            11.62141,
            46.645161
          ],
          [
            11.621502,
            46.645081
          ],
          [
            11.621635,
            46.644999
          ],
          [
            11.621801,
            46.644946
          ],
          [
            11.622021,
            46.644903
          ],
          [
            11.622852,
            46.644792
          ],
          [
            11.624271,
            46.644591
          ],
          [
            11.624481,
            46.644579
          ],
          [
            11.625935,
            46.64464
          ],
          [
            11.626298,
            46.644658
          ],
          [
            11.627152,
            46.6447
          ],
          [
            11.627432,
            46.644715
          ],
          [
            11.628285,
            46.644744
          ],
          [
            11.628454,
            46.644725
          ],
          [
            11.629136,
            46.644571
          ],
          [
            11.630377,
            46.644452
          ],
          [
            11.630886,
            46.644372
          ],
          [
            11.631566,
            46.644107
          ],
          [
            11.632106,
            46.643968
          ],
          [
            11.632807,
            46.643789
          ],
          [
            11.633092,
            46.643695
          ],
          [
            11.633229,
            46.643625
          ],
          [
            11.633401,
            46.643508
          ],
          [
            11.633679,
            46.643296
          ],
          [
            11.634135,
            46.642948
          ],
          [
            11.634267,
            46.642818
          ],
          [
            11.634405,
            46.642594
          ],
          [
            11.634526,
            46.642262
          ],
          [
            11.634584,
            46.642038
          ],
          [
            11.634597,
            46.640981
          ],
          [
            11.634663,
            46.64081
          ],
          [
            11.634733,
            46.640714
          ],
          [
            11.635006,
            46.64043
          ],
          [
            11.635245,
            46.640244
          ],
          [
            11.635483,
            46.64012
          ],
          [
            11.635779,
            46.640015
          ],
          [
            11.635961,
            46.639982
          ],
          [
            11.636211,
            46.639999
          ],
          [
            11.636469,
            46.640124
          ],
          [
            11.636866,
            46.640361
          ],
          [
            11.637059,
            46.640445
          ],
          [
            11.637218,
            46.640457
          ],
          [
            11.637326,
            46.640447
          ],
          [
            11.637431,
            46.640418
          ],
          [
            11.638374,
            46.639999
          ],
          [
            11.63858,
            46.639879
          ],
          [
            11.638648,
            46.639828
          ],
          [
            11.63878,
            46.639681
          ],
          [
            11.63908,
            46.639218
          ],
          [
            11.639144,
            46.639116
          ],
          [
            11.639253,
            46.638976
          ],
          [
            11.639325,
            46.638916
          ],
          [
            11.639501,
            46.638815
          ],
          [
            11.639702,
            46.63874
          ],
          [
            11.640284,
            46.638573
          ],
          [
            11.640646,
            46.638437
          ],
          [
            11.640692,
            46.638412
          ],
          [
            11.640867,
            46.638278
          ],
          [
            11.64113,
            46.6379
          ],
          [
            11.641198,
            46.637838
          ],
          [
            11.641295,
            46.637776
          ],
          [
            11.641664,
            46.637646
          ],
          [
            11.641704,
            46.637631
          ],
          [
            11.641853,
            46.637578
          ],
          [
            11.642006,
            46.637546
          ],
          [
            11.642214,
            46.637543
          ],
          [
            11.642623,
            46.637658
          ],
          [
            11.642734,
            46.637668
          ],
          [
            11.642852,
            46.637659
          ],
          [
            11.643014,
            46.637622
          ],
          [
            11.644233,
            46.637119
          ],
          [
            11.644395,
            46.637081
          ],
          [
            11.646105,
            46.636832
          ],
          [
            11.64717,
            46.636577
          ],
          [
            11.647585,
            46.636591
          ],
          [
            11.648924,
            46.636763
          ],
          [
            11.649106,
            46.636801
          ],
          [
            11.649259,
            46.636844
          ],
          [
            11.649617,
            46.636979
          ],
          [
            11.650765,
            46.637439
          ],
          [
            11.650989,
            46.63751
          ],
          [
            11.651207,
            46.637551
          ],
          [
            11.651526,
            46.637559
          ],
          [
            11.651997,
            46.637543
          ],
          [
            11.652237,
            46.637485
          ],
          [
            11.652645,
            46.637271
          ],
          [
            11.653183,
            46.636968
          ],
          [
            11.653375,
            46.636867
          ],
          [
            11.654516,
            46.636346
          ],
          [
            11.654732,
            46.636309
          ],
          [
            11.65484,
            46.636315
          ],
          [
            11.654903,
            46.636323
          ],
          [
            11.655235,
            46.636356
          ],
          [
            11.655294,
            46.636364
          ],
          [
            11.65585,
            46.636445
          ],
          [
            11.656034,
            46.6365
          ],
          [
            11.656732,
            46.636992
          ],
          [
            11.656829,
            46.637044
          ],
          [
            11.657121,
            46.637053
          ],
          [
            11.657344,
            46.637041
          ],
          [
            11.657747,
            46.636969
          ],
          [
            11.658775,
            46.636528
          ],
          [
            11.659715,
            46.636116
          ],
          [
            11.660055,
            46.635999
          ],
          [
            11.66028,
            46.63594
          ],
          [
            11.663614,
            46.63516
          ],
          [
            11.663927,
            46.635122
          ],
          [
            11.664131,
            46.635139
          ],
          [
            11.6642,
            46.635157
          ],
          [
            11.664275,
            46.635182
          ],
          [
            11.664642,
            46.635391
          ],
          [
            11.664696,
            46.635414
          ],
          [
            11.664852,
            46.635442
          ],
          [
            11.665512,
            46.635442
          ],
          [
            11.66567,
            46.635455
          ],
          [
            11.665783,
            46.635484
          ],
          [
            11.665938,
            46.635555
          ],
          [
            11.666013,
            46.635613
          ],
          [
            11.66632,
            46.63601
          ],
          [
            11.666468,
            46.636178
          ],
          [
            11.666712,
            46.63635
          ],
          [
            11.666823,
            46.636407
          ],
          [
            11.667115,
            46.636511
          ],
          [
            11.667329,
            46.636558
          ],
          [
            11.668442,
            46.636697
          ],
          [
            11.668589,
            46.636739
          ],
          [
            11.668749,
            46.636807
          ],
          [
            11.668962,
            46.636959
          ],
          [
            11.669693,
            46.637748
          ],
          [
            11.669801,
            46.637833
          ],
          [
            11.669875,
            46.637857
          ],
          [
            11.669987,
            46.637873
          ],
          [
            11.67015,
            46.637847
          ],
          [
            11.670959,
            46.637538
          ],
          [
            11.671493,
            46.63733
          ],
          [
            11.671795,
            46.637257
          ],
          [
            11.672026,
            46.637241
          ],
          [
            11.67215,
            46.637251
          ],
          [
            11.672323,
            46.637282
          ],
          [
            11.672503,
            46.637336
          ],
          [
            11.6726,
            46.637383
          ],
          [
            11.672929,
            46.637593
          ],
          [
            11.67303,
            46.637672
          ],
          [
            11.673136,
            46.637797
          ],
          [
            11.673175,
            46.637914
          ],
          [
            11.673132,
            46.638295
          ],
          [
            11.673126,
            46.63833
          ],
          [
            11.673055,
            46.638875
          ],
          [
            11.673072,
            46.639038
          ],
          [
            11.673127,
            46.639189
          ],
          [
            11.673192,
            46.639282
          ],
          [
            11.673311,
            46.639397
          ],
          [
            11.673704,
            46.639611
          ],
          [
            11.674099,
            46.639806
          ],
          [
            11.674803,
            46.640157
          ],
          [
            11.675248,
            46.640373
          ],
          [
            11.675484,
            46.640464
          ],
          [
            11.675657,
            46.640504
          ],
          [
            11.675878,
            46.640539
          ],
          [
            11.676056,
            46.64055
          ],
          [
            11.67627,
            46.64055
          ],
          [
            11.677406,
            46.640439
          ],
          [
            11.677825,
            46.640398
          ],
          [
            11.678431,
            46.640336
          ],
          [
            11.678686,
            46.640289
          ],
          [
            11.679002,
            46.640187
          ],
          [
            11.67934,
            46.640048
          ],
          [
            11.679518,
            46.639975
          ],
          [
            11.679805,
            46.639898
          ],
          [
            11.680063,
            46.639859
          ],
          [
            11.680604,
            46.639844
          ],
          [
            11.681068,
            46.639913
          ],
          [
            11.68127,
            46.639983
          ],
          [
            11.681347,
            46.640017
          ],
          [
            11.681549,
            46.640121
          ],
          [
            11.681733,
            46.640226
          ],
          [
            11.681881,
            46.640304
          ],
          [
            11.681946,
            46.640337
          ],
          [
            11.682161,
            46.64043
          ],
          [
            11.682288,
            46.640468
          ],
          [
            11.682511,
            46.640532
          ],
          [
            11.682716,
            46.640609
          ],
          [
            11.68308,
            46.640685
          ],
          [
            11.683482,
            46.640758
          ],
          [
            11.68369,
            46.64077
          ],
          [
            11.683891,
            46.640729
          ],
          [
            11.684123,
            46.640703
          ],
          [
            11.684411,
            46.640661
          ],
          [
            11.684818,
            46.640523
          ],
          [
            11.68506,
            46.640459
          ],
          [
            11.685277,
            46.640413
          ],
          [
            11.68553,
            46.640385
          ],
          [
            11.685924,
            46.640377
          ],
          [
            11.686197,
            46.64038
          ],
          [
            11.686804,
            46.640386
          ],
          [
            11.687166,
            46.640408
          ],
          [
            11.687567,
            46.640464
          ],
          [
            11.687948,
            46.640556
          ],
          [
            11.688444,
            46.640703
          ],
          [
            11.68882,
            46.640787
          ],
          [
            11.689216,
            46.640839
          ],
          [
            11.689997,
            46.640869
          ],
          [
            11.690324,
            46.640906
          ],
          [
            11.690551,
            46.640952
          ],
          [
            11.690845,
            46.641048
          ],
          [
            11.691402,
            46.641264
          ],
          [
            11.691713,
            46.641361
          ],
          [
            11.692066,
            46.641418
          ],
          [
            11.692432,
            46.641425
          ],
          [
            11.692939,
            46.641369
          ],
          [
            11.693208,
            46.641366
          ],
          [
            11.693347,
            46.64137
          ],
          [
            11.693597,
            46.641417
          ],
          [
            11.693802,
            46.641499
          ],
          [
            11.693933,
            46.641575
          ],
          [
            11.69409,
            46.641715
          ],
          [
            11.694296,
            46.641957
          ],
          [
            11.69442,
            46.642074
          ],
          [
            11.694568,
            46.642167
          ],
          [
            11.694784,
            46.642255
          ],
          [
            11.695788,
            46.642553
          ],
          [
            11.696816,
            46.642918
          ],
          [
            11.697174,
            46.643031
          ],
          [
            11.697603,
            46.643129
          ],
          [
            11.697853,
            46.643171
          ],
          [
            11.698127,
            46.643193
          ],
          [
            11.698366,
            46.643198
          ],
          [
            11.698779,
            46.643178
          ],
          [
            11.699397,
            46.64314
          ],
          [
            11.700033,
            46.643097
          ],
          [
            11.700136,
            46.64309
          ],
          [
            11.700756,
            46.643046
          ],
          [
            11.702459,
            46.642987
          ],
          [
            11.703118,
            46.642919
          ],
          [
            11.704148,
            46.642772
          ],
          [
            11.704861,
            46.6427
          ],
          [
            11.707019,
            46.64263
          ],
          [
            11.707418,
            46.642605
          ],
          [
            11.707748,
            46.642564
          ],
          [
            11.708023,
            46.642512
          ],
          [
            11.708443,
            46.642405
          ],
          [
            11.708661,
            46.642334
          ],
          [
            11.709001,
            46.642205
          ],
          [
            11.709391,
            46.642008
          ],
          [
            11.709566,
            46.641911
          ],
          [
            11.709601,
            46.641893
          ],
          [
            11.709664,
            46.641859
          ],
          [
            11.709861,
            46.641756
          ],
          [
            11.710236,
            46.641606
          ],
          [
            11.71048,
            46.641533
          ],
          [
            11.710842,
            46.641466
          ],
          [
            11.711205,
            46.641442
          ],
          [
            11.712576,
            46.641441
          ],
          [
            11.71292,
            46.641428
          ],
          [
            11.713339,
            46.64139
          ],
          [
            11.714027,
            46.641277
          ],
          [
            11.714256,
            46.641219
          ],
          [
            11.714492,
            46.641159
          ],
          [
            11.714515,
            46.64119
          ],
          [
            11.714574,
            46.64122
          ],
          [
            11.71494,
            46.641331
          ],
          [
            11.71499,
            46.641365
          ],
          [
            11.715173,
            46.641308
          ],
          [
            11.71532,
            46.641442
          ],
          [
            11.715173,
            46.641308
          ],
          [
            11.71499,
            46.641365
          ],
          [
            11.71494,
            46.641331
          ],
          [
            11.714574,
            46.64122
          ],
          [
            11.714515,
            46.64119
          ],
          [
            11.714492,
            46.641159
          ],
          [
            11.714256,
            46.641219
          ],
          [
            11.714027,
            46.641277
          ],
          [
            11.713339,
            46.64139
          ],
          [
            11.71292,
            46.641428
          ],
          [
            11.712576,
            46.641441
          ],
          [
            11.711205,
            46.641442
          ],
          [
            11.710842,
            46.641466
          ],
          [
            11.71048,
            46.641533
          ],
          [
            11.710236,
            46.641606
          ],
          [
            11.709861,
            46.641756
          ],
          [
            11.709664,
            46.641859
          ],
          [
            11.709601,
            46.641893
          ],
          [
            11.709566,
            46.641911
          ],
          [
            11.709391,
            46.642008
          ],
          [
            11.709001,
            46.642205
          ],
          [
            11.708661,
            46.642334
          ],
          [
            11.708443,
            46.642405
          ],
          [
            11.708023,
            46.642512
          ],
          [
            11.707748,
            46.642564
          ],
          [
            11.707418,
            46.642605
          ],
          [
            11.707019,
            46.64263
          ],
          [
            11.704861,
            46.6427
          ],
          [
            11.704148,
            46.642772
          ],
          [
            11.703118,
            46.642919
          ],
          [
            11.702459,
            46.642987
          ],
          [
            11.700756,
            46.643046
          ],
          [
            11.700136,
            46.64309
          ],
          [
            11.700033,
            46.643097
          ],
          [
            11.699397,
            46.64314
          ],
          [
            11.698779,
            46.643178
          ],
          [
            11.698366,
            46.643198
          ],
          [
            11.698127,
            46.643193
          ],
          [
            11.697853,
            46.643171
          ],
          [
            11.697603,
            46.643129
          ],
          [
            11.697174,
            46.643031
          ],
          [
            11.696816,
            46.642918
          ],
          [
            11.695788,
            46.642553
          ],
          [
            11.694784,
            46.642255
          ],
          [
            11.694568,
            46.642167
          ],
          [
            11.69442,
            46.642074
          ],
          [
            11.694296,
            46.641957
          ],
          [
            11.69409,
            46.641715
          ],
          [
            11.693933,
            46.641575
          ],
          [
            11.693802,
            46.641499
          ],
          [
            11.693597,
            46.641417
          ],
          [
            11.693347,
            46.64137
          ],
          [
            11.693208,
            46.641366
          ],
          [
            11.692939,
            46.641369
          ],
          [
            11.692432,
            46.641425
          ],
          [
            11.692066,
            46.641418
          ],
          [
            11.691713,
            46.641361
          ],
          [
            11.691402,
            46.641264
          ],
          [
            11.690845,
            46.641048
          ],
          [
            11.690551,
            46.640952
          ],
          [
            11.690324,
            46.640906
          ],
          [
            11.689997,
            46.640869
          ],
          [
            11.689216,
            46.640839
          ],
          [
            11.68882,
            46.640787
          ],
          [
            11.688444,
            46.640703
          ],
          [
            11.687948,
            46.640556
          ],
          [
            11.687567,
            46.640464
          ],
          [
            11.687166,
            46.640408
          ],
          [
            11.686804,
            46.640386
          ],
          [
            11.686197,
            46.64038
          ],
          [
            11.685924,
            46.640377
          ],
          [
            11.68553,
            46.640385
          ],
          [
            11.685277,
            46.640413
          ],
          [
            11.68506,
            46.640459
          ],
          [
            11.684818,
            46.640523
          ],
          [
            11.684411,
            46.640661
          ],
          [
            11.684123,
            46.640703
          ],
          [
            11.683891,
            46.640729
          ],
          [
            11.68369,
            46.64077
          ],
          [
            11.683482,
            46.640758
          ],
          [
            11.68308,
            46.640685
          ],
          [
            11.682716,
            46.640609
          ],
          [
            11.682511,
            46.640532
          ],
          [
            11.682288,
            46.640468
          ],
          [
            11.682161,
            46.64043
          ],
          [
            11.681946,
            46.640337
          ],
          [
            11.681881,
            46.640304
          ],
          [
            11.681733,
            46.640226
          ],
          [
            11.681549,
            46.640121
          ],
          [
            11.681347,
            46.640017
          ],
          [
            11.68127,
            46.639983
          ],
          [
            11.681068,
            46.639913
          ],
          [
            11.680604,
            46.639844
          ],
          [
            11.680063,
            46.639859
          ],
          [
            11.679805,
            46.639898
          ],
          [
            11.679518,
            46.639975
          ],
          [
            11.67934,
            46.640048
          ],
          [
            11.679002,
            46.640187
          ],
          [
            11.678686,
            46.640289
          ],
          [
            11.678431,
            46.640336
          ],
          [
            11.677825,
            46.640398
          ],
          [
            11.677406,
            46.640439
          ],
          [
            11.67627,
            46.64055
          ],
          [
            11.676056,
            46.64055
          ],
          [
            11.675878,
            46.640539
          ],
          [
            11.675657,
            46.640504
          ],
          [
            11.675484,
            46.640464
          ],
          [
            11.675248,
            46.640373
          ],
          [
            11.674803,
            46.640157
          ],
          [
            11.674099,
            46.639806
          ],
          [
            11.673704,
            46.639611
          ],
          [
            11.673311,
            46.639397
          ],
          [
            11.673192,
            46.639282
          ],
          [
            11.673127,
            46.639189
          ],
          [
            11.673072,
            46.639038
          ],
          [
            11.673055,
            46.638875
          ],
          [
            11.673126,
            46.63833
          ],
          [
            11.673132,
            46.638295
          ],
          [
            11.673175,
            46.637914
          ],
          [
            11.673136,
            46.637797
          ],
          [
            11.67303,
            46.637672
          ],
          [
            11.672929,
            46.637593
          ],
          [
            11.6726,
            46.637383
          ],
          [
            11.672503,
            46.637336
          ],
          [
            11.672323,
            46.637282
          ],
          [
            11.67215,
            46.637251
          ],
          [
            11.672026,
            46.637241
          ],
          [
            11.671795,
            46.637257
          ],
          [
            11.671493,
            46.63733
          ],
          [
            11.670959,
            46.637538
          ],
          [
            11.67015,
            46.637847
          ],
          [
            11.669987,
            46.637873
          ],
          [
            11.669875,
            46.637857
          ],
          [
            11.669801,
            46.637833
          ],
          [
            11.669693,
            46.637748
          ],
          [
            11.668962,
            46.636959
          ],
          [
            11.668749,
            46.636807
          ],
          [
            11.668589,
            46.636739
          ],
          [
            11.668442,
            46.636697
          ],
          [
            11.667329,
            46.636558
          ],
          [
            11.667115,
            46.636511
          ],
          [
            11.666823,
            46.636407
          ],
          [
            11.666712,
            46.63635
          ],
          [
            11.666468,
            46.636178
          ],
          [
            11.66632,
            46.63601
          ],
          [
            11.666013,
            46.635613
          ],
          [
            11.665938,
            46.635555
          ],
          [
            11.665783,
            46.635484
          ],
          [
            11.66567,
            46.635455
          ],
          [
            11.665512,
            46.635442
          ],
          [
            11.664852,
            46.635442
          ],
          [
            11.664696,
            46.635414
          ],
          [
            11.664642,
            46.635391
          ],
          [
            11.664275,
            46.635182
          ],
          [
            11.6642,
            46.635157
          ],
          [
            11.664131,
            46.635139
          ],
          [
            11.663927,
            46.635122
          ],
          [
            11.663614,
            46.63516
          ],
          [
            11.66028,
            46.63594
          ],
          [
            11.660055,
            46.635999
          ],
          [
            11.659715,
            46.636116
          ],
          [
            11.658775,
            46.636528
          ],
          [
            11.657747,
            46.636969
          ],
          [
            11.657344,
            46.637041
          ],
          [
            11.657121,
            46.637053
          ],
          [
            11.656829,
            46.637044
          ],
          [
            11.656732,
            46.636992
          ],
          [
            11.656034,
            46.6365
          ],
          [
            11.65585,
            46.636445
          ],
          [
            11.655294,
            46.636364
          ],
          [
            11.655235,
            46.636356
          ],
          [
            11.654903,
            46.636323
          ],
          [
            11.65484,
            46.636315
          ],
          [
            11.654732,
            46.636309
          ],
          [
            11.654516,
            46.636346
          ],
          [
            11.653375,
            46.636867
          ],
          [
            11.653183,
            46.636968
          ],
          [
            11.652645,
            46.637271
          ],
          [
            11.652237,
            46.637485
          ],
          [
            11.651997,
            46.637543
          ],
          [
            11.651526,
            46.637559
          ],
          [
            11.651207,
            46.637551
          ],
          [
            11.650989,
            46.63751
          ],
          [
            11.650765,
            46.637439
          ],
          [
            11.649617,
            46.636979
          ],
          [
            11.649259,
            46.636844
          ],
          [
            11.649106,
            46.636801
          ],
          [
            11.648924,
            46.636763
          ],
          [
            11.647585,
            46.636591
          ],
          [
            11.64717,
            46.636577
          ],
          [
            11.646105,
            46.636832
          ],
          [
            11.644395,
            46.637081
          ],
          [
            11.644233,
            46.637119
          ],
          [
            11.643014,
            46.637622
          ],
          [
            11.642852,
            46.637659
          ],
          [
            11.642734,
            46.637668
          ],
          [
            11.642623,
            46.637658
          ],
          [
            11.642214,
            46.637543
          ],
          [
            11.642006,
            46.637546
          ],
          [
            11.641853,
            46.637578
          ],
          [
            11.641704,
            46.637631
          ],
          [
            11.641664,
            46.637646
          ],
          [
            11.641295,
            46.637776
          ],
          [
            11.641198,
            46.637838
          ],
          [
            11.64113,
            46.6379
          ],
          [
            11.640867,
            46.638278
          ],
          [
            11.640692,
            46.638412
          ],
          [
            11.640646,
            46.638437
          ],
          [
            11.640284,
            46.638573
          ],
          [
            11.639702,
            46.63874
          ],
          [
            11.639501,
            46.638815
          ],
          [
            11.639325,
            46.638916
          ],
          [
            11.639253,
            46.638976
          ],
          [
            11.639144,
            46.639116
          ],
          [
            11.63908,
            46.639218
          ],
          [
            11.63878,
            46.639681
          ],
          [
            11.638648,
            46.639828
          ],
          [
            11.63858,
            46.639879
          ],
          [
            11.638374,
            46.639999
          ],
          [
            11.637431,
            46.640418
          ],
          [
            11.637326,
            46.640447
          ],
          [
            11.637218,
            46.640457
          ],
          [
            11.637059,
            46.640445
          ],
          [
            11.636866,
            46.640361
          ],
          [
            11.636469,
            46.640124
          ],
          [
            11.636211,
            46.639999
          ],
          [
            11.635961,
            46.639982
          ],
          [
            11.635779,
            46.640015
          ],
          [
            11.635483,
            46.64012
          ],
          [
            11.635245,
            46.640244
          ],
          [
            11.635006,
            46.64043
          ],
          [
            11.634733,
            46.640714
          ],
          [
            11.634663,
            46.64081
          ],
          [
            11.634597,
            46.640981
          ],
          [
            11.634584,
            46.642038
          ],
          [
            11.634526,
            46.642262
          ],
          [
            11.634405,
            46.642594
          ],
          [
            11.634267,
            46.642818
          ],
          [
            11.634135,
            46.642948
          ],
          [
            11.633679,
            46.643296
          ],
          [
            11.633401,
            46.643508
          ],
          [
            11.633229,
            46.643625
          ],
          [
            11.633092,
            46.643695
          ],
          [
            11.632807,
            46.643789
          ],
          [
            11.632106,
            46.643968
          ],
          [
            11.631566,
            46.644107
          ],
          [
            11.630886,
            46.644372
          ],
          [
            11.630377,
            46.644452
          ],
          [
            11.629136,
            46.644571
          ],
          [
            11.628454,
            46.644725
          ],
          [
            11.628285,
            46.644744
          ],
          [
            11.627432,
            46.644715
          ],
          [
            11.627152,
            46.6447
          ],
          [
            11.626298,
            46.644658
          ],
          [
            11.625935,
            46.64464
          ],
          [
            11.624481,
            46.644579
          ],
          [
            11.624271,
            46.644591
          ],
          [
            11.622852,
            46.644792
          ],
          [
            11.622021,
            46.644903
          ],
          [
            11.621801,
            46.644946
          ],
          [
            11.621635,
            46.644999
          ],
          [
            11.621502,
            46.645081
          ],
          [
            11.62141,
            46.645161
          ],
          [
            11.621349,
            46.645252
          ],
          [
            11.621108,
            46.645861
          ],
          [
            11.62103,
            46.64598
          ],
          [
            11.620888,
            46.646098
          ],
          [
            11.620677,
            46.646218
          ],
          [
            11.620379,
            46.646288
          ],
          [
            11.619627,
            46.646349
          ],
          [
            11.619442,
            46.646406
          ],
          [
            11.619294,
            46.646485
          ],
          [
            11.619195,
            46.646572
          ],
          [
            11.619056,
            46.646799
          ],
          [
            11.619042,
            46.647324
          ],
          [
            11.618931,
            46.647499
          ],
          [
            11.618792,
            46.647611
          ],
          [
            11.618657,
            46.647679
          ],
          [
            11.618539,
            46.647717
          ],
          [
            11.618204,
            46.647738
          ],
          [
            11.618058,
            46.647725
          ],
          [
            11.617907,
            46.647691
          ],
          [
            11.617779,
            46.647648
          ],
          [
            11.6176,
            46.647554
          ],
          [
            11.617281,
            46.647349
          ],
          [
            11.616748,
            46.646978
          ],
          [
            11.616491,
            46.646797
          ],
          [
            11.616275,
            46.646702
          ],
          [
            11.616099,
            46.646664
          ],
          [
            11.615529,
            46.646579
          ],
          [
            11.615347,
            46.646588
          ],
          [
            11.615041,
            46.646673
          ],
          [
            11.614569,
            46.646874
          ],
          [
            11.614388,
            46.646987
          ],
          [
            11.614112,
            46.647231
          ],
          [
            11.613828,
            46.647484
          ],
          [
            11.613745,
            46.647537
          ],
          [
            11.613587,
            46.647599
          ],
          [
            11.613384,
            46.647635
          ],
          [
            11.612714,
            46.647683
          ],
          [
            11.6123,
            46.647739
          ],
          [
            11.61201,
            46.64783
          ],
          [
            11.611559,
            46.64803
          ],
          [
            11.611197,
            46.648196
          ],
          [
            11.611068,
            46.648271
          ],
          [
            11.610937,
            46.648402
          ],
          [
            11.610848,
            46.648534
          ],
          [
            11.610762,
            46.648647
          ],
          [
            11.610661,
            46.648726
          ],
          [
            11.610504,
            46.648785
          ],
          [
            11.610339,
            46.648803
          ],
          [
            11.609795,
            46.648817
          ],
          [
            11.60965,
            46.648839
          ],
          [
            11.609475,
            46.648893
          ],
          [
            11.60933,
            46.64897
          ],
          [
            11.609,
            46.649188
          ],
          [
            11.608815,
            46.649278
          ],
          [
            11.608635,
            46.649336
          ],
          [
            11.608176,
            46.649422
          ],
          [
            11.607556,
            46.649512
          ],
          [
            11.607294,
            46.649527
          ],
          [
            11.606991,
            46.649524
          ],
          [
            11.605907,
            46.649494
          ],
          [
            11.605067,
            46.649507
          ],
          [
            11.604821,
            46.649568
          ],
          [
            11.604635,
            46.649677
          ],
          [
            11.60437,
            46.649974
          ],
          [
            11.604174,
            46.650116
          ],
          [
            11.603891,
            46.650235
          ],
          [
            11.603678,
            46.650351
          ],
          [
            11.603556,
            46.650486
          ],
          [
            11.603431,
            46.651078
          ],
          [
            11.603352,
            46.651181
          ],
          [
            11.603244,
            46.651244
          ],
          [
            11.603164,
            46.651266
          ],
          [
            11.602689,
            46.65129
          ],
          [
            11.602613,
            46.651303
          ],
          [
            11.602487,
            46.651353
          ],
          [
            11.602423,
            46.6514
          ],
          [
            11.602112,
            46.651798
          ],
          [
            11.602021,
            46.651976
          ],
          [
            11.601986,
            46.652066
          ],
          [
            11.601862,
            46.652412
          ],
          [
            11.60177,
            46.652496
          ],
          [
            11.601521,
            46.652606
          ],
          [
            11.601272,
            46.652794
          ],
          [
            11.601141,
            46.652861
          ],
          [
            11.600966,
            46.652892
          ],
          [
            11.600718,
            46.652915
          ],
          [
            11.60052,
            46.65295
          ],
          [
            11.60037,
            46.653013
          ],
          [
            11.600192,
            46.653095
          ],
          [
            11.599981,
            46.653131
          ],
          [
            11.599727,
            46.653113
          ],
          [
            11.599375,
            46.653041
          ],
          [
            11.599174,
            46.653057
          ],
          [
            11.599069,
            46.653084
          ],
          [
            11.598902,
            46.653157
          ],
          [
            11.598118,
            46.653533
          ],
          [
            11.597652,
            46.653801
          ],
          [
            11.597087,
            46.654176
          ],
          [
            11.597021,
            46.65427
          ],
          [
            11.596996,
            46.65437
          ],
          [
            11.597014,
            46.654475
          ],
          [
            11.597055,
            46.654555
          ],
          [
            11.597001,
            46.654573
          ],
          [
            11.596938,
            46.654622
          ],
          [
            11.596674,
            46.654544
          ],
          [
            11.596516,
            46.654479
          ],
          [
            11.596385,
            46.654422
          ],
          [
            11.596332,
            46.654394
          ],
          [
            11.596106,
            46.654276
          ],
          [
            11.593769,
            46.653567
          ],
          [
            11.592726,
            46.653168
          ],
          [
            11.592492,
            46.653024
          ],
          [
            11.590706,
            46.651921
          ],
          [
            11.589558,
            46.651287
          ],
          [
            11.589088,
            46.650999
          ],
          [
            11.588819,
            46.650791
          ],
          [
            11.588583,
            46.650571
          ],
          [
            11.588053,
            46.649933
          ],
          [
            11.587898,
            46.649714
          ],
          [
            11.587889,
            46.649665
          ],
          [
            11.58775,
            46.649649
          ],
          [
            11.587596,
            46.649586
          ],
          [
            11.587283,
            46.649404
          ],
          [
            11.587115,
            46.649259
          ],
          [
            11.586668,
            46.648752
          ],
          [
            11.585984,
            46.647862
          ],
          [
            11.585867,
            46.64771
          ],
          [
            11.585223,
            46.646713
          ],
          [
            11.584983,
            46.646255
          ],
          [
            11.584935,
            46.646153
          ],
          [
            11.584913,
            46.646049
          ],
          [
            11.584927,
            46.646012
          ],
          [
            11.584825,
            46.645965
          ],
          [
            11.584681,
            46.64594
          ],
          [
            11.584556,
            46.645948
          ],
          [
            11.58446,
            46.645964
          ],
          [
            11.584534,
            46.645921
          ],
          [
            11.584824,
            46.645801
          ],
          [
            11.584842,
            46.645787
          ],
          [
            11.584863,
            46.645775
          ],
          [
            11.584954,
            46.645749
          ],
          [
            11.585051,
            46.645757
          ],
          [
            11.58512,
            46.645788
          ],
          [
            11.585164,
            46.645836
          ],
          [
            11.585168,
            46.64592
          ],
          [
            11.585148,
            46.645952
          ],
          [
            11.58518,
            46.646006
          ],
          [
            11.585199,
            46.646201
          ],
          [
            11.585285,
            46.646357
          ],
          [
            11.585558,
            46.646774
          ],
          [
            11.585945,
            46.647298
          ],
          [
            11.586322,
            46.647701
          ],
          [
            11.58645,
            46.647871
          ],
          [
            11.586804,
            46.648442
          ],
          [
            11.586921,
            46.64865
          ],
          [
            11.587269,
            46.649099
          ],
          [
            11.587319,
            46.649137
          ],
          [
            11.587448,
            46.64919
          ],
          [
            11.58765,
            46.649202
          ],
          [
            11.587785,
            46.649166
          ],
          [
            11.587876,
            46.649116
          ],
          [
            11.587946,
            46.649039
          ],
          [
            11.587975,
            46.64894
          ],
          [
            11.587969,
            46.648886
          ],
          [
            11.587932,
            46.648791
          ],
          [
            11.587886,
            46.648736
          ],
          [
            11.587475,
            46.648369
          ],
          [
            11.58736,
            46.64829
          ],
          [
            11.587054,
            46.648004
          ],
          [
            11.586663,
            46.647545
          ],
          [
            11.586532,
            46.647362
          ],
          [
            11.586355,
            46.647069
          ],
          [
            11.586254,
            46.646804
          ],
          [
            11.586214,
            46.64639
          ],
          [
            11.586153,
            46.64626
          ],
          [
            11.585698,
            46.6457
          ],
          [
            11.585192,
            46.645148
          ],
          [
            11.585081,
            46.645059
          ],
          [
            11.584903,
            46.644918
          ],
          [
            11.584541,
            46.644684
          ],
          [
            11.584011,
            46.644396
          ],
          [
            11.58345,
            46.644157
          ],
          [
            11.583001,
            46.643999
          ],
          [
            11.582456,
            46.643851
          ],
          [
            11.581633,
            46.643696
          ],
          [
            11.580709,
            46.64358
          ],
          [
            11.579322,
            46.643419
          ],
          [
            11.578763,
            46.643319
          ],
          [
            11.578124,
            46.643161
          ],
          [
            11.577452,
            46.642941
          ],
          [
            11.576701,
            46.642607
          ],
          [
            11.576136,
            46.64228
          ],
          [
            11.572789,
            46.640018
          ],
          [
            11.572433,
            46.639783
          ],
          [
            11.571785,
            46.639392
          ],
          [
            11.570754,
            46.638791
          ],
          [
            11.569967,
            46.638412
          ],
          [
            11.56933,
            46.638166
          ],
          [
            11.567743,
            46.637617
          ],
          [
            11.566889,
            46.637296
          ],
          [
            11.565069,
            46.63648
          ],
          [
            11.564187,
            46.636105
          ],
          [
            11.56329,
            46.635764
          ],
          [
            11.561716,
            46.635202
          ],
          [
            11.561166,
            46.634984
          ],
          [
            11.560846,
            46.634837
          ],
          [
            11.560207,
            46.634462
          ],
          [
            11.559842,
            46.634215
          ],
          [
            11.559528,
            46.633961
          ],
          [
            11.559081,
            46.633541
          ],
          [
            11.558243,
            46.63271
          ],
          [
            11.55801,
            46.632503
          ],
          [
            11.557738,
            46.632301
          ],
          [
            11.55738,
            46.632061
          ],
          [
            11.556935,
            46.631805
          ],
          [
            11.554889,
            46.630817
          ],
          [
            11.553674,
            46.630252
          ],
          [
            11.553376,
            46.630095
          ],
          [
            11.552736,
            46.629736
          ],
          [
            11.552473,
            46.629561
          ],
          [
            11.551953,
            46.629151
          ],
          [
            11.551632,
            46.628823
          ],
          [
            11.551472,
            46.628645
          ],
          [
            11.551185,
            46.628243
          ],
          [
            11.551041,
            46.628006
          ],
          [
            11.550665,
            46.627238
          ],
          [
            11.550071,
            46.626043
          ],
          [
            11.549872,
            46.625705
          ],
          [
            11.549685,
            46.625441
          ],
          [
            11.549496,
            46.625217
          ],
          [
            11.549136,
            46.624852
          ],
          [
            11.548885,
            46.624648
          ],
          [
            11.548113,
            46.624115
          ],
          [
            11.546879,
            46.623319
          ],
          [
            11.546191,
            46.622768
          ],
          [
            11.545739,
            46.622306
          ],
          [
            11.545186,
            46.621657
          ],
          [
            11.544876,
            46.621347
          ],
          [
            11.544159,
            46.620715
          ],
          [
            11.543684,
            46.620328
          ],
          [
            11.543245,
            46.619914
          ],
          [
            11.542338,
            46.618988
          ],
          [
            11.54178,
            46.618371
          ],
          [
            11.541459,
            46.617964
          ],
          [
            11.541116,
            46.617442
          ],
          [
            11.540975,
            46.617185
          ],
          [
            11.540695,
            46.616552
          ],
          [
            11.540542,
            46.616088
          ],
          [
            11.54031,
            46.61529
          ],
          [
            11.540113,
            46.614721
          ],
          [
            11.539935,
            46.614309
          ],
          [
            11.539779,
            46.614045
          ],
          [
            11.539538,
            46.613708
          ],
          [
            11.539074,
            46.61319
          ],
          [
            11.538136,
            46.612376
          ],
          [
            11.537719,
            46.611977
          ],
          [
            11.537537,
            46.611773
          ],
          [
            11.537215,
            46.61136
          ],
          [
            11.536983,
            46.611002
          ],
          [
            11.536746,
            46.610549
          ],
          [
            11.536462,
            46.609838
          ],
          [
            11.535624,
            46.607576
          ],
          [
            11.535427,
            46.607001
          ],
          [
            11.535279,
            46.606491
          ],
          [
            11.535086,
            46.605566
          ],
          [
            11.534946,
            46.604161
          ],
          [
            11.534827,
            46.603575
          ],
          [
            11.534689,
            46.603096
          ],
          [
            11.534414,
            46.602329
          ],
          [
            11.533832,
            46.600657
          ],
          [
            11.533707,
            46.600164
          ],
          [
            11.533612,
            46.599582
          ],
          [
            11.533488,
            46.598437
          ],
          [
            11.533315,
            46.597625
          ],
          [
            11.53291,
            46.59666
          ],
          [
            11.532655,
            46.596183
          ],
          [
            11.532361,
            46.595708
          ],
          [
            11.531902,
            46.59511
          ],
          [
            11.531333,
            46.594505
          ],
          [
            11.530434,
            46.593529
          ],
          [
            11.529791,
            46.592661
          ],
          [
            11.529317,
            46.591987
          ],
          [
            11.528868,
            46.591346
          ],
          [
            11.528354,
            46.590563
          ],
          [
            11.527333,
            46.589108
          ],
          [
            11.526492,
            46.587966
          ],
          [
            11.525565,
            46.586785
          ],
          [
            11.525163,
            46.586289
          ],
          [
            11.524747,
            46.585711
          ],
          [
            11.524629,
            46.585518
          ],
          [
            11.52449,
            46.585227
          ],
          [
            11.524285,
            46.584699
          ],
          [
            11.524207,
            46.584158
          ],
          [
            11.52419,
            46.583909
          ],
          [
            11.524214,
            46.582197
          ],
          [
            11.524198,
            46.581769
          ],
          [
            11.524125,
            46.581069
          ],
          [
            11.523951,
            46.580287
          ],
          [
            11.523539,
            46.578553
          ],
          [
            11.523391,
            46.577888
          ],
          [
            11.523308,
            46.577308
          ],
          [
            11.523317,
            46.576706
          ],
          [
            11.523475,
            46.575288
          ],
          [
            11.523514,
            46.574547
          ],
          [
            11.523497,
            46.574101
          ],
          [
            11.523461,
            46.573828
          ],
          [
            11.523104,
            46.572314
          ],
          [
            11.522418,
            46.569585
          ],
          [
            11.522314,
            46.56921
          ],
          [
            11.522146,
            46.568766
          ],
          [
            11.521792,
            46.568106
          ],
          [
            11.521356,
            46.567491
          ],
          [
            11.521115,
            46.567215
          ],
          [
            11.520465,
            46.566601
          ],
          [
            11.520027,
            46.566267
          ],
          [
            11.519265,
            46.565763
          ],
          [
            11.517778,
            46.564888
          ],
          [
            11.51711,
            46.564454
          ],
          [
            11.51683,
            46.564244
          ],
          [
            11.516314,
            46.563793
          ],
          [
            11.515354,
            46.562865
          ],
          [
            11.514952,
            46.562446
          ],
          [
            11.514707,
            46.562146
          ],
          [
            11.51449,
            46.561844
          ],
          [
            11.514232,
            46.561406
          ],
          [
            11.513983,
            46.560826
          ],
          [
            11.513757,
            46.560205
          ],
          [
            11.513326,
            46.558806
          ],
          [
            11.513075,
            46.557939
          ],
          [
            11.512988,
            46.557445
          ],
          [
            11.512988,
            46.557075
          ],
          [
            11.513046,
            46.556616
          ],
          [
            11.513149,
            46.556204
          ],
          [
            11.513255,
            46.555911
          ],
          [
            11.513398,
            46.555602
          ],
          [
            11.514074,
            46.554406
          ],
          [
            11.514263,
            46.553973
          ],
          [
            11.514371,
            46.553616
          ],
          [
            11.514466,
            46.553122
          ],
          [
            11.514489,
            46.552692
          ],
          [
            11.514446,
            46.552363
          ],
          [
            11.514102,
            46.55126
          ],
          [
            11.513859,
            46.550649
          ],
          [
            11.513588,
            46.550185
          ],
          [
            11.513219,
            46.549743
          ],
          [
            11.512847,
            46.549374
          ],
          [
            11.511651,
            46.548332
          ],
          [
            11.510854,
            46.547557
          ],
          [
            11.509851,
            46.546429
          ],
          [
            11.509118,
            46.545706
          ],
          [
            11.508076,
            46.544797
          ],
          [
            11.507164,
            46.544044
          ],
          [
            11.505385,
            46.542681
          ],
          [
            11.505026,
            46.542353
          ],
          [
            11.504489,
            46.541749
          ],
          [
            11.503782,
            46.540809
          ],
          [
            11.503309,
            46.5403
          ],
          [
            11.502112,
            46.53935
          ],
          [
            11.50177,
            46.539037
          ],
          [
            11.50144,
            46.538699
          ],
          [
            11.500311,
            46.537432
          ],
          [
            11.500128,
            46.537269
          ],
          [
            11.499933,
            46.537109
          ],
          [
            11.499182,
            46.536582
          ],
          [
            11.49869,
            46.536321
          ],
          [
            11.49689,
            46.535461
          ],
          [
            11.496074,
            46.535049
          ],
          [
            11.495773,
            46.534883
          ],
          [
            11.495167,
            46.534498
          ],
          [
            11.494944,
            46.534333
          ],
          [
            11.494529,
            46.533967
          ],
          [
            11.493665,
            46.532998
          ],
          [
            11.493312,
            46.532633
          ],
          [
            11.493058,
            46.532398
          ],
          [
            11.492684,
            46.532092
          ],
          [
            11.492004,
            46.531564
          ],
          [
            11.491771,
            46.531353
          ],
          [
            11.491513,
            46.531074
          ],
          [
            11.491288,
            46.530796
          ],
          [
            11.491109,
            46.530532
          ],
          [
            11.49087,
            46.530114
          ],
          [
            11.490724,
            46.529792
          ],
          [
            11.490424,
            46.529009
          ],
          [
            11.490198,
            46.52852
          ],
          [
            11.489853,
            46.527994
          ],
          [
            11.489656,
            46.52775
          ],
          [
            11.488976,
            46.527021
          ],
          [
            11.488218,
            46.526328
          ],
          [
            11.486169,
            46.524263
          ],
          [
            11.485093,
            46.523209
          ],
          [
            11.484502,
            46.52272
          ],
          [
            11.483235,
            46.521828
          ],
          [
            11.482795,
            46.521474
          ],
          [
            11.482449,
            46.521133
          ],
          [
            11.481326,
            46.519785
          ],
          [
            11.481031,
            46.519498
          ],
          [
            11.480027,
            46.518698
          ],
          [
            11.479459,
            46.518223
          ],
          [
            11.478911,
            46.517676
          ],
          [
            11.478599,
            46.517314
          ],
          [
            11.478332,
            46.516961
          ],
          [
            11.477987,
            46.516423
          ],
          [
            11.477289,
            46.515251
          ],
          [
            11.477061,
            46.514928
          ],
          [
            11.476854,
            46.51469
          ],
          [
            11.476587,
            46.514427
          ],
          [
            11.475958,
            46.513935
          ],
          [
            11.475726,
            46.513788
          ],
          [
            11.475333,
            46.513573
          ],
          [
            11.474978,
            46.513409
          ],
          [
            11.474523,
            46.513229
          ],
          [
            11.474129,
            46.513102
          ],
          [
            11.473482,
            46.512937
          ],
          [
            11.472836,
            46.512817
          ],
          [
            11.47209,
            46.5127
          ],
          [
            11.471491,
            46.512587
          ],
          [
            11.471068,
            46.512486
          ],
          [
            11.470746,
            46.512399
          ],
          [
            11.470092,
            46.512171
          ],
          [
            11.469749,
            46.512022
          ],
          [
            11.469432,
            46.511862
          ],
          [
            11.469047,
            46.511642
          ],
          [
            11.468733,
            46.511418
          ],
          [
            11.468228,
            46.510985
          ],
          [
            11.467973,
            46.510721
          ],
          [
            11.467069,
            46.50956
          ],
          [
            11.466852,
            46.509311
          ],
          [
            11.466486,
            46.508938
          ],
          [
            11.465847,
            46.50842
          ],
          [
            11.465427,
            46.508157
          ],
          [
            11.465072,
            46.507963
          ],
          [
            11.464629,
            46.507754
          ],
          [
            11.462375,
            46.506773
          ],
          [
            11.461744,
            46.506484
          ],
          [
            11.461163,
            46.506172
          ],
          [
            11.460709,
            46.505885
          ],
          [
            11.45986,
            46.505294
          ],
          [
            11.458475,
            46.504248
          ],
          [
            11.455508,
            46.502613
          ],
          [
            11.454843,
            46.502122
          ],
          [
            11.454158,
            46.501553
          ],
          [
            11.453351,
            46.500933
          ],
          [
            11.452673,
            46.500508
          ],
          [
            11.450409,
            46.499146
          ],
          [
            11.450024,
            46.498941
          ],
          [
            11.449584,
            46.498747
          ],
          [
            11.448324,
            46.498277
          ],
          [
            11.447093,
            46.497847
          ],
          [
            11.44301,
            46.49637
          ],
          [
            11.442599,
            46.496194
          ],
          [
            11.442058,
            46.49592
          ],
          [
            11.441591,
            46.495619
          ],
          [
            11.441234,
            46.495367
          ],
          [
            11.440902,
            46.495095
          ],
          [
            11.440358,
            46.494591
          ],
          [
            11.439929,
            46.494225
          ],
          [
            11.439579,
            46.493966
          ],
          [
            11.439049,
            46.493661
          ],
          [
            11.438783,
            46.493529
          ],
          [
            11.438011,
            46.493203
          ],
          [
            11.437695,
            46.493094
          ],
          [
            11.437273,
            46.492978
          ],
          [
            11.43665,
            46.492855
          ],
          [
            11.436165,
            46.492794
          ],
          [
            11.435588,
            46.492761
          ],
          [
            11.434364,
            46.49276
          ],
          [
            11.433807,
            46.492732
          ],
          [
            11.433022,
            46.49267
          ],
          [
            11.432272,
            46.492592
          ],
          [
            11.431838,
            46.492529
          ],
          [
            11.431373,
            46.49242
          ],
          [
            11.430937,
            46.49228
          ],
          [
            11.430142,
            46.491943
          ],
          [
            11.429324,
            46.491473
          ],
          [
            11.428497,
            46.490933
          ],
          [
            11.427688,
            46.490439
          ],
          [
            11.427342,
            46.490252
          ],
          [
            11.426818,
            46.489999
          ],
          [
            11.426386,
            46.489827
          ],
          [
            11.426082,
            46.489728
          ],
          [
            11.425643,
            46.489618
          ],
          [
            11.425401,
            46.489566
          ],
          [
            11.42505,
            46.489504
          ],
          [
            11.424332,
            46.489419
          ],
          [
            11.423937,
            46.489405
          ],
          [
            11.423222,
            46.489424
          ],
          [
            11.422841,
            46.489464
          ],
          [
            11.422154,
            46.48958
          ],
          [
            11.421791,
            46.489661
          ],
          [
            11.421427,
            46.489766
          ],
          [
            11.420819,
            46.489985
          ],
          [
            11.420147,
            46.490283
          ],
          [
            11.416651,
            46.491986
          ],
          [
            11.413796,
            46.493355
          ],
          [
            11.412626,
            46.493896
          ],
          [
            11.412126,
            46.494105
          ],
          [
            11.41163,
            46.494282
          ],
          [
            11.410938,
            46.494482
          ],
          [
            11.410036,
            46.494668
          ],
          [
            11.409208,
            46.494773
          ],
          [
            11.408897,
            46.494795
          ],
          [
            11.408097,
            46.494814
          ],
          [
            11.407582,
            46.494798
          ],
          [
            11.407097,
            46.494759
          ],
          [
            11.405937,
            46.494602
          ],
          [
            11.403152,
            46.494107
          ],
          [
            11.402336,
            46.493957
          ],
          [
            11.399859,
            46.493518
          ],
          [
            11.398874,
            46.493361
          ],
          [
            11.396207,
            46.492958
          ],
          [
            11.395351,
            46.492849
          ],
          [
            11.394942,
            46.492826
          ],
          [
            11.394474,
            46.49282
          ],
          [
            11.393854,
            46.492846
          ],
          [
            11.393101,
            46.492908
          ],
          [
            11.390989,
            46.493111
          ],
          [
            11.390579,
            46.493145
          ],
          [
            11.38996,
            46.493167
          ],
          [
            11.389462,
            46.493163
          ],
          [
            11.389077,
            46.493144
          ],
          [
            11.387394,
            46.493002
          ],
          [
            11.386987,
            46.492979
          ],
          [
            11.386171,
            46.492962
          ],
          [
            11.385606,
            46.492998
          ],
          [
            11.383553,
            46.49325
          ],
          [
            11.38305,
            46.493275
          ],
          [
            11.379359,
            46.493343
          ],
          [
            11.378168,
            46.493344
          ],
          [
            11.377222,
            46.493273
          ],
          [
            11.376322,
            46.493164
          ],
          [
            11.371481,
            46.492222
          ],
          [
            11.370467,
            46.492008
          ],
          [
            11.369487,
            46.491766
          ],
          [
            11.369244,
            46.491709
          ],
          [
            11.367379,
            46.491271
          ],
          [
            11.366691,
            46.491157
          ],
          [
            11.366001,
            46.49108
          ],
          [
            11.365344,
            46.491044
          ],
          [
            11.3645,
            46.49105
          ],
          [
            11.363771,
            46.491106
          ],
          [
            11.361078,
            46.491476
          ],
          [
            11.360459,
            46.491512
          ],
          [
            11.359837,
            46.491525
          ],
          [
            11.359144,
            46.491483
          ],
          [
            11.349956,
            46.490022
          ],
          [
            11.347712,
            46.489589
          ],
          [
            11.347121,
            46.489427
          ],
          [
            11.34655,
            46.489243
          ],
          [
            11.34449,
            46.488427
          ],
          [
            11.344034,
            46.488261
          ],
          [
            11.343558,
            46.488133
          ],
          [
            11.343027,
            46.488035
          ],
          [
            11.342444,
            46.487961
          ],
          [
            11.341829,
            46.487905
          ],
          [
            11.340313,
            46.48782
          ],
          [
            11.339493,
            46.487725
          ],
          [
            11.33748,
            46.487311
          ],
          [
            11.336427,
            46.48708
          ],
          [
            11.334813,
            46.486782
          ],
          [
            11.334236,
            46.486645
          ],
          [
            11.332159,
            46.486033
          ],
          [
            11.330446,
            46.48558
          ],
          [
            11.329304,
            46.485198
          ],
          [
            11.32878,
            46.484968
          ],
          [
            11.328242,
            46.484703
          ],
          [
            11.327559,
            46.484316
          ],
          [
            11.326899,
            46.483869
          ],
          [
            11.325958,
            46.483162
          ],
          [
            11.323516,
            46.481267
          ],
          [
            11.322744,
            46.480753
          ],
          [
            11.321003,
            46.479793
          ],
          [
            11.320495,
            46.479479
          ],
          [
            11.319942,
            46.479089
          ],
          [
            11.31966,
            46.478841
          ],
          [
            11.319317,
            46.478498
          ],
          [
            11.318974,
            46.478104
          ],
          [
            11.318711,
            46.477766
          ],
          [
            11.317431,
            46.476131
          ],
          [
            11.315836,
            46.474089
          ],
          [
            11.314607,
            46.472547
          ],
          [
            11.314036,
            46.471899
          ],
          [
            11.312943,
            46.470755
          ],
          [
            11.312068,
            46.469933
          ],
          [
            11.311351,
            46.469295
          ],
          [
            11.310548,
            46.468638
          ],
          [
            11.307974,
            46.466609
          ],
          [
            11.307178,
            46.465956
          ],
          [
            11.306707,
            46.465518
          ],
          [
            11.306122,
            46.464915
          ],
          [
            11.305787,
            46.464528
          ],
          [
            11.305231,
            46.463763
          ],
          [
            11.304975,
            46.463357
          ],
          [
            11.304524,
            46.462509
          ],
          [
            11.304292,
            46.461963
          ],
          [
            11.304097,
            46.461372
          ],
          [
            11.303963,
            46.460829
          ],
          [
            11.303844,
            46.460105
          ],
          [
            11.3038,
            46.459482
          ],
          [
            11.3038,
            46.458902
          ],
          [
            11.303828,
            46.458461
          ],
          [
            11.303897,
            46.457968
          ],
          [
            11.304012,
            46.457425
          ],
          [
            11.304207,
            46.45676
          ],
          [
            11.304391,
            46.456274
          ],
          [
            11.304556,
            46.455891
          ],
          [
            11.304884,
            46.455268
          ],
          [
            11.305195,
            46.454764
          ],
          [
            11.305663,
            46.454073
          ],
          [
            11.308237,
            46.45052
          ],
          [
            11.308985,
            46.449578
          ],
          [
            11.310101,
            46.448333
          ],
          [
            11.314185,
            46.444052
          ],
          [
            11.314809,
            46.443333
          ],
          [
            11.315487,
            46.442393
          ],
          [
            11.315806,
            46.441888
          ],
          [
            11.316138,
            46.441262
          ],
          [
            11.316444,
            46.440573
          ],
          [
            11.316605,
            46.44014
          ],
          [
            11.31678,
            46.439583
          ],
          [
            11.316954,
            46.438842
          ],
          [
            11.317093,
            46.437818
          ],
          [
            11.317101,
            46.43689
          ],
          [
            11.317058,
            46.4362
          ],
          [
            11.315892,
            46.428437
          ],
          [
            11.315537,
            46.426222
          ],
          [
            11.315318,
            46.425336
          ],
          [
            11.315131,
            46.424813
          ],
          [
            11.314762,
            46.423969
          ],
          [
            11.314238,
            46.423027
          ],
          [
            11.313597,
            46.422045
          ],
          [
            11.312527,
            46.420459
          ],
          [
            11.304743,
            46.408843
          ],
          [
            11.297513,
            46.397752
          ],
          [
            11.296239,
            46.395748
          ],
          [
            11.29603,
            46.395381
          ],
          [
            11.295648,
            46.394618
          ],
          [
            11.295264,
            46.393697
          ],
          [
            11.295047,
            46.393041
          ],
          [
            11.294953,
            46.392694
          ],
          [
            11.294249,
            46.389927
          ],
          [
            11.294172,
            46.389627
          ],
          [
            11.292646,
            46.383558
          ],
          [
            11.292593,
            46.383346
          ],
          [
            11.290754,
            46.376059
          ],
          [
            11.290573,
            46.375175
          ],
          [
            11.290455,
            46.37436
          ],
          [
            11.290396,
            46.373761
          ],
          [
            11.290382,
            46.373128
          ],
          [
            11.290396,
            46.372122
          ],
          [
            11.290489,
            46.369484
          ],
          [
            11.290482,
            46.368645
          ],
          [
            11.290451,
            46.368094
          ],
          [
            11.290235,
            46.365497
          ],
          [
            11.290076,
            46.364395
          ],
          [
            11.289824,
            46.363229
          ],
          [
            11.289537,
            46.362248
          ],
          [
            11.287934,
            46.357787
          ],
          [
            11.287461,
            46.356485
          ],
          [
            11.286885,
            46.355101
          ],
          [
            11.286339,
            46.353996
          ],
          [
            11.285971,
            46.353339
          ],
          [
            11.285638,
            46.352818
          ],
          [
            11.284784,
            46.351598
          ],
          [
            11.281832,
            46.347573
          ],
          [
            11.281318,
            46.346781
          ],
          [
            11.2808,
            46.345841
          ],
          [
            11.280361,
            46.344912
          ],
          [
            11.280204,
            46.344525
          ],
          [
            11.279362,
            46.342166
          ],
          [
            11.278276,
            46.338999
          ],
          [
            11.277986,
            46.338218
          ],
          [
            11.277717,
            46.337459
          ],
          [
            11.276984,
            46.335329
          ],
          [
            11.276951,
            46.335233
          ],
          [
            11.276115,
            46.332837
          ],
          [
            11.2758,
            46.332074
          ],
          [
            11.275489,
            46.33145
          ],
          [
            11.274815,
            46.33038
          ],
          [
            11.269845,
            46.323813
          ],
          [
            11.269441,
            46.323313
          ],
          [
            11.269005,
            46.322812
          ],
          [
            11.268529,
            46.322307
          ],
          [
            11.267718,
            46.32153
          ],
          [
            11.267174,
            46.321045
          ],
          [
            11.266653,
            46.320609
          ],
          [
            11.265471,
            46.319716
          ],
          [
            11.260411,
            46.315993
          ],
          [
            11.258979,
            46.314873
          ],
          [
            11.258239,
            46.314236
          ],
          [
            11.257757,
            46.313782
          ],
          [
            11.257245,
            46.313284
          ],
          [
            11.256375,
            46.312361
          ],
          [
            11.25296,
            46.308262
          ],
          [
            11.244399,
            46.297914
          ],
          [
            11.240228,
            46.292852
          ],
          [
            11.239769,
            46.292254
          ],
          [
            11.239015,
            46.291182
          ],
          [
            11.238697,
            46.290682
          ],
          [
            11.238313,
            46.290048
          ],
          [
            11.237802,
            46.289128
          ],
          [
            11.237277,
            46.28806
          ],
          [
            11.236838,
            46.287055
          ],
          [
            11.236408,
            46.285843
          ],
          [
            11.235974,
            46.284277
          ],
          [
            11.233649,
            46.273883
          ],
          [
            11.233296,
            46.272564
          ],
          [
            11.233137,
            46.272106
          ],
          [
            11.232899,
            46.27153
          ],
          [
            11.232685,
            46.271099
          ],
          [
            11.232416,
            46.270605
          ],
          [
            11.231395,
            46.268923
          ],
          [
            11.229052,
            46.265157
          ],
          [
            11.22854,
            46.26442
          ],
          [
            11.228141,
            46.263902
          ],
          [
            11.227419,
            46.263084
          ],
          [
            11.226893,
            46.262545
          ],
          [
            11.222905,
            46.258549
          ],
          [
            11.220453,
            46.256131
          ],
          [
            11.219328,
            46.255216
          ],
          [
            11.218517,
            46.254635
          ],
          [
            11.215797,
            46.252752
          ],
          [
            11.215209,
            46.252333
          ],
          [
            11.2146,
            46.251865
          ],
          [
            11.214255,
            46.251583
          ],
          [
            11.213416,
            46.250828
          ],
          [
            11.211296,
            46.248844
          ],
          [
            11.210742,
            46.248371
          ],
          [
            11.210323,
            46.248038
          ],
          [
            11.209919,
            46.247761
          ],
          [
            11.209273,
            46.247357
          ],
          [
            11.208621,
            46.246998
          ],
          [
            11.207887,
            46.246638
          ],
          [
            11.207298,
            46.24637
          ],
          [
            11.20086,
            46.243662
          ],
          [
            11.200012,
            46.243323
          ],
          [
            11.199454,
            46.24312
          ],
          [
            11.182191,
            46.237396
          ],
          [
            11.174304,
            46.234727
          ],
          [
            11.170758,
            46.233494
          ],
          [
            11.166185,
            46.231804
          ],
          [
            11.157368,
            46.228445
          ],
          [
            11.151436,
            46.226219
          ],
          [
            11.150592,
            46.22588
          ],
          [
            11.149774,
            46.225488
          ],
          [
            11.14899,
            46.22506
          ],
          [
            11.147916,
            46.224336
          ],
          [
            11.147008,
            46.223545
          ],
          [
            11.146486,
            46.222997
          ],
          [
            11.146032,
            46.222413
          ],
          [
            11.145642,
            46.221864
          ],
          [
            11.145326,
            46.221308
          ],
          [
            11.144438,
            46.219548
          ],
          [
            11.140836,
            46.212035
          ],
          [
            11.139764,
            46.209945
          ],
          [
            11.137637,
            46.205491
          ],
          [
            11.137372,
            46.204997
          ],
          [
            11.137079,
            46.204517
          ],
          [
            11.136648,
            46.203911
          ],
          [
            11.136202,
            46.203336
          ],
          [
            11.135521,
            46.202569
          ],
          [
            11.134695,
            46.201785
          ],
          [
            11.134223,
            46.201383
          ],
          [
            11.133757,
            46.201026
          ],
          [
            11.130303,
            46.198653
          ],
          [
            11.128165,
            46.19717
          ],
          [
            11.126121,
            46.195748
          ],
          [
            11.125558,
            46.19532
          ],
          [
            11.122458,
            46.192813
          ],
          [
            11.121834,
            46.192296
          ],
          [
            11.120411,
            46.191154
          ],
          [
            11.11903,
            46.190008
          ],
          [
            11.118218,
            46.189294
          ],
          [
            11.117711,
            46.188807
          ],
          [
            11.11726,
            46.188319
          ],
          [
            11.116426,
            46.187251
          ],
          [
            11.114683,
            46.184585
          ],
          [
            11.111275,
            46.179259
          ],
          [
            11.110398,
            46.177919
          ],
          [
            11.10949,
            46.176566
          ],
          [
            11.108311,
            46.174902
          ],
          [
            11.104989,
            46.170025
          ],
          [
            11.104462,
            46.16933
          ],
          [
            11.10397,
            46.168763
          ],
          [
            11.10313,
            46.1679
          ],
          [
            11.098703,
            46.163634
          ],
          [
            11.096548,
            46.161515
          ],
          [
            11.094899,
            46.159927
          ],
          [
            11.094261,
            46.159255
          ],
          [
            11.093849,
            46.15873
          ],
          [
            11.0935,
            46.158218
          ],
          [
            11.093305,
            46.157895
          ],
          [
            11.093031,
            46.157374
          ],
          [
            11.092623,
            46.156406
          ],
          [
            11.092267,
            46.155297
          ],
          [
            11.090303,
            46.149645
          ],
          [
            11.089065,
            46.146271
          ],
          [
            11.088699,
            46.145362
          ],
          [
            11.088227,
            46.14433
          ],
          [
            11.084676,
            46.13726
          ],
          [
            11.082813,
            46.13356
          ],
          [
            11.082341,
            46.132339
          ],
          [
            11.082202,
            46.131812
          ],
          [
            11.082107,
            46.131294
          ],
          [
            11.082052,
            46.129844
          ],
          [
            11.082064,
            46.129547
          ],
          [
            11.082179,
            46.12879
          ],
          [
            11.082385,
            46.127947
          ],
          [
            11.08266,
            46.127168
          ],
          [
            11.082927,
            46.12658
          ],
          [
            11.085448,
            46.121626
          ],
          [
            11.085477,
            46.121572
          ],
          [
            11.085868,
            46.120777
          ],
          [
            11.085892,
            46.120714
          ],
          [
            11.086225,
            46.119902
          ],
          [
            11.08652,
            46.118913
          ],
          [
            11.086797,
            46.117515
          ],
          [
            11.087151,
            46.114058
          ],
          [
            11.087326,
            46.113149
          ],
          [
            11.087553,
            46.112244
          ],
          [
            11.089656,
            46.104991
          ],
          [
            11.089963,
            46.104119
          ],
          [
            11.090246,
            46.103432
          ],
          [
            11.090581,
            46.10275
          ],
          [
            11.091124,
            46.10182
          ],
          [
            11.091727,
            46.100977
          ],
          [
            11.092251,
            46.100337
          ],
          [
            11.093387,
            46.099082
          ],
          [
            11.094653,
            46.097789
          ],
          [
            11.101994,
            46.090007
          ],
          [
            11.102054,
            46.089942
          ],
          [
            11.10332,
            46.088545
          ],
          [
            11.103653,
            46.088116
          ],
          [
            11.104032,
            46.08755
          ],
          [
            11.104322,
            46.087004
          ],
          [
            11.104509,
            46.086592
          ],
          [
            11.10467,
            46.086179
          ],
          [
            11.104871,
            46.085428
          ],
          [
            11.104947,
            46.084991
          ],
          [
            11.104981,
            46.084546
          ],
          [
            11.105059,
            46.082962
          ],
          [
            11.105198,
            46.081559
          ],
          [
            11.105285,
            46.080909
          ],
          [
            11.105702,
            46.078778
          ],
          [
            11.105843,
            46.078073
          ],
          [
            11.105867,
            46.077914
          ],
          [
            11.10624,
            46.076042
          ],
          [
            11.106566,
            46.074695
          ],
          [
            11.106964,
            46.07349
          ],
          [
            11.10698,
            46.073441
          ],
          [
            11.107283,
            46.072529
          ],
          [
            11.108578,
            46.068382
          ],
          [
            11.109762,
            46.065147
          ],
          [
            11.109856,
            46.064799
          ],
          [
            11.109968,
            46.064421
          ],
          [
            11.110115,
            46.063742
          ],
          [
            11.110181,
            46.063157
          ],
          [
            11.110183,
            46.062334
          ],
          [
            11.110094,
            46.061603
          ],
          [
            11.109752,
            46.060042
          ],
          [
            11.109525,
            46.059116
          ],
          [
            11.109494,
            46.058981
          ],
          [
            11.108921,
            46.056613
          ],
          [
            11.108847,
            46.056242
          ],
          [
            11.108755,
            46.055451
          ],
          [
            11.108745,
            46.054667
          ],
          [
            11.108784,
            46.053762
          ],
          [
            11.108879,
            46.052904
          ],
          [
            11.109023,
            46.052128
          ],
          [
            11.109197,
            46.051433
          ],
          [
            11.109392,
            46.050787
          ],
          [
            11.10976,
            46.049845
          ],
          [
            11.11023,
            46.048889
          ],
          [
            11.110766,
            46.047984
          ],
          [
            11.111362,
            46.047113
          ],
          [
            11.112035,
            46.046281
          ],
          [
            11.11281,
            46.045433
          ],
          [
            11.113128,
            46.045107
          ],
          [
            11.116069,
            46.04221
          ],
          [
            11.116668,
            46.041578
          ],
          [
            11.11706,
            46.041131
          ],
          [
            11.117417,
            46.040674
          ],
          [
            11.11792,
            46.039954
          ],
          [
            11.118031,
            46.039786
          ],
          [
            11.118449,
            46.039041
          ],
          [
            11.118724,
            46.038456
          ],
          [
            11.119194,
            46.037225
          ],
          [
            11.119845,
            46.035404
          ],
          [
            11.120507,
            46.033532
          ],
          [
            11.121306,
            46.031279
          ],
          [
            11.121352,
            46.031106
          ],
          [
            11.121643,
            46.030232
          ],
          [
            11.121755,
            46.029778
          ],
          [
            11.121919,
            46.028877
          ],
          [
            11.121983,
            46.027846
          ],
          [
            11.121944,
            46.020247
          ],
          [
            11.121895,
            46.017704
          ],
          [
            11.12131,
            46.011246
          ],
          [
            11.121237,
            46.010254
          ],
          [
            11.12109,
            46.007308
          ],
          [
            11.120981,
            46.00427
          ],
          [
            11.120793,
            46.000283
          ],
          [
            11.120717,
            45.999581
          ],
          [
            11.120602,
            45.998861
          ],
          [
            11.120401,
            45.997876
          ],
          [
            11.120133,
            45.996889
          ],
          [
            11.119808,
            45.995956
          ],
          [
            11.119437,
            45.99503
          ],
          [
            11.118862,
            45.993859
          ],
          [
            11.118187,
            45.992687
          ],
          [
            11.117506,
            45.991669
          ],
          [
            11.116742,
            45.990651
          ],
          [
            11.115921,
            45.989691
          ],
          [
            11.111002,
            45.98447
          ],
          [
            11.110223,
            45.983577
          ],
          [
            11.109677,
            45.982828
          ],
          [
            11.109278,
            45.98212
          ],
          [
            11.108975,
            45.981357
          ],
          [
            11.108779,
            45.980692
          ],
          [
            11.108612,
            45.97983
          ],
          [
            11.108211,
            45.977142
          ],
          [
            11.107346,
            45.970793
          ],
          [
            11.105759,
            45.959477
          ],
          [
            11.105546,
            45.95837
          ],
          [
            11.105264,
            45.957379
          ],
          [
            11.10507,
            45.956784
          ],
          [
            11.104753,
            45.956001
          ],
          [
            11.101607,
            45.949181
          ],
          [
            11.101189,
            45.948375
          ],
          [
            11.100651,
            45.947495
          ],
          [
            11.10035,
            45.947051
          ],
          [
            11.099861,
            45.946385
          ],
          [
            11.099221,
            45.945605
          ],
          [
            11.098729,
            45.945066
          ],
          [
            11.098186,
            45.944514
          ],
          [
            11.097113,
            45.943529
          ],
          [
            11.096892,
            45.943336
          ],
          [
            11.090896,
            45.938125
          ],
          [
            11.089918,
            45.937237
          ],
          [
            11.083387,
            45.930911
          ],
          [
            11.081961,
            45.929575
          ],
          [
            11.081252,
            45.929022
          ],
          [
            11.080813,
            45.928724
          ],
          [
            11.08035,
            45.928447
          ],
          [
            11.079831,
            45.928172
          ],
          [
            11.079297,
            45.927917
          ],
          [
            11.078729,
            45.927681
          ],
          [
            11.078127,
            45.927463
          ],
          [
            11.077616,
            45.927316
          ],
          [
            11.076715,
            45.92709
          ],
          [
            11.075757,
            45.926913
          ],
          [
            11.075164,
            45.926842
          ],
          [
            11.074466,
            45.926783
          ],
          [
            11.073773,
            45.926758
          ],
          [
            11.072658,
            45.92679
          ],
          [
            11.071888,
            45.926852
          ],
          [
            11.071168,
            45.926944
          ],
          [
            11.069898,
            45.927172
          ],
          [
            11.066466,
            45.927881
          ],
          [
            11.065372,
            45.928053
          ],
          [
            11.064367,
            45.928147
          ],
          [
            11.063452,
            45.928177
          ],
          [
            11.062268,
            45.928117
          ],
          [
            11.061728,
            45.928066
          ],
          [
            11.060929,
            45.927961
          ],
          [
            11.059892,
            45.92775
          ],
          [
            11.059045,
            45.92752
          ],
          [
            11.058482,
            45.92734
          ],
          [
            11.057893,
            45.92712
          ],
          [
            11.057353,
            45.926881
          ],
          [
            11.056753,
            45.926586
          ],
          [
            11.053092,
            45.924557
          ],
          [
            11.044051,
            45.91943
          ],
          [
            11.041769,
            45.918116
          ],
          [
            11.040139,
            45.917159
          ],
          [
            11.038578,
            45.916139
          ],
          [
            11.037978,
            45.915684
          ],
          [
            11.037814,
            45.915562
          ],
          [
            11.036728,
            45.914696
          ],
          [
            11.036291,
            45.914281
          ],
          [
            11.036006,
            45.913965
          ],
          [
            11.035778,
            45.913745
          ],
          [
            11.034685,
            45.912539
          ],
          [
            11.034366,
            45.912148
          ],
          [
            11.028413,
            45.904287
          ],
          [
            11.026715,
            45.902042
          ],
          [
            11.026121,
            45.901316
          ],
          [
            11.02568,
            45.900828
          ],
          [
            11.025221,
            45.90034
          ],
          [
            11.024516,
            45.899656
          ],
          [
            11.023864,
            45.899089
          ],
          [
            11.022979,
            45.898373
          ],
          [
            11.017652,
            45.894466
          ],
          [
            11.016764,
            45.893731
          ],
          [
            11.016358,
            45.893351
          ],
          [
            11.01572,
            45.892681
          ],
          [
            11.015186,
            45.892006
          ],
          [
            11.014806,
            45.891451
          ],
          [
            11.014396,
            45.890749
          ],
          [
            11.014083,
            45.890155
          ],
          [
            11.009899,
            45.881899
          ],
          [
            11.009456,
            45.880784
          ],
          [
            11.009081,
            45.879498
          ],
          [
            11.007517,
            45.872024
          ],
          [
            11.007134,
            45.870619
          ],
          [
            11.006538,
            45.869412
          ],
          [
            11.005153,
            45.867443
          ],
          [
            11.004302,
            45.866267
          ],
          [
            11.001398,
            45.862102
          ],
          [
            11.001009,
            45.861415
          ],
          [
            11.000736,
            45.860777
          ],
          [
            11.000582,
            45.860316
          ],
          [
            11.00042,
            45.85946
          ],
          [
            11.000374,
            45.859074
          ],
          [
            11.00039,
            45.858329
          ],
          [
            11.000497,
            45.857594
          ],
          [
            11.0007,
            45.85681
          ],
          [
            11.001124,
            45.855391
          ],
          [
            11.001258,
            45.854792
          ],
          [
            11.001354,
            45.853974
          ],
          [
            11.00133,
            45.853233
          ],
          [
            11.001258,
            45.852682
          ],
          [
            11.001128,
            45.852166
          ],
          [
            11.000963,
            45.851652
          ],
          [
            11.000047,
            45.849397
          ],
          [
            10.999835,
            45.848701
          ],
          [
            10.99969,
            45.848053
          ],
          [
            10.999651,
            45.846825
          ],
          [
            10.999674,
            45.846317
          ],
          [
            10.999774,
            45.84562
          ],
          [
            10.999924,
            45.844931
          ],
          [
            11.000519,
            45.843257
          ],
          [
            11.00102,
            45.842385
          ],
          [
            11.001897,
            45.840959
          ],
          [
            11.002103,
            45.840527
          ],
          [
            11.002404,
            45.83977
          ],
          [
            11.002517,
            45.839389
          ],
          [
            11.002611,
            45.838924
          ],
          [
            11.0027,
            45.838408
          ],
          [
            11.002762,
            45.837422
          ],
          [
            11.002969,
            45.830378
          ],
          [
            11.003039,
            45.829354
          ],
          [
            11.003154,
            45.828715
          ],
          [
            11.003709,
            45.826802
          ],
          [
            11.003817,
            45.826305
          ],
          [
            11.003888,
            45.825808
          ],
          [
            11.003925,
            45.825316
          ],
          [
            11.004053,
            45.82273
          ],
          [
            11.004168,
            45.821877
          ],
          [
            11.004397,
            45.820985
          ],
          [
            11.004666,
            45.820306
          ],
          [
            11.004984,
            45.819677
          ],
          [
            11.005176,
            45.819345
          ],
          [
            11.005371,
            45.819059
          ],
          [
            11.006345,
            45.817757
          ],
          [
            11.008677,
            45.815218
          ],
          [
            11.009295,
            45.814389
          ],
          [
            11.009527,
            45.814
          ],
          [
            11.009688,
            45.813721
          ],
          [
            11.010751,
            45.811799
          ],
          [
            11.011577,
            45.810531
          ],
          [
            11.012148,
            45.809837
          ],
          [
            11.013262,
            45.808691
          ],
          [
            11.014555,
            45.807467
          ],
          [
            11.015154,
            45.806813
          ],
          [
            11.015637,
            45.80615
          ],
          [
            11.018915,
            45.800724
          ],
          [
            11.019,
            45.800589
          ],
          [
            11.019956,
            45.798984
          ],
          [
            11.020347,
            45.798279
          ],
          [
            11.020512,
            45.797938
          ],
          [
            11.020774,
            45.797282
          ],
          [
            11.020983,
            45.796414
          ],
          [
            11.021044,
            45.796051
          ],
          [
            11.021106,
            45.795231
          ],
          [
            11.021063,
            45.794503
          ],
          [
            11.020972,
            45.793885
          ],
          [
            11.020517,
            45.791696
          ],
          [
            11.020475,
            45.791464
          ],
          [
            11.020234,
            45.790265
          ],
          [
            11.020014,
            45.789356
          ],
          [
            11.019836,
            45.788749
          ],
          [
            11.019495,
            45.787871
          ],
          [
            11.018959,
            45.786952
          ],
          [
            11.018533,
            45.786363
          ],
          [
            11.017573,
            45.785243
          ],
          [
            11.017363,
            45.784996
          ],
          [
            11.016853,
            45.784368
          ],
          [
            11.016367,
            45.783679
          ],
          [
            11.016221,
            45.783419
          ],
          [
            11.015792,
            45.782484
          ],
          [
            11.011502,
            45.772536
          ],
          [
            11.011357,
            45.772268
          ],
          [
            11.010984,
            45.771688
          ],
          [
            11.010626,
            45.771209
          ],
          [
            11.010417,
            45.770965
          ],
          [
            11.009954,
            45.770509
          ],
          [
            11.009749,
            45.770266
          ],
          [
            11.009173,
            45.769754
          ],
          [
            11.008839,
            45.769479
          ],
          [
            11.008198,
            45.769026
          ],
          [
            11.007545,
            45.768599
          ],
          [
            10.999597,
            45.764381
          ],
          [
            10.999254,
            45.764159
          ],
          [
            10.998938,
            45.76394
          ],
          [
            10.998641,
            45.763706
          ],
          [
            10.998354,
            45.763473
          ],
          [
            10.998125,
            45.763261
          ],
          [
            10.997621,
            45.762715
          ],
          [
            10.997018,
            45.761956
          ],
          [
            10.996314,
            45.761034
          ],
          [
            10.993489,
            45.757414
          ],
          [
            10.98891,
            45.751373
          ],
          [
            10.988389,
            45.750756
          ],
          [
            10.987804,
            45.75015
          ],
          [
            10.987232,
            45.749626
          ],
          [
            10.986666,
            45.749203
          ],
          [
            10.986081,
            45.748812
          ],
          [
            10.985181,
            45.748296
          ],
          [
            10.984798,
            45.748107
          ],
          [
            10.982326,
            45.747037
          ],
          [
            10.981406,
            45.746656
          ],
          [
            10.977274,
            45.744927
          ],
          [
            10.97512,
            45.744027
          ],
          [
            10.973048,
            45.743163
          ],
          [
            10.971852,
            45.742623
          ],
          [
            10.971032,
            45.742221
          ],
          [
            10.966771,
            45.740034
          ],
          [
            10.965847,
            45.739595
          ],
          [
            10.964956,
            45.73924
          ],
          [
            10.964525,
            45.739086
          ],
          [
            10.96373,
            45.738853
          ],
          [
            10.962833,
            45.738633
          ],
          [
            10.962332,
            45.738528
          ],
          [
            10.96173,
            45.738421
          ],
          [
            10.959016,
            45.737999
          ],
          [
            10.95783,
            45.737745
          ],
          [
            10.957248,
            45.737598
          ],
          [
            10.956535,
            45.737388
          ],
          [
            10.955531,
            45.737041
          ],
          [
            10.955003,
            45.736835
          ],
          [
            10.953576,
            45.736174
          ],
          [
            10.948686,
            45.733665
          ],
          [
            10.946709,
            45.73263
          ],
          [
            10.946177,
            45.732322
          ],
          [
            10.945268,
            45.731763
          ],
          [
            10.944782,
            45.731444
          ],
          [
            10.943476,
            45.730483
          ],
          [
            10.94296,
            45.73006
          ],
          [
            10.942771,
            45.729893
          ],
          [
            10.941954,
            45.729158
          ],
          [
            10.941231,
            45.72843
          ],
          [
            10.940879,
            45.72805
          ],
          [
            10.94035,
            45.727433
          ],
          [
            10.939736,
            45.726632
          ],
          [
            10.933044,
            45.71692
          ],
          [
            10.932442,
            45.716082
          ],
          [
            10.93178,
            45.715272
          ],
          [
            10.931001,
            45.71441
          ],
          [
            10.927875,
            45.711068
          ],
          [
            10.927263,
            45.710345
          ],
          [
            10.926838,
            45.709778
          ],
          [
            10.926114,
            45.70869
          ],
          [
            10.925617,
            45.707789
          ],
          [
            10.921899,
            45.700738
          ],
          [
            10.921638,
            45.700273
          ],
          [
            10.921208,
            45.699575
          ],
          [
            10.920857,
            45.699112
          ],
          [
            10.920479,
            45.698641
          ],
          [
            10.919774,
            45.697913
          ],
          [
            10.919189,
            45.69739
          ],
          [
            10.918443,
            45.696802
          ],
          [
            10.914492,
            45.694111
          ],
          [
            10.910397,
            45.691331
          ],
          [
            10.909888,
            45.690924
          ],
          [
            10.909246,
            45.690384
          ],
          [
            10.908586,
            45.689721
          ],
          [
            10.908293,
            45.689394
          ],
          [
            10.907692,
            45.688657
          ],
          [
            10.906955,
            45.68747
          ],
          [
            10.906774,
            45.687088
          ],
          [
            10.906485,
            45.686378
          ],
          [
            10.906124,
            45.68513
          ],
          [
            10.905744,
            45.683389
          ],
          [
            10.905293,
            45.681497
          ],
          [
            10.905053,
            45.680728
          ],
          [
            10.904683,
            45.679683
          ],
          [
            10.904399,
            45.679004
          ],
          [
            10.90379,
            45.677699
          ],
          [
            10.90319,
            45.676578
          ],
          [
            10.902611,
            45.67562
          ],
          [
            10.89896,
            45.670297
          ],
          [
            10.897685,
            45.668421
          ],
          [
            10.895873,
            45.665807
          ],
          [
            10.89571,
            45.665556
          ],
          [
            10.895283,
            45.664861
          ],
          [
            10.894748,
            45.663846
          ],
          [
            10.894459,
            45.66322
          ],
          [
            10.894192,
            45.662583
          ],
          [
            10.892854,
            45.659063
          ],
          [
            10.892605,
            45.658526
          ],
          [
            10.892301,
            45.657933
          ],
          [
            10.891999,
            45.657413
          ],
          [
            10.891611,
            45.656796
          ],
          [
            10.89049,
            45.655271
          ],
          [
            10.885076,
            45.648031
          ],
          [
            10.884137,
            45.646769
          ],
          [
            10.883665,
            45.646148
          ],
          [
            10.882937,
            45.645277
          ],
          [
            10.882253,
            45.644519
          ],
          [
            10.881472,
            45.643702
          ],
          [
            10.880466,
            45.642673
          ],
          [
            10.880054,
            45.642262
          ],
          [
            10.87959,
            45.641717
          ],
          [
            10.878941,
            45.640831
          ],
          [
            10.878682,
            45.640502
          ],
          [
            10.878539,
            45.640323
          ],
          [
            10.878174,
            45.639932
          ],
          [
            10.877929,
            45.639698
          ],
          [
            10.877547,
            45.639361
          ],
          [
            10.876533,
            45.638548
          ],
          [
            10.875981,
            45.63808
          ],
          [
            10.875441,
            45.637548
          ],
          [
            10.873659,
            45.635696
          ],
          [
            10.863066,
            45.623262
          ],
          [
            10.861593,
            45.621553
          ],
          [
            10.860951,
            45.620842
          ],
          [
            10.859631,
            45.619491
          ],
          [
            10.858615,
            45.618465
          ],
          [
            10.85602,
            45.61582
          ],
          [
            10.855343,
            45.615152
          ],
          [
            10.854348,
            45.614122
          ],
          [
            10.852754,
            45.612522
          ],
          [
            10.852468,
            45.612209
          ],
          [
            10.852193,
            45.611872
          ],
          [
            10.851949,
            45.611553
          ],
          [
            10.851627,
            45.61108
          ],
          [
            10.851316,
            45.610554
          ],
          [
            10.850303,
            45.608632
          ],
          [
            10.84986,
            45.607878
          ],
          [
            10.849053,
            45.606633
          ],
          [
            10.848169,
            45.605428
          ],
          [
            10.847596,
            45.604729
          ],
          [
            10.847072,
            45.604126
          ],
          [
            10.842103,
            45.598675
          ],
          [
            10.839996,
            45.596388
          ],
          [
            10.839472,
            45.595781
          ],
          [
            10.838972,
            45.595155
          ],
          [
            10.838488,
            45.594478
          ],
          [
            10.838178,
            45.594002
          ],
          [
            10.837603,
            45.59304
          ],
          [
            10.83592,
            45.590092
          ],
          [
            10.835347,
            45.589153
          ],
          [
            10.835054,
            45.58872
          ],
          [
            10.83479,
            45.588369
          ],
          [
            10.834393,
            45.587911
          ],
          [
            10.833991,
            45.587494
          ],
          [
            10.833536,
            45.587064
          ],
          [
            10.833218,
            45.586783
          ],
          [
            10.832545,
            45.586268
          ],
          [
            10.832168,
            45.585997
          ],
          [
            10.831672,
            45.585673
          ],
          [
            10.830975,
            45.585258
          ],
          [
            10.830594,
            45.58505
          ],
          [
            10.829837,
            45.584686
          ],
          [
            10.829458,
            45.584524
          ],
          [
            10.829047,
            45.584347
          ],
          [
            10.828133,
            45.58401
          ],
          [
            10.827335,
            45.583764
          ],
          [
            10.826228,
            45.58348
          ],
          [
            10.82498,
            45.583236
          ],
          [
            10.823998,
            45.583082
          ],
          [
            10.819631,
            45.582479
          ],
          [
            10.818435,
            45.582279
          ],
          [
            10.817477,
            45.582097
          ],
          [
            10.816542,
            45.581885
          ],
          [
            10.816028,
            45.581751
          ],
          [
            10.814929,
            45.581425
          ],
          [
            10.814033,
            45.58112
          ],
          [
            10.813094,
            45.580756
          ],
          [
            10.811897,
            45.580211
          ],
          [
            10.810759,
            45.579629
          ],
          [
            10.810111,
            45.579245
          ],
          [
            10.809096,
            45.578588
          ],
          [
            10.808589,
            45.578221
          ],
          [
            10.807409,
            45.577293
          ],
          [
            10.80661,
            45.576514
          ],
          [
            10.80612,
            45.575998
          ],
          [
            10.805587,
            45.575381
          ],
          [
            10.805195,
            45.574866
          ],
          [
            10.804747,
            45.574219
          ],
          [
            10.804373,
            45.573602
          ],
          [
            10.804094,
            45.573062
          ],
          [
            10.8038,
            45.572424
          ],
          [
            10.803623,
            45.571987
          ],
          [
            10.803295,
            45.570957
          ],
          [
            10.803135,
            45.570295
          ],
          [
            10.802045,
            45.565001
          ],
          [
            10.800715,
            45.560127
          ],
          [
            10.800442,
            45.559154
          ],
          [
            10.800053,
            45.557635
          ],
          [
            10.799752,
            45.556606
          ],
          [
            10.799618,
            45.556211
          ],
          [
            10.799269,
            45.555457
          ],
          [
            10.798792,
            45.554679
          ],
          [
            10.798462,
            45.554224
          ],
          [
            10.798071,
            45.553753
          ],
          [
            10.797639,
            45.553306
          ],
          [
            10.797182,
            45.552877
          ],
          [
            10.796282,
            45.552187
          ],
          [
            10.795944,
            45.551965
          ],
          [
            10.795257,
            45.551554
          ],
          [
            10.793853,
            45.550784
          ],
          [
            10.793183,
            45.550438
          ],
          [
            10.792594,
            45.550183
          ],
          [
            10.791813,
            45.54978
          ],
          [
            10.791311,
            45.54955
          ],
          [
            10.791023,
            45.549458
          ],
          [
            10.7906,
            45.549378
          ],
          [
            10.790444,
            45.549366
          ],
          [
            10.790147,
            45.549372
          ],
          [
            10.789837,
            45.549429
          ],
          [
            10.789562,
            45.549517
          ],
          [
            10.789304,
            45.549655
          ],
          [
            10.788805,
            45.550075
          ],
          [
            10.788632,
            45.550305
          ],
          [
            10.78836,
            45.55056
          ],
          [
            10.788266,
            45.550643
          ],
          [
            10.788099,
            45.550777
          ],
          [
            10.787862,
            45.550914
          ],
          [
            10.787539,
            45.551017
          ],
          [
            10.787064,
            45.551082
          ],
          [
            10.786977,
            45.551113
          ],
          [
            10.786815,
            45.551225
          ],
          [
            10.786771,
            45.551362
          ],
          [
            10.786694,
            45.551456
          ],
          [
            10.786621,
            45.551513
          ],
          [
            10.786513,
            45.551565
          ],
          [
            10.786436,
            45.551589
          ],
          [
            10.786335,
            45.55161
          ],
          [
            10.786125,
            45.551612
          ],
          [
            10.785903,
            45.551554
          ],
          [
            10.785656,
            45.551465
          ],
          [
            10.785009,
            45.551343
          ],
          [
            10.784152,
            45.551105
          ],
          [
            10.783347,
            45.550883
          ],
          [
            10.783189,
            45.550887
          ],
          [
            10.783054,
            45.550923
          ],
          [
            10.782902,
            45.551018
          ],
          [
            10.782759,
            45.551156
          ],
          [
            10.782581,
            45.551273
          ],
          [
            10.782375,
            45.551363
          ],
          [
            10.782149,
            45.551426
          ],
          [
            10.781909,
            45.551457
          ],
          [
            10.781666,
            45.551456
          ],
          [
            10.781427,
            45.551423
          ],
          [
            10.781202,
            45.551359
          ],
          [
            10.780997,
            45.551266
          ],
          [
            10.780821,
            45.551149
          ],
          [
            10.78068,
            45.55101
          ],
          [
            10.780578,
            45.550853
          ],
          [
            10.78052,
            45.550686
          ],
          [
            10.780509,
            45.550513
          ],
          [
            10.780537,
            45.550368
          ],
          [
            10.780598,
            45.550228
          ],
          [
            10.78069,
            45.550096
          ],
          [
            10.780812,
            45.549977
          ],
          [
            10.780959,
            45.549873
          ],
          [
            10.781176,
            45.549671
          ],
          [
            10.78124,
            45.549502
          ],
          [
            10.781237,
            45.549358
          ],
          [
            10.781058,
            45.548444
          ],
          [
            10.780918,
            45.547711
          ],
          [
            10.78059,
            45.546598
          ],
          [
            10.780228,
            45.544907
          ],
          [
            10.780133,
            45.544566
          ],
          [
            10.779934,
            45.544015
          ],
          [
            10.779218,
            45.542356
          ],
          [
            10.779017,
            45.541829
          ],
          [
            10.778545,
            45.540061
          ],
          [
            10.778336,
            45.539431
          ],
          [
            10.778001,
            45.538688
          ],
          [
            10.777479,
            45.537758
          ],
          [
            10.777368,
            45.537549
          ],
          [
            10.776883,
            45.536517
          ],
          [
            10.776645,
            45.535801
          ],
          [
            10.776592,
            45.535497
          ],
          [
            10.776536,
            45.535194
          ],
          [
            10.776469,
            45.534559
          ],
          [
            10.776395,
            45.533503
          ],
          [
            10.776279,
            45.533053
          ],
          [
            10.776089,
            45.53252
          ],
          [
            10.776025,
            45.53234
          ],
          [
            10.77581,
            45.531801
          ],
          [
            10.775445,
            45.53099
          ],
          [
            10.775156,
            45.530361
          ],
          [
            10.769915,
            45.518909
          ],
          [
            10.769697,
            45.518345
          ],
          [
            10.769471,
            45.51742
          ],
          [
            10.769372,
            45.516839
          ],
          [
            10.769252,
            45.516137
          ],
          [
            10.769101,
            45.515156
          ],
          [
            10.769008,
            45.514621
          ],
          [
            10.768222,
            45.510091
          ],
          [
            10.768209,
            45.510001
          ],
          [
            10.767967,
            45.508359
          ],
          [
            10.768332,
            45.496205
          ],
          [
            10.768329,
            45.49531
          ],
          [
            10.768289,
            45.494929
          ],
          [
            10.768211,
            45.494511
          ],
          [
            10.767888,
            45.493157
          ],
          [
            10.767754,
            45.492679
          ],
          [
            10.767651,
            45.492301
          ],
          [
            10.767177,
            45.490503
          ],
          [
            10.76399,
            45.478457
          ],
          [
            10.763548,
            45.476858
          ],
          [
            10.761484,
            45.471097
          ],
          [
            10.760806,
            45.468532
          ],
          [
            10.760723,
            45.46827
          ],
          [
            10.760234,
            45.466464
          ],
          [
            10.759958,
            45.465743
          ],
          [
            10.759742,
            45.465313
          ],
          [
            10.75941,
            45.464757
          ],
          [
            10.758985,
            45.464183
          ],
          [
            10.754304,
            45.458288
          ],
          [
            10.751912,
            45.455303
          ],
          [
            10.750451,
            45.453427
          ],
          [
            10.749959,
            45.452671
          ],
          [
            10.74959,
            45.45202
          ],
          [
            10.749242,
            45.451326
          ],
          [
            10.745659,
            45.444009
          ],
          [
            10.745197,
            45.443115
          ],
          [
            10.744292,
            45.441262
          ],
          [
            10.743958,
            45.440618
          ],
          [
            10.743746,
            45.440271
          ],
          [
            10.742705,
            45.438483
          ],
          [
            10.742521,
            45.438288
          ],
          [
            10.74244,
            45.438266
          ],
          [
            10.742225,
            45.438152
          ],
          [
            10.742093,
            45.437987
          ],
          [
            10.742085,
            45.437968
          ],
          [
            10.741889,
            45.43789
          ],
          [
            10.74173,
            45.437837
          ],
          [
            10.741456,
            45.437802
          ],
          [
            10.741154,
            45.437791
          ],
          [
            10.740832,
            45.437776
          ],
          [
            10.740145,
            45.437746
          ],
          [
            10.739325,
            45.437714
          ],
          [
            10.73907,
            45.437704
          ],
          [
            10.738647,
            45.437688
          ],
          [
            10.738464,
            45.437681
          ],
          [
            10.737659,
            45.43765
          ],
          [
            10.737488,
            45.437643
          ],
          [
            10.736855,
            45.437623
          ],
          [
            10.736672,
            45.43762
          ],
          [
            10.736174,
            45.437612
          ],
          [
            10.732244,
            45.437597
          ],
          [
            10.732139,
            45.437597
          ],
          [
            10.731767,
            45.437591
          ],
          [
            10.730409,
            45.437582
          ],
          [
            10.729588,
            45.437605
          ],
          [
            10.729284,
            45.437627
          ],
          [
            10.729208,
            45.437637
          ],
          [
            10.728278,
            45.437739
          ],
          [
            10.727222,
            45.437913
          ],
          [
            10.727158,
            45.437923
          ],
          [
            10.727087,
            45.437934
          ],
          [
            10.725882,
            45.438109
          ],
          [
            10.723906,
            45.438427
          ],
          [
            10.723483,
            45.438477
          ],
          [
            10.722655,
            45.438495
          ],
          [
            10.722153,
            45.438486
          ],
          [
            10.721316,
            45.438445
          ],
          [
            10.720621,
            45.438414
          ],
          [
            10.719792,
            45.438438
          ],
          [
            10.718631,
            45.438486
          ],
          [
            10.718438,
            45.438494
          ],
          [
            10.71762,
            45.438533
          ],
          [
            10.714642,
            45.438715
          ],
          [
            10.714094,
            45.438726
          ],
          [
            10.713989,
            45.438724
          ],
          [
            10.713375,
            45.438713
          ],
          [
            10.713007,
            45.438732
          ],
          [
            10.712886,
            45.438801
          ],
          [
            10.712763,
            45.438819
          ],
          [
            10.7127,
            45.438814
          ],
          [
            10.712576,
            45.438774
          ],
          [
            10.71249,
            45.438699
          ],
          [
            10.712468,
            45.438653
          ],
          [
            10.712461,
            45.438594
          ],
          [
            10.712048,
            45.438269
          ],
          [
            10.711684,
            45.438072
          ],
          [
            10.711428,
            45.437875
          ],
          [
            10.711217,
            45.43769
          ],
          [
            10.710843,
            45.437305
          ],
          [
            10.710524,
            45.436913
          ],
          [
            10.710196,
            45.436364
          ],
          [
            10.709986,
            45.436027
          ],
          [
            10.709884,
            45.435834
          ],
          [
            10.709433,
            45.434967
          ],
          [
            10.709116,
            45.434441
          ],
          [
            10.709035,
            45.434374
          ],
          [
            10.708979,
            45.434273
          ],
          [
            10.709,
            45.434201
          ],
          [
            10.708673,
            45.43383
          ],
          [
            10.708479,
            45.433586
          ],
          [
            10.708037,
            45.433171
          ],
          [
            10.70771,
            45.432944
          ],
          [
            10.70722,
            45.432654
          ],
          [
            10.706813,
            45.432558
          ],
          [
            10.706553,
            45.432557
          ],
          [
            10.706242,
            45.432588
          ],
          [
            10.705876,
            45.432634
          ],
          [
            10.705578,
            45.432664
          ],
          [
            10.705439,
            45.432682
          ],
          [
            10.705236,
            45.43266
          ],
          [
            10.705107,
            45.432622
          ],
          [
            10.704641,
            45.432424
          ],
          [
            10.704212,
            45.432233
          ],
          [
            10.703616,
            45.43197
          ],
          [
            10.70324,
            45.431856
          ],
          [
            10.702854,
            45.431785
          ],
          [
            10.702436,
            45.431733
          ],
          [
            10.701903,
            45.431707
          ],
          [
            10.70164,
            45.43167
          ],
          [
            10.701499,
            45.431624
          ],
          [
            10.701438,
            45.431584
          ],
          [
            10.701354,
            45.431486
          ],
          [
            10.701286,
            45.431322
          ],
          [
            10.701741,
            45.431012
          ],
          [
            10.701879,
            45.430909
          ],
          [
            10.701924,
            45.430821
          ],
          [
            10.701927,
            45.43073
          ],
          [
            10.701784,
            45.430425
          ],
          [
            10.701749,
            45.430356
          ],
          [
            10.701726,
            45.43031
          ],
          [
            10.701616,
            45.430051
          ],
          [
            10.701591,
            45.429822
          ],
          [
            10.701607,
            45.42947
          ],
          [
            10.701605,
            45.429171
          ],
          [
            10.701604,
            45.429144
          ],
          [
            10.701624,
            45.428393
          ],
          [
            10.701658,
            45.428305
          ],
          [
            10.701734,
            45.428197
          ],
          [
            10.701882,
            45.428056
          ],
          [
            10.702076,
            45.427961
          ],
          [
            10.702295,
            45.4279
          ],
          [
            10.703023,
            45.427827
          ],
          [
            10.70461,
            45.427625
          ],
          [
            10.705198,
            45.427565
          ],
          [
            10.705568,
            45.427571
          ],
          [
            10.705823,
            45.427616
          ],
          [
            10.706077,
            45.427687
          ],
          [
            10.706218,
            45.427754
          ],
          [
            10.706539,
            45.428034
          ],
          [
            10.706666,
            45.42823
          ],
          [
            10.706731,
            45.42857
          ],
          [
            10.706754,
            45.429183
          ],
          [
            10.706749,
            45.42955
          ],
          [
            10.706735,
            45.430062
          ],
          [
            10.706687,
            45.430175
          ],
          [
            10.706586,
            45.430307
          ],
          [
            10.706373,
            45.430463
          ],
          [
            10.706216,
            45.430528
          ],
          [
            10.705944,
            45.430582
          ],
          [
            10.705759,
            45.430585
          ],
          [
            10.705495,
            45.43054
          ],
          [
            10.705333,
            45.430481
          ],
          [
            10.705213,
            45.430406
          ],
          [
            10.705064,
            45.430258
          ],
          [
            10.704913,
            45.429964
          ],
          [
            10.704715,
            45.429733
          ],
          [
            10.70447,
            45.429596
          ],
          [
            10.704332,
            45.429549
          ],
          [
            10.704084,
            45.429486
          ],
          [
            10.703987,
            45.429479
          ],
          [
            10.702886,
            45.429455
          ],
          [
            10.701831,
            45.429383
          ],
          [
            10.69977,
            45.429363
          ],
          [
            10.689705,
            45.429304
          ],
          [
            10.687747,
            45.429367
          ],
          [
            10.686456,
            45.429428
          ],
          [
            10.68517,
            45.429516
          ],
          [
            10.682605,
            45.429657
          ],
          [
            10.673694,
            45.430245
          ],
          [
            10.673385,
            45.430262
          ],
          [
            10.663609,
            45.430906
          ],
          [
            10.647781,
            45.43192
          ],
          [
            10.640363,
            45.432414
          ],
          [
            10.634765,
            45.432706
          ],
          [
            10.629677,
            45.432941
          ],
          [
            10.616036,
            45.433619
          ],
          [
            10.609562,
            45.433937
          ],
          [
            10.604072,
            45.434216
          ],
          [
            10.601058,
            45.434377
          ],
          [
            10.600225,
            45.434436
          ],
          [
            10.597665,
            45.434772
          ],
          [
            10.595754,
            45.435088
          ],
          [
            10.590131,
            45.436131
          ],
          [
            10.584783,
            45.437151
          ],
          [
            10.577588,
            45.438467
          ],
          [
            10.550912,
            45.443433
          ],
          [
            10.54297,
            45.444892
          ],
          [
            10.538431,
            45.445763
          ],
          [
            10.537509,
            45.445975
          ],
          [
            10.536204,
            45.446301
          ],
          [
            10.534542,
            45.446777
          ],
          [
            10.531762,
            45.447638
          ],
          [
            10.531125,
            45.447826
          ],
          [
            10.529625,
            45.44823
          ],
          [
            10.528376,
            45.448522
          ],
          [
            10.526925,
            45.448826
          ],
          [
            10.526258,
            45.448953
          ],
          [
            10.524554,
            45.449224
          ],
          [
            10.523675,
            45.449351
          ],
          [
            10.522252,
            45.449511
          ],
          [
            10.515626,
            45.450153
          ],
          [
            10.501331,
            45.45152
          ],
          [
            10.492584,
            45.452442
          ],
          [
            10.483702,
            45.453509
          ],
          [
            10.480475,
            45.45369
          ],
          [
            10.476492,
            45.45384
          ],
          [
            10.474123,
            45.454021
          ],
          [
            10.470175,
            45.454514
          ],
          [
            10.467222,
            45.455153
          ],
          [
            10.453807,
            45.458488
          ],
          [
            10.451232,
            45.459048
          ],
          [
            10.432295,
            45.462948
          ],
          [
            10.430707,
            45.463166
          ],
          [
            10.428684,
            45.463407
          ],
          [
            10.423607,
            45.463835
          ],
          [
            10.415441,
            45.464496
          ],
          [
            10.402912,
            45.465488
          ],
          [
            10.401888,
            45.465569
          ],
          [
            10.400316,
            45.465719
          ],
          [
            10.399196,
            45.46587
          ],
          [
            10.394308,
            45.466663
          ],
          [
            10.386768,
            45.467924
          ],
          [
            10.384566,
            45.468327
          ],
          [
            10.383777,
            45.468488
          ],
          [
            10.37718,
            45.469979
          ],
          [
            10.371319,
            45.471301
          ],
          [
            10.329002,
            45.480842
          ],
          [
            10.32235,
            45.482341
          ],
          [
            10.315367,
            45.48391
          ],
          [
            10.306142,
            45.486212
          ],
          [
            10.300333,
            45.487666
          ],
          [
            10.292022,
            45.489743
          ],
          [
            10.290518,
            45.490143
          ],
          [
            10.289814,
            45.490355
          ],
          [
            10.276289,
            45.494769
          ],
          [
            10.275057,
            45.495165
          ],
          [
            10.274016,
            45.495467
          ],
          [
            10.250796,
            45.502003
          ],
          [
            10.249545,
            45.502334
          ],
          [
            10.248533,
            45.502573
          ],
          [
            10.243412,
            45.503743
          ],
          [
            10.242895,
            45.503909
          ],
          [
            10.241949,
            45.504151
          ],
          [
            10.241722,
            45.504231
          ],
          [
            10.241499,
            45.504347
          ],
          [
            10.241256,
            45.504509
          ],
          [
            10.241132,
            45.504626
          ],
          [
            10.24103,
            45.504764
          ],
          [
            10.240919,
            45.504971
          ],
          [
            10.240837,
            45.505241
          ],
          [
            10.240829,
            45.505458
          ],
          [
            10.240875,
            45.505871
          ],
          [
            10.240888,
            45.506202
          ],
          [
            10.240863,
            45.506522
          ],
          [
            10.240767,
            45.506979
          ],
          [
            10.24067,
            45.50722
          ],
          [
            10.240463,
            45.507584
          ],
          [
            10.240229,
            45.507855
          ],
          [
            10.239963,
            45.50807
          ],
          [
            10.239638,
            45.508258
          ],
          [
            10.239393,
            45.508362
          ],
          [
            10.239139,
            45.508448
          ],
          [
            10.238901,
            45.508506
          ],
          [
            10.238724,
            45.508541
          ],
          [
            10.238318,
            45.508593
          ],
          [
            10.23807,
            45.508601
          ],
          [
            10.237586,
            45.508585
          ],
          [
            10.236913,
            45.50853
          ],
          [
            10.23492,
            45.508339
          ],
          [
            10.234584,
            45.508282
          ],
          [
            10.232201,
            45.508391
          ],
          [
            10.231055,
            45.508451
          ],
          [
            10.230912,
            45.508456
          ],
          [
            10.230578,
            45.508462
          ],
          [
            10.230147,
            45.508497
          ],
          [
            10.229948,
            45.508528
          ],
          [
            10.229777,
            45.508597
          ],
          [
            10.229735,
            45.508666
          ],
          [
            10.229587,
            45.508773
          ],
          [
            10.229487,
            45.508928
          ],
          [
            10.229473,
            45.509082
          ],
          [
            10.229544,
            45.509642
          ],
          [
            10.229669,
            45.510388
          ],
          [
            10.229791,
            45.510624
          ],
          [
            10.229877,
            45.510678
          ],
          [
            10.229906,
            45.510713
          ],
          [
            10.229926,
            45.510779
          ],
          [
            10.229912,
            45.510845
          ],
          [
            10.229864,
            45.510903
          ],
          [
            10.22979,
            45.510945
          ],
          [
            10.229754,
            45.511133
          ],
          [
            10.229876,
            45.512354
          ],
          [
            10.22993,
            45.512477
          ],
          [
            10.230053,
            45.512588
          ],
          [
            10.230124,
            45.512618
          ],
          [
            10.230178,
            45.512663
          ],
          [
            10.230206,
            45.512717
          ],
          [
            10.230206,
            45.512776
          ],
          [
            10.230178,
            45.512831
          ],
          [
            10.230126,
            45.512876
          ],
          [
            10.23001,
            45.512915
          ],
          [
            10.229883,
            45.512908
          ],
          [
            10.229825,
            45.512887
          ],
          [
            10.229678,
            45.512867
          ],
          [
            10.229256,
            45.51295
          ],
          [
            10.227777,
            45.513569
          ],
          [
            10.227577,
            45.513702
          ],
          [
            10.227043,
            45.513969
          ],
          [
            10.22693,
            45.514058
          ],
          [
            10.226904,
            45.514144
          ],
          [
            10.226973,
            45.514397
          ],
          [
            10.2272,
            45.514882
          ],
          [
            10.227429,
            45.515373
          ],
          [
            10.227595,
            45.515757
          ],
          [
            10.227682,
            45.51595
          ],
          [
            10.227703,
            45.516073
          ],
          [
            10.227856,
            45.516465
          ],
          [
            10.228225,
            45.517541
          ],
          [
            10.228278,
            45.517694
          ],
          [
            10.228391,
            45.518016
          ],
          [
            10.228462,
            45.518237
          ],
          [
            10.228704,
            45.518955
          ],
          [
            10.228808,
            45.519268
          ],
          [
            10.229079,
            45.520083
          ],
          [
            10.229113,
            45.520181
          ],
          [
            10.229137,
            45.520257
          ],
          [
            10.229289,
            45.520725
          ],
          [
            10.229463,
            45.521261
          ],
          [
            10.229828,
            45.522452
          ],
          [
            10.229939,
            45.52275
          ],
          [
            10.229827,
            45.522888
          ],
          [
            10.229502,
            45.523636
          ],
          [
            10.229447,
            45.523764
          ],
          [
            10.22941,
            45.523846
          ],
          [
            10.229357,
            45.523966
          ],
          [
            10.229253,
            45.524294
          ],
          [
            10.229158,
            45.52467
          ],
          [
            10.229138,
            45.524761
          ],
          [
            10.229102,
            45.524918
          ],
          [
            10.229047,
            45.525217
          ],
          [
            10.229037,
            45.525267
          ],
          [
            10.228988,
            45.52555
          ],
          [
            10.228907,
            45.526097
          ],
          [
            10.228874,
            45.526323
          ],
          [
            10.22884,
            45.52693
          ],
          [
            10.228684,
            45.527772
          ],
          [
            10.228642,
            45.52807
          ],
          [
            10.228602,
            45.528213
          ],
          [
            10.228502,
            45.528375
          ],
          [
            10.228396,
            45.528507
          ],
          [
            10.228207,
            45.528648
          ],
          [
            10.227359,
            45.529061
          ],
          [
            10.227227,
            45.529152
          ],
          [
            10.22712,
            45.529284
          ],
          [
            10.227059,
            45.529402
          ],
          [
            10.227027,
            45.529562
          ],
          [
            10.227054,
            45.52991
          ],
          [
            10.227104,
            45.530594
          ],
          [
            10.226784,
            45.530609
          ],
          [
            10.225287,
            45.530948
          ],
          [
            10.224404,
            45.531132
          ],
          [
            10.22432,
            45.531152
          ],
          [
            10.223179,
            45.531422
          ],
          [
            10.222941,
            45.53148
          ],
          [
            10.221685,
            45.531784
          ],
          [
            10.220814,
            45.531985
          ],
          [
            10.2207,
            45.532034
          ],
          [
            10.220626,
            45.532087
          ],
          [
            10.220562,
            45.532164
          ],
          [
            10.220508,
            45.532184
          ],
          [
            10.220836,
            45.533009
          ],
          [
            10.220918,
            45.533199
          ],
          [
            10.221068,
            45.53357
          ],
          [
            10.220301,
            45.533717
          ],
          [
            10.219637,
            45.533845
          ],
          [
            10.218564,
            45.534052
          ],
          [
            10.218121,
            45.534137
          ],
          [
            10.218038,
            45.534151
          ],
          [
            10.217959,
            45.534165
          ],
          [
            10.217417,
            45.534267
          ],
          [
            10.216836,
            45.534378
          ],
          [
            10.215885,
            45.534559
          ],
          [
            10.215539,
            45.534625
          ],
          [
            10.215507,
            45.534631
          ],
          [
            10.214771,
            45.534771
          ],
          [
            10.21466,
            45.534793
          ],
          [
            10.213911,
            45.534936
          ],
          [
            10.213864,
            45.534945
          ],
          [
            10.212376,
            45.535232
          ],
          [
            10.212139,
            45.535314
          ],
          [
            10.21211,
            45.535323
          ],
          [
            10.211868,
            45.535496
          ],
          [
            10.210911,
            45.536485
          ],
          [
            10.210809,
            45.536617
          ],
          [
            10.210734,
            45.536787
          ],
          [
            10.210662,
            45.537312
          ],
          [
            10.210673,
            45.537459
          ],
          [
            10.211263,
            45.539559
          ],
          [
            10.211444,
            45.540283
          ],
          [
            10.211735,
            45.541278
          ],
          [
            10.211805,
            45.541532
          ],
          [
            10.21182,
            45.541585
          ],
          [
            10.211824,
            45.541596
          ]
        ]
      }
    }
  ]
}
