{
  "type": "FeatureCollection",
  "properties": {
    "dayNumber": 18,
    "title": "Luxembourg & Belgium"
  },
  "features": [
    {
      "type": "Feature",
      "properties": {
        "mode": "drive",
        "fromStopIndex": 0,
        "toStopIndex": 3,
        "fromName": "Strasbourg",
        "toName": "Emmen",
        "waypointNames": [
          "Strasbourg",
          "Place d'Armes — Luxembourg City",
          "Belgium Bethel — Kraainem",
          "Emmen"
        ],
        "distanceMeters": 753521.4,
        "durationSeconds": 28541.5
      },
      "geometry": {
        "type": "LineString",
        "coordinates": [
          [
            7.755346,
            48.596803
          ],
          [
            7.755302,
            48.596701
          ],
          [
            7.755278,
            48.596646
          ],
          [
            7.755284,
            48.596598
          ],
          [
            7.755326,
            48.596508
          ],
          [
            7.75546,
            48.596404
          ],
          [
            7.755986,
            48.596696
          ],
          [
            7.755592,
            48.597018
          ],
          [
            7.754987,
            48.597511
          ],
          [
            7.754431,
            48.597956
          ],
          [
            7.753859,
            48.598349
          ],
          [
            7.753734,
            48.598428
          ],
          [
            7.753437,
            48.598602
          ],
          [
            7.753164,
            48.598734
          ],
          [
            7.752744,
            48.59889
          ],
          [
            7.752522,
            48.598964
          ],
          [
            7.751707,
            48.598145
          ],
          [
            7.751452,
            48.597941
          ],
          [
            7.751226,
            48.597771
          ],
          [
            7.750199,
            48.597096
          ],
          [
            7.74973,
            48.596819
          ],
          [
            7.749182,
            48.59648
          ],
          [
            7.746887,
            48.595057
          ],
          [
            7.745792,
            48.594467
          ],
          [
            7.745524,
            48.594357
          ],
          [
            7.745249,
            48.59427
          ],
          [
            7.744853,
            48.594216
          ],
          [
            7.74462,
            48.594215
          ],
          [
            7.744388,
            48.59423
          ],
          [
            7.743953,
            48.594331
          ],
          [
            7.743748,
            48.59441
          ],
          [
            7.743567,
            48.594504
          ],
          [
            7.743433,
            48.594595
          ],
          [
            7.743296,
            48.594716
          ],
          [
            7.743154,
            48.594895
          ],
          [
            7.743046,
            48.595132
          ],
          [
            7.742819,
            48.595827
          ],
          [
            7.742641,
            48.596093
          ],
          [
            7.742446,
            48.596311
          ],
          [
            7.742364,
            48.5964
          ],
          [
            7.742108,
            48.596643
          ],
          [
            7.741349,
            48.597218
          ],
          [
            7.738969,
            48.598911
          ],
          [
            7.738638,
            48.599093
          ],
          [
            7.737899,
            48.59945
          ],
          [
            7.73563,
            48.600411
          ],
          [
            7.732906,
            48.601782
          ],
          [
            7.73274,
            48.601867
          ],
          [
            7.731018,
            48.602767
          ],
          [
            7.730552,
            48.603049
          ],
          [
            7.730104,
            48.603361
          ],
          [
            7.729648,
            48.603712
          ],
          [
            7.729242,
            48.60407
          ],
          [
            7.72885,
            48.604466
          ],
          [
            7.728511,
            48.604864
          ],
          [
            7.728039,
            48.605555
          ],
          [
            7.727824,
            48.605953
          ],
          [
            7.727665,
            48.606298
          ],
          [
            7.727538,
            48.606655
          ],
          [
            7.727367,
            48.607349
          ],
          [
            7.727282,
            48.607883
          ],
          [
            7.726924,
            48.611165
          ],
          [
            7.726839,
            48.612016
          ],
          [
            7.726699,
            48.613538
          ],
          [
            7.72664,
            48.614656
          ],
          [
            7.726567,
            48.617071
          ],
          [
            7.72656,
            48.617704
          ],
          [
            7.726442,
            48.621291
          ],
          [
            7.726351,
            48.622219
          ],
          [
            7.726285,
            48.622606
          ],
          [
            7.726131,
            48.623271
          ],
          [
            7.725829,
            48.624237
          ],
          [
            7.725074,
            48.626125
          ],
          [
            7.724853,
            48.626651
          ],
          [
            7.724179,
            48.628428
          ],
          [
            7.724032,
            48.628921
          ],
          [
            7.723866,
            48.629849
          ],
          [
            7.72381,
            48.630617
          ],
          [
            7.723822,
            48.631001
          ],
          [
            7.723896,
            48.631749
          ],
          [
            7.723978,
            48.632172
          ],
          [
            7.724199,
            48.632984
          ],
          [
            7.72443,
            48.633576
          ],
          [
            7.724616,
            48.63398
          ],
          [
            7.724993,
            48.634673
          ],
          [
            7.725248,
            48.635059
          ],
          [
            7.72569,
            48.635653
          ],
          [
            7.726084,
            48.636129
          ],
          [
            7.726482,
            48.63657
          ],
          [
            7.728301,
            48.638422
          ],
          [
            7.729284,
            48.639476
          ],
          [
            7.729628,
            48.63986
          ],
          [
            7.730337,
            48.640687
          ],
          [
            7.730935,
            48.641491
          ],
          [
            7.731299,
            48.642038
          ],
          [
            7.73218,
            48.643696
          ],
          [
            7.732299,
            48.643961
          ],
          [
            7.732774,
            48.645071
          ],
          [
            7.734216,
            48.648747
          ],
          [
            7.734449,
            48.649342
          ],
          [
            7.734823,
            48.650306
          ],
          [
            7.735715,
            48.652555
          ],
          [
            7.735839,
            48.652887
          ],
          [
            7.736304,
            48.654164
          ],
          [
            7.736671,
            48.655261
          ],
          [
            7.736958,
            48.656347
          ],
          [
            7.737153,
            48.657359
          ],
          [
            7.737251,
            48.65819
          ],
          [
            7.737316,
            48.659093
          ],
          [
            7.737319,
            48.659194
          ],
          [
            7.737324,
            48.659936
          ],
          [
            7.73726,
            48.661431
          ],
          [
            7.736794,
            48.6677
          ],
          [
            7.736626,
            48.669885
          ],
          [
            7.736474,
            48.671254
          ],
          [
            7.736335,
            48.672279
          ],
          [
            7.736106,
            48.673344
          ],
          [
            7.735814,
            48.67447
          ],
          [
            7.735611,
            48.675125
          ],
          [
            7.73518,
            48.676318
          ],
          [
            7.734851,
            48.677084
          ],
          [
            7.734355,
            48.678126
          ],
          [
            7.733925,
            48.678925
          ],
          [
            7.73355,
            48.6796
          ],
          [
            7.732648,
            48.681122
          ],
          [
            7.732191,
            48.681887
          ],
          [
            7.731448,
            48.683429
          ],
          [
            7.731053,
            48.684165
          ],
          [
            7.730785,
            48.684613
          ],
          [
            7.729109,
            48.687185
          ],
          [
            7.728665,
            48.687849
          ],
          [
            7.72788,
            48.68916
          ],
          [
            7.727795,
            48.689305
          ],
          [
            7.727105,
            48.69045
          ],
          [
            7.726403,
            48.691549
          ],
          [
            7.725991,
            48.692156
          ],
          [
            7.725136,
            48.693317
          ],
          [
            7.724673,
            48.693892
          ],
          [
            7.724077,
            48.694593
          ],
          [
            7.723712,
            48.694994
          ],
          [
            7.723319,
            48.69541
          ],
          [
            7.722524,
            48.6962
          ],
          [
            7.721019,
            48.697565
          ],
          [
            7.720849,
            48.697712
          ],
          [
            7.719845,
            48.698536
          ],
          [
            7.718863,
            48.699287
          ],
          [
            7.717935,
            48.699953
          ],
          [
            7.715254,
            48.701723
          ],
          [
            7.714133,
            48.702437
          ],
          [
            7.710975,
            48.704459
          ],
          [
            7.710097,
            48.705071
          ],
          [
            7.707581,
            48.706656
          ],
          [
            7.707365,
            48.706796
          ],
          [
            7.706894,
            48.70708
          ],
          [
            7.705257,
            48.708125
          ],
          [
            7.703894,
            48.70906
          ],
          [
            7.703121,
            48.709647
          ],
          [
            7.702421,
            48.710238
          ],
          [
            7.701602,
            48.710992
          ],
          [
            7.701029,
            48.711559
          ],
          [
            7.700486,
            48.712152
          ],
          [
            7.699521,
            48.713363
          ],
          [
            7.69907,
            48.71402
          ],
          [
            7.697993,
            48.71568
          ],
          [
            7.697395,
            48.716608
          ],
          [
            7.697019,
            48.717202
          ],
          [
            7.696729,
            48.717652
          ],
          [
            7.692844,
            48.723732
          ],
          [
            7.692055,
            48.725024
          ],
          [
            7.691508,
            48.725983
          ],
          [
            7.691315,
            48.726365
          ],
          [
            7.691182,
            48.726614
          ],
          [
            7.690639,
            48.727778
          ],
          [
            7.690553,
            48.727981
          ],
          [
            7.690184,
            48.728874
          ],
          [
            7.689734,
            48.730204
          ],
          [
            7.689506,
            48.730984
          ],
          [
            7.68932,
            48.731727
          ],
          [
            7.689162,
            48.732484
          ],
          [
            7.689095,
            48.732863
          ],
          [
            7.689015,
            48.733283
          ],
          [
            7.68881,
            48.734757
          ],
          [
            7.688781,
            48.735113
          ],
          [
            7.688639,
            48.736237
          ],
          [
            7.688613,
            48.736494
          ],
          [
            7.688397,
            48.738316
          ],
          [
            7.68838,
            48.738421
          ],
          [
            7.688094,
            48.74
          ],
          [
            7.687732,
            48.741555
          ],
          [
            7.687443,
            48.742479
          ],
          [
            7.68728,
            48.742794
          ],
          [
            7.687154,
            48.743144
          ],
          [
            7.686979,
            48.743615
          ],
          [
            7.686611,
            48.74449
          ],
          [
            7.686499,
            48.744704
          ],
          [
            7.685676,
            48.746252
          ],
          [
            7.685197,
            48.747012
          ],
          [
            7.68457,
            48.747915
          ],
          [
            7.68431,
            48.748237
          ],
          [
            7.684016,
            48.748603
          ],
          [
            7.683134,
            48.749556
          ],
          [
            7.682594,
            48.750098
          ],
          [
            7.68204,
            48.750607
          ],
          [
            7.681496,
            48.751068
          ],
          [
            7.681211,
            48.751297
          ],
          [
            7.680203,
            48.752058
          ],
          [
            7.6795,
            48.752539
          ],
          [
            7.679397,
            48.752607
          ],
          [
            7.678671,
            48.753059
          ],
          [
            7.677168,
            48.75392
          ],
          [
            7.67377,
            48.755731
          ],
          [
            7.672212,
            48.756608
          ],
          [
            7.671307,
            48.757155
          ],
          [
            7.669844,
            48.758075
          ],
          [
            7.667935,
            48.759327
          ],
          [
            7.66728,
            48.759731
          ],
          [
            7.666762,
            48.76005
          ],
          [
            7.666163,
            48.760418
          ],
          [
            7.665252,
            48.760916
          ],
          [
            7.664261,
            48.761418
          ],
          [
            7.663085,
            48.76195
          ],
          [
            7.662235,
            48.7623
          ],
          [
            7.660591,
            48.762903
          ],
          [
            7.65653,
            48.764154
          ],
          [
            7.655273,
            48.764564
          ],
          [
            7.654947,
            48.764683
          ],
          [
            7.654041,
            48.765014
          ],
          [
            7.649715,
            48.766762
          ],
          [
            7.648082,
            48.767363
          ],
          [
            7.64656,
            48.767895
          ],
          [
            7.64478,
            48.768454
          ],
          [
            7.644542,
            48.768522
          ],
          [
            7.643611,
            48.768787
          ],
          [
            7.642234,
            48.76915
          ],
          [
            7.640941,
            48.769465
          ],
          [
            7.639616,
            48.769753
          ],
          [
            7.638251,
            48.770022
          ],
          [
            7.636873,
            48.770268
          ],
          [
            7.635223,
            48.770523
          ],
          [
            7.633772,
            48.770715
          ],
          [
            7.632658,
            48.770842
          ],
          [
            7.630383,
            48.771041
          ],
          [
            7.628484,
            48.771146
          ],
          [
            7.626178,
            48.771226
          ],
          [
            7.626036,
            48.771227
          ],
          [
            7.624631,
            48.771232
          ],
          [
            7.622986,
            48.771195
          ],
          [
            7.622709,
            48.771186
          ],
          [
            7.620838,
            48.7711
          ],
          [
            7.61922,
            48.770984
          ],
          [
            7.617504,
            48.77083
          ],
          [
            7.612917,
            48.770372
          ],
          [
            7.612804,
            48.770363
          ],
          [
            7.611202,
            48.770223
          ],
          [
            7.609187,
            48.770106
          ],
          [
            7.607171,
            48.770023
          ],
          [
            7.605781,
            48.769986
          ],
          [
            7.603223,
            48.769926
          ],
          [
            7.602079,
            48.769851
          ],
          [
            7.601984,
            48.769842
          ],
          [
            7.601902,
            48.769834
          ],
          [
            7.601342,
            48.769783
          ],
          [
            7.597265,
            48.769293
          ],
          [
            7.597029,
            48.769267
          ],
          [
            7.593207,
            48.768646
          ],
          [
            7.590076,
            48.768112
          ],
          [
            7.589004,
            48.767951
          ],
          [
            7.587849,
            48.7678
          ],
          [
            7.586674,
            48.767683
          ],
          [
            7.585531,
            48.76761
          ],
          [
            7.583908,
            48.767556
          ],
          [
            7.582,
            48.767569
          ],
          [
            7.579808,
            48.767701
          ],
          [
            7.576008,
            48.768019
          ],
          [
            7.573297,
            48.768193
          ],
          [
            7.572996,
            48.768206
          ],
          [
            7.57173,
            48.768251
          ],
          [
            7.570689,
            48.768266
          ],
          [
            7.56968,
            48.768273
          ],
          [
            7.56817,
            48.768245
          ],
          [
            7.566588,
            48.768194
          ],
          [
            7.561857,
            48.767973
          ],
          [
            7.559459,
            48.767908
          ],
          [
            7.55832,
            48.767894
          ],
          [
            7.558113,
            48.767895
          ],
          [
            7.557034,
            48.767896
          ],
          [
            7.554605,
            48.767959
          ],
          [
            7.552166,
            48.768106
          ],
          [
            7.550466,
            48.768239
          ],
          [
            7.548791,
            48.768414
          ],
          [
            7.546898,
            48.768644
          ],
          [
            7.541725,
            48.76934
          ],
          [
            7.540294,
            48.769512
          ],
          [
            7.537795,
            48.769747
          ],
          [
            7.536485,
            48.769842
          ],
          [
            7.534852,
            48.769935
          ],
          [
            7.533134,
            48.769994
          ],
          [
            7.530627,
            48.770018
          ],
          [
            7.528204,
            48.769985
          ],
          [
            7.522022,
            48.769622
          ],
          [
            7.521585,
            48.769597
          ],
          [
            7.519207,
            48.769483
          ],
          [
            7.517028,
            48.769433
          ],
          [
            7.515834,
            48.769429
          ],
          [
            7.514513,
            48.769447
          ],
          [
            7.513253,
            48.769485
          ],
          [
            7.511804,
            48.769549
          ],
          [
            7.510386,
            48.769639
          ],
          [
            7.509128,
            48.769739
          ],
          [
            7.507495,
            48.769888
          ],
          [
            7.505197,
            48.770133
          ],
          [
            7.504891,
            48.770167
          ],
          [
            7.501868,
            48.770498
          ],
          [
            7.500057,
            48.770668
          ],
          [
            7.498117,
            48.7708
          ],
          [
            7.496841,
            48.770844
          ],
          [
            7.495567,
            48.770863
          ],
          [
            7.494253,
            48.770846
          ],
          [
            7.493204,
            48.770809
          ],
          [
            7.49153,
            48.77071
          ],
          [
            7.490224,
            48.77059
          ],
          [
            7.484035,
            48.769872
          ],
          [
            7.48305,
            48.769786
          ],
          [
            7.482779,
            48.769761
          ],
          [
            7.482637,
            48.769749
          ],
          [
            7.481816,
            48.769691
          ],
          [
            7.480097,
            48.769627
          ],
          [
            7.479114,
            48.769612
          ],
          [
            7.477416,
            48.76963
          ],
          [
            7.477281,
            48.769635
          ],
          [
            7.476307,
            48.769674
          ],
          [
            7.475416,
            48.769729
          ],
          [
            7.473601,
            48.769883
          ],
          [
            7.472378,
            48.770025
          ],
          [
            7.471491,
            48.770147
          ],
          [
            7.470361,
            48.770328
          ],
          [
            7.469444,
            48.770493
          ],
          [
            7.468397,
            48.770706
          ],
          [
            7.46739,
            48.770929
          ],
          [
            7.466123,
            48.77124
          ],
          [
            7.461881,
            48.772328
          ],
          [
            7.461742,
            48.77236
          ],
          [
            7.460051,
            48.772712
          ],
          [
            7.458564,
            48.772962
          ],
          [
            7.45792,
            48.773051
          ],
          [
            7.456933,
            48.773168
          ],
          [
            7.456089,
            48.773247
          ],
          [
            7.454902,
            48.773335
          ],
          [
            7.453874,
            48.773378
          ],
          [
            7.452857,
            48.773398
          ],
          [
            7.448905,
            48.773387
          ],
          [
            7.448478,
            48.773393
          ],
          [
            7.446964,
            48.773431
          ],
          [
            7.445474,
            48.77352
          ],
          [
            7.444455,
            48.773611
          ],
          [
            7.443458,
            48.773727
          ],
          [
            7.441872,
            48.773965
          ],
          [
            7.440933,
            48.774141
          ],
          [
            7.440131,
            48.774311
          ],
          [
            7.439363,
            48.774488
          ],
          [
            7.436065,
            48.775317
          ],
          [
            7.434916,
            48.775588
          ],
          [
            7.43404,
            48.775777
          ],
          [
            7.43303,
            48.77597
          ],
          [
            7.43177,
            48.776173
          ],
          [
            7.430307,
            48.776361
          ],
          [
            7.430122,
            48.776379
          ],
          [
            7.428666,
            48.7765
          ],
          [
            7.427139,
            48.776572
          ],
          [
            7.422686,
            48.776637
          ],
          [
            7.421286,
            48.776689
          ],
          [
            7.420601,
            48.77673
          ],
          [
            7.419508,
            48.776816
          ],
          [
            7.418358,
            48.776941
          ],
          [
            7.41399,
            48.77754
          ],
          [
            7.412532,
            48.777705
          ],
          [
            7.411864,
            48.777767
          ],
          [
            7.410615,
            48.777853
          ],
          [
            7.409184,
            48.777902
          ],
          [
            7.408171,
            48.777903
          ],
          [
            7.408039,
            48.777902
          ],
          [
            7.407449,
            48.777895
          ],
          [
            7.406413,
            48.777851
          ],
          [
            7.404794,
            48.777737
          ],
          [
            7.403658,
            48.777618
          ],
          [
            7.402624,
            48.77748
          ],
          [
            7.401141,
            48.77723
          ],
          [
            7.399583,
            48.776911
          ],
          [
            7.398308,
            48.776599
          ],
          [
            7.397174,
            48.776286
          ],
          [
            7.396032,
            48.775937
          ],
          [
            7.395322,
            48.775706
          ],
          [
            7.393698,
            48.775141
          ],
          [
            7.39186,
            48.774428
          ],
          [
            7.390764,
            48.773977
          ],
          [
            7.390701,
            48.77395
          ],
          [
            7.388397,
            48.772907
          ],
          [
            7.386798,
            48.772124
          ],
          [
            7.385469,
            48.771424
          ],
          [
            7.384768,
            48.771036
          ],
          [
            7.381961,
            48.769511
          ],
          [
            7.380098,
            48.768536
          ],
          [
            7.378731,
            48.767861
          ],
          [
            7.376911,
            48.767003
          ],
          [
            7.37327,
            48.76547
          ],
          [
            7.372051,
            48.764966
          ],
          [
            7.371926,
            48.764914
          ],
          [
            7.371216,
            48.76461
          ],
          [
            7.370498,
            48.764244
          ],
          [
            7.3701,
            48.764017
          ],
          [
            7.369454,
            48.763626
          ],
          [
            7.367686,
            48.762459
          ],
          [
            7.367312,
            48.762228
          ],
          [
            7.366892,
            48.761994
          ],
          [
            7.366487,
            48.76179
          ],
          [
            7.365558,
            48.761386
          ],
          [
            7.364907,
            48.761158
          ],
          [
            7.364397,
            48.761002
          ],
          [
            7.363734,
            48.760828
          ],
          [
            7.3631,
            48.760696
          ],
          [
            7.362462,
            48.760588
          ],
          [
            7.361557,
            48.760486
          ],
          [
            7.360647,
            48.760434
          ],
          [
            7.359407,
            48.76042
          ],
          [
            7.355426,
            48.760466
          ],
          [
            7.352482,
            48.760525
          ],
          [
            7.351575,
            48.760582
          ],
          [
            7.351357,
            48.760607
          ],
          [
            7.350619,
            48.760725
          ],
          [
            7.350071,
            48.760842
          ],
          [
            7.349644,
            48.760952
          ],
          [
            7.34912,
            48.761113
          ],
          [
            7.348306,
            48.761434
          ],
          [
            7.347307,
            48.761925
          ],
          [
            7.343601,
            48.763912
          ],
          [
            7.343254,
            48.764111
          ],
          [
            7.34262,
            48.764501
          ],
          [
            7.342286,
            48.764726
          ],
          [
            7.34174,
            48.765149
          ],
          [
            7.341428,
            48.765422
          ],
          [
            7.341126,
            48.765693
          ],
          [
            7.338806,
            48.768087
          ],
          [
            7.338089,
            48.768747
          ],
          [
            7.337386,
            48.769315
          ],
          [
            7.33691,
            48.769662
          ],
          [
            7.336231,
            48.770104
          ],
          [
            7.335454,
            48.770546
          ],
          [
            7.334436,
            48.771057
          ],
          [
            7.333873,
            48.771305
          ],
          [
            7.333,
            48.771647
          ],
          [
            7.332482,
            48.771832
          ],
          [
            7.331868,
            48.77202
          ],
          [
            7.329724,
            48.772644
          ],
          [
            7.328759,
            48.772889
          ],
          [
            7.328152,
            48.773006
          ],
          [
            7.327566,
            48.773091
          ],
          [
            7.326881,
            48.773153
          ],
          [
            7.326335,
            48.773177
          ],
          [
            7.325734,
            48.773162
          ],
          [
            7.325123,
            48.773105
          ],
          [
            7.324247,
            48.772957
          ],
          [
            7.323661,
            48.772815
          ],
          [
            7.323036,
            48.772631
          ],
          [
            7.320675,
            48.771774
          ],
          [
            7.319844,
            48.771519
          ],
          [
            7.319349,
            48.771407
          ],
          [
            7.318813,
            48.77131
          ],
          [
            7.318264,
            48.771235
          ],
          [
            7.317525,
            48.771183
          ],
          [
            7.316765,
            48.77118
          ],
          [
            7.315756,
            48.771226
          ],
          [
            7.314095,
            48.77133
          ],
          [
            7.313398,
            48.771351
          ],
          [
            7.313028,
            48.771346
          ],
          [
            7.31214,
            48.7713
          ],
          [
            7.311279,
            48.771203
          ],
          [
            7.30908,
            48.770824
          ],
          [
            7.308035,
            48.770676
          ],
          [
            7.307607,
            48.770634
          ],
          [
            7.306845,
            48.770593
          ],
          [
            7.306,
            48.770599
          ],
          [
            7.305455,
            48.770628
          ],
          [
            7.304714,
            48.770697
          ],
          [
            7.30407,
            48.770793
          ],
          [
            7.303398,
            48.770922
          ],
          [
            7.30238,
            48.771179
          ],
          [
            7.300748,
            48.771644
          ],
          [
            7.299388,
            48.772003
          ],
          [
            7.297754,
            48.77238
          ],
          [
            7.296456,
            48.772622
          ],
          [
            7.295786,
            48.772728
          ],
          [
            7.294771,
            48.772859
          ],
          [
            7.293415,
            48.773003
          ],
          [
            7.292017,
            48.773104
          ],
          [
            7.291039,
            48.773154
          ],
          [
            7.289895,
            48.77318
          ],
          [
            7.288303,
            48.773157
          ],
          [
            7.28622,
            48.773064
          ],
          [
            7.283924,
            48.772917
          ],
          [
            7.283327,
            48.772892
          ],
          [
            7.282271,
            48.772883
          ],
          [
            7.281158,
            48.77292
          ],
          [
            7.280306,
            48.772982
          ],
          [
            7.279795,
            48.773034
          ],
          [
            7.278998,
            48.773143
          ],
          [
            7.278042,
            48.77331
          ],
          [
            7.276933,
            48.773536
          ],
          [
            7.272641,
            48.774544
          ],
          [
            7.270583,
            48.77496
          ],
          [
            7.269245,
            48.7752
          ],
          [
            7.268412,
            48.775329
          ],
          [
            7.26667,
            48.775558
          ],
          [
            7.264409,
            48.775799
          ],
          [
            7.262478,
            48.775972
          ],
          [
            7.262319,
            48.775984
          ],
          [
            7.261059,
            48.776055
          ],
          [
            7.259376,
            48.776116
          ],
          [
            7.257456,
            48.776143
          ],
          [
            7.255771,
            48.776122
          ],
          [
            7.254845,
            48.776092
          ],
          [
            7.25307,
            48.776001
          ],
          [
            7.249865,
            48.775772
          ],
          [
            7.249673,
            48.775758
          ],
          [
            7.248436,
            48.775665
          ],
          [
            7.247081,
            48.775575
          ],
          [
            7.245229,
            48.775492
          ],
          [
            7.244201,
            48.775494
          ],
          [
            7.242808,
            48.775543
          ],
          [
            7.241812,
            48.775603
          ],
          [
            7.240676,
            48.775694
          ],
          [
            7.238624,
            48.775929
          ],
          [
            7.237603,
            48.776098
          ],
          [
            7.236189,
            48.776397
          ],
          [
            7.235415,
            48.776601
          ],
          [
            7.234757,
            48.776799
          ],
          [
            7.233342,
            48.777321
          ],
          [
            7.232255,
            48.777804
          ],
          [
            7.231802,
            48.778034
          ],
          [
            7.231119,
            48.778412
          ],
          [
            7.230562,
            48.778752
          ],
          [
            7.23003,
            48.77911
          ],
          [
            7.229872,
            48.779223
          ],
          [
            7.229217,
            48.779737
          ],
          [
            7.228695,
            48.780177
          ],
          [
            7.228592,
            48.780267
          ],
          [
            7.228269,
            48.780578
          ],
          [
            7.227945,
            48.780928
          ],
          [
            7.225292,
            48.783963
          ],
          [
            7.224665,
            48.784628
          ],
          [
            7.223567,
            48.785736
          ],
          [
            7.222783,
            48.786463
          ],
          [
            7.222626,
            48.786599
          ],
          [
            7.221441,
            48.787582
          ],
          [
            7.22027,
            48.788475
          ],
          [
            7.218985,
            48.789372
          ],
          [
            7.217837,
            48.790109
          ],
          [
            7.216759,
            48.790743
          ],
          [
            7.215574,
            48.791396
          ],
          [
            7.213852,
            48.792259
          ],
          [
            7.213263,
            48.792529
          ],
          [
            7.213121,
            48.792593
          ],
          [
            7.212011,
            48.793095
          ],
          [
            7.211101,
            48.793474
          ],
          [
            7.208978,
            48.794252
          ],
          [
            7.208024,
            48.794583
          ],
          [
            7.20715,
            48.794856
          ],
          [
            7.206001,
            48.795197
          ],
          [
            7.204268,
            48.795655
          ],
          [
            7.202786,
            48.796021
          ],
          [
            7.19926,
            48.796854
          ],
          [
            7.196278,
            48.797557
          ],
          [
            7.19506,
            48.797873
          ],
          [
            7.19397,
            48.798171
          ],
          [
            7.192434,
            48.798617
          ],
          [
            7.191161,
            48.799022
          ],
          [
            7.19003,
            48.799398
          ],
          [
            7.189168,
            48.799707
          ],
          [
            7.187505,
            48.800337
          ],
          [
            7.186699,
            48.800659
          ],
          [
            7.185049,
            48.801359
          ],
          [
            7.184028,
            48.801833
          ],
          [
            7.181793,
            48.802919
          ],
          [
            7.179444,
            48.804177
          ],
          [
            7.176041,
            48.806115
          ],
          [
            7.1751,
            48.806616
          ],
          [
            7.174948,
            48.806694
          ],
          [
            7.174429,
            48.806952
          ],
          [
            7.173489,
            48.807375
          ],
          [
            7.172577,
            48.807742
          ],
          [
            7.171475,
            48.808126
          ],
          [
            7.170627,
            48.808391
          ],
          [
            7.166747,
            48.80944
          ],
          [
            7.165257,
            48.809886
          ],
          [
            7.164802,
            48.810035
          ],
          [
            7.164124,
            48.810266
          ],
          [
            7.163125,
            48.810638
          ],
          [
            7.162232,
            48.811007
          ],
          [
            7.161338,
            48.811406
          ],
          [
            7.160796,
            48.811674
          ],
          [
            7.159726,
            48.812222
          ],
          [
            7.158953,
            48.812656
          ],
          [
            7.15816,
            48.813139
          ],
          [
            7.157403,
            48.813637
          ],
          [
            7.156202,
            48.814523
          ],
          [
            7.15564,
            48.81498
          ],
          [
            7.154911,
            48.815623
          ],
          [
            7.154245,
            48.816281
          ],
          [
            7.153268,
            48.817366
          ],
          [
            7.152729,
            48.818017
          ],
          [
            7.152255,
            48.818671
          ],
          [
            7.151838,
            48.819307
          ],
          [
            7.151486,
            48.819916
          ],
          [
            7.150194,
            48.822663
          ],
          [
            7.149201,
            48.824884
          ],
          [
            7.148721,
            48.825952
          ],
          [
            7.148181,
            48.827045
          ],
          [
            7.147625,
            48.828049
          ],
          [
            7.147347,
            48.828497
          ],
          [
            7.146556,
            48.829671
          ],
          [
            7.145218,
            48.831301
          ],
          [
            7.143802,
            48.832748
          ],
          [
            7.14273,
            48.833703
          ],
          [
            7.141656,
            48.834564
          ],
          [
            7.141529,
            48.834666
          ],
          [
            7.141352,
            48.834792
          ],
          [
            7.140236,
            48.835605
          ],
          [
            7.131744,
            48.841328
          ],
          [
            7.130563,
            48.842192
          ],
          [
            7.129728,
            48.842858
          ],
          [
            7.128841,
            48.843617
          ],
          [
            7.128262,
            48.844159
          ],
          [
            7.127262,
            48.84519
          ],
          [
            7.126791,
            48.845707
          ],
          [
            7.126364,
            48.846215
          ],
          [
            7.125871,
            48.846823
          ],
          [
            7.12542,
            48.847419
          ],
          [
            7.124979,
            48.848068
          ],
          [
            7.124596,
            48.848698
          ],
          [
            7.12426,
            48.84931
          ],
          [
            7.123688,
            48.850469
          ],
          [
            7.122176,
            48.8537
          ],
          [
            7.121737,
            48.854717
          ],
          [
            7.121466,
            48.85546
          ],
          [
            7.121432,
            48.85557
          ],
          [
            7.121163,
            48.856488
          ],
          [
            7.120938,
            48.857426
          ],
          [
            7.120687,
            48.858927
          ],
          [
            7.120566,
            48.860106
          ],
          [
            7.120522,
            48.861463
          ],
          [
            7.120556,
            48.861871
          ],
          [
            7.120647,
            48.863698
          ],
          [
            7.120813,
            48.865887
          ],
          [
            7.12088,
            48.867212
          ],
          [
            7.120881,
            48.868008
          ],
          [
            7.120865,
            48.868835
          ],
          [
            7.120774,
            48.869997
          ],
          [
            7.120457,
            48.872132
          ],
          [
            7.120437,
            48.87223
          ],
          [
            7.119959,
            48.874456
          ],
          [
            7.119786,
            48.875375
          ],
          [
            7.119606,
            48.876739
          ],
          [
            7.119553,
            48.877717
          ],
          [
            7.11955,
            48.878326
          ],
          [
            7.119587,
            48.87913
          ],
          [
            7.119661,
            48.879952
          ],
          [
            7.119765,
            48.880631
          ],
          [
            7.119892,
            48.881277
          ],
          [
            7.120039,
            48.881862
          ],
          [
            7.120249,
            48.882602
          ],
          [
            7.120552,
            48.883482
          ],
          [
            7.120729,
            48.883939
          ],
          [
            7.121061,
            48.88469
          ],
          [
            7.121987,
            48.886491
          ],
          [
            7.122491,
            48.887353
          ],
          [
            7.12255,
            48.887454
          ],
          [
            7.123012,
            48.888278
          ],
          [
            7.123626,
            48.889478
          ],
          [
            7.124152,
            48.890617
          ],
          [
            7.124512,
            48.891476
          ],
          [
            7.124734,
            48.892157
          ],
          [
            7.125092,
            48.893534
          ],
          [
            7.125248,
            48.89422
          ],
          [
            7.125403,
            48.895035
          ],
          [
            7.125591,
            48.896385
          ],
          [
            7.125699,
            48.89801
          ],
          [
            7.125688,
            48.898772
          ],
          [
            7.125596,
            48.900235
          ],
          [
            7.125365,
            48.902236
          ],
          [
            7.125237,
            48.90304
          ],
          [
            7.124921,
            48.904672
          ],
          [
            7.124821,
            48.905112
          ],
          [
            7.124421,
            48.906516
          ],
          [
            7.12206,
            48.913453
          ],
          [
            7.120618,
            48.91759
          ],
          [
            7.120205,
            48.9188
          ],
          [
            7.119782,
            48.920124
          ],
          [
            7.119644,
            48.920626
          ],
          [
            7.119588,
            48.920834
          ],
          [
            7.119436,
            48.92141
          ],
          [
            7.118969,
            48.923575
          ],
          [
            7.118439,
            48.926692
          ],
          [
            7.118165,
            48.9278
          ],
          [
            7.118014,
            48.928271
          ],
          [
            7.117706,
            48.929019
          ],
          [
            7.117279,
            48.929857
          ],
          [
            7.116993,
            48.930343
          ],
          [
            7.116667,
            48.93084
          ],
          [
            7.11634,
            48.931294
          ],
          [
            7.11585,
            48.931893
          ],
          [
            7.115269,
            48.932524
          ],
          [
            7.115176,
            48.932619
          ],
          [
            7.114533,
            48.933214
          ],
          [
            7.11385,
            48.933796
          ],
          [
            7.113177,
            48.934305
          ],
          [
            7.112497,
            48.934768
          ],
          [
            7.111191,
            48.935566
          ],
          [
            7.110359,
            48.936039
          ],
          [
            7.109179,
            48.936709
          ],
          [
            7.107389,
            48.937766
          ],
          [
            7.106402,
            48.938411
          ],
          [
            7.105536,
            48.93901
          ],
          [
            7.104288,
            48.939946
          ],
          [
            7.103353,
            48.94074
          ],
          [
            7.102461,
            48.941567
          ],
          [
            7.101694,
            48.942347
          ],
          [
            7.100802,
            48.943358
          ],
          [
            7.100011,
            48.944366
          ],
          [
            7.0993,
            48.945377
          ],
          [
            7.09722,
            48.948581
          ],
          [
            7.09596,
            48.950378
          ],
          [
            7.095861,
            48.950504
          ],
          [
            7.094986,
            48.951618
          ],
          [
            7.094288,
            48.9524
          ],
          [
            7.093308,
            48.95344
          ],
          [
            7.092591,
            48.954138
          ],
          [
            7.091759,
            48.954907
          ],
          [
            7.090829,
            48.955696
          ],
          [
            7.08987,
            48.956452
          ],
          [
            7.088386,
            48.957535
          ],
          [
            7.086872,
            48.958537
          ],
          [
            7.086211,
            48.958948
          ],
          [
            7.084537,
            48.959933
          ],
          [
            7.080745,
            48.962076
          ],
          [
            7.079382,
            48.962866
          ],
          [
            7.07801,
            48.963679
          ],
          [
            7.076803,
            48.964443
          ],
          [
            7.075683,
            48.965195
          ],
          [
            7.074573,
            48.965982
          ],
          [
            7.073477,
            48.966818
          ],
          [
            7.072633,
            48.967491
          ],
          [
            7.071831,
            48.968167
          ],
          [
            7.070891,
            48.968998
          ],
          [
            7.070272,
            48.969554
          ],
          [
            7.069125,
            48.970714
          ],
          [
            7.068447,
            48.971437
          ],
          [
            7.067538,
            48.972471
          ],
          [
            7.066844,
            48.973316
          ],
          [
            7.066026,
            48.974386
          ],
          [
            7.065344,
            48.97536
          ],
          [
            7.065001,
            48.97592
          ],
          [
            7.064345,
            48.976939
          ],
          [
            7.063494,
            48.978519
          ],
          [
            7.063022,
            48.97951
          ],
          [
            7.062643,
            48.980453
          ],
          [
            7.062338,
            48.981335
          ],
          [
            7.062166,
            48.98193
          ],
          [
            7.06182,
            48.983565
          ],
          [
            7.061704,
            48.984255
          ],
          [
            7.061626,
            48.985046
          ],
          [
            7.061605,
            48.986561
          ],
          [
            7.061632,
            48.987065
          ],
          [
            7.061791,
            48.988374
          ],
          [
            7.061918,
            48.989025
          ],
          [
            7.062072,
            48.989681
          ],
          [
            7.062399,
            48.990791
          ],
          [
            7.062846,
            48.991949
          ],
          [
            7.063227,
            48.992785
          ],
          [
            7.063749,
            48.993727
          ],
          [
            7.064795,
            48.995453
          ],
          [
            7.065937,
            48.99702
          ],
          [
            7.067369,
            48.998989
          ],
          [
            7.068151,
            49.000184
          ],
          [
            7.069542,
            49.002779
          ],
          [
            7.07019,
            49.004576
          ],
          [
            7.07045,
            49.005693
          ],
          [
            7.070503,
            49.005932
          ],
          [
            7.070649,
            49.006631
          ],
          [
            7.070769,
            49.007528
          ],
          [
            7.070934,
            49.009412
          ],
          [
            7.070952,
            49.009637
          ],
          [
            7.071164,
            49.012335
          ],
          [
            7.071258,
            49.013541
          ],
          [
            7.071416,
            49.015808
          ],
          [
            7.071351,
            49.017381
          ],
          [
            7.071212,
            49.018433
          ],
          [
            7.071088,
            49.019125
          ],
          [
            7.070998,
            49.019496
          ],
          [
            7.07078,
            49.020299
          ],
          [
            7.070312,
            49.021764
          ],
          [
            7.067887,
            49.028357
          ],
          [
            7.067316,
            49.029665
          ],
          [
            7.06669,
            49.030872
          ],
          [
            7.065942,
            49.032005
          ],
          [
            7.0647,
            49.033521
          ],
          [
            7.063798,
            49.034443
          ],
          [
            7.062611,
            49.035505
          ],
          [
            7.061532,
            49.03634
          ],
          [
            7.06033,
            49.037163
          ],
          [
            7.059036,
            49.037937
          ],
          [
            7.057767,
            49.038636
          ],
          [
            7.055522,
            49.039737
          ],
          [
            7.05419,
            49.040308
          ],
          [
            7.051198,
            49.041433
          ],
          [
            7.048443,
            49.042269
          ],
          [
            7.046375,
            49.042783
          ],
          [
            7.044923,
            49.043066
          ],
          [
            7.042484,
            49.043425
          ],
          [
            7.039983,
            49.043631
          ],
          [
            7.038217,
            49.0437
          ],
          [
            7.036747,
            49.043666
          ],
          [
            7.034668,
            49.043562
          ],
          [
            7.032733,
            49.043367
          ],
          [
            7.03261,
            49.04335
          ],
          [
            7.031336,
            49.043183
          ],
          [
            7.031002,
            49.043137
          ],
          [
            7.029896,
            49.042976
          ],
          [
            7.028891,
            49.042836
          ],
          [
            7.025925,
            49.042416
          ],
          [
            7.025415,
            49.042345
          ],
          [
            7.023746,
            49.04211
          ],
          [
            7.022282,
            49.041928
          ],
          [
            7.021561,
            49.041848
          ],
          [
            7.020586,
            49.041772
          ],
          [
            7.019204,
            49.041694
          ],
          [
            7.017944,
            49.041662
          ],
          [
            7.016949,
            49.041659
          ],
          [
            7.016321,
            49.041678
          ],
          [
            7.014765,
            49.041767
          ],
          [
            7.013652,
            49.041863
          ],
          [
            7.012575,
            49.042001
          ],
          [
            7.011573,
            49.042163
          ],
          [
            7.010592,
            49.042369
          ],
          [
            7.009061,
            49.042779
          ],
          [
            7.007986,
            49.043138
          ],
          [
            7.006462,
            49.043748
          ],
          [
            7.003134,
            49.045386
          ],
          [
            7.002762,
            49.045542
          ],
          [
            7.002004,
            49.045859
          ],
          [
            7.000728,
            49.046309
          ],
          [
            6.999705,
            49.046588
          ],
          [
            6.998677,
            49.046839
          ],
          [
            6.997563,
            49.047054
          ],
          [
            6.996527,
            49.047209
          ],
          [
            6.994025,
            49.047484
          ],
          [
            6.988998,
            49.047956
          ],
          [
            6.98764,
            49.048127
          ],
          [
            6.986415,
            49.048316
          ],
          [
            6.984492,
            49.048702
          ],
          [
            6.983209,
            49.04902
          ],
          [
            6.981625,
            49.049507
          ],
          [
            6.980077,
            49.050075
          ],
          [
            6.978592,
            49.050694
          ],
          [
            6.977471,
            49.051235
          ],
          [
            6.976013,
            49.052061
          ],
          [
            6.974198,
            49.053297
          ],
          [
            6.972727,
            49.054488
          ],
          [
            6.971249,
            49.055757
          ],
          [
            6.969874,
            49.056802
          ],
          [
            6.968297,
            49.057714
          ],
          [
            6.966858,
            49.058363
          ],
          [
            6.96496,
            49.059012
          ],
          [
            6.96352,
            49.059379
          ],
          [
            6.961181,
            49.059795
          ],
          [
            6.959689,
            49.059924
          ],
          [
            6.958073,
            49.059981
          ],
          [
            6.954393,
            49.060044
          ],
          [
            6.95175,
            49.060137
          ],
          [
            6.950276,
            49.060279
          ],
          [
            6.948737,
            49.060516
          ],
          [
            6.947545,
            49.060758
          ],
          [
            6.94569,
            49.06124
          ],
          [
            6.945059,
            49.06144
          ],
          [
            6.944322,
            49.061702
          ],
          [
            6.943845,
            49.061885
          ],
          [
            6.942688,
            49.062381
          ],
          [
            6.941933,
            49.062747
          ],
          [
            6.937537,
            49.065426
          ],
          [
            6.935886,
            49.0663
          ],
          [
            6.934471,
            49.066932
          ],
          [
            6.932748,
            49.067556
          ],
          [
            6.930591,
            49.068176
          ],
          [
            6.928297,
            49.068669
          ],
          [
            6.925977,
            49.068989
          ],
          [
            6.923842,
            49.069156
          ],
          [
            6.920326,
            49.069252
          ],
          [
            6.920021,
            49.069261
          ],
          [
            6.918653,
            49.069326
          ],
          [
            6.917826,
            49.069385
          ],
          [
            6.916597,
            49.069509
          ],
          [
            6.915389,
            49.069672
          ],
          [
            6.91499,
            49.069743
          ],
          [
            6.913921,
            49.069942
          ],
          [
            6.912944,
            49.070159
          ],
          [
            6.911335,
            49.070575
          ],
          [
            6.909051,
            49.071329
          ],
          [
            6.901066,
            49.074152
          ],
          [
            6.899071,
            49.074819
          ],
          [
            6.897369,
            49.075341
          ],
          [
            6.896668,
            49.075536
          ],
          [
            6.895691,
            49.075775
          ],
          [
            6.890649,
            49.076932
          ],
          [
            6.88943,
            49.077248
          ],
          [
            6.886761,
            49.078121
          ],
          [
            6.884207,
            49.079181
          ],
          [
            6.882531,
            49.080041
          ],
          [
            6.881282,
            49.08076
          ],
          [
            6.880353,
            49.081352
          ],
          [
            6.879506,
            49.08197
          ],
          [
            6.878631,
            49.082664
          ],
          [
            6.877439,
            49.083697
          ],
          [
            6.876487,
            49.084691
          ],
          [
            6.875389,
            49.086037
          ],
          [
            6.874721,
            49.087023
          ],
          [
            6.874277,
            49.087776
          ],
          [
            6.873802,
            49.088722
          ],
          [
            6.869452,
            49.097641
          ],
          [
            6.868432,
            49.099174
          ],
          [
            6.867408,
            49.10045
          ],
          [
            6.866574,
            49.101335
          ],
          [
            6.865905,
            49.10197
          ],
          [
            6.864697,
            49.103001
          ],
          [
            6.863167,
            49.10406
          ],
          [
            6.861914,
            49.104819
          ],
          [
            6.855666,
            49.108388
          ],
          [
            6.854525,
            49.109041
          ],
          [
            6.851743,
            49.110636
          ],
          [
            6.847508,
            49.113042
          ],
          [
            6.845671,
            49.114101
          ],
          [
            6.843363,
            49.115341
          ],
          [
            6.840106,
            49.116751
          ],
          [
            6.832776,
            49.119442
          ],
          [
            6.830646,
            49.120398
          ],
          [
            6.828647,
            49.121517
          ],
          [
            6.826821,
            49.122727
          ],
          [
            6.825982,
            49.123404
          ],
          [
            6.825152,
            49.124184
          ],
          [
            6.824052,
            49.125446
          ],
          [
            6.823235,
            49.126691
          ],
          [
            6.822699,
            49.127821
          ],
          [
            6.822393,
            49.128711
          ],
          [
            6.822231,
            49.129338
          ],
          [
            6.821774,
            49.132012
          ],
          [
            6.821326,
            49.133386
          ],
          [
            6.820682,
            49.134513
          ],
          [
            6.819858,
            49.135554
          ],
          [
            6.818851,
            49.136479
          ],
          [
            6.818505,
            49.136762
          ],
          [
            6.818088,
            49.137058
          ],
          [
            6.817404,
            49.137495
          ],
          [
            6.816644,
            49.137916
          ],
          [
            6.816096,
            49.138191
          ],
          [
            6.815028,
            49.138669
          ],
          [
            6.814638,
            49.138832
          ],
          [
            6.814099,
            49.139058
          ],
          [
            6.813731,
            49.139197
          ],
          [
            6.813283,
            49.139342
          ],
          [
            6.812416,
            49.139565
          ],
          [
            6.81158,
            49.139696
          ],
          [
            6.810776,
            49.139759
          ],
          [
            6.810386,
            49.139769
          ],
          [
            6.809785,
            49.139755
          ],
          [
            6.808953,
            49.139676
          ],
          [
            6.808126,
            49.139536
          ],
          [
            6.807357,
            49.139357
          ],
          [
            6.805364,
            49.138865
          ],
          [
            6.804226,
            49.138617
          ],
          [
            6.802735,
            49.138325
          ],
          [
            6.800405,
            49.137982
          ],
          [
            6.798835,
            49.13781
          ],
          [
            6.79646,
            49.137586
          ],
          [
            6.795045,
            49.137453
          ],
          [
            6.794417,
            49.137388
          ],
          [
            6.792869,
            49.137101
          ],
          [
            6.792147,
            49.136922
          ],
          [
            6.791071,
            49.136628
          ],
          [
            6.787372,
            49.135585
          ],
          [
            6.785028,
            49.134992
          ],
          [
            6.783161,
            49.134577
          ],
          [
            6.782478,
            49.134427
          ],
          [
            6.781765,
            49.134297
          ],
          [
            6.781037,
            49.134194
          ],
          [
            6.780418,
            49.134119
          ],
          [
            6.779136,
            49.13405
          ],
          [
            6.778596,
            49.134044
          ],
          [
            6.777934,
            49.134062
          ],
          [
            6.777321,
            49.134109
          ],
          [
            6.77667,
            49.134166
          ],
          [
            6.776138,
            49.134238
          ],
          [
            6.775557,
            49.134347
          ],
          [
            6.775079,
            49.134455
          ],
          [
            6.77396,
            49.134766
          ],
          [
            6.765961,
            49.137673
          ],
          [
            6.765289,
            49.137895
          ],
          [
            6.763855,
            49.138302
          ],
          [
            6.762575,
            49.138593
          ],
          [
            6.76187,
            49.138713
          ],
          [
            6.761083,
            49.138833
          ],
          [
            6.759891,
            49.138963
          ],
          [
            6.758878,
            49.139032
          ],
          [
            6.757774,
            49.139061
          ],
          [
            6.756686,
            49.139049
          ],
          [
            6.755871,
            49.139005
          ],
          [
            6.755056,
            49.13894
          ],
          [
            6.753536,
            49.138754
          ],
          [
            6.75261,
            49.138589
          ],
          [
            6.751722,
            49.138411
          ],
          [
            6.745871,
            49.137012
          ],
          [
            6.737025,
            49.134875
          ],
          [
            6.736403,
            49.134747
          ],
          [
            6.735173,
            49.13454
          ],
          [
            6.734439,
            49.134463
          ],
          [
            6.733848,
            49.134423
          ],
          [
            6.732957,
            49.134404
          ],
          [
            6.732244,
            49.134427
          ],
          [
            6.731633,
            49.134469
          ],
          [
            6.730522,
            49.134604
          ],
          [
            6.72955,
            49.134789
          ],
          [
            6.729055,
            49.134905
          ],
          [
            6.726427,
            49.135619
          ],
          [
            6.725285,
            49.135881
          ],
          [
            6.724473,
            49.136026
          ],
          [
            6.72392,
            49.136093
          ],
          [
            6.723429,
            49.136137
          ],
          [
            6.722642,
            49.136182
          ],
          [
            6.721577,
            49.136194
          ],
          [
            6.717064,
            49.136161
          ],
          [
            6.715883,
            49.136152
          ],
          [
            6.711402,
            49.136117
          ],
          [
            6.708086,
            49.136089
          ],
          [
            6.705686,
            49.136085
          ],
          [
            6.703964,
            49.136189
          ],
          [
            6.702828,
            49.136218
          ],
          [
            6.701956,
            49.136212
          ],
          [
            6.701318,
            49.13621
          ],
          [
            6.700686,
            49.136211
          ],
          [
            6.697722,
            49.136028
          ],
          [
            6.696749,
            49.136029
          ],
          [
            6.694968,
            49.136016
          ],
          [
            6.69363,
            49.136
          ],
          [
            6.692826,
            49.13597
          ],
          [
            6.691945,
            49.135913
          ],
          [
            6.690755,
            49.135786
          ],
          [
            6.68948,
            49.135597
          ],
          [
            6.688351,
            49.135343
          ],
          [
            6.687286,
            49.135063
          ],
          [
            6.686114,
            49.134691
          ],
          [
            6.682104,
            49.13326
          ],
          [
            6.680917,
            49.132889
          ],
          [
            6.679003,
            49.13246
          ],
          [
            6.677402,
            49.132205
          ],
          [
            6.676363,
            49.132086
          ],
          [
            6.675338,
            49.132004
          ],
          [
            6.674533,
            49.131967
          ],
          [
            6.673523,
            49.131949
          ],
          [
            6.672675,
            49.131969
          ],
          [
            6.671833,
            49.132005
          ],
          [
            6.670328,
            49.13212
          ],
          [
            6.666721,
            49.132495
          ],
          [
            6.663504,
            49.132877
          ],
          [
            6.662404,
            49.133021
          ],
          [
            6.661175,
            49.133183
          ],
          [
            6.659835,
            49.133368
          ],
          [
            6.655343,
            49.134058
          ],
          [
            6.651361,
            49.134748
          ],
          [
            6.646954,
            49.135585
          ],
          [
            6.643188,
            49.136378
          ],
          [
            6.639258,
            49.137231
          ],
          [
            6.637161,
            49.137659
          ],
          [
            6.635888,
            49.137828
          ],
          [
            6.634718,
            49.137925
          ],
          [
            6.632649,
            49.137985
          ],
          [
            6.631018,
            49.137904
          ],
          [
            6.629485,
            49.137722
          ],
          [
            6.627849,
            49.137407
          ],
          [
            6.625903,
            49.136924
          ],
          [
            6.623028,
            49.136016
          ],
          [
            6.621859,
            49.135684
          ],
          [
            6.620452,
            49.135352
          ],
          [
            6.619673,
            49.135203
          ],
          [
            6.618965,
            49.135093
          ],
          [
            6.618263,
            49.135007
          ],
          [
            6.617286,
            49.134919
          ],
          [
            6.616149,
            49.134875
          ],
          [
            6.61527,
            49.134871
          ],
          [
            6.614168,
            49.134909
          ],
          [
            6.613145,
            49.134988
          ],
          [
            6.611981,
            49.135133
          ],
          [
            6.611118,
            49.135284
          ],
          [
            6.609951,
            49.135519
          ],
          [
            6.60873,
            49.135839
          ],
          [
            6.605899,
            49.136629
          ],
          [
            6.605148,
            49.136816
          ],
          [
            6.604063,
            49.137039
          ],
          [
            6.602985,
            49.13722
          ],
          [
            6.601952,
            49.13734
          ],
          [
            6.600901,
            49.137422
          ],
          [
            6.600024,
            49.137449
          ],
          [
            6.59913,
            49.137449
          ],
          [
            6.597912,
            49.137393
          ],
          [
            6.597063,
            49.13733
          ],
          [
            6.596132,
            49.137217
          ],
          [
            6.594953,
            49.137021
          ],
          [
            6.593799,
            49.136799
          ],
          [
            6.578425,
            49.133497
          ],
          [
            6.577309,
            49.133304
          ],
          [
            6.576259,
            49.133166
          ],
          [
            6.575439,
            49.133074
          ],
          [
            6.574405,
            49.132995
          ],
          [
            6.5727,
            49.132932
          ],
          [
            6.569691,
            49.132898
          ],
          [
            6.568717,
            49.132866
          ],
          [
            6.567683,
            49.132811
          ],
          [
            6.566602,
            49.132714
          ],
          [
            6.56301,
            49.132314
          ],
          [
            6.56124,
            49.132177
          ],
          [
            6.560058,
            49.132104
          ],
          [
            6.558276,
            49.132089
          ],
          [
            6.556413,
            49.132172
          ],
          [
            6.55502,
            49.132293
          ],
          [
            6.553524,
            49.132489
          ],
          [
            6.551874,
            49.132759
          ],
          [
            6.550709,
            49.132974
          ],
          [
            6.549097,
            49.133305
          ],
          [
            6.547806,
            49.133556
          ],
          [
            6.546917,
            49.133694
          ],
          [
            6.54597,
            49.13382
          ],
          [
            6.544395,
            49.133953
          ],
          [
            6.543411,
            49.133991
          ],
          [
            6.542585,
            49.134003
          ],
          [
            6.541827,
            49.133972
          ],
          [
            6.540353,
            49.133865
          ],
          [
            6.539389,
            49.13375
          ],
          [
            6.537508,
            49.133476
          ],
          [
            6.53624,
            49.133261
          ],
          [
            6.533412,
            49.132816
          ],
          [
            6.531235,
            49.132511
          ],
          [
            6.529321,
            49.132299
          ],
          [
            6.52744,
            49.132131
          ],
          [
            6.524808,
            49.131966
          ],
          [
            6.522821,
            49.131906
          ],
          [
            6.521917,
            49.131889
          ],
          [
            6.51994,
            49.131905
          ],
          [
            6.517917,
            49.131944
          ],
          [
            6.516025,
            49.132037
          ],
          [
            6.514,
            49.132189
          ],
          [
            6.510838,
            49.132513
          ],
          [
            6.50979,
            49.132657
          ],
          [
            6.508648,
            49.132819
          ],
          [
            6.506965,
            49.133098
          ],
          [
            6.505712,
            49.133327
          ],
          [
            6.503758,
            49.133727
          ],
          [
            6.502347,
            49.134052
          ],
          [
            6.500945,
            49.134398
          ],
          [
            6.499536,
            49.134775
          ],
          [
            6.498155,
            49.135182
          ],
          [
            6.495717,
            49.135964
          ],
          [
            6.493212,
            49.136843
          ],
          [
            6.486906,
            49.139092
          ],
          [
            6.48583,
            49.13944
          ],
          [
            6.484721,
            49.139772
          ],
          [
            6.483051,
            49.140185
          ],
          [
            6.481845,
            49.140442
          ],
          [
            6.480326,
            49.140701
          ],
          [
            6.478382,
            49.140948
          ],
          [
            6.477382,
            49.141043
          ],
          [
            6.475928,
            49.14113
          ],
          [
            6.474177,
            49.141171
          ],
          [
            6.472154,
            49.14113
          ],
          [
            6.468611,
            49.140962
          ],
          [
            6.468076,
            49.140935
          ],
          [
            6.459511,
            49.140509
          ],
          [
            6.45775,
            49.14042
          ],
          [
            6.453853,
            49.140222
          ],
          [
            6.451533,
            49.140139
          ],
          [
            6.450762,
            49.140129
          ],
          [
            6.449235,
            49.14014
          ],
          [
            6.447431,
            49.140226
          ],
          [
            6.445589,
            49.140406
          ],
          [
            6.445083,
            49.140465
          ],
          [
            6.443945,
            49.140627
          ],
          [
            6.438305,
            49.141578
          ],
          [
            6.43668,
            49.141806
          ],
          [
            6.435639,
            49.141912
          ],
          [
            6.434596,
            49.141992
          ],
          [
            6.432643,
            49.142056
          ],
          [
            6.431482,
            49.142038
          ],
          [
            6.430296,
            49.141983
          ],
          [
            6.428454,
            49.141823
          ],
          [
            6.427324,
            49.141662
          ],
          [
            6.426098,
            49.141464
          ],
          [
            6.425143,
            49.141273
          ],
          [
            6.424193,
            49.141045
          ],
          [
            6.423262,
            49.1408
          ],
          [
            6.422252,
            49.140498
          ],
          [
            6.420222,
            49.139799
          ],
          [
            6.416961,
            49.138511
          ],
          [
            6.415785,
            49.138078
          ],
          [
            6.414783,
            49.13777
          ],
          [
            6.413774,
            49.137526
          ],
          [
            6.412739,
            49.137298
          ],
          [
            6.411701,
            49.137135
          ],
          [
            6.410394,
            49.136996
          ],
          [
            6.409589,
            49.136942
          ],
          [
            6.408606,
            49.13692
          ],
          [
            6.407675,
            49.13693
          ],
          [
            6.406505,
            49.136972
          ],
          [
            6.405327,
            49.137085
          ],
          [
            6.404247,
            49.137248
          ],
          [
            6.403258,
            49.137443
          ],
          [
            6.402256,
            49.137678
          ],
          [
            6.399981,
            49.138342
          ],
          [
            6.397613,
            49.139062
          ],
          [
            6.396583,
            49.139333
          ],
          [
            6.395388,
            49.139591
          ],
          [
            6.394178,
            49.139793
          ],
          [
            6.393212,
            49.139909
          ],
          [
            6.392188,
            49.139999
          ],
          [
            6.391438,
            49.140044
          ],
          [
            6.390558,
            49.140065
          ],
          [
            6.389977,
            49.140056
          ],
          [
            6.389258,
            49.140035
          ],
          [
            6.388407,
            49.139989
          ],
          [
            6.387361,
            49.139897
          ],
          [
            6.386207,
            49.139738
          ],
          [
            6.385048,
            49.139533
          ],
          [
            6.383773,
            49.139242
          ],
          [
            6.382528,
            49.138917
          ],
          [
            6.379698,
            49.138143
          ],
          [
            6.37895,
            49.137934
          ],
          [
            6.378651,
            49.137852
          ],
          [
            6.375492,
            49.137001
          ],
          [
            6.3741,
            49.136651
          ],
          [
            6.372694,
            49.13633
          ],
          [
            6.370478,
            49.135957
          ],
          [
            6.368103,
            49.135692
          ],
          [
            6.366226,
            49.135586
          ],
          [
            6.364333,
            49.135556
          ],
          [
            6.361119,
            49.135629
          ],
          [
            6.357707,
            49.135669
          ],
          [
            6.354236,
            49.135639
          ],
          [
            6.351924,
            49.135581
          ],
          [
            6.349568,
            49.135488
          ],
          [
            6.346634,
            49.135332
          ],
          [
            6.343794,
            49.135138
          ],
          [
            6.341002,
            49.134885
          ],
          [
            6.337153,
            49.134479
          ],
          [
            6.333329,
            49.133993
          ],
          [
            6.329578,
            49.13342
          ],
          [
            6.324002,
            49.132391
          ],
          [
            6.321418,
            49.131844
          ],
          [
            6.318771,
            49.131247
          ],
          [
            6.318386,
            49.131158
          ],
          [
            6.314864,
            49.130271
          ],
          [
            6.312627,
            49.129662
          ],
          [
            6.308415,
            49.128417
          ],
          [
            6.306315,
            49.127851
          ],
          [
            6.305194,
            49.127603
          ],
          [
            6.304077,
            49.127382
          ],
          [
            6.301777,
            49.127037
          ],
          [
            6.300069,
            49.126876
          ],
          [
            6.298146,
            49.126769
          ],
          [
            6.296543,
            49.126747
          ],
          [
            6.294861,
            49.126797
          ],
          [
            6.290489,
            49.127059
          ],
          [
            6.289449,
            49.127096
          ],
          [
            6.288231,
            49.127102
          ],
          [
            6.287041,
            49.127061
          ],
          [
            6.285951,
            49.126999
          ],
          [
            6.284867,
            49.126898
          ],
          [
            6.282277,
            49.12659
          ],
          [
            6.279732,
            49.126337
          ],
          [
            6.278342,
            49.126294
          ],
          [
            6.277362,
            49.126294
          ],
          [
            6.275619,
            49.126391
          ],
          [
            6.274824,
            49.126472
          ],
          [
            6.274039,
            49.12657
          ],
          [
            6.273285,
            49.126685
          ],
          [
            6.272241,
            49.126884
          ],
          [
            6.27125,
            49.127115
          ],
          [
            6.270131,
            49.127417
          ],
          [
            6.269606,
            49.127567
          ],
          [
            6.267262,
            49.128228
          ],
          [
            6.266267,
            49.128465
          ],
          [
            6.265473,
            49.128627
          ],
          [
            6.264704,
            49.128751
          ],
          [
            6.263487,
            49.128907
          ],
          [
            6.26266,
            49.128994
          ],
          [
            6.26178,
            49.129061
          ],
          [
            6.259958,
            49.129187
          ],
          [
            6.258945,
            49.129285
          ],
          [
            6.257878,
            49.12944
          ],
          [
            6.256681,
            49.129669
          ],
          [
            6.255702,
            49.129918
          ],
          [
            6.254546,
            49.130282
          ],
          [
            6.253381,
            49.13073
          ],
          [
            6.252133,
            49.131304
          ],
          [
            6.251224,
            49.13184
          ],
          [
            6.250515,
            49.132303
          ],
          [
            6.249884,
            49.132798
          ],
          [
            6.24937,
            49.133229
          ],
          [
            6.248954,
            49.133624
          ],
          [
            6.248576,
            49.134033
          ],
          [
            6.247958,
            49.134803
          ],
          [
            6.247679,
            49.135215
          ],
          [
            6.247341,
            49.135792
          ],
          [
            6.247025,
            49.136499
          ],
          [
            6.246798,
            49.137188
          ],
          [
            6.246672,
            49.137664
          ],
          [
            6.24658,
            49.13814
          ],
          [
            6.246491,
            49.13881
          ],
          [
            6.24643,
            49.14002
          ],
          [
            6.246465,
            49.140983
          ],
          [
            6.24653,
            49.141608
          ],
          [
            6.246669,
            49.142169
          ],
          [
            6.246728,
            49.142504
          ],
          [
            6.24699,
            49.143508
          ],
          [
            6.247373,
            49.144641
          ],
          [
            6.247768,
            49.145529
          ],
          [
            6.248588,
            49.147031
          ],
          [
            6.249184,
            49.148017
          ],
          [
            6.250521,
            49.150103
          ],
          [
            6.251594,
            49.151905
          ],
          [
            6.251973,
            49.152625
          ],
          [
            6.252289,
            49.153346
          ],
          [
            6.252397,
            49.153618
          ],
          [
            6.252786,
            49.154726
          ],
          [
            6.253068,
            49.155831
          ],
          [
            6.253295,
            49.157559
          ],
          [
            6.253258,
            49.159418
          ],
          [
            6.25307,
            49.160533
          ],
          [
            6.252803,
            49.161645
          ],
          [
            6.252463,
            49.162686
          ],
          [
            6.251927,
            49.164149
          ],
          [
            6.251393,
            49.165491
          ],
          [
            6.251044,
            49.166527
          ],
          [
            6.250817,
            49.167552
          ],
          [
            6.250702,
            49.168366
          ],
          [
            6.250663,
            49.169847
          ],
          [
            6.250677,
            49.171233
          ],
          [
            6.250637,
            49.172623
          ],
          [
            6.250499,
            49.173818
          ],
          [
            6.250307,
            49.174728
          ],
          [
            6.250093,
            49.175467
          ],
          [
            6.249751,
            49.176278
          ],
          [
            6.249283,
            49.177151
          ],
          [
            6.248695,
            49.178064
          ],
          [
            6.248121,
            49.178789
          ],
          [
            6.247176,
            49.17983
          ],
          [
            6.246552,
            49.1804
          ],
          [
            6.24591,
            49.18094
          ],
          [
            6.2455,
            49.181262
          ],
          [
            6.245077,
            49.181565
          ],
          [
            6.244072,
            49.182226
          ],
          [
            6.243023,
            49.182821
          ],
          [
            6.242134,
            49.183281
          ],
          [
            6.240762,
            49.183869
          ],
          [
            6.24001,
            49.184156
          ],
          [
            6.239258,
            49.184417
          ],
          [
            6.237741,
            49.184882
          ],
          [
            6.235795,
            49.185372
          ],
          [
            6.235638,
            49.185408
          ],
          [
            6.232294,
            49.186203
          ],
          [
            6.230787,
            49.186616
          ],
          [
            6.229155,
            49.187138
          ],
          [
            6.228,
            49.187556
          ],
          [
            6.226891,
            49.187995
          ],
          [
            6.225623,
            49.188576
          ],
          [
            6.224591,
            49.189095
          ],
          [
            6.222505,
            49.190268
          ],
          [
            6.22149,
            49.190881
          ],
          [
            6.217981,
            49.193063
          ],
          [
            6.216417,
            49.193994
          ],
          [
            6.214292,
            49.195127
          ],
          [
            6.213248,
            49.195653
          ],
          [
            6.211873,
            49.196261
          ],
          [
            6.210381,
            49.196872
          ],
          [
            6.208435,
            49.197521
          ],
          [
            6.207427,
            49.197836
          ],
          [
            6.206219,
            49.198185
          ],
          [
            6.204705,
            49.198556
          ],
          [
            6.202169,
            49.199086
          ],
          [
            6.201146,
            49.199268
          ],
          [
            6.199435,
            49.199563
          ],
          [
            6.198399,
            49.199741
          ],
          [
            6.196495,
            49.200054
          ],
          [
            6.195414,
            49.200214
          ],
          [
            6.194486,
            49.200333
          ],
          [
            6.192796,
            49.200516
          ],
          [
            6.192061,
            49.200571
          ],
          [
            6.191834,
            49.200585
          ],
          [
            6.189069,
            49.200756
          ],
          [
            6.182324,
            49.201126
          ],
          [
            6.181897,
            49.201182
          ],
          [
            6.180855,
            49.201249
          ],
          [
            6.179587,
            49.201355
          ],
          [
            6.179359,
            49.201374
          ],
          [
            6.17875,
            49.201413
          ],
          [
            6.178133,
            49.20148
          ],
          [
            6.177931,
            49.201537
          ],
          [
            6.177808,
            49.201599
          ],
          [
            6.177625,
            49.201765
          ],
          [
            6.177373,
            49.202284
          ],
          [
            6.177245,
            49.202437
          ],
          [
            6.177069,
            49.202556
          ],
          [
            6.176308,
            49.202864
          ],
          [
            6.176195,
            49.202943
          ],
          [
            6.176022,
            49.203116
          ],
          [
            6.175829,
            49.203426
          ],
          [
            6.175693,
            49.203731
          ],
          [
            6.175503,
            49.204324
          ],
          [
            6.175404,
            49.204929
          ],
          [
            6.175331,
            49.205375
          ],
          [
            6.175256,
            49.206059
          ],
          [
            6.175149,
            49.206374
          ],
          [
            6.175042,
            49.208052
          ],
          [
            6.174722,
            49.213749
          ],
          [
            6.174666,
            49.214745
          ],
          [
            6.174631,
            49.215673
          ],
          [
            6.174649,
            49.216445
          ],
          [
            6.174779,
            49.217623
          ],
          [
            6.174887,
            49.21819
          ],
          [
            6.175079,
            49.218957
          ],
          [
            6.175433,
            49.220025
          ],
          [
            6.1758,
            49.220898
          ],
          [
            6.17639,
            49.22204
          ],
          [
            6.177364,
            49.223746
          ],
          [
            6.17792,
            49.224794
          ],
          [
            6.178359,
            49.225789
          ],
          [
            6.17865,
            49.226619
          ],
          [
            6.178936,
            49.227688
          ],
          [
            6.179071,
            49.228381
          ],
          [
            6.179139,
            49.228865
          ],
          [
            6.179403,
            49.23184
          ],
          [
            6.179453,
            49.232352
          ],
          [
            6.179592,
            49.233209
          ],
          [
            6.179771,
            49.233879
          ],
          [
            6.180654,
            49.236251
          ],
          [
            6.180869,
            49.236993
          ],
          [
            6.180994,
            49.237663
          ],
          [
            6.181058,
            49.238507
          ],
          [
            6.181057,
            49.238833
          ],
          [
            6.181015,
            49.239414
          ],
          [
            6.180973,
            49.239747
          ],
          [
            6.18085,
            49.240376
          ],
          [
            6.180636,
            49.241089
          ],
          [
            6.180422,
            49.241623
          ],
          [
            6.18008,
            49.242314
          ],
          [
            6.179576,
            49.243138
          ],
          [
            6.178894,
            49.24417
          ],
          [
            6.177571,
            49.246204
          ],
          [
            6.177152,
            49.247006
          ],
          [
            6.176889,
            49.24761
          ],
          [
            6.176748,
            49.248015
          ],
          [
            6.176537,
            49.248692
          ],
          [
            6.176399,
            49.249294
          ],
          [
            6.176323,
            49.249733
          ],
          [
            6.176268,
            49.250205
          ],
          [
            6.176242,
            49.251321
          ],
          [
            6.176323,
            49.252208
          ],
          [
            6.177229,
            49.258759
          ],
          [
            6.177356,
            49.259695
          ],
          [
            6.177417,
            49.26038
          ],
          [
            6.177436,
            49.260961
          ],
          [
            6.177404,
            49.261958
          ],
          [
            6.177339,
            49.262617
          ],
          [
            6.177203,
            49.263419
          ],
          [
            6.177078,
            49.263963
          ],
          [
            6.176859,
            49.264743
          ],
          [
            6.176698,
            49.265214
          ],
          [
            6.175934,
            49.267223
          ],
          [
            6.17541,
            49.268743
          ],
          [
            6.175165,
            49.269559
          ],
          [
            6.174918,
            49.270475
          ],
          [
            6.174339,
            49.272866
          ],
          [
            6.174227,
            49.273351
          ],
          [
            6.173675,
            49.275645
          ],
          [
            6.173442,
            49.276874
          ],
          [
            6.173243,
            49.278049
          ],
          [
            6.173063,
            49.279433
          ],
          [
            6.172951,
            49.28026
          ],
          [
            6.172676,
            49.282377
          ],
          [
            6.172659,
            49.282705
          ],
          [
            6.172674,
            49.282955
          ],
          [
            6.172737,
            49.283466
          ],
          [
            6.172868,
            49.283993
          ],
          [
            6.17335,
            49.285214
          ],
          [
            6.173516,
            49.285504
          ],
          [
            6.173674,
            49.285882
          ],
          [
            6.174495,
            49.287995
          ],
          [
            6.175422,
            49.290251
          ],
          [
            6.175686,
            49.2908
          ],
          [
            6.175981,
            49.291258
          ],
          [
            6.176426,
            49.291827
          ],
          [
            6.176795,
            49.292217
          ],
          [
            6.177087,
            49.292479
          ],
          [
            6.177432,
            49.292751
          ],
          [
            6.179892,
            49.294555
          ],
          [
            6.180351,
            49.294895
          ],
          [
            6.180944,
            49.295345
          ],
          [
            6.181182,
            49.295552
          ],
          [
            6.181699,
            49.296033
          ],
          [
            6.182061,
            49.296414
          ],
          [
            6.182447,
            49.296865
          ],
          [
            6.182822,
            49.297375
          ],
          [
            6.183041,
            49.297714
          ],
          [
            6.183353,
            49.298266
          ],
          [
            6.183643,
            49.298883
          ],
          [
            6.183754,
            49.299171
          ],
          [
            6.183943,
            49.299774
          ],
          [
            6.184067,
            49.300306
          ],
          [
            6.184159,
            49.301077
          ],
          [
            6.184169,
            49.301429
          ],
          [
            6.184159,
            49.301791
          ],
          [
            6.184101,
            49.302419
          ],
          [
            6.183664,
            49.304693
          ],
          [
            6.183094,
            49.307603
          ],
          [
            6.182849,
            49.308995
          ],
          [
            6.182676,
            49.310327
          ],
          [
            6.182537,
            49.311935
          ],
          [
            6.182494,
            49.31341
          ],
          [
            6.18253,
            49.314826
          ],
          [
            6.182626,
            49.316268
          ],
          [
            6.182738,
            49.317237
          ],
          [
            6.182846,
            49.317918
          ],
          [
            6.182913,
            49.318326
          ],
          [
            6.183135,
            49.31951
          ],
          [
            6.183366,
            49.320551
          ],
          [
            6.183667,
            49.32168
          ],
          [
            6.184339,
            49.323814
          ],
          [
            6.18501,
            49.325883
          ],
          [
            6.18546,
            49.327546
          ],
          [
            6.18559,
            49.328249
          ],
          [
            6.185691,
            49.329055
          ],
          [
            6.185749,
            49.330081
          ],
          [
            6.185765,
            49.33117
          ],
          [
            6.185695,
            49.332227
          ],
          [
            6.185514,
            49.333483
          ],
          [
            6.185305,
            49.334433
          ],
          [
            6.185079,
            49.335251
          ],
          [
            6.184801,
            49.336078
          ],
          [
            6.184366,
            49.337138
          ],
          [
            6.184066,
            49.337764
          ],
          [
            6.183575,
            49.33867
          ],
          [
            6.182855,
            49.339832
          ],
          [
            6.182112,
            49.340867
          ],
          [
            6.181609,
            49.341501
          ],
          [
            6.180797,
            49.342422
          ],
          [
            6.180043,
            49.343177
          ],
          [
            6.179516,
            49.343646
          ],
          [
            6.178906,
            49.344138
          ],
          [
            6.178539,
            49.344406
          ],
          [
            6.17763,
            49.345001
          ],
          [
            6.176792,
            49.34548
          ],
          [
            6.17622,
            49.345776
          ],
          [
            6.175759,
            49.345991
          ],
          [
            6.174794,
            49.346399
          ],
          [
            6.174185,
            49.346624
          ],
          [
            6.173647,
            49.346802
          ],
          [
            6.172379,
            49.347167
          ],
          [
            6.171488,
            49.347378
          ],
          [
            6.170834,
            49.347506
          ],
          [
            6.170261,
            49.347606
          ],
          [
            6.169334,
            49.347737
          ],
          [
            6.168778,
            49.3478
          ],
          [
            6.167782,
            49.347903
          ],
          [
            6.166182,
            49.348045
          ],
          [
            6.164557,
            49.348178
          ],
          [
            6.158211,
            49.348684
          ],
          [
            6.15729,
            49.348758
          ],
          [
            6.156406,
            49.348836
          ],
          [
            6.155807,
            49.348914
          ],
          [
            6.1532,
            49.34936
          ],
          [
            6.149645,
            49.350008
          ],
          [
            6.14888,
            49.350147
          ],
          [
            6.146596,
            49.350558
          ],
          [
            6.146052,
            49.350641
          ],
          [
            6.145069,
            49.350774
          ],
          [
            6.144137,
            49.350875
          ],
          [
            6.143264,
            49.35094
          ],
          [
            6.142117,
            49.350979
          ],
          [
            6.140955,
            49.350972
          ],
          [
            6.139843,
            49.35092
          ],
          [
            6.136438,
            49.350679
          ],
          [
            6.135416,
            49.350604
          ],
          [
            6.134286,
            49.350482
          ],
          [
            6.131556,
            49.350068
          ],
          [
            6.13005,
            49.349795
          ],
          [
            6.128857,
            49.349512
          ],
          [
            6.127665,
            49.349164
          ],
          [
            6.126599,
            49.348796
          ],
          [
            6.125928,
            49.348535
          ],
          [
            6.123707,
            49.347544
          ],
          [
            6.122878,
            49.347173
          ],
          [
            6.121644,
            49.346626
          ],
          [
            6.121078,
            49.346403
          ],
          [
            6.120554,
            49.346228
          ],
          [
            6.120175,
            49.346122
          ],
          [
            6.119831,
            49.346036
          ],
          [
            6.119248,
            49.345917
          ],
          [
            6.11874,
            49.34584
          ],
          [
            6.118033,
            49.345771
          ],
          [
            6.117397,
            49.345744
          ],
          [
            6.117022,
            49.345739
          ],
          [
            6.11653,
            49.345756
          ],
          [
            6.116315,
            49.345768
          ],
          [
            6.116198,
            49.345776
          ],
          [
            6.115516,
            49.345842
          ],
          [
            6.115178,
            49.34589
          ],
          [
            6.114522,
            49.346011
          ],
          [
            6.114181,
            49.346092
          ],
          [
            6.113542,
            49.346276
          ],
          [
            6.112866,
            49.346516
          ],
          [
            6.11253,
            49.346656
          ],
          [
            6.112035,
            49.346898
          ],
          [
            6.111343,
            49.347298
          ],
          [
            6.110873,
            49.347634
          ],
          [
            6.110339,
            49.348087
          ],
          [
            6.110133,
            49.348299
          ],
          [
            6.109722,
            49.34879
          ],
          [
            6.108688,
            49.350386
          ],
          [
            6.107233,
            49.352703
          ],
          [
            6.106808,
            49.353447
          ],
          [
            6.106637,
            49.353792
          ],
          [
            6.106414,
            49.354342
          ],
          [
            6.106308,
            49.354635
          ],
          [
            6.106099,
            49.355365
          ],
          [
            6.105959,
            49.356205
          ],
          [
            6.105917,
            49.356931
          ],
          [
            6.10593,
            49.357299
          ],
          [
            6.105952,
            49.357617
          ],
          [
            6.106072,
            49.358417
          ],
          [
            6.10634,
            49.359564
          ],
          [
            6.106598,
            49.360515
          ],
          [
            6.106736,
            49.361083
          ],
          [
            6.106873,
            49.361828
          ],
          [
            6.106928,
            49.362275
          ],
          [
            6.106946,
            49.362622
          ],
          [
            6.106953,
            49.363331
          ],
          [
            6.106905,
            49.364507
          ],
          [
            6.1069,
            49.365962
          ],
          [
            6.106906,
            49.367483
          ],
          [
            6.106867,
            49.368588
          ],
          [
            6.10677,
            49.369956
          ],
          [
            6.106545,
            49.371705
          ],
          [
            6.10626,
            49.373549
          ],
          [
            6.106196,
            49.374119
          ],
          [
            6.10609,
            49.375534
          ],
          [
            6.106073,
            49.376507
          ],
          [
            6.106125,
            49.37806
          ],
          [
            6.106229,
            49.379201
          ],
          [
            6.106361,
            49.380196
          ],
          [
            6.106582,
            49.381367
          ],
          [
            6.106724,
            49.381998
          ],
          [
            6.106934,
            49.382838
          ],
          [
            6.107234,
            49.383853
          ],
          [
            6.107436,
            49.384478
          ],
          [
            6.110179,
            49.392225
          ],
          [
            6.110355,
            49.392765
          ],
          [
            6.110683,
            49.393935
          ],
          [
            6.111007,
            49.395374
          ],
          [
            6.11123,
            49.396828
          ],
          [
            6.111583,
            49.400623
          ],
          [
            6.111685,
            49.401413
          ],
          [
            6.111916,
            49.403253
          ],
          [
            6.112037,
            49.404465
          ],
          [
            6.112085,
            49.405787
          ],
          [
            6.11207,
            49.407106
          ],
          [
            6.111917,
            49.408845
          ],
          [
            6.111708,
            49.41024
          ],
          [
            6.110941,
            49.414118
          ],
          [
            6.110693,
            49.415559
          ],
          [
            6.110645,
            49.415896
          ],
          [
            6.110545,
            49.416781
          ],
          [
            6.110505,
            49.417389
          ],
          [
            6.11048,
            49.418001
          ],
          [
            6.11048,
            49.418879
          ],
          [
            6.110554,
            49.420398
          ],
          [
            6.110744,
            49.421855
          ],
          [
            6.110928,
            49.422853
          ],
          [
            6.111179,
            49.423897
          ],
          [
            6.111543,
            49.425146
          ],
          [
            6.111914,
            49.426159
          ],
          [
            6.112241,
            49.426979
          ],
          [
            6.112807,
            49.428209
          ],
          [
            6.113067,
            49.428724
          ],
          [
            6.114521,
            49.431379
          ],
          [
            6.114843,
            49.431936
          ],
          [
            6.115398,
            49.432972
          ],
          [
            6.115868,
            49.433924
          ],
          [
            6.116366,
            49.435034
          ],
          [
            6.117053,
            49.436794
          ],
          [
            6.117328,
            49.437634
          ],
          [
            6.117538,
            49.438326
          ],
          [
            6.117881,
            49.439637
          ],
          [
            6.120082,
            49.449428
          ],
          [
            6.120364,
            49.450628
          ],
          [
            6.120617,
            49.45197
          ],
          [
            6.121006,
            49.454298
          ],
          [
            6.121258,
            49.456197
          ],
          [
            6.121424,
            49.457692
          ],
          [
            6.121564,
            49.45934
          ],
          [
            6.121585,
            49.459658
          ],
          [
            6.121671,
            49.460959
          ],
          [
            6.121708,
            49.462331
          ],
          [
            6.12174,
            49.463625
          ],
          [
            6.121745,
            49.465466
          ],
          [
            6.121707,
            49.467088
          ],
          [
            6.12162,
            49.46982
          ],
          [
            6.121501,
            49.472519
          ],
          [
            6.121422,
            49.474169
          ],
          [
            6.12141,
            49.474499
          ],
          [
            6.121352,
            49.475514
          ],
          [
            6.121275,
            49.476411
          ],
          [
            6.121206,
            49.476872
          ],
          [
            6.120976,
            49.477899
          ],
          [
            6.120797,
            49.478491
          ],
          [
            6.120622,
            49.478972
          ],
          [
            6.12052,
            49.479243
          ],
          [
            6.120344,
            49.479703
          ],
          [
            6.12003,
            49.480404
          ],
          [
            6.119787,
            49.480876
          ],
          [
            6.119076,
            49.482247
          ],
          [
            6.118534,
            49.4834
          ],
          [
            6.118164,
            49.484305
          ],
          [
            6.117953,
            49.484893
          ],
          [
            6.117682,
            49.485784
          ],
          [
            6.117379,
            49.487175
          ],
          [
            6.117227,
            49.488425
          ],
          [
            6.117211,
            49.488912
          ],
          [
            6.117168,
            49.490748
          ],
          [
            6.11724,
            49.493135
          ],
          [
            6.117272,
            49.494276
          ],
          [
            6.117185,
            49.495822
          ],
          [
            6.117132,
            49.496621
          ],
          [
            6.116791,
            49.498722
          ],
          [
            6.116347,
            49.500648
          ],
          [
            6.115999,
            49.501783
          ],
          [
            6.115689,
            49.502609
          ],
          [
            6.115241,
            49.503853
          ],
          [
            6.114972,
            49.50474
          ],
          [
            6.114943,
            49.504845
          ],
          [
            6.114763,
            49.50552
          ],
          [
            6.11458,
            49.506532
          ],
          [
            6.11452,
            49.507108
          ],
          [
            6.114476,
            49.508106
          ],
          [
            6.114503,
            49.50885
          ],
          [
            6.114566,
            49.509515
          ],
          [
            6.114721,
            49.510449
          ],
          [
            6.114841,
            49.510969
          ],
          [
            6.114906,
            49.51121
          ],
          [
            6.115207,
            49.512281
          ],
          [
            6.116005,
            49.51472
          ],
          [
            6.116235,
            49.515491
          ],
          [
            6.116422,
            49.516271
          ],
          [
            6.116525,
            49.516839
          ],
          [
            6.116646,
            49.517916
          ],
          [
            6.116673,
            49.518467
          ],
          [
            6.116654,
            49.519482
          ],
          [
            6.116565,
            49.520384
          ],
          [
            6.11652,
            49.520684
          ],
          [
            6.116323,
            49.521594
          ],
          [
            6.11601,
            49.52265
          ],
          [
            6.115648,
            49.523631
          ],
          [
            6.114667,
            49.525914
          ],
          [
            6.114171,
            49.527168
          ],
          [
            6.11395,
            49.527772
          ],
          [
            6.113726,
            49.528518
          ],
          [
            6.113516,
            49.529365
          ],
          [
            6.113379,
            49.530203
          ],
          [
            6.113302,
            49.531159
          ],
          [
            6.113297,
            49.531643
          ],
          [
            6.1133,
            49.531813
          ],
          [
            6.113325,
            49.532361
          ],
          [
            6.113424,
            49.533338
          ],
          [
            6.113514,
            49.533854
          ],
          [
            6.113744,
            49.534749
          ],
          [
            6.113967,
            49.535506
          ],
          [
            6.114358,
            49.536538
          ],
          [
            6.11472,
            49.53728
          ],
          [
            6.115513,
            49.538692
          ],
          [
            6.11583,
            49.539159
          ],
          [
            6.116528,
            49.540064
          ],
          [
            6.116869,
            49.540484
          ],
          [
            6.117623,
            49.541305
          ],
          [
            6.118752,
            49.542402
          ],
          [
            6.121107,
            49.544438
          ],
          [
            6.122104,
            49.545263
          ],
          [
            6.122815,
            49.545895
          ],
          [
            6.123503,
            49.546499
          ],
          [
            6.124573,
            49.547486
          ],
          [
            6.125225,
            49.548158
          ],
          [
            6.125793,
            49.548811
          ],
          [
            6.126296,
            49.549439
          ],
          [
            6.126782,
            49.550085
          ],
          [
            6.1273,
            49.550834
          ],
          [
            6.127764,
            49.551591
          ],
          [
            6.128404,
            49.552749
          ],
          [
            6.128761,
            49.553534
          ],
          [
            6.129068,
            49.554307
          ],
          [
            6.129335,
            49.555103
          ],
          [
            6.12956,
            49.555892
          ],
          [
            6.129717,
            49.556551
          ],
          [
            6.129783,
            49.556941
          ],
          [
            6.129858,
            49.557395
          ],
          [
            6.12991,
            49.55779
          ],
          [
            6.12999,
            49.558897
          ],
          [
            6.13,
            49.559557
          ],
          [
            6.129974,
            49.560174
          ],
          [
            6.129855,
            49.561419
          ],
          [
            6.129755,
            49.562005
          ],
          [
            6.129469,
            49.563226
          ],
          [
            6.129303,
            49.563754
          ],
          [
            6.128873,
            49.564946
          ],
          [
            6.128276,
            49.566228
          ],
          [
            6.127546,
            49.567528
          ],
          [
            6.12624,
            49.569698
          ],
          [
            6.125679,
            49.570706
          ],
          [
            6.125419,
            49.57121
          ],
          [
            6.124985,
            49.5722
          ],
          [
            6.12483,
            49.572613
          ],
          [
            6.124571,
            49.573586
          ],
          [
            6.124463,
            49.574375
          ],
          [
            6.124455,
            49.575084
          ],
          [
            6.124578,
            49.575947
          ],
          [
            6.124633,
            49.576209
          ],
          [
            6.124708,
            49.576522
          ],
          [
            6.125035,
            49.577365
          ],
          [
            6.125466,
            49.578187
          ],
          [
            6.125848,
            49.578739
          ],
          [
            6.126243,
            49.579234
          ],
          [
            6.126884,
            49.579899
          ],
          [
            6.12809,
            49.580991
          ],
          [
            6.128606,
            49.581424
          ],
          [
            6.129742,
            49.582213
          ],
          [
            6.132341,
            49.583882
          ],
          [
            6.132772,
            49.584189
          ],
          [
            6.133202,
            49.584569
          ],
          [
            6.133606,
            49.585005
          ],
          [
            6.133741,
            49.58511
          ],
          [
            6.133816,
            49.585164
          ],
          [
            6.134005,
            49.585202
          ],
          [
            6.134092,
            49.585246
          ],
          [
            6.134145,
            49.585296
          ],
          [
            6.134183,
            49.58537
          ],
          [
            6.134182,
            49.585446
          ],
          [
            6.134158,
            49.585501
          ],
          [
            6.134099,
            49.585567
          ],
          [
            6.134075,
            49.585674
          ],
          [
            6.13408,
            49.585776
          ],
          [
            6.134149,
            49.586403
          ],
          [
            6.134174,
            49.586634
          ],
          [
            6.13417,
            49.586866
          ],
          [
            6.134129,
            49.587214
          ],
          [
            6.13404,
            49.587554
          ],
          [
            6.133842,
            49.588002
          ],
          [
            6.133529,
            49.588474
          ],
          [
            6.133098,
            49.58904
          ],
          [
            6.132989,
            49.589236
          ],
          [
            6.132901,
            49.589438
          ],
          [
            6.13284,
            49.589645
          ],
          [
            6.132808,
            49.590065
          ],
          [
            6.13284,
            49.59037
          ],
          [
            6.133043,
            49.590973
          ],
          [
            6.133459,
            49.59172
          ],
          [
            6.133736,
            49.592272
          ],
          [
            6.133884,
            49.592865
          ],
          [
            6.133911,
            49.593332
          ],
          [
            6.133883,
            49.593524
          ],
          [
            6.133815,
            49.593717
          ],
          [
            6.13335,
            49.594487
          ],
          [
            6.13322,
            49.594837
          ],
          [
            6.133194,
            49.595165
          ],
          [
            6.133198,
            49.595678
          ],
          [
            6.133221,
            49.596006
          ],
          [
            6.133292,
            49.59636
          ],
          [
            6.133402,
            49.596662
          ],
          [
            6.13354,
            49.596929
          ],
          [
            6.134018,
            49.597486
          ],
          [
            6.134302,
            49.59776
          ],
          [
            6.134595,
            49.597982
          ],
          [
            6.135462,
            49.598521
          ],
          [
            6.135599,
            49.598623
          ],
          [
            6.135785,
            49.598813
          ],
          [
            6.135993,
            49.599148
          ],
          [
            6.136405,
            49.599897
          ],
          [
            6.136456,
            49.59999
          ],
          [
            6.136568,
            49.60019
          ],
          [
            6.136701,
            49.60045
          ],
          [
            6.136937,
            49.600929
          ],
          [
            6.136979,
            49.601092
          ],
          [
            6.136988,
            49.601232
          ],
          [
            6.136967,
            49.601797
          ],
          [
            6.136943,
            49.60189
          ],
          [
            6.136915,
            49.601967
          ],
          [
            6.136395,
            49.602807
          ],
          [
            6.136368,
            49.602909
          ],
          [
            6.136372,
            49.603078
          ],
          [
            6.136433,
            49.603251
          ],
          [
            6.13674,
            49.603804
          ],
          [
            6.136966,
            49.604204
          ],
          [
            6.137002,
            49.604327
          ],
          [
            6.136983,
            49.604374
          ],
          [
            6.136934,
            49.604413
          ],
          [
            6.135929,
            49.604899
          ],
          [
            6.135817,
            49.605018
          ],
          [
            6.134762,
            49.604832
          ],
          [
            6.134182,
            49.604729
          ],
          [
            6.133732,
            49.604696
          ],
          [
            6.133612,
            49.604727
          ],
          [
            6.13351,
            49.604789
          ],
          [
            6.133568,
            49.604988
          ],
          [
            6.133628,
            49.6053
          ],
          [
            6.133647,
            49.606412
          ],
          [
            6.13362,
            49.606677
          ],
          [
            6.133493,
            49.606957
          ],
          [
            6.133297,
            49.607271
          ],
          [
            6.133164,
            49.607555
          ],
          [
            6.132919,
            49.607955
          ],
          [
            6.132743,
            49.608173
          ],
          [
            6.132631,
            49.608283
          ],
          [
            6.132479,
            49.608389
          ],
          [
            6.132418,
            49.60843
          ],
          [
            6.132363,
            49.608467
          ],
          [
            6.132169,
            49.608582
          ],
          [
            6.131933,
            49.608692
          ],
          [
            6.131909,
            49.608706
          ],
          [
            6.130712,
            49.609256
          ],
          [
            6.130371,
            49.609402
          ],
          [
            6.130295,
            49.609431
          ],
          [
            6.130121,
            49.609478
          ],
          [
            6.129711,
            49.609589
          ],
          [
            6.129608,
            49.609606
          ],
          [
            6.129626,
            49.609998
          ],
          [
            6.128959,
            49.609981
          ],
          [
            6.128017,
            49.609957
          ],
          [
            6.128018,
            49.609897
          ],
          [
            6.128028,
            49.609576
          ],
          [
            6.127144,
            49.60955
          ],
          [
            6.126473,
            49.609523
          ],
          [
            6.126358,
            49.609515
          ],
          [
            6.126185,
            49.609496
          ],
          [
            6.125975,
            49.609447
          ],
          [
            6.125644,
            49.609297
          ],
          [
            6.125105,
            49.60904
          ],
          [
            6.12502,
            49.609107
          ],
          [
            6.124671,
            49.609671
          ],
          [
            6.12438,
            49.610354
          ],
          [
            6.124246,
            49.610921
          ],
          [
            6.124189,
            49.611027
          ],
          [
            6.124174,
            49.611106
          ],
          [
            6.124166,
            49.611877
          ],
          [
            6.124216,
            49.612318
          ],
          [
            6.122703,
            49.612436
          ],
          [
            6.12234,
            49.612489
          ],
          [
            6.121995,
            49.612571
          ],
          [
            6.12164,
            49.612673
          ],
          [
            6.12082,
            49.612952
          ],
          [
            6.120074,
            49.613206
          ],
          [
            6.119886,
            49.613267
          ],
          [
            6.119505,
            49.613326
          ],
          [
            6.119014,
            49.613401
          ],
          [
            6.117888,
            49.613574
          ],
          [
            6.117674,
            49.613606
          ],
          [
            6.117379,
            49.613652
          ],
          [
            6.117105,
            49.613694
          ],
          [
            6.116354,
            49.613809
          ],
          [
            6.112691,
            49.614371
          ],
          [
            6.112377,
            49.614419
          ],
          [
            6.112093,
            49.614461
          ],
          [
            6.111577,
            49.614538
          ],
          [
            6.110904,
            49.61464
          ],
          [
            6.110021,
            49.614771
          ],
          [
            6.109203,
            49.614894
          ],
          [
            6.108854,
            49.614946
          ],
          [
            6.107669,
            49.615124
          ],
          [
            6.107483,
            49.615152
          ],
          [
            6.106109,
            49.61535
          ],
          [
            6.10067,
            49.616136
          ],
          [
            6.099822,
            49.616258
          ],
          [
            6.099233,
            49.616342
          ],
          [
            6.098957,
            49.616382
          ],
          [
            6.098481,
            49.61645
          ],
          [
            6.097805,
            49.616548
          ],
          [
            6.095832,
            49.616831
          ],
          [
            6.095497,
            49.616879
          ],
          [
            6.095313,
            49.616906
          ],
          [
            6.094999,
            49.616951
          ],
          [
            6.094127,
            49.617076
          ],
          [
            6.093893,
            49.61711
          ],
          [
            6.093376,
            49.617184
          ],
          [
            6.092991,
            49.61724
          ],
          [
            6.092368,
            49.617329
          ],
          [
            6.091458,
            49.617463
          ],
          [
            6.088134,
            49.617938
          ],
          [
            6.08749,
            49.618031
          ],
          [
            6.08593,
            49.618254
          ],
          [
            6.085221,
            49.618355
          ],
          [
            6.084277,
            49.618566
          ],
          [
            6.084184,
            49.618591
          ],
          [
            6.084065,
            49.618655
          ],
          [
            6.083992,
            49.618739
          ],
          [
            6.083969,
            49.618823
          ],
          [
            6.083976,
            49.619132
          ],
          [
            6.084005,
            49.619312
          ],
          [
            6.084127,
            49.619568
          ],
          [
            6.084311,
            49.619835
          ],
          [
            6.084414,
            49.62004
          ],
          [
            6.084448,
            49.62014
          ],
          [
            6.08443,
            49.620243
          ],
          [
            6.084364,
            49.620354
          ],
          [
            6.084284,
            49.620445
          ],
          [
            6.083676,
            49.620943
          ],
          [
            6.083512,
            49.621109
          ],
          [
            6.083178,
            49.621537
          ],
          [
            6.08242,
            49.622625
          ],
          [
            6.08224,
            49.622789
          ],
          [
            6.081673,
            49.623512
          ],
          [
            6.081372,
            49.623828
          ],
          [
            6.080904,
            49.62429
          ],
          [
            6.080427,
            49.624705
          ],
          [
            6.07997,
            49.625069
          ],
          [
            6.078993,
            49.625746
          ],
          [
            6.078258,
            49.626196
          ],
          [
            6.077793,
            49.626456
          ],
          [
            6.076845,
            49.626947
          ],
          [
            6.076101,
            49.627297
          ],
          [
            6.075045,
            49.627761
          ],
          [
            6.073716,
            49.628269
          ],
          [
            6.071896,
            49.628891
          ],
          [
            6.070406,
            49.629292
          ],
          [
            6.06969,
            49.629469
          ],
          [
            6.068641,
            49.629704
          ],
          [
            6.067575,
            49.629908
          ],
          [
            6.06638,
            49.630106
          ],
          [
            6.065289,
            49.630249
          ],
          [
            6.064321,
            49.630361
          ],
          [
            6.06283,
            49.630475
          ],
          [
            6.060985,
            49.630547
          ],
          [
            6.059463,
            49.630556
          ],
          [
            6.05793,
            49.630527
          ],
          [
            6.053543,
            49.630403
          ],
          [
            6.052059,
            49.630393
          ],
          [
            6.050173,
            49.630434
          ],
          [
            6.049027,
            49.630489
          ],
          [
            6.0475,
            49.630594
          ],
          [
            6.046444,
            49.630682
          ],
          [
            6.045259,
            49.630808
          ],
          [
            6.044546,
            49.630892
          ],
          [
            6.043016,
            49.631105
          ],
          [
            6.041489,
            49.631355
          ],
          [
            6.040612,
            49.631522
          ],
          [
            6.039269,
            49.631795
          ],
          [
            6.038072,
            49.632074
          ],
          [
            6.037084,
            49.632318
          ],
          [
            6.035654,
            49.632712
          ],
          [
            6.033527,
            49.633369
          ],
          [
            6.031897,
            49.633944
          ],
          [
            6.03073,
            49.634388
          ],
          [
            6.026784,
            49.635943
          ],
          [
            6.025198,
            49.636526
          ],
          [
            6.024094,
            49.636896
          ],
          [
            6.022913,
            49.637251
          ],
          [
            6.02181,
            49.637552
          ],
          [
            6.020399,
            49.637885
          ],
          [
            6.019309,
            49.638109
          ],
          [
            6.018193,
            49.638305
          ],
          [
            6.016612,
            49.638538
          ],
          [
            6.015659,
            49.63865
          ],
          [
            6.014233,
            49.638779
          ],
          [
            6.013619,
            49.638819
          ],
          [
            6.012569,
            49.638864
          ],
          [
            6.01112,
            49.638886
          ],
          [
            6.010179,
            49.638873
          ],
          [
            6.009327,
            49.638847
          ],
          [
            6.008195,
            49.638783
          ],
          [
            6.007334,
            49.638711
          ],
          [
            6.006596,
            49.638633
          ],
          [
            6.005015,
            49.638427
          ],
          [
            6.003892,
            49.638243
          ],
          [
            6.00265,
            49.638018
          ],
          [
            6.001293,
            49.637709
          ],
          [
            6.00052,
            49.637494
          ],
          [
            5.998929,
            49.63705
          ],
          [
            5.997571,
            49.636657
          ],
          [
            5.996755,
            49.636419
          ],
          [
            5.995505,
            49.636065
          ],
          [
            5.994526,
            49.635806
          ],
          [
            5.993367,
            49.635532
          ],
          [
            5.992528,
            49.635351
          ],
          [
            5.990927,
            49.635066
          ],
          [
            5.99016,
            49.634951
          ],
          [
            5.988627,
            49.634769
          ],
          [
            5.987873,
            49.6347
          ],
          [
            5.986521,
            49.634616
          ],
          [
            5.985875,
            49.634585
          ],
          [
            5.984408,
            49.634564
          ],
          [
            5.983587,
            49.634564
          ],
          [
            5.982602,
            49.634595
          ],
          [
            5.981613,
            49.63465
          ],
          [
            5.980471,
            49.634744
          ],
          [
            5.979253,
            49.634875
          ],
          [
            5.977536,
            49.635097
          ],
          [
            5.975221,
            49.635429
          ],
          [
            5.973137,
            49.635703
          ],
          [
            5.972326,
            49.635793
          ],
          [
            5.970858,
            49.635919
          ],
          [
            5.969878,
            49.635983
          ],
          [
            5.968448,
            49.63604
          ],
          [
            5.966757,
            49.63606
          ],
          [
            5.965976,
            49.636052
          ],
          [
            5.964479,
            49.636002
          ],
          [
            5.963259,
            49.635939
          ],
          [
            5.959679,
            49.635712
          ],
          [
            5.958622,
            49.635661
          ],
          [
            5.956771,
            49.635613
          ],
          [
            5.955392,
            49.635623
          ],
          [
            5.953688,
            49.635685
          ],
          [
            5.952183,
            49.635778
          ],
          [
            5.950897,
            49.635886
          ],
          [
            5.948591,
            49.636091
          ],
          [
            5.947455,
            49.636179
          ],
          [
            5.946426,
            49.636243
          ],
          [
            5.944966,
            49.636305
          ],
          [
            5.943684,
            49.636322
          ],
          [
            5.941854,
            49.636299
          ],
          [
            5.940721,
            49.636253
          ],
          [
            5.937319,
            49.636054
          ],
          [
            5.935209,
            49.635953
          ],
          [
            5.933007,
            49.635923
          ],
          [
            5.931111,
            49.63595
          ],
          [
            5.92911,
            49.636046
          ],
          [
            5.926836,
            49.636223
          ],
          [
            5.923993,
            49.636512
          ],
          [
            5.915027,
            49.637514
          ],
          [
            5.914573,
            49.637565
          ],
          [
            5.908407,
            49.638264
          ],
          [
            5.907949,
            49.638316
          ],
          [
            5.907147,
            49.638407
          ],
          [
            5.906472,
            49.638484
          ],
          [
            5.906406,
            49.638492
          ],
          [
            5.898999,
            49.639317
          ],
          [
            5.896423,
            49.639604
          ],
          [
            5.893945,
            49.63988
          ],
          [
            5.891785,
            49.640084
          ],
          [
            5.890914,
            49.640151
          ],
          [
            5.889164,
            49.640244
          ],
          [
            5.887471,
            49.640288
          ],
          [
            5.885818,
            49.640292
          ],
          [
            5.883057,
            49.640203
          ],
          [
            5.88117,
            49.640063
          ],
          [
            5.862136,
            49.638255
          ],
          [
            5.860556,
            49.638131
          ],
          [
            5.858984,
            49.638032
          ],
          [
            5.857272,
            49.637977
          ],
          [
            5.855646,
            49.637966
          ],
          [
            5.854043,
            49.637994
          ],
          [
            5.852382,
            49.638069
          ],
          [
            5.850754,
            49.63818
          ],
          [
            5.849107,
            49.638343
          ],
          [
            5.847461,
            49.638551
          ],
          [
            5.845974,
            49.638784
          ],
          [
            5.844373,
            49.639069
          ],
          [
            5.842758,
            49.639407
          ],
          [
            5.841216,
            49.639756
          ],
          [
            5.839771,
            49.640111
          ],
          [
            5.838189,
            49.640536
          ],
          [
            5.83714,
            49.640853
          ],
          [
            5.835906,
            49.641213
          ],
          [
            5.834443,
            49.641696
          ],
          [
            5.83295,
            49.642215
          ],
          [
            5.831488,
            49.642767
          ],
          [
            5.830006,
            49.643374
          ],
          [
            5.829712,
            49.643494
          ],
          [
            5.828011,
            49.64425
          ],
          [
            5.826763,
            49.644867
          ],
          [
            5.825994,
            49.645281
          ],
          [
            5.825567,
            49.645541
          ],
          [
            5.824995,
            49.645875
          ],
          [
            5.824384,
            49.646264
          ],
          [
            5.823786,
            49.646669
          ],
          [
            5.822926,
            49.647295
          ],
          [
            5.822089,
            49.647973
          ],
          [
            5.821724,
            49.648295
          ],
          [
            5.82027,
            49.649729
          ],
          [
            5.81944,
            49.650688
          ],
          [
            5.819171,
            49.651066
          ],
          [
            5.818647,
            49.651811
          ],
          [
            5.818335,
            49.652297
          ],
          [
            5.817913,
            49.653027
          ],
          [
            5.817449,
            49.653943
          ],
          [
            5.817071,
            49.654744
          ],
          [
            5.816446,
            49.656162
          ],
          [
            5.815591,
            49.657957
          ],
          [
            5.815099,
            49.658845
          ],
          [
            5.814774,
            49.659376
          ],
          [
            5.814398,
            49.659928
          ],
          [
            5.81401,
            49.660453
          ],
          [
            5.813613,
            49.660937
          ],
          [
            5.813152,
            49.661456
          ],
          [
            5.812642,
            49.661989
          ],
          [
            5.811684,
            49.662857
          ],
          [
            5.81111,
            49.663331
          ],
          [
            5.810571,
            49.663744
          ],
          [
            5.809973,
            49.664171
          ],
          [
            5.809364,
            49.664578
          ],
          [
            5.80868,
            49.665
          ],
          [
            5.80806,
            49.665362
          ],
          [
            5.807369,
            49.665711
          ],
          [
            5.806904,
            49.665951
          ],
          [
            5.80593,
            49.666404
          ],
          [
            5.805246,
            49.66669
          ],
          [
            5.804358,
            49.667037
          ],
          [
            5.803576,
            49.667314
          ],
          [
            5.802761,
            49.66758
          ],
          [
            5.801929,
            49.667822
          ],
          [
            5.801063,
            49.668058
          ],
          [
            5.80024,
            49.668252
          ],
          [
            5.79857,
            49.668585
          ],
          [
            5.797784,
            49.668719
          ],
          [
            5.78664,
            49.670429
          ],
          [
            5.783401,
            49.670923
          ],
          [
            5.779054,
            49.671598
          ],
          [
            5.778224,
            49.671742
          ],
          [
            5.77669,
            49.672047
          ],
          [
            5.775265,
            49.672372
          ],
          [
            5.774541,
            49.672558
          ],
          [
            5.773181,
            49.672941
          ],
          [
            5.772004,
            49.673306
          ],
          [
            5.770274,
            49.67391
          ],
          [
            5.769505,
            49.674208
          ],
          [
            5.768895,
            49.674455
          ],
          [
            5.768098,
            49.674804
          ],
          [
            5.766931,
            49.675356
          ],
          [
            5.765958,
            49.675832
          ],
          [
            5.764808,
            49.676452
          ],
          [
            5.763652,
            49.677141
          ],
          [
            5.762474,
            49.677885
          ],
          [
            5.75395,
            49.683449
          ],
          [
            5.751952,
            49.684722
          ],
          [
            5.751005,
            49.685285
          ],
          [
            5.749836,
            49.685935
          ],
          [
            5.749396,
            49.686155
          ],
          [
            5.748884,
            49.686407
          ],
          [
            5.747987,
            49.686834
          ],
          [
            5.7466,
            49.687411
          ],
          [
            5.745899,
            49.687678
          ],
          [
            5.745147,
            49.687941
          ],
          [
            5.743728,
            49.688394
          ],
          [
            5.742331,
            49.688773
          ],
          [
            5.740862,
            49.689117
          ],
          [
            5.73939,
            49.689409
          ],
          [
            5.737893,
            49.689667
          ],
          [
            5.735791,
            49.689993
          ],
          [
            5.700636,
            49.695175
          ],
          [
            5.697924,
            49.695565
          ],
          [
            5.696435,
            49.695747
          ],
          [
            5.695163,
            49.695862
          ],
          [
            5.693772,
            49.69594
          ],
          [
            5.69245,
            49.695973
          ],
          [
            5.690435,
            49.695973
          ],
          [
            5.678764,
            49.69588
          ],
          [
            5.676329,
            49.695869
          ],
          [
            5.673866,
            49.695888
          ],
          [
            5.6726,
            49.69593
          ],
          [
            5.67137,
            49.695989
          ],
          [
            5.670148,
            49.696073
          ],
          [
            5.668896,
            49.696183
          ],
          [
            5.667682,
            49.696315
          ],
          [
            5.666479,
            49.696467
          ],
          [
            5.665286,
            49.696643
          ],
          [
            5.662896,
            49.697055
          ],
          [
            5.6438,
            49.700644
          ],
          [
            5.641436,
            49.701102
          ],
          [
            5.639594,
            49.701497
          ],
          [
            5.638054,
            49.70185
          ],
          [
            5.6365,
            49.70224
          ],
          [
            5.634991,
            49.702644
          ],
          [
            5.632958,
            49.703223
          ],
          [
            5.631365,
            49.703722
          ],
          [
            5.629905,
            49.704203
          ],
          [
            5.627718,
            49.704979
          ],
          [
            5.62628,
            49.705526
          ],
          [
            5.62397,
            49.706422
          ],
          [
            5.622048,
            49.707205
          ],
          [
            5.621042,
            49.707615
          ],
          [
            5.618642,
            49.708594
          ],
          [
            5.614287,
            49.710309
          ],
          [
            5.611544,
            49.71141
          ],
          [
            5.609145,
            49.712379
          ],
          [
            5.602994,
            49.714864
          ],
          [
            5.600211,
            49.716007
          ],
          [
            5.598605,
            49.716709
          ],
          [
            5.597021,
            49.717449
          ],
          [
            5.595348,
            49.718297
          ],
          [
            5.593705,
            49.719193
          ],
          [
            5.592119,
            49.72013
          ],
          [
            5.59111,
            49.720763
          ],
          [
            5.589669,
            49.721734
          ],
          [
            5.588991,
            49.722212
          ],
          [
            5.588283,
            49.722728
          ],
          [
            5.587641,
            49.723225
          ],
          [
            5.586349,
            49.724263
          ],
          [
            5.585142,
            49.725321
          ],
          [
            5.583987,
            49.726409
          ],
          [
            5.582891,
            49.727527
          ],
          [
            5.581851,
            49.728684
          ],
          [
            5.580896,
            49.729845
          ],
          [
            5.580003,
            49.731021
          ],
          [
            5.578774,
            49.732838
          ],
          [
            5.577252,
            49.735282
          ],
          [
            5.572846,
            49.742482
          ],
          [
            5.571239,
            49.7451
          ],
          [
            5.569833,
            49.747387
          ],
          [
            5.569773,
            49.747486
          ],
          [
            5.567825,
            49.750668
          ],
          [
            5.565904,
            49.753798
          ],
          [
            5.562345,
            49.759597
          ],
          [
            5.561058,
            49.761612
          ],
          [
            5.560199,
            49.762852
          ],
          [
            5.559351,
            49.764026
          ],
          [
            5.558372,
            49.765228
          ],
          [
            5.557345,
            49.766388
          ],
          [
            5.556224,
            49.76751
          ],
          [
            5.55484,
            49.768748
          ],
          [
            5.553744,
            49.769647
          ],
          [
            5.552743,
            49.770427
          ],
          [
            5.551498,
            49.771345
          ],
          [
            5.55016,
            49.772297
          ],
          [
            5.545743,
            49.775325
          ],
          [
            5.54451,
            49.776193
          ],
          [
            5.543216,
            49.777135
          ],
          [
            5.542051,
            49.778043
          ],
          [
            5.540823,
            49.779063
          ],
          [
            5.539672,
            49.780069
          ],
          [
            5.538058,
            49.781525
          ],
          [
            5.531466,
            49.787551
          ],
          [
            5.529955,
            49.788985
          ],
          [
            5.529017,
            49.789931
          ],
          [
            5.528102,
            49.790892
          ],
          [
            5.527187,
            49.791933
          ],
          [
            5.526216,
            49.793141
          ],
          [
            5.525329,
            49.79437
          ],
          [
            5.524537,
            49.795557
          ],
          [
            5.523692,
            49.796912
          ],
          [
            5.520357,
            49.802622
          ],
          [
            5.519332,
            49.804421
          ],
          [
            5.518391,
            49.806276
          ],
          [
            5.517848,
            49.807484
          ],
          [
            5.517124,
            49.809312
          ],
          [
            5.516696,
            49.810573
          ],
          [
            5.516412,
            49.811534
          ],
          [
            5.515973,
            49.8133
          ],
          [
            5.515725,
            49.814494
          ],
          [
            5.51548,
            49.815744
          ],
          [
            5.514298,
            49.822269
          ],
          [
            5.51389,
            49.824673
          ],
          [
            5.513587,
            49.826128
          ],
          [
            5.513344,
            49.82746
          ],
          [
            5.512868,
            49.830286
          ],
          [
            5.512355,
            49.832902
          ],
          [
            5.511394,
            49.838279
          ],
          [
            5.511186,
            49.839626
          ],
          [
            5.510944,
            49.8416
          ],
          [
            5.510803,
            49.843224
          ],
          [
            5.510742,
            49.844496
          ],
          [
            5.5107,
            49.845839
          ],
          [
            5.510669,
            49.850363
          ],
          [
            5.510638,
            49.851721
          ],
          [
            5.510597,
            49.852633
          ],
          [
            5.510531,
            49.853524
          ],
          [
            5.510474,
            49.853984
          ],
          [
            5.510347,
            49.854878
          ],
          [
            5.510086,
            49.856114
          ],
          [
            5.509903,
            49.856784
          ],
          [
            5.509641,
            49.857551
          ],
          [
            5.509297,
            49.858424
          ],
          [
            5.508899,
            49.859285
          ],
          [
            5.508434,
            49.860151
          ],
          [
            5.507927,
            49.860998
          ],
          [
            5.507495,
            49.861634
          ],
          [
            5.507224,
            49.862024
          ],
          [
            5.506278,
            49.86322
          ],
          [
            5.505772,
            49.863802
          ],
          [
            5.50521,
            49.864398
          ],
          [
            5.504042,
            49.865517
          ],
          [
            5.503432,
            49.866052
          ],
          [
            5.502795,
            49.866575
          ],
          [
            5.502121,
            49.867098
          ],
          [
            5.501389,
            49.86763
          ],
          [
            5.500706,
            49.868098
          ],
          [
            5.499517,
            49.868854
          ],
          [
            5.49789,
            49.869772
          ],
          [
            5.497028,
            49.87022
          ],
          [
            5.495866,
            49.870775
          ],
          [
            5.494809,
            49.87124
          ],
          [
            5.493848,
            49.871633
          ],
          [
            5.493057,
            49.871938
          ],
          [
            5.492042,
            49.872297
          ],
          [
            5.491198,
            49.872577
          ],
          [
            5.490139,
            49.872903
          ],
          [
            5.489194,
            49.87317
          ],
          [
            5.488137,
            49.873447
          ],
          [
            5.486635,
            49.873785
          ],
          [
            5.485593,
            49.874008
          ],
          [
            5.48545,
            49.874039
          ],
          [
            5.483554,
            49.874396
          ],
          [
            5.480085,
            49.874972
          ],
          [
            5.47614,
            49.875606
          ],
          [
            5.427735,
            49.883362
          ],
          [
            5.425294,
            49.883728
          ],
          [
            5.422864,
            49.884021
          ],
          [
            5.421633,
            49.884134
          ],
          [
            5.420448,
            49.884224
          ],
          [
            5.418042,
            49.884373
          ],
          [
            5.411554,
            49.884699
          ],
          [
            5.410985,
            49.884728
          ],
          [
            5.409365,
            49.884809
          ],
          [
            5.40586,
            49.884979
          ],
          [
            5.399276,
            49.885318
          ],
          [
            5.398172,
            49.885372
          ],
          [
            5.393741,
            49.885592
          ],
          [
            5.38967,
            49.885793
          ],
          [
            5.379083,
            49.886329
          ],
          [
            5.376142,
            49.88652
          ],
          [
            5.373583,
            49.886745
          ],
          [
            5.371103,
            49.887008
          ],
          [
            5.369883,
            49.887156
          ],
          [
            5.367098,
            49.887541
          ],
          [
            5.365308,
            49.887815
          ],
          [
            5.364169,
            49.888019
          ],
          [
            5.363201,
            49.888189
          ],
          [
            5.361744,
            49.88847
          ],
          [
            5.359117,
            49.889013
          ],
          [
            5.357158,
            49.889463
          ],
          [
            5.355078,
            49.889981
          ],
          [
            5.35324,
            49.890464
          ],
          [
            5.351082,
            49.891082
          ],
          [
            5.349224,
            49.891653
          ],
          [
            5.347709,
            49.892147
          ],
          [
            5.345442,
            49.892928
          ],
          [
            5.344329,
            49.893335
          ],
          [
            5.342214,
            49.89415
          ],
          [
            5.340165,
            49.894991
          ],
          [
            5.338197,
            49.89585
          ],
          [
            5.336248,
            49.896755
          ],
          [
            5.33403,
            49.897838
          ],
          [
            5.333638,
            49.898032
          ],
          [
            5.333323,
            49.898187
          ],
          [
            5.330606,
            49.899518
          ],
          [
            5.320769,
            49.904349
          ],
          [
            5.318713,
            49.90532
          ],
          [
            5.317189,
            49.905995
          ],
          [
            5.315418,
            49.906727
          ],
          [
            5.314285,
            49.907145
          ],
          [
            5.313195,
            49.907523
          ],
          [
            5.312104,
            49.907875
          ],
          [
            5.310978,
            49.908211
          ],
          [
            5.309822,
            49.908529
          ],
          [
            5.308658,
            49.908826
          ],
          [
            5.307462,
            49.909106
          ],
          [
            5.305138,
            49.909576
          ],
          [
            5.302628,
            49.909966
          ],
          [
            5.301454,
            49.910115
          ],
          [
            5.299059,
            49.910347
          ],
          [
            5.297808,
            49.910437
          ],
          [
            5.296569,
            49.910503
          ],
          [
            5.295329,
            49.910548
          ],
          [
            5.292823,
            49.910614
          ],
          [
            5.27819,
            49.910833
          ],
          [
            5.277068,
            49.910863
          ],
          [
            5.275883,
            49.910914
          ],
          [
            5.274696,
            49.910985
          ],
          [
            5.273473,
            49.911079
          ],
          [
            5.272306,
            49.911188
          ],
          [
            5.271147,
            49.911317
          ],
          [
            5.269953,
            49.911474
          ],
          [
            5.267667,
            49.911837
          ],
          [
            5.266514,
            49.912053
          ],
          [
            5.265368,
            49.912288
          ],
          [
            5.26312,
            49.91281
          ],
          [
            5.262014,
            49.913106
          ],
          [
            5.260941,
            49.913418
          ],
          [
            5.258851,
            49.914082
          ],
          [
            5.256765,
            49.914833
          ],
          [
            5.25479,
            49.915641
          ],
          [
            5.253832,
            49.916071
          ],
          [
            5.252818,
            49.916552
          ],
          [
            5.251866,
            49.917038
          ],
          [
            5.250672,
            49.917674
          ],
          [
            5.250427,
            49.917812
          ],
          [
            5.248924,
            49.918703
          ],
          [
            5.248126,
            49.919203
          ],
          [
            5.247308,
            49.919752
          ],
          [
            5.246479,
            49.920345
          ],
          [
            5.245721,
            49.92091
          ],
          [
            5.244962,
            49.921508
          ],
          [
            5.244218,
            49.922125
          ],
          [
            5.243512,
            49.922746
          ],
          [
            5.242852,
            49.923367
          ],
          [
            5.241631,
            49.924617
          ],
          [
            5.240945,
            49.925384
          ],
          [
            5.239889,
            49.926688
          ],
          [
            5.238894,
            49.928098
          ],
          [
            5.238442,
            49.928815
          ],
          [
            5.237642,
            49.930253
          ],
          [
            5.237261,
            49.931038
          ],
          [
            5.236921,
            49.931822
          ],
          [
            5.23661,
            49.932614
          ],
          [
            5.236339,
            49.933397
          ],
          [
            5.236103,
            49.934203
          ],
          [
            5.235903,
            49.935011
          ],
          [
            5.235737,
            49.935799
          ],
          [
            5.23561,
            49.936609
          ],
          [
            5.235519,
            49.937402
          ],
          [
            5.235464,
            49.938159
          ],
          [
            5.235449,
            49.939731
          ],
          [
            5.235492,
            49.940517
          ],
          [
            5.235677,
            49.942057
          ],
          [
            5.235987,
            49.943607
          ],
          [
            5.236546,
            49.945803
          ],
          [
            5.236633,
            49.946148
          ],
          [
            5.236959,
            49.947499
          ],
          [
            5.237125,
            49.948293
          ],
          [
            5.237265,
            49.94908
          ],
          [
            5.237375,
            49.949898
          ],
          [
            5.238082,
            49.958795
          ],
          [
            5.239007,
            49.971225
          ],
          [
            5.239111,
            49.972868
          ],
          [
            5.239136,
            49.973668
          ],
          [
            5.239124,
            49.975307
          ],
          [
            5.239067,
            49.97617
          ],
          [
            5.238987,
            49.976945
          ],
          [
            5.238936,
            49.977329
          ],
          [
            5.238709,
            49.978563
          ],
          [
            5.238521,
            49.979357
          ],
          [
            5.238302,
            49.980108
          ],
          [
            5.238013,
            49.98096
          ],
          [
            5.237711,
            49.981732
          ],
          [
            5.237372,
            49.982507
          ],
          [
            5.236975,
            49.983315
          ],
          [
            5.23657,
            49.984061
          ],
          [
            5.236118,
            49.984825
          ],
          [
            5.235169,
            49.986262
          ],
          [
            5.233635,
            49.988328
          ],
          [
            5.231709,
            49.990768
          ],
          [
            5.231381,
            49.991172
          ],
          [
            5.223888,
            50.000563
          ],
          [
            5.223301,
            50.001296
          ],
          [
            5.222517,
            50.002276
          ],
          [
            5.218874,
            50.006829
          ],
          [
            5.218129,
            50.007802
          ],
          [
            5.217706,
            50.008427
          ],
          [
            5.215981,
            50.011056
          ],
          [
            5.213455,
            50.014997
          ],
          [
            5.213019,
            50.015749
          ],
          [
            5.212597,
            50.016548
          ],
          [
            5.21226,
            50.017263
          ],
          [
            5.211905,
            50.018087
          ],
          [
            5.211607,
            50.018869
          ],
          [
            5.211344,
            50.019646
          ],
          [
            5.211109,
            50.020464
          ],
          [
            5.210915,
            50.021238
          ],
          [
            5.21076,
            50.021993
          ],
          [
            5.210626,
            50.02282
          ],
          [
            5.21053,
            50.023622
          ],
          [
            5.21045,
            50.025245
          ],
          [
            5.210462,
            50.026037
          ],
          [
            5.210514,
            50.026861
          ],
          [
            5.210678,
            50.02848
          ],
          [
            5.210941,
            50.030672
          ],
          [
            5.211179,
            50.032574
          ],
          [
            5.21175,
            50.037172
          ],
          [
            5.21198,
            50.039088
          ],
          [
            5.212234,
            50.04116
          ],
          [
            5.212308,
            50.041965
          ],
          [
            5.212362,
            50.042938
          ],
          [
            5.212373,
            50.043554
          ],
          [
            5.212342,
            50.044389
          ],
          [
            5.212266,
            50.045241
          ],
          [
            5.212151,
            50.046032
          ],
          [
            5.211997,
            50.046858
          ],
          [
            5.211791,
            50.047667
          ],
          [
            5.211557,
            50.04845
          ],
          [
            5.211276,
            50.049232
          ],
          [
            5.210944,
            50.050039
          ],
          [
            5.210568,
            50.050843
          ],
          [
            5.210157,
            50.05162
          ],
          [
            5.209767,
            50.052288
          ],
          [
            5.209345,
            50.052954
          ],
          [
            5.208894,
            50.053607
          ],
          [
            5.208403,
            50.054264
          ],
          [
            5.20781,
            50.055002
          ],
          [
            5.206826,
            50.056102
          ],
          [
            5.206047,
            50.05688
          ],
          [
            5.205305,
            50.057573
          ],
          [
            5.204625,
            50.058168
          ],
          [
            5.203324,
            50.059208
          ],
          [
            5.202598,
            50.059736
          ],
          [
            5.201941,
            50.060194
          ],
          [
            5.200924,
            50.060852
          ],
          [
            5.200105,
            50.06135
          ],
          [
            5.197697,
            50.062696
          ],
          [
            5.194265,
            50.064545
          ],
          [
            5.192525,
            50.065525
          ],
          [
            5.190939,
            50.066461
          ],
          [
            5.188619,
            50.067901
          ],
          [
            5.187004,
            50.068941
          ],
          [
            5.185426,
            50.070008
          ],
          [
            5.18316,
            50.071622
          ],
          [
            5.174387,
            50.078187
          ],
          [
            5.172916,
            50.079325
          ],
          [
            5.171448,
            50.080518
          ],
          [
            5.169711,
            50.081987
          ],
          [
            5.169291,
            50.082331
          ],
          [
            5.164977,
            50.085947
          ],
          [
            5.164113,
            50.086673
          ],
          [
            5.162705,
            50.087835
          ],
          [
            5.161982,
            50.088382
          ],
          [
            5.161219,
            50.088902
          ],
          [
            5.160372,
            50.089417
          ],
          [
            5.159491,
            50.089877
          ],
          [
            5.158481,
            50.090334
          ],
          [
            5.157398,
            50.09075
          ],
          [
            5.156279,
            50.091113
          ],
          [
            5.15515,
            50.09141
          ],
          [
            5.153973,
            50.091659
          ],
          [
            5.152802,
            50.09186
          ],
          [
            5.151584,
            50.092036
          ],
          [
            5.144046,
            50.093006
          ],
          [
            5.139659,
            50.093584
          ],
          [
            5.13842,
            50.093786
          ],
          [
            5.137187,
            50.094022
          ],
          [
            5.135975,
            50.094299
          ],
          [
            5.13483,
            50.094599
          ],
          [
            5.133676,
            50.094945
          ],
          [
            5.132584,
            50.095323
          ],
          [
            5.131727,
            50.09564
          ],
          [
            5.131182,
            50.095855
          ],
          [
            5.130425,
            50.096189
          ],
          [
            5.129005,
            50.096875
          ],
          [
            5.128393,
            50.097196
          ],
          [
            5.12756,
            50.097675
          ],
          [
            5.126794,
            50.098159
          ],
          [
            5.125832,
            50.09882
          ],
          [
            5.124928,
            50.099501
          ],
          [
            5.119089,
            50.104268
          ],
          [
            5.118808,
            50.104494
          ],
          [
            5.101379,
            50.118738
          ],
          [
            5.099914,
            50.119935
          ],
          [
            5.098152,
            50.121392
          ],
          [
            5.096844,
            50.122533
          ],
          [
            5.09565,
            50.123595
          ],
          [
            5.094461,
            50.124691
          ],
          [
            5.09319,
            50.1259
          ],
          [
            5.092028,
            50.127044
          ],
          [
            5.090125,
            50.129008
          ],
          [
            5.088918,
            50.130318
          ],
          [
            5.087624,
            50.131767
          ],
          [
            5.086003,
            50.13369
          ],
          [
            5.084491,
            50.135584
          ],
          [
            5.083721,
            50.13659
          ],
          [
            5.081762,
            50.139311
          ],
          [
            5.080576,
            50.141101
          ],
          [
            5.079425,
            50.142925
          ],
          [
            5.079108,
            50.143469
          ],
          [
            5.078851,
            50.1439
          ],
          [
            5.078244,
            50.144945
          ],
          [
            5.077558,
            50.146192
          ],
          [
            5.0767,
            50.14783
          ],
          [
            5.07612,
            50.149015
          ],
          [
            5.074947,
            50.151572
          ],
          [
            5.074121,
            50.153573
          ],
          [
            5.073689,
            50.154723
          ],
          [
            5.073328,
            50.155713
          ],
          [
            5.072862,
            50.157061
          ],
          [
            5.072277,
            50.158949
          ],
          [
            5.071778,
            50.16075
          ],
          [
            5.071542,
            50.161691
          ],
          [
            5.07098,
            50.164228
          ],
          [
            5.070575,
            50.166354
          ],
          [
            5.069273,
            50.173298
          ],
          [
            5.06865,
            50.176602
          ],
          [
            5.067078,
            50.185005
          ],
          [
            5.066817,
            50.186539
          ],
          [
            5.066493,
            50.188555
          ],
          [
            5.066338,
            50.189869
          ],
          [
            5.066218,
            50.191089
          ],
          [
            5.066108,
            50.192826
          ],
          [
            5.066067,
            50.193966
          ],
          [
            5.066086,
            50.194253
          ],
          [
            5.066011,
            50.195625
          ],
          [
            5.065754,
            50.204162
          ],
          [
            5.065575,
            50.210268
          ],
          [
            5.065491,
            50.212317
          ],
          [
            5.065433,
            50.212753
          ],
          [
            5.065282,
            50.213596
          ],
          [
            5.065094,
            50.214387
          ],
          [
            5.064703,
            50.215588
          ],
          [
            5.06437,
            50.21636
          ],
          [
            5.063904,
            50.217269
          ],
          [
            5.06334,
            50.218212
          ],
          [
            5.063038,
            50.218653
          ],
          [
            5.062669,
            50.21916
          ],
          [
            5.061658,
            50.220443
          ],
          [
            5.058344,
            50.224537
          ],
          [
            5.056174,
            50.22721
          ],
          [
            5.053403,
            50.230641
          ],
          [
            5.052566,
            50.231774
          ],
          [
            5.052093,
            50.232478
          ],
          [
            5.051529,
            50.233492
          ],
          [
            5.051264,
            50.234015
          ],
          [
            5.050985,
            50.234636
          ],
          [
            5.050599,
            50.235679
          ],
          [
            5.050417,
            50.236275
          ],
          [
            5.050229,
            50.237049
          ],
          [
            5.050088,
            50.237824
          ],
          [
            5.050002,
            50.238425
          ],
          [
            5.04995,
            50.239093
          ],
          [
            5.04992,
            50.239897
          ],
          [
            5.049844,
            50.248798
          ],
          [
            5.049812,
            50.249434
          ],
          [
            5.049749,
            50.250076
          ],
          [
            5.049606,
            50.25089
          ],
          [
            5.049449,
            50.251517
          ],
          [
            5.049283,
            50.252066
          ],
          [
            5.049077,
            50.252647
          ],
          [
            5.048861,
            50.253161
          ],
          [
            5.04856,
            50.253791
          ],
          [
            5.048131,
            50.254576
          ],
          [
            5.047788,
            50.255149
          ],
          [
            5.047372,
            50.255756
          ],
          [
            5.04703,
            50.256214
          ],
          [
            5.046715,
            50.256594
          ],
          [
            5.04622,
            50.257153
          ],
          [
            5.045617,
            50.257769
          ],
          [
            5.04203,
            50.261359
          ],
          [
            5.04097,
            50.26242
          ],
          [
            5.040829,
            50.262563
          ],
          [
            5.038828,
            50.26455
          ],
          [
            5.036002,
            50.267395
          ],
          [
            5.035637,
            50.267761
          ],
          [
            5.035563,
            50.267836
          ],
          [
            5.035256,
            50.268144
          ],
          [
            5.034955,
            50.268446
          ],
          [
            5.032668,
            50.27074
          ],
          [
            5.030343,
            50.273064
          ],
          [
            5.029995,
            50.27341
          ],
          [
            5.023228,
            50.280198
          ],
          [
            5.022082,
            50.281379
          ],
          [
            5.021456,
            50.282054
          ],
          [
            5.020885,
            50.282714
          ],
          [
            5.020337,
            50.283393
          ],
          [
            5.01983,
            50.284068
          ],
          [
            5.019319,
            50.284801
          ],
          [
            5.018421,
            50.286267
          ],
          [
            5.01802,
            50.287011
          ],
          [
            5.017677,
            50.287716
          ],
          [
            5.017363,
            50.288424
          ],
          [
            5.017065,
            50.289181
          ],
          [
            5.016796,
            50.289962
          ],
          [
            5.016563,
            50.290734
          ],
          [
            5.016392,
            50.291421
          ],
          [
            5.016235,
            50.292178
          ],
          [
            5.01611,
            50.292927
          ],
          [
            5.01602,
            50.293651
          ],
          [
            5.015959,
            50.294408
          ],
          [
            5.015936,
            50.29516
          ],
          [
            5.015941,
            50.295872
          ],
          [
            5.015962,
            50.296449
          ],
          [
            5.016086,
            50.297718
          ],
          [
            5.016306,
            50.298945
          ],
          [
            5.016436,
            50.299556
          ],
          [
            5.0166,
            50.300174
          ],
          [
            5.016842,
            50.300972
          ],
          [
            5.017273,
            50.302219
          ],
          [
            5.018755,
            50.306322
          ],
          [
            5.019234,
            50.307662
          ],
          [
            5.019488,
            50.308342
          ],
          [
            5.02021,
            50.310428
          ],
          [
            5.020506,
            50.311431
          ],
          [
            5.020802,
            50.312691
          ],
          [
            5.021029,
            50.313962
          ],
          [
            5.021115,
            50.314578
          ],
          [
            5.021193,
            50.315242
          ],
          [
            5.021273,
            50.316467
          ],
          [
            5.021295,
            50.31741
          ],
          [
            5.021277,
            50.318504
          ],
          [
            5.021217,
            50.319463
          ],
          [
            5.021115,
            50.320361
          ],
          [
            5.020955,
            50.321466
          ],
          [
            5.020658,
            50.322915
          ],
          [
            5.020314,
            50.324188
          ],
          [
            5.019684,
            50.326037
          ],
          [
            5.019236,
            50.327145
          ],
          [
            5.015797,
            50.3348
          ],
          [
            5.013948,
            50.3389
          ],
          [
            5.006111,
            50.356286
          ],
          [
            5.005611,
            50.357352
          ],
          [
            5.005024,
            50.358512
          ],
          [
            5.004488,
            50.359529
          ],
          [
            5.003373,
            50.361498
          ],
          [
            5.002748,
            50.362513
          ],
          [
            5.001444,
            50.364529
          ],
          [
            5.000031,
            50.366523
          ],
          [
            4.998561,
            50.36846
          ],
          [
            4.99779,
            50.369408
          ],
          [
            4.996186,
            50.371291
          ],
          [
            4.991658,
            50.376376
          ],
          [
            4.991074,
            50.377025
          ],
          [
            4.986818,
            50.381827
          ],
          [
            4.984883,
            50.384133
          ],
          [
            4.983893,
            50.385389
          ],
          [
            4.983797,
            50.385505
          ],
          [
            4.98069,
            50.389625
          ],
          [
            4.979845,
            50.390756
          ],
          [
            4.974809,
            50.397506
          ],
          [
            4.974043,
            50.398517
          ],
          [
            4.972208,
            50.400865
          ],
          [
            4.971982,
            50.401182
          ],
          [
            4.970744,
            50.402635
          ],
          [
            4.970103,
            50.403344
          ],
          [
            4.969221,
            50.404252
          ],
          [
            4.967626,
            50.405748
          ],
          [
            4.96672,
            50.406543
          ],
          [
            4.965775,
            50.407325
          ],
          [
            4.964806,
            50.408062
          ],
          [
            4.963813,
            50.408761
          ],
          [
            4.962599,
            50.409559
          ],
          [
            4.961678,
            50.410114
          ],
          [
            4.960632,
            50.410672
          ],
          [
            4.959387,
            50.411297
          ],
          [
            4.958173,
            50.411838
          ],
          [
            4.957061,
            50.412283
          ],
          [
            4.953439,
            50.41361
          ],
          [
            4.952278,
            50.414066
          ],
          [
            4.951146,
            50.41455
          ],
          [
            4.950059,
            50.415083
          ],
          [
            4.948988,
            50.415669
          ],
          [
            4.948057,
            50.416278
          ],
          [
            4.947137,
            50.41695
          ],
          [
            4.946305,
            50.417643
          ],
          [
            4.94547,
            50.418437
          ],
          [
            4.944833,
            50.419143
          ],
          [
            4.944215,
            50.419955
          ],
          [
            4.943936,
            50.420376
          ],
          [
            4.943678,
            50.420765
          ],
          [
            4.943228,
            50.421552
          ],
          [
            4.942463,
            50.423203
          ],
          [
            4.942131,
            50.424056
          ],
          [
            4.94184,
            50.424882
          ],
          [
            4.941303,
            50.426545
          ],
          [
            4.940564,
            50.428871
          ],
          [
            4.93926,
            50.432969
          ],
          [
            4.938652,
            50.43473
          ],
          [
            4.93831,
            50.43561
          ],
          [
            4.937934,
            50.43649
          ],
          [
            4.937112,
            50.438139
          ],
          [
            4.936114,
            50.439848
          ],
          [
            4.935811,
            50.440308
          ],
          [
            4.935399,
            50.440913
          ],
          [
            4.934999,
            50.4415
          ],
          [
            4.934399,
            50.442308
          ],
          [
            4.933106,
            50.443923
          ],
          [
            4.928377,
            50.449428
          ],
          [
            4.927429,
            50.450555
          ],
          [
            4.926178,
            50.452087
          ],
          [
            4.924846,
            50.453812
          ],
          [
            4.923506,
            50.455647
          ],
          [
            4.920682,
            50.459731
          ],
          [
            4.920025,
            50.460688
          ],
          [
            4.919369,
            50.461645
          ],
          [
            4.918613,
            50.46276
          ],
          [
            4.918027,
            50.463615
          ],
          [
            4.914927,
            50.468167
          ],
          [
            4.911264,
            50.473626
          ],
          [
            4.910526,
            50.474735
          ],
          [
            4.907612,
            50.479024
          ],
          [
            4.906048,
            50.481327
          ],
          [
            4.904169,
            50.484044
          ],
          [
            4.903432,
            50.485012
          ],
          [
            4.902614,
            50.486042
          ],
          [
            4.901471,
            50.487353
          ],
          [
            4.900231,
            50.488668
          ],
          [
            4.899106,
            50.489792
          ],
          [
            4.897702,
            50.491176
          ],
          [
            4.894142,
            50.494647
          ],
          [
            4.892698,
            50.496082
          ],
          [
            4.891352,
            50.497475
          ],
          [
            4.890743,
            50.498149
          ],
          [
            4.89004,
            50.498948
          ],
          [
            4.88901,
            50.500229
          ],
          [
            4.888592,
            50.500779
          ],
          [
            4.88783,
            50.501865
          ],
          [
            4.887109,
            50.503001
          ],
          [
            4.886743,
            50.503617
          ],
          [
            4.886084,
            50.504826
          ],
          [
            4.885812,
            50.505378
          ],
          [
            4.885066,
            50.507031
          ],
          [
            4.884464,
            50.508614
          ],
          [
            4.883955,
            50.510203
          ],
          [
            4.883289,
            50.512607
          ],
          [
            4.881869,
            50.518044
          ],
          [
            4.881797,
            50.51832
          ],
          [
            4.881718,
            50.518612
          ],
          [
            4.881612,
            50.519034
          ],
          [
            4.880285,
            50.524099
          ],
          [
            4.880007,
            50.525083
          ],
          [
            4.879648,
            50.526278
          ],
          [
            4.879377,
            50.527073
          ],
          [
            4.879069,
            50.527916
          ],
          [
            4.878579,
            50.5291
          ],
          [
            4.877921,
            50.530445
          ],
          [
            4.877481,
            50.53122
          ],
          [
            4.876731,
            50.532418
          ],
          [
            4.876407,
            50.53289
          ],
          [
            4.875881,
            50.533585
          ],
          [
            4.875359,
            50.534246
          ],
          [
            4.874218,
            50.535547
          ],
          [
            4.873613,
            50.536175
          ],
          [
            4.873023,
            50.536753
          ],
          [
            4.872327,
            50.537404
          ],
          [
            4.871668,
            50.53797
          ],
          [
            4.87094,
            50.538576
          ],
          [
            4.870228,
            50.539135
          ],
          [
            4.86944,
            50.539714
          ],
          [
            4.867799,
            50.540853
          ],
          [
            4.866162,
            50.54192
          ],
          [
            4.863636,
            50.543477
          ],
          [
            4.855294,
            50.548523
          ],
          [
            4.853968,
            50.549323
          ],
          [
            4.850093,
            50.551662
          ],
          [
            4.847356,
            50.553331
          ],
          [
            4.842976,
            50.556006
          ],
          [
            4.840727,
            50.557419
          ],
          [
            4.83953,
            50.558189
          ],
          [
            4.837427,
            50.55958
          ],
          [
            4.836632,
            50.560104
          ],
          [
            4.834881,
            50.561305
          ],
          [
            4.833196,
            50.562486
          ],
          [
            4.832346,
            50.563087
          ],
          [
            4.830334,
            50.564556
          ],
          [
            4.827011,
            50.567065
          ],
          [
            4.825055,
            50.568598
          ],
          [
            4.822776,
            50.570461
          ],
          [
            4.820887,
            50.572052
          ],
          [
            4.818679,
            50.573967
          ],
          [
            4.816528,
            50.575918
          ],
          [
            4.814438,
            50.577869
          ],
          [
            4.81238,
            50.579879
          ],
          [
            4.810352,
            50.581923
          ],
          [
            4.804333,
            50.588105
          ],
          [
            4.801583,
            50.590819
          ],
          [
            4.798719,
            50.593484
          ],
          [
            4.795978,
            50.595939
          ],
          [
            4.794064,
            50.597583
          ],
          [
            4.791329,
            50.599833
          ],
          [
            4.788618,
            50.601994
          ],
          [
            4.786316,
            50.603787
          ],
          [
            4.763919,
            50.621314
          ],
          [
            4.761943,
            50.62285
          ],
          [
            4.758418,
            50.62562
          ],
          [
            4.755218,
            50.6281
          ],
          [
            4.751583,
            50.630881
          ],
          [
            4.749971,
            50.63208
          ],
          [
            4.748298,
            50.633277
          ],
          [
            4.746338,
            50.634629
          ],
          [
            4.744689,
            50.635706
          ],
          [
            4.742871,
            50.636836
          ],
          [
            4.740988,
            50.637936
          ],
          [
            4.739043,
            50.639015
          ],
          [
            4.73711,
            50.640023
          ],
          [
            4.735524,
            50.640803
          ],
          [
            4.734164,
            50.641441
          ],
          [
            4.732404,
            50.642237
          ],
          [
            4.731036,
            50.642816
          ],
          [
            4.72957,
            50.643411
          ],
          [
            4.729044,
            50.643626
          ],
          [
            4.726022,
            50.644755
          ],
          [
            4.724694,
            50.645222
          ],
          [
            4.723362,
            50.645669
          ],
          [
            4.720981,
            50.646426
          ],
          [
            4.718619,
            50.647114
          ],
          [
            4.716232,
            50.647757
          ],
          [
            4.713849,
            50.648344
          ],
          [
            4.711416,
            50.648891
          ],
          [
            4.709003,
            50.649403
          ],
          [
            4.698184,
            50.651595
          ],
          [
            4.697997,
            50.651633
          ],
          [
            4.696348,
            50.651967
          ],
          [
            4.690009,
            50.653249
          ],
          [
            4.685672,
            50.654122
          ],
          [
            4.658966,
            50.659525
          ],
          [
            4.656258,
            50.660121
          ],
          [
            4.654768,
            50.660467
          ],
          [
            4.653101,
            50.660881
          ],
          [
            4.651495,
            50.6613
          ],
          [
            4.650316,
            50.661635
          ],
          [
            4.649146,
            50.66199
          ],
          [
            4.64841,
            50.662236
          ],
          [
            4.647033,
            50.662704
          ],
          [
            4.645288,
            50.663351
          ],
          [
            4.644669,
            50.66358
          ],
          [
            4.643689,
            50.663987
          ],
          [
            4.642369,
            50.664593
          ],
          [
            4.641196,
            50.66518
          ],
          [
            4.640064,
            50.665794
          ],
          [
            4.639487,
            50.666125
          ],
          [
            4.6387,
            50.666611
          ],
          [
            4.637816,
            50.667193
          ],
          [
            4.636997,
            50.667772
          ],
          [
            4.636111,
            50.668447
          ],
          [
            4.635322,
            50.669087
          ],
          [
            4.634581,
            50.669735
          ],
          [
            4.63389,
            50.670401
          ],
          [
            4.633131,
            50.671173
          ],
          [
            4.632531,
            50.67184
          ],
          [
            4.631397,
            50.673223
          ],
          [
            4.630403,
            50.674589
          ],
          [
            4.629825,
            50.675458
          ],
          [
            4.629472,
            50.676033
          ],
          [
            4.628972,
            50.676859
          ],
          [
            4.628159,
            50.678305
          ],
          [
            4.627387,
            50.67977
          ],
          [
            4.626775,
            50.680991
          ],
          [
            4.625619,
            50.683389
          ],
          [
            4.623168,
            50.688398
          ],
          [
            4.622201,
            50.690297
          ],
          [
            4.620975,
            50.692518
          ],
          [
            4.619985,
            50.69418
          ],
          [
            4.619076,
            50.695607
          ],
          [
            4.617618,
            50.697722
          ],
          [
            4.616725,
            50.698932
          ],
          [
            4.616114,
            50.699717
          ],
          [
            4.615211,
            50.700842
          ],
          [
            4.614,
            50.702295
          ],
          [
            4.612709,
            50.70375
          ],
          [
            4.611784,
            50.704727
          ],
          [
            4.6111,
            50.70539
          ],
          [
            4.610448,
            50.705976
          ],
          [
            4.609405,
            50.706811
          ],
          [
            4.608638,
            50.707375
          ],
          [
            4.607792,
            50.707932
          ],
          [
            4.606483,
            50.708737
          ],
          [
            4.605353,
            50.709381
          ],
          [
            4.604394,
            50.709911
          ],
          [
            4.603585,
            50.710343
          ],
          [
            4.602865,
            50.710726
          ],
          [
            4.602061,
            50.711141
          ],
          [
            4.600886,
            50.711728
          ],
          [
            4.599341,
            50.712441
          ],
          [
            4.59782,
            50.713076
          ],
          [
            4.589781,
            50.716247
          ],
          [
            4.587593,
            50.717102
          ],
          [
            4.578925,
            50.720508
          ],
          [
            4.576621,
            50.721422
          ],
          [
            4.570614,
            50.723797
          ],
          [
            4.568409,
            50.724743
          ],
          [
            4.567204,
            50.725313
          ],
          [
            4.566261,
            50.725784
          ],
          [
            4.565327,
            50.726292
          ],
          [
            4.563536,
            50.727326
          ],
          [
            4.562373,
            50.728077
          ],
          [
            4.561087,
            50.728986
          ],
          [
            4.560204,
            50.729655
          ],
          [
            4.558794,
            50.73081
          ],
          [
            4.554817,
            50.734362
          ],
          [
            4.554486,
            50.734662
          ],
          [
            4.550627,
            50.738107
          ],
          [
            4.54878,
            50.739755
          ],
          [
            4.544657,
            50.743431
          ],
          [
            4.540707,
            50.746937
          ],
          [
            4.539613,
            50.747855
          ],
          [
            4.538845,
            50.748445
          ],
          [
            4.538028,
            50.749024
          ],
          [
            4.537128,
            50.749613
          ],
          [
            4.536275,
            50.750142
          ],
          [
            4.535117,
            50.75081
          ],
          [
            4.533717,
            50.751536
          ],
          [
            4.53237,
            50.752175
          ],
          [
            4.53152,
            50.752547
          ],
          [
            4.529988,
            50.753166
          ],
          [
            4.528545,
            50.753684
          ],
          [
            4.524663,
            50.754984
          ],
          [
            4.523235,
            50.755476
          ],
          [
            4.520961,
            50.75624
          ],
          [
            4.519742,
            50.756665
          ],
          [
            4.518723,
            50.757042
          ],
          [
            4.518288,
            50.757203
          ],
          [
            4.517159,
            50.757663
          ],
          [
            4.516654,
            50.757893
          ],
          [
            4.516024,
            50.758169
          ],
          [
            4.515192,
            50.758569
          ],
          [
            4.514132,
            50.759113
          ],
          [
            4.512774,
            50.759897
          ],
          [
            4.511566,
            50.760631
          ],
          [
            4.5108,
            50.761143
          ],
          [
            4.509204,
            50.762327
          ],
          [
            4.508498,
            50.76292
          ],
          [
            4.507746,
            50.763586
          ],
          [
            4.507002,
            50.764297
          ],
          [
            4.506358,
            50.76497
          ],
          [
            4.505634,
            50.765796
          ],
          [
            4.505061,
            50.766506
          ],
          [
            4.504311,
            50.767564
          ],
          [
            4.50401,
            50.768026
          ],
          [
            4.503524,
            50.768866
          ],
          [
            4.503063,
            50.76977
          ],
          [
            4.502885,
            50.770148
          ],
          [
            4.502091,
            50.771803
          ],
          [
            4.501482,
            50.773115
          ],
          [
            4.501329,
            50.77345
          ],
          [
            4.498527,
            50.779477
          ],
          [
            4.498175,
            50.78017
          ],
          [
            4.49788,
            50.78071
          ],
          [
            4.497434,
            50.781444
          ],
          [
            4.496948,
            50.78218
          ],
          [
            4.496362,
            50.782959
          ],
          [
            4.495791,
            50.783667
          ],
          [
            4.495189,
            50.784347
          ],
          [
            4.494572,
            50.785001
          ],
          [
            4.493894,
            50.78567
          ],
          [
            4.493067,
            50.786415
          ],
          [
            4.492353,
            50.787003
          ],
          [
            4.491519,
            50.787654
          ],
          [
            4.49067,
            50.788251
          ],
          [
            4.490324,
            50.788485
          ],
          [
            4.489884,
            50.78878
          ],
          [
            4.488895,
            50.789391
          ],
          [
            4.487872,
            50.789984
          ],
          [
            4.48701,
            50.790451
          ],
          [
            4.48565,
            50.791122
          ],
          [
            4.480523,
            50.793436
          ],
          [
            4.479834,
            50.793769
          ],
          [
            4.479087,
            50.79419
          ],
          [
            4.478314,
            50.794665
          ],
          [
            4.477487,
            50.795245
          ],
          [
            4.477298,
            50.795377
          ],
          [
            4.476325,
            50.796031
          ],
          [
            4.476238,
            50.79609
          ],
          [
            4.475082,
            50.796747
          ],
          [
            4.474009,
            50.797296
          ],
          [
            4.473296,
            50.797613
          ],
          [
            4.47146,
            50.798385
          ],
          [
            4.470908,
            50.798619
          ],
          [
            4.469108,
            50.799378
          ],
          [
            4.468601,
            50.799587
          ],
          [
            4.468005,
            50.799966
          ],
          [
            4.467689,
            50.800101
          ],
          [
            4.4659,
            50.800854
          ],
          [
            4.465686,
            50.800947
          ],
          [
            4.465542,
            50.801057
          ],
          [
            4.46546,
            50.801166
          ],
          [
            4.465429,
            50.801267
          ],
          [
            4.465431,
            50.801403
          ],
          [
            4.465582,
            50.801658
          ],
          [
            4.465662,
            50.801775
          ],
          [
            4.467107,
            50.804035
          ],
          [
            4.467372,
            50.804449
          ],
          [
            4.467489,
            50.804772
          ],
          [
            4.472995,
            50.813492
          ],
          [
            4.476525,
            50.819029
          ],
          [
            4.477431,
            50.820482
          ],
          [
            4.477859,
            50.821022
          ],
          [
            4.478242,
            50.821695
          ],
          [
            4.478425,
            50.822104
          ],
          [
            4.478684,
            50.82261
          ],
          [
            4.478879,
            50.823276
          ],
          [
            4.478929,
            50.823634
          ],
          [
            4.479097,
            50.825688
          ],
          [
            4.479168,
            50.826067
          ],
          [
            4.47926,
            50.826338
          ],
          [
            4.479388,
            50.826623
          ],
          [
            4.479609,
            50.827037
          ],
          [
            4.479976,
            50.827549
          ],
          [
            4.482992,
            50.832169
          ],
          [
            4.483303,
            50.832725
          ],
          [
            4.48356,
            50.83331
          ],
          [
            4.48374,
            50.833814
          ],
          [
            4.483876,
            50.834343
          ],
          [
            4.48395,
            50.834975
          ],
          [
            4.483964,
            50.835295
          ],
          [
            4.483954,
            50.83651
          ],
          [
            4.483615,
            50.841986
          ],
          [
            4.483532,
            50.842493
          ],
          [
            4.483413,
            50.842973
          ],
          [
            4.483233,
            50.843526
          ],
          [
            4.483042,
            50.843968
          ],
          [
            4.482751,
            50.844529
          ],
          [
            4.482454,
            50.84501
          ],
          [
            4.482076,
            50.845532
          ],
          [
            4.480954,
            50.847019
          ],
          [
            4.480986,
            50.847166
          ],
          [
            4.480785,
            50.847506
          ],
          [
            4.480638,
            50.847976
          ],
          [
            4.480531,
            50.849183
          ],
          [
            4.480492,
            50.8493
          ],
          [
            4.480354,
            50.84943
          ],
          [
            4.480264,
            50.849467
          ],
          [
            4.480006,
            50.849504
          ],
          [
            4.479169,
            50.849292
          ],
          [
            4.478156,
            50.849014
          ],
          [
            4.477554,
            50.848834
          ],
          [
            4.475907,
            50.84838
          ],
          [
            4.475457,
            50.848267
          ],
          [
            4.47481,
            50.848182
          ],
          [
            4.474523,
            50.848172
          ],
          [
            4.473941,
            50.848173
          ],
          [
            4.473474,
            50.848174
          ],
          [
            4.472813,
            50.848169
          ],
          [
            4.472341,
            50.848204
          ],
          [
            4.471864,
            50.848201
          ],
          [
            4.471788,
            50.848201
          ],
          [
            4.47141,
            50.848202
          ],
          [
            4.470993,
            50.848195
          ],
          [
            4.470647,
            50.848166
          ],
          [
            4.469742,
            50.848158
          ],
          [
            4.468681,
            50.848159
          ],
          [
            4.468144,
            50.84817
          ],
          [
            4.467362,
            50.848189
          ],
          [
            4.466862,
            50.848234
          ],
          [
            4.466131,
            50.8483
          ],
          [
            4.466036,
            50.848447
          ],
          [
            4.465956,
            50.848584
          ],
          [
            4.465816,
            50.848823
          ],
          [
            4.465779,
            50.84889
          ],
          [
            4.465571,
            50.849255
          ],
          [
            4.465168,
            50.849967
          ],
          [
            4.46491,
            50.850447
          ],
          [
            4.464796,
            50.850713
          ],
          [
            4.464653,
            50.851118
          ],
          [
            4.464463,
            50.851841
          ],
          [
            4.464431,
            50.851975
          ],
          [
            4.464415,
            50.852196
          ],
          [
            4.464429,
            50.852295
          ],
          [
            4.464497,
            50.852326
          ],
          [
            4.464545,
            50.852399
          ],
          [
            4.464511,
            50.852475
          ],
          [
            4.464409,
            50.852521
          ],
          [
            4.46441,
            50.852936
          ],
          [
            4.464702,
            50.854351
          ],
          [
            4.464752,
            50.854425
          ],
          [
            4.464792,
            50.854542
          ],
          [
            4.464995,
            50.855523
          ],
          [
            4.465002,
            50.855691
          ],
          [
            4.465053,
            50.855927
          ],
          [
            4.465191,
            50.856575
          ],
          [
            4.465184,
            50.856731
          ],
          [
            4.46522,
            50.856897
          ],
          [
            4.465792,
            50.859611
          ],
          [
            4.465838,
            50.859718
          ],
          [
            4.466072,
            50.86004
          ],
          [
            4.466512,
            50.860608
          ],
          [
            4.466554,
            50.860662
          ],
          [
            4.466854,
            50.86105
          ],
          [
            4.467349,
            50.861681
          ],
          [
            4.467424,
            50.861777
          ],
          [
            4.467445,
            50.861826
          ],
          [
            4.467652,
            50.861812
          ],
          [
            4.467938,
            50.861766
          ],
          [
            4.468248,
            50.861693
          ],
          [
            4.468756,
            50.861519
          ],
          [
            4.468908,
            50.861463
          ],
          [
            4.468957,
            50.861569
          ],
          [
            4.468947,
            50.861644
          ],
          [
            4.469037,
            50.861661
          ],
          [
            4.469148,
            50.861579
          ],
          [
            4.469226,
            50.861522
          ],
          [
            4.46928,
            50.861513
          ],
          [
            4.469501,
            50.861599
          ],
          [
            4.46956,
            50.861622
          ],
          [
            4.469622,
            50.861774
          ],
          [
            4.469651,
            50.861846
          ],
          [
            4.469588,
            50.861888
          ],
          [
            4.469037,
            50.861661
          ],
          [
            4.468947,
            50.861644
          ],
          [
            4.468896,
            50.861749
          ],
          [
            4.46866,
            50.861872
          ],
          [
            4.468279,
            50.861982
          ],
          [
            4.467877,
            50.862069
          ],
          [
            4.467381,
            50.862148
          ],
          [
            4.467352,
            50.862023
          ],
          [
            4.46687,
            50.861895
          ],
          [
            4.46675,
            50.861828
          ],
          [
            4.466576,
            50.861826
          ],
          [
            4.466362,
            50.861828
          ],
          [
            4.466173,
            50.861836
          ],
          [
            4.465937,
            50.861852
          ],
          [
            4.465745,
            50.861884
          ],
          [
            4.464464,
            50.862113
          ],
          [
            4.464329,
            50.862149
          ],
          [
            4.464193,
            50.862211
          ],
          [
            4.464053,
            50.862325
          ],
          [
            4.463745,
            50.862662
          ],
          [
            4.463383,
            50.863051
          ],
          [
            4.463031,
            50.863289
          ],
          [
            4.462623,
            50.863467
          ],
          [
            4.461934,
            50.863698
          ],
          [
            4.461213,
            50.863939
          ],
          [
            4.460055,
            50.864331
          ],
          [
            4.459999,
            50.864349
          ],
          [
            4.459651,
            50.864441
          ],
          [
            4.459424,
            50.864485
          ],
          [
            4.459248,
            50.864509
          ],
          [
            4.458745,
            50.864537
          ],
          [
            4.457685,
            50.864586
          ],
          [
            4.457422,
            50.864614
          ],
          [
            4.457044,
            50.864676
          ],
          [
            4.456823,
            50.864728
          ],
          [
            4.456682,
            50.864766
          ],
          [
            4.456321,
            50.864871
          ],
          [
            4.455901,
            50.864992
          ],
          [
            4.455694,
            50.865049
          ],
          [
            4.455559,
            50.865084
          ],
          [
            4.455542,
            50.865088
          ],
          [
            4.455487,
            50.865132
          ],
          [
            4.4554,
            50.865171
          ],
          [
            4.455153,
            50.865257
          ],
          [
            4.454945,
            50.865338
          ],
          [
            4.455407,
            50.865712
          ],
          [
            4.455588,
            50.865835
          ],
          [
            4.455735,
            50.865912
          ],
          [
            4.455946,
            50.865991
          ],
          [
            4.45915,
            50.866856
          ],
          [
            4.460176,
            50.867202
          ],
          [
            4.461075,
            50.867371
          ],
          [
            4.463269,
            50.867775
          ],
          [
            4.464272,
            50.867806
          ],
          [
            4.464644,
            50.867795
          ],
          [
            4.465064,
            50.867742
          ],
          [
            4.465707,
            50.867588
          ],
          [
            4.46632,
            50.867382
          ],
          [
            4.467132,
            50.867086
          ],
          [
            4.467829,
            50.866884
          ],
          [
            4.468023,
            50.866841
          ],
          [
            4.468423,
            50.866783
          ],
          [
            4.468832,
            50.866761
          ],
          [
            4.469037,
            50.866763
          ],
          [
            4.469445,
            50.866796
          ],
          [
            4.469644,
            50.866825
          ],
          [
            4.470005,
            50.8669
          ],
          [
            4.470346,
            50.867006
          ],
          [
            4.470805,
            50.867218
          ],
          [
            4.471078,
            50.867395
          ],
          [
            4.4713,
            50.867599
          ],
          [
            4.471462,
            50.867824
          ],
          [
            4.471519,
            50.867942
          ],
          [
            4.471583,
            50.868186
          ],
          [
            4.47158,
            50.868434
          ],
          [
            4.471509,
            50.868677
          ],
          [
            4.471372,
            50.868909
          ],
          [
            4.471174,
            50.869122
          ],
          [
            4.471053,
            50.86922
          ],
          [
            4.47092,
            50.86931
          ],
          [
            4.470618,
            50.869468
          ],
          [
            4.470278,
            50.869591
          ],
          [
            4.4692,
            50.869902
          ],
          [
            4.468737,
            50.87011
          ],
          [
            4.468555,
            50.870219
          ],
          [
            4.468265,
            50.870436
          ],
          [
            4.467948,
            50.870699
          ],
          [
            4.46701,
            50.872004
          ],
          [
            4.466912,
            50.872146
          ],
          [
            4.466706,
            50.872515
          ],
          [
            4.465109,
            50.874819
          ],
          [
            4.464893,
            50.875143
          ],
          [
            4.4643,
            50.876027
          ],
          [
            4.46388,
            50.876583
          ],
          [
            4.463009,
            50.877821
          ],
          [
            4.462754,
            50.878183
          ],
          [
            4.462153,
            50.879087
          ],
          [
            4.461993,
            50.879289
          ],
          [
            4.461474,
            50.88001
          ],
          [
            4.460994,
            50.880821
          ],
          [
            4.460857,
            50.88115
          ],
          [
            4.460747,
            50.881508
          ],
          [
            4.460646,
            50.88196
          ],
          [
            4.460602,
            50.882339
          ],
          [
            4.460572,
            50.883001
          ],
          [
            4.460485,
            50.884073
          ],
          [
            4.460262,
            50.884809
          ],
          [
            4.459893,
            50.885437
          ],
          [
            4.459388,
            50.886084
          ],
          [
            4.457501,
            50.888042
          ],
          [
            4.457004,
            50.888528
          ],
          [
            4.456201,
            50.889393
          ],
          [
            4.455689,
            50.889974
          ],
          [
            4.454448,
            50.891362
          ],
          [
            4.453559,
            50.892309
          ],
          [
            4.452725,
            50.893051
          ],
          [
            4.451493,
            50.893948
          ],
          [
            4.451052,
            50.894217
          ],
          [
            4.449979,
            50.894817
          ],
          [
            4.448672,
            50.895439
          ],
          [
            4.444909,
            50.897124
          ],
          [
            4.44393,
            50.897546
          ],
          [
            4.440567,
            50.899012
          ],
          [
            4.440491,
            50.899143
          ],
          [
            4.439893,
            50.899432
          ],
          [
            4.439371,
            50.899745
          ],
          [
            4.439062,
            50.899964
          ],
          [
            4.438776,
            50.900237
          ],
          [
            4.43863,
            50.900402
          ],
          [
            4.43846,
            50.900639
          ],
          [
            4.438316,
            50.900907
          ],
          [
            4.438235,
            50.901159
          ],
          [
            4.438173,
            50.901487
          ],
          [
            4.438213,
            50.901988
          ],
          [
            4.438349,
            50.902382
          ],
          [
            4.438498,
            50.902642
          ],
          [
            4.438678,
            50.902876
          ],
          [
            4.438854,
            50.903066
          ],
          [
            4.439082,
            50.903255
          ],
          [
            4.439985,
            50.903811
          ],
          [
            4.440391,
            50.903973
          ],
          [
            4.441171,
            50.904253
          ],
          [
            4.442756,
            50.904802
          ],
          [
            4.444988,
            50.905588
          ],
          [
            4.446697,
            50.906229
          ],
          [
            4.447805,
            50.906685
          ],
          [
            4.448634,
            50.907054
          ],
          [
            4.449344,
            50.907416
          ],
          [
            4.450239,
            50.907877
          ],
          [
            4.451214,
            50.90842
          ],
          [
            4.451955,
            50.908872
          ],
          [
            4.452603,
            50.9093
          ],
          [
            4.453427,
            50.909877
          ],
          [
            4.45412,
            50.910396
          ],
          [
            4.455192,
            50.911304
          ],
          [
            4.455964,
            50.912031
          ],
          [
            4.456286,
            50.912363
          ],
          [
            4.456742,
            50.912831
          ],
          [
            4.457182,
            50.913318
          ],
          [
            4.457874,
            50.914132
          ],
          [
            4.458952,
            50.915481
          ],
          [
            4.459041,
            50.915593
          ],
          [
            4.460014,
            50.916816
          ],
          [
            4.460979,
            50.918055
          ],
          [
            4.462294,
            50.919725
          ],
          [
            4.463416,
            50.921145
          ],
          [
            4.471231,
            50.931082
          ],
          [
            4.472002,
            50.932016
          ],
          [
            4.47242,
            50.932614
          ],
          [
            4.472859,
            50.933155
          ],
          [
            4.474112,
            50.934721
          ],
          [
            4.475128,
            50.936061
          ],
          [
            4.477804,
            50.939453
          ],
          [
            4.479798,
            50.941987
          ],
          [
            4.482268,
            50.945172
          ],
          [
            4.482805,
            50.945913
          ],
          [
            4.483791,
            50.947389
          ],
          [
            4.484239,
            50.948139
          ],
          [
            4.484649,
            50.948898
          ],
          [
            4.485313,
            50.950221
          ],
          [
            4.485927,
            50.951561
          ],
          [
            4.489423,
            50.959471
          ],
          [
            4.489973,
            50.960841
          ],
          [
            4.49049,
            50.962273
          ],
          [
            4.490794,
            50.963323
          ],
          [
            4.491044,
            50.964381
          ],
          [
            4.491127,
            50.964825
          ],
          [
            4.491302,
            50.966157
          ],
          [
            4.491351,
            50.96675
          ],
          [
            4.49137,
            50.967331
          ],
          [
            4.491357,
            50.968534
          ],
          [
            4.491313,
            50.969253
          ],
          [
            4.491191,
            50.970277
          ],
          [
            4.490954,
            50.971592
          ],
          [
            4.490566,
            50.973034
          ],
          [
            4.490278,
            50.973867
          ],
          [
            4.489964,
            50.974692
          ],
          [
            4.489555,
            50.975597
          ],
          [
            4.489103,
            50.976498
          ],
          [
            4.488474,
            50.977601
          ],
          [
            4.487785,
            50.978663
          ],
          [
            4.487549,
            50.978992
          ],
          [
            4.487449,
            50.979131
          ],
          [
            4.486722,
            50.98008
          ],
          [
            4.486292,
            50.980606
          ],
          [
            4.485623,
            50.98136
          ],
          [
            4.484924,
            50.982102
          ],
          [
            4.483715,
            50.983254
          ],
          [
            4.482173,
            50.984595
          ],
          [
            4.480472,
            50.985886
          ],
          [
            4.480211,
            50.986074
          ],
          [
            4.47868,
            50.987124
          ],
          [
            4.475676,
            50.988961
          ],
          [
            4.47458,
            50.989611
          ],
          [
            4.472783,
            50.990835
          ],
          [
            4.471868,
            50.991545
          ],
          [
            4.470769,
            50.992447
          ],
          [
            4.470143,
            50.993048
          ],
          [
            4.468103,
            50.994898
          ],
          [
            4.466357,
            50.996459
          ],
          [
            4.464298,
            50.998325
          ],
          [
            4.4621,
            51.000383
          ],
          [
            4.459611,
            51.003073
          ],
          [
            4.457748,
            51.005214
          ],
          [
            4.45692,
            51.006223
          ],
          [
            4.456834,
            51.006338
          ],
          [
            4.456064,
            51.007359
          ],
          [
            4.453592,
            51.011172
          ],
          [
            4.453451,
            51.011391
          ],
          [
            4.452166,
            51.013413
          ],
          [
            4.451888,
            51.013899
          ],
          [
            4.451287,
            51.014822
          ],
          [
            4.450915,
            51.015408
          ],
          [
            4.449942,
            51.01706
          ],
          [
            4.449077,
            51.018715
          ],
          [
            4.448557,
            51.019978
          ],
          [
            4.44813,
            51.021256
          ],
          [
            4.44769,
            51.022943
          ],
          [
            4.447365,
            51.025487
          ],
          [
            4.447398,
            51.026647
          ],
          [
            4.447432,
            51.027435
          ],
          [
            4.447549,
            51.028525
          ],
          [
            4.447893,
            51.030457
          ],
          [
            4.44851,
            51.032373
          ],
          [
            4.449192,
            51.033891
          ],
          [
            4.449495,
            51.034501
          ],
          [
            4.449959,
            51.035333
          ],
          [
            4.450508,
            51.03627
          ],
          [
            4.451113,
            51.037294
          ],
          [
            4.451331,
            51.037638
          ],
          [
            4.451834,
            51.038454
          ],
          [
            4.452026,
            51.03878
          ],
          [
            4.452284,
            51.039203
          ],
          [
            4.452934,
            51.04028
          ],
          [
            4.453054,
            51.040472
          ],
          [
            4.453517,
            51.041297
          ],
          [
            4.453893,
            51.042056
          ],
          [
            4.454198,
            51.042764
          ],
          [
            4.454457,
            51.043461
          ],
          [
            4.454689,
            51.044386
          ],
          [
            4.454799,
            51.045361
          ],
          [
            4.454809,
            51.046278
          ],
          [
            4.454757,
            51.047028
          ],
          [
            4.454603,
            51.047816
          ],
          [
            4.454328,
            51.048764
          ],
          [
            4.454007,
            51.049574
          ],
          [
            4.453574,
            51.050557
          ],
          [
            4.453443,
            51.050827
          ],
          [
            4.453073,
            51.051504
          ],
          [
            4.452775,
            51.052053
          ],
          [
            4.448358,
            51.060174
          ],
          [
            4.446897,
            51.063244
          ],
          [
            4.446144,
            51.065161
          ],
          [
            4.445629,
            51.066732
          ],
          [
            4.445269,
            51.068007
          ],
          [
            4.445005,
            51.069125
          ],
          [
            4.444776,
            51.07032
          ],
          [
            4.44461,
            51.071567
          ],
          [
            4.44446,
            51.072918
          ],
          [
            4.444363,
            51.075513
          ],
          [
            4.444407,
            51.078438
          ],
          [
            4.44442,
            51.079332
          ],
          [
            4.444409,
            51.080141
          ],
          [
            4.444321,
            51.081802
          ],
          [
            4.444161,
            51.082905
          ],
          [
            4.443853,
            51.084167
          ],
          [
            4.443665,
            51.084766
          ],
          [
            4.443434,
            51.085475
          ],
          [
            4.443136,
            51.086212
          ],
          [
            4.442508,
            51.087654
          ],
          [
            4.442121,
            51.088447
          ],
          [
            4.440754,
            51.091227
          ],
          [
            4.4393,
            51.094299
          ],
          [
            4.438749,
            51.095464
          ],
          [
            4.435934,
            51.101285
          ],
          [
            4.435177,
            51.102868
          ],
          [
            4.433299,
            51.106793
          ],
          [
            4.432707,
            51.108119
          ],
          [
            4.431917,
            51.110264
          ],
          [
            4.431141,
            51.113214
          ],
          [
            4.431021,
            51.113877
          ],
          [
            4.430771,
            51.115022
          ],
          [
            4.430557,
            51.116648
          ],
          [
            4.43048,
            51.119108
          ],
          [
            4.430416,
            51.121197
          ],
          [
            4.430419,
            51.121394
          ],
          [
            4.430413,
            51.121648
          ],
          [
            4.430337,
            51.12607
          ],
          [
            4.430325,
            51.126415
          ],
          [
            4.430295,
            51.12668
          ],
          [
            4.430296,
            51.126799
          ],
          [
            4.430236,
            51.129635
          ],
          [
            4.430211,
            51.130923
          ],
          [
            4.430199,
            51.131201
          ],
          [
            4.430165,
            51.131516
          ],
          [
            4.430047,
            51.135778
          ],
          [
            4.429948,
            51.137245
          ],
          [
            4.429925,
            51.138098
          ],
          [
            4.429859,
            51.138768
          ],
          [
            4.429741,
            51.139505
          ],
          [
            4.429574,
            51.140189
          ],
          [
            4.42932,
            51.140808
          ],
          [
            4.428984,
            51.141507
          ],
          [
            4.428678,
            51.142042
          ],
          [
            4.428122,
            51.142894
          ],
          [
            4.427286,
            51.144093
          ],
          [
            4.422808,
            51.150672
          ],
          [
            4.420435,
            51.154115
          ],
          [
            4.419276,
            51.155784
          ],
          [
            4.419004,
            51.156165
          ],
          [
            4.418008,
            51.157642
          ],
          [
            4.416059,
            51.160442
          ],
          [
            4.414893,
            51.162206
          ],
          [
            4.414561,
            51.162766
          ],
          [
            4.414151,
            51.163605
          ],
          [
            4.413923,
            51.16422
          ],
          [
            4.413732,
            51.16478
          ],
          [
            4.413585,
            51.16545
          ],
          [
            4.413523,
            51.165922
          ],
          [
            4.413541,
            51.166762
          ],
          [
            4.413596,
            51.167431
          ],
          [
            4.413716,
            51.168315
          ],
          [
            4.413906,
            51.169542
          ],
          [
            4.414399,
            51.172345
          ],
          [
            4.414515,
            51.17294
          ],
          [
            4.414783,
            51.173787
          ],
          [
            4.415271,
            51.174799
          ],
          [
            4.415521,
            51.175182
          ],
          [
            4.416622,
            51.176645
          ],
          [
            4.41749,
            51.177886
          ],
          [
            4.417644,
            51.178151
          ],
          [
            4.417834,
            51.178639
          ],
          [
            4.417948,
            51.179032
          ],
          [
            4.418097,
            51.179712
          ],
          [
            4.418106,
            51.180497
          ],
          [
            4.418041,
            51.181071
          ],
          [
            4.417773,
            51.181956
          ],
          [
            4.417437,
            51.182791
          ],
          [
            4.416976,
            51.183701
          ],
          [
            4.415788,
            51.186132
          ],
          [
            4.415691,
            51.186339
          ],
          [
            4.415584,
            51.186667
          ],
          [
            4.415498,
            51.186963
          ],
          [
            4.415476,
            51.187315
          ],
          [
            4.415507,
            51.187578
          ],
          [
            4.41559,
            51.187904
          ],
          [
            4.415757,
            51.18826
          ],
          [
            4.416,
            51.188553
          ],
          [
            4.416432,
            51.188955
          ],
          [
            4.416709,
            51.189163
          ],
          [
            4.416957,
            51.189319
          ],
          [
            4.417343,
            51.189519
          ],
          [
            4.417967,
            51.189799
          ],
          [
            4.419055,
            51.190179
          ],
          [
            4.420471,
            51.190523
          ],
          [
            4.421815,
            51.190791
          ],
          [
            4.422119,
            51.190959
          ],
          [
            4.422924,
            51.191096
          ],
          [
            4.423853,
            51.191262
          ],
          [
            4.424243,
            51.191346
          ],
          [
            4.425605,
            51.191685
          ],
          [
            4.427203,
            51.192153
          ],
          [
            4.428731,
            51.192684
          ],
          [
            4.429525,
            51.192982
          ],
          [
            4.430303,
            51.193313
          ],
          [
            4.431179,
            51.193739
          ],
          [
            4.431878,
            51.194135
          ],
          [
            4.432618,
            51.194626
          ],
          [
            4.432895,
            51.194827
          ],
          [
            4.433074,
            51.194996
          ],
          [
            4.433538,
            51.195388
          ],
          [
            4.433864,
            51.195701
          ],
          [
            4.434452,
            51.19633
          ],
          [
            4.43485,
            51.196833
          ],
          [
            4.435113,
            51.197192
          ],
          [
            4.435227,
            51.19735
          ],
          [
            4.435653,
            51.197987
          ],
          [
            4.435853,
            51.198329
          ],
          [
            4.436817,
            51.200082
          ],
          [
            4.437001,
            51.200463
          ],
          [
            4.437293,
            51.200972
          ],
          [
            4.437764,
            51.201773
          ],
          [
            4.438535,
            51.202917
          ],
          [
            4.438848,
            51.203329
          ],
          [
            4.439414,
            51.204073
          ],
          [
            4.440158,
            51.204976
          ],
          [
            4.440729,
            51.205644
          ],
          [
            4.441945,
            51.206944
          ],
          [
            4.442674,
            51.20769
          ],
          [
            4.444262,
            51.209375
          ],
          [
            4.445423,
            51.210664
          ],
          [
            4.447177,
            51.212552
          ],
          [
            4.448103,
            51.213587
          ],
          [
            4.448646,
            51.214178
          ],
          [
            4.449039,
            51.214605
          ],
          [
            4.449445,
            51.215095
          ],
          [
            4.449875,
            51.215613
          ],
          [
            4.450433,
            51.216393
          ],
          [
            4.450581,
            51.216681
          ],
          [
            4.450744,
            51.217005
          ],
          [
            4.451058,
            51.218016
          ],
          [
            4.451166,
            51.218297
          ],
          [
            4.451296,
            51.218786
          ],
          [
            4.451318,
            51.219453
          ],
          [
            4.451252,
            51.220358
          ],
          [
            4.451212,
            51.220655
          ],
          [
            4.451046,
            51.221316
          ],
          [
            4.450865,
            51.221764
          ],
          [
            4.450672,
            51.222096
          ],
          [
            4.450234,
            51.222738
          ],
          [
            4.4495,
            51.223682
          ],
          [
            4.448942,
            51.224314
          ],
          [
            4.448415,
            51.224809
          ],
          [
            4.448213,
            51.224999
          ],
          [
            4.447287,
            51.225764
          ],
          [
            4.446913,
            51.226034
          ],
          [
            4.446739,
            51.226157
          ],
          [
            4.443986,
            51.22809
          ],
          [
            4.44272,
            51.228939
          ],
          [
            4.441738,
            51.22961
          ],
          [
            4.438157,
            51.232053
          ],
          [
            4.438005,
            51.232363
          ],
          [
            4.436379,
            51.233457
          ],
          [
            4.435414,
            51.234021
          ],
          [
            4.433729,
            51.234832
          ],
          [
            4.430677,
            51.235996
          ],
          [
            4.429655,
            51.236471
          ],
          [
            4.429275,
            51.236699
          ],
          [
            4.428894,
            51.23699
          ],
          [
            4.428753,
            51.237153
          ],
          [
            4.427984,
            51.23823
          ],
          [
            4.427613,
            51.239111
          ],
          [
            4.427489,
            51.239504
          ],
          [
            4.427412,
            51.239887
          ],
          [
            4.427383,
            51.240314
          ],
          [
            4.427389,
            51.240575
          ],
          [
            4.427429,
            51.240805
          ],
          [
            4.42747,
            51.241037
          ],
          [
            4.427638,
            51.241521
          ],
          [
            4.42794,
            51.242519
          ],
          [
            4.428046,
            51.242983
          ],
          [
            4.428059,
            51.243467
          ],
          [
            4.42804,
            51.244004
          ],
          [
            4.428011,
            51.244394
          ],
          [
            4.427978,
            51.24454
          ],
          [
            4.42783,
            51.24512
          ],
          [
            4.427578,
            51.245918
          ],
          [
            4.427498,
            51.246308
          ],
          [
            4.427393,
            51.247262
          ],
          [
            4.427273,
            51.24848
          ],
          [
            4.42705,
            51.249746
          ],
          [
            4.427021,
            51.25031
          ],
          [
            4.427048,
            51.2511
          ],
          [
            4.427214,
            51.252496
          ],
          [
            4.427493,
            51.253618
          ],
          [
            4.427761,
            51.254427
          ],
          [
            4.428389,
            51.25584
          ],
          [
            4.428974,
            51.256817
          ],
          [
            4.42942,
            51.25796
          ],
          [
            4.429743,
            51.258661
          ],
          [
            4.429901,
            51.258893
          ],
          [
            4.430145,
            51.259168
          ],
          [
            4.430682,
            51.259739
          ],
          [
            4.431002,
            51.260054
          ],
          [
            4.431607,
            51.260598
          ],
          [
            4.432188,
            51.261063
          ],
          [
            4.433445,
            51.261984
          ],
          [
            4.434106,
            51.262424
          ],
          [
            4.434893,
            51.262895
          ],
          [
            4.43618,
            51.263584
          ],
          [
            4.437094,
            51.264037
          ],
          [
            4.437973,
            51.264442
          ],
          [
            4.439467,
            51.26505
          ],
          [
            4.440389,
            51.265377
          ],
          [
            4.441363,
            51.265697
          ],
          [
            4.442697,
            51.266084
          ],
          [
            4.44324,
            51.266224
          ],
          [
            4.444904,
            51.266608
          ],
          [
            4.445727,
            51.266769
          ],
          [
            4.446671,
            51.26694
          ],
          [
            4.447539,
            51.267076
          ],
          [
            4.449707,
            51.267331
          ],
          [
            4.451767,
            51.267519
          ],
          [
            4.455362,
            51.267759
          ],
          [
            4.460691,
            51.268116
          ],
          [
            4.461911,
            51.268193
          ],
          [
            4.463339,
            51.268279
          ],
          [
            4.464565,
            51.268311
          ],
          [
            4.465564,
            51.268298
          ],
          [
            4.466701,
            51.268244
          ],
          [
            4.467838,
            51.26815
          ],
          [
            4.46977,
            51.267936
          ],
          [
            4.472977,
            51.267513
          ],
          [
            4.474086,
            51.267373
          ],
          [
            4.474711,
            51.267294
          ],
          [
            4.476632,
            51.267076
          ],
          [
            4.477617,
            51.266985
          ],
          [
            4.478524,
            51.266915
          ],
          [
            4.480157,
            51.266828
          ],
          [
            4.481552,
            51.266808
          ],
          [
            4.482902,
            51.266821
          ],
          [
            4.484232,
            51.266888
          ],
          [
            4.485541,
            51.267023
          ],
          [
            4.486764,
            51.267183
          ],
          [
            4.487923,
            51.267372
          ],
          [
            4.489108,
            51.267626
          ],
          [
            4.490295,
            51.267918
          ],
          [
            4.49169,
            51.268338
          ],
          [
            4.492932,
            51.268751
          ],
          [
            4.494403,
            51.269292
          ],
          [
            4.496012,
            51.26999
          ],
          [
            4.497579,
            51.270809
          ],
          [
            4.500132,
            51.272366
          ],
          [
            4.501269,
            51.273171
          ],
          [
            4.502299,
            51.27395
          ],
          [
            4.50363,
            51.275051
          ],
          [
            4.505036,
            51.276366
          ],
          [
            4.50575,
            51.277086
          ],
          [
            4.50668,
            51.277931
          ],
          [
            4.508425,
            51.279801
          ],
          [
            4.512756,
            51.284519
          ],
          [
            4.514509,
            51.286231
          ],
          [
            4.516161,
            51.2876
          ],
          [
            4.517556,
            51.288673
          ],
          [
            4.519551,
            51.290082
          ],
          [
            4.523135,
            51.29223
          ],
          [
            4.525903,
            51.293826
          ],
          [
            4.528662,
            51.295376
          ],
          [
            4.530494,
            51.296437
          ],
          [
            4.532383,
            51.297476
          ],
          [
            4.535323,
            51.299019
          ],
          [
            4.537472,
            51.300073
          ],
          [
            4.540416,
            51.301446
          ],
          [
            4.542835,
            51.30253
          ],
          [
            4.550004,
            51.305637
          ],
          [
            4.550851,
            51.306001
          ],
          [
            4.552447,
            51.306688
          ],
          [
            4.556673,
            51.308517
          ],
          [
            4.562834,
            51.311392
          ],
          [
            4.564205,
            51.312031
          ],
          [
            4.565727,
            51.312774
          ],
          [
            4.566209,
            51.31301
          ],
          [
            4.568217,
            51.313989
          ],
          [
            4.572423,
            51.316001
          ],
          [
            4.580531,
            51.319953
          ],
          [
            4.581454,
            51.320401
          ],
          [
            4.58248,
            51.3209
          ],
          [
            4.585644,
            51.322428
          ],
          [
            4.5896,
            51.324368
          ],
          [
            4.592153,
            51.325665
          ],
          [
            4.592788,
            51.325989
          ],
          [
            4.595974,
            51.327673
          ],
          [
            4.600583,
            51.330292
          ],
          [
            4.602908,
            51.331709
          ],
          [
            4.605183,
            51.333161
          ],
          [
            4.606612,
            51.334099
          ],
          [
            4.609499,
            51.336082
          ],
          [
            4.610417,
            51.336751
          ],
          [
            4.615581,
            51.340698
          ],
          [
            4.61624,
            51.341235
          ],
          [
            4.621174,
            51.345428
          ],
          [
            4.62989,
            51.35316
          ],
          [
            4.632077,
            51.355116
          ],
          [
            4.632839,
            51.355804
          ],
          [
            4.638596,
            51.360895
          ],
          [
            4.640685,
            51.362684
          ],
          [
            4.642251,
            51.363971
          ],
          [
            4.647918,
            51.368746
          ],
          [
            4.659492,
            51.378412
          ],
          [
            4.664296,
            51.38241
          ],
          [
            4.66622,
            51.383968
          ],
          [
            4.668322,
            51.385604
          ],
          [
            4.673699,
            51.389568
          ],
          [
            4.677125,
            51.392052
          ],
          [
            4.678165,
            51.392806
          ],
          [
            4.680324,
            51.394416
          ],
          [
            4.68245,
            51.395967
          ],
          [
            4.684171,
            51.397219
          ],
          [
            4.689818,
            51.401359
          ],
          [
            4.691527,
            51.402648
          ],
          [
            4.693392,
            51.404132
          ],
          [
            4.694685,
            51.405202
          ],
          [
            4.696703,
            51.406992
          ],
          [
            4.697658,
            51.407922
          ],
          [
            4.698614,
            51.4089
          ],
          [
            4.700432,
            51.410909
          ],
          [
            4.701971,
            51.412851
          ],
          [
            4.70235,
            51.413381
          ],
          [
            4.703319,
            51.414766
          ],
          [
            4.704359,
            51.416415
          ],
          [
            4.704788,
            51.417148
          ],
          [
            4.705914,
            51.419256
          ],
          [
            4.707707,
            51.422977
          ],
          [
            4.708777,
            51.425304
          ],
          [
            4.713585,
            51.435821
          ],
          [
            4.718156,
            51.445563
          ],
          [
            4.719047,
            51.447574
          ],
          [
            4.719544,
            51.448638
          ],
          [
            4.721219,
            51.452364
          ],
          [
            4.722215,
            51.454739
          ],
          [
            4.723563,
            51.458244
          ],
          [
            4.72573,
            51.464596
          ],
          [
            4.727417,
            51.469046
          ],
          [
            4.72839,
            51.471364
          ],
          [
            4.728841,
            51.472358
          ],
          [
            4.729798,
            51.474588
          ],
          [
            4.731277,
            51.477753
          ],
          [
            4.732212,
            51.479631
          ],
          [
            4.733728,
            51.482599
          ],
          [
            4.735539,
            51.486041
          ],
          [
            4.739648,
            51.493341
          ],
          [
            4.74076,
            51.495392
          ],
          [
            4.7413,
            51.49647
          ],
          [
            4.74245,
            51.49931
          ],
          [
            4.7427,
            51.50006
          ],
          [
            4.74317,
            51.50166
          ],
          [
            4.743736,
            51.504298
          ],
          [
            4.744271,
            51.507523
          ],
          [
            4.74442,
            51.508658
          ],
          [
            4.74468,
            51.51017
          ],
          [
            4.74521,
            51.51425
          ],
          [
            4.745388,
            51.516067
          ],
          [
            4.745504,
            51.517493
          ],
          [
            4.745587,
            51.519565
          ],
          [
            4.745551,
            51.520976
          ],
          [
            4.745433,
            51.522266
          ],
          [
            4.74549,
            51.522542
          ],
          [
            4.74546,
            51.52332
          ],
          [
            4.745536,
            51.523828
          ],
          [
            4.745716,
            51.524233
          ],
          [
            4.745945,
            51.524563
          ],
          [
            4.746161,
            51.524793
          ],
          [
            4.746571,
            51.525126
          ],
          [
            4.746965,
            51.525372
          ],
          [
            4.74732,
            51.525542
          ],
          [
            4.747717,
            51.5257
          ],
          [
            4.748017,
            51.525795
          ],
          [
            4.748684,
            51.525942
          ],
          [
            4.749162,
            51.526014
          ],
          [
            4.750336,
            51.526094
          ],
          [
            4.750859,
            51.526153
          ],
          [
            4.75241,
            51.526143
          ],
          [
            4.752578,
            51.526141
          ],
          [
            4.754555,
            51.52614
          ],
          [
            4.757308,
            51.52618
          ],
          [
            4.758341,
            51.52621
          ],
          [
            4.760514,
            51.526337
          ],
          [
            4.762517,
            51.526507
          ],
          [
            4.763459,
            51.526599
          ],
          [
            4.765312,
            51.526843
          ],
          [
            4.766668,
            51.527056
          ],
          [
            4.768336,
            51.527355
          ],
          [
            4.769926,
            51.527688
          ],
          [
            4.771202,
            51.527979
          ],
          [
            4.772274,
            51.528244
          ],
          [
            4.773449,
            51.528567
          ],
          [
            4.777443,
            51.529788
          ],
          [
            4.778277,
            51.530055
          ],
          [
            4.78414,
            51.53195
          ],
          [
            4.789028,
            51.533631
          ],
          [
            4.792028,
            51.534678
          ],
          [
            4.795753,
            51.536043
          ],
          [
            4.797975,
            51.536912
          ],
          [
            4.800023,
            51.537737
          ],
          [
            4.803517,
            51.539221
          ],
          [
            4.809657,
            51.541978
          ],
          [
            4.814094,
            51.543928
          ],
          [
            4.818623,
            51.545854
          ],
          [
            4.820995,
            51.546842
          ],
          [
            4.823467,
            51.547858
          ],
          [
            4.828383,
            51.549838
          ],
          [
            4.828901,
            51.550042
          ],
          [
            4.830149,
            51.550535
          ],
          [
            4.830575,
            51.550697
          ],
          [
            4.831388,
            51.551017
          ],
          [
            4.832466,
            51.551441
          ],
          [
            4.833512,
            51.551828
          ],
          [
            4.83528,
            51.552303
          ],
          [
            4.835444,
            51.552334
          ],
          [
            4.835787,
            51.552338
          ],
          [
            4.835964,
            51.552315
          ],
          [
            4.836144,
            51.552265
          ],
          [
            4.836374,
            51.552153
          ],
          [
            4.836585,
            51.551967
          ],
          [
            4.836683,
            51.551782
          ],
          [
            4.836687,
            51.551633
          ],
          [
            4.836652,
            51.551518
          ],
          [
            4.83658,
            51.551403
          ],
          [
            4.8365,
            51.551328
          ],
          [
            4.836388,
            51.551244
          ],
          [
            4.836152,
            51.551122
          ],
          [
            4.83584,
            51.551
          ],
          [
            4.835462,
            51.550879
          ],
          [
            4.834752,
            51.550702
          ],
          [
            4.834244,
            51.550619
          ],
          [
            4.833732,
            51.550566
          ],
          [
            4.83323,
            51.550546
          ],
          [
            4.832662,
            51.550564
          ],
          [
            4.832206,
            51.550602
          ],
          [
            4.83175,
            51.550666
          ],
          [
            4.830822,
            51.550852
          ],
          [
            4.827906,
            51.551594
          ],
          [
            4.825613,
            51.552209
          ],
          [
            4.825028,
            51.552415
          ],
          [
            4.824531,
            51.55265
          ],
          [
            4.824082,
            51.552897
          ],
          [
            4.823784,
            51.553105
          ],
          [
            4.823369,
            51.553452
          ],
          [
            4.823078,
            51.55376
          ],
          [
            4.822499,
            51.554672
          ],
          [
            4.822073,
            51.555407
          ],
          [
            4.821732,
            51.556083
          ],
          [
            4.821229,
            51.557105
          ],
          [
            4.821019,
            51.557616
          ],
          [
            4.820864,
            51.558085
          ],
          [
            4.820766,
            51.558536
          ],
          [
            4.820712,
            51.558917
          ],
          [
            4.820629,
            51.560421
          ],
          [
            4.820657,
            51.562063
          ],
          [
            4.820735,
            51.563023
          ],
          [
            4.820975,
            51.564866
          ],
          [
            4.82126,
            51.566378
          ],
          [
            4.821705,
            51.568134
          ],
          [
            4.822567,
            51.570924
          ],
          [
            4.823005,
            51.572609
          ],
          [
            4.823268,
            51.573785
          ],
          [
            4.823593,
            51.575743
          ],
          [
            4.823713,
            51.576969
          ],
          [
            4.823761,
            51.577755
          ],
          [
            4.823797,
            51.578666
          ],
          [
            4.823804,
            51.580982
          ],
          [
            4.823952,
            51.582299
          ],
          [
            4.824142,
            51.583448
          ],
          [
            4.824377,
            51.58447
          ],
          [
            4.824829,
            51.585881
          ],
          [
            4.825079,
            51.586486
          ],
          [
            4.825759,
            51.587894
          ],
          [
            4.826283,
            51.588774
          ],
          [
            4.827015,
            51.589881
          ],
          [
            4.827571,
            51.590619
          ],
          [
            4.82851,
            51.5917
          ],
          [
            4.829394,
            51.592646
          ],
          [
            4.829843,
            51.593077
          ],
          [
            4.830726,
            51.593863
          ],
          [
            4.833374,
            51.59609
          ],
          [
            4.834368,
            51.596926
          ],
          [
            4.834941,
            51.597398
          ],
          [
            4.837255,
            51.599303
          ],
          [
            4.838864,
            51.600553
          ],
          [
            4.840332,
            51.601592
          ],
          [
            4.841132,
            51.60211
          ],
          [
            4.844203,
            51.603906
          ],
          [
            4.850155,
            51.607283
          ],
          [
            4.850814,
            51.607706
          ],
          [
            4.851916,
            51.608453
          ],
          [
            4.852964,
            51.609218
          ],
          [
            4.853656,
            51.609756
          ],
          [
            4.854738,
            51.610658
          ],
          [
            4.85559,
            51.61142
          ],
          [
            4.85695,
            51.61275
          ],
          [
            4.857364,
            51.613203
          ],
          [
            4.858496,
            51.614361
          ],
          [
            4.860113,
            51.616019
          ],
          [
            4.86509,
            51.621109
          ],
          [
            4.866291,
            51.622334
          ],
          [
            4.867765,
            51.623812
          ],
          [
            4.869091,
            51.625037
          ],
          [
            4.870985,
            51.626708
          ],
          [
            4.871257,
            51.626946
          ],
          [
            4.872056,
            51.627654
          ],
          [
            4.873371,
            51.628821
          ],
          [
            4.873879,
            51.62927
          ],
          [
            4.873997,
            51.629374
          ],
          [
            4.874619,
            51.629915
          ],
          [
            4.878053,
            51.632937
          ],
          [
            4.88028,
            51.634904
          ],
          [
            4.880891,
            51.635462
          ],
          [
            4.88118,
            51.635759
          ],
          [
            4.881731,
            51.636403
          ],
          [
            4.882147,
            51.636999
          ],
          [
            4.882339,
            51.637312
          ],
          [
            4.882608,
            51.637834
          ],
          [
            4.882891,
            51.638537
          ],
          [
            4.882986,
            51.638899
          ],
          [
            4.883112,
            51.639538
          ],
          [
            4.883167,
            51.640168
          ],
          [
            4.883124,
            51.641135
          ],
          [
            4.88282,
            51.645318
          ],
          [
            4.88267,
            51.647451
          ],
          [
            4.882311,
            51.652208
          ],
          [
            4.882091,
            51.654157
          ],
          [
            4.881964,
            51.655092
          ],
          [
            4.88143,
            51.659037
          ],
          [
            4.880069,
            51.668158
          ],
          [
            4.879911,
            51.669522
          ],
          [
            4.879809,
            51.670853
          ],
          [
            4.879812,
            51.672003
          ],
          [
            4.879852,
            51.672967
          ],
          [
            4.879986,
            51.673858
          ],
          [
            4.880206,
            51.674956
          ],
          [
            4.88045,
            51.675875
          ],
          [
            4.881459,
            51.679339
          ],
          [
            4.882282,
            51.681993
          ],
          [
            4.88254,
            51.682806
          ],
          [
            4.8827,
            51.683348
          ],
          [
            4.882874,
            51.683902
          ],
          [
            4.883832,
            51.686969
          ],
          [
            4.883989,
            51.68752
          ],
          [
            4.884871,
            51.690344
          ],
          [
            4.885358,
            51.691861
          ],
          [
            4.885438,
            51.692128
          ],
          [
            4.885704,
            51.692988
          ],
          [
            4.887518,
            51.698751
          ],
          [
            4.887904,
            51.700069
          ],
          [
            4.888146,
            51.701044
          ],
          [
            4.888397,
            51.702426
          ],
          [
            4.888659,
            51.705339
          ],
          [
            4.888891,
            51.709552
          ],
          [
            4.889075,
            51.71265
          ],
          [
            4.889161,
            51.713826
          ],
          [
            4.889259,
            51.714591
          ],
          [
            4.889336,
            51.715108
          ],
          [
            4.889388,
            51.715355
          ],
          [
            4.889628,
            51.716431
          ],
          [
            4.889843,
            51.717198
          ],
          [
            4.890239,
            51.718291
          ],
          [
            4.890777,
            51.719701
          ],
          [
            4.891231,
            51.72089
          ],
          [
            4.891579,
            51.721756
          ],
          [
            4.89199,
            51.722643
          ],
          [
            4.892636,
            51.723838
          ],
          [
            4.893234,
            51.724807
          ],
          [
            4.893753,
            51.725535
          ],
          [
            4.894171,
            51.726067
          ],
          [
            4.894572,
            51.726533
          ],
          [
            4.895323,
            51.727339
          ],
          [
            4.896087,
            51.728067
          ],
          [
            4.89702,
            51.728859
          ],
          [
            4.897344,
            51.729113
          ],
          [
            4.898387,
            51.729879
          ],
          [
            4.899238,
            51.730449
          ],
          [
            4.899852,
            51.730828
          ],
          [
            4.900632,
            51.73128
          ],
          [
            4.907936,
            51.735369
          ],
          [
            4.90845,
            51.73566
          ],
          [
            4.90927,
            51.736144
          ],
          [
            4.909881,
            51.73653
          ],
          [
            4.91097,
            51.737269
          ],
          [
            4.911437,
            51.737607
          ],
          [
            4.912863,
            51.738755
          ],
          [
            4.913543,
            51.739372
          ],
          [
            4.914967,
            51.740698
          ],
          [
            4.91618,
            51.741866
          ],
          [
            4.917627,
            51.743323
          ],
          [
            4.919051,
            51.744807
          ],
          [
            4.919767,
            51.745612
          ],
          [
            4.920137,
            51.746072
          ],
          [
            4.920922,
            51.747168
          ],
          [
            4.921522,
            51.748178
          ],
          [
            4.92257,
            51.750291
          ],
          [
            4.923987,
            51.75323
          ],
          [
            4.924845,
            51.755011
          ],
          [
            4.924975,
            51.755277
          ],
          [
            4.925324,
            51.755996
          ],
          [
            4.92619,
            51.757799
          ],
          [
            4.926472,
            51.758515
          ],
          [
            4.926721,
            51.75928
          ],
          [
            4.92692,
            51.760059
          ],
          [
            4.927943,
            51.765886
          ],
          [
            4.92802,
            51.766412
          ],
          [
            4.928082,
            51.767082
          ],
          [
            4.92811,
            51.768093
          ],
          [
            4.928082,
            51.76886
          ],
          [
            4.927891,
            51.771863
          ],
          [
            4.927869,
            51.772159
          ],
          [
            4.927674,
            51.7749
          ],
          [
            4.927584,
            51.776161
          ],
          [
            4.927533,
            51.776899
          ],
          [
            4.927474,
            51.777729
          ],
          [
            4.927452,
            51.778934
          ],
          [
            4.927467,
            51.77929
          ],
          [
            4.927622,
            51.780523
          ],
          [
            4.928143,
            51.783228
          ],
          [
            4.931136,
            51.798707
          ],
          [
            4.931443,
            51.800292
          ],
          [
            4.931516,
            51.800679
          ],
          [
            4.931539,
            51.800788
          ],
          [
            4.931705,
            51.801411
          ],
          [
            4.931894,
            51.801983
          ],
          [
            4.932216,
            51.802823
          ],
          [
            4.932342,
            51.803109
          ],
          [
            4.93254,
            51.803533
          ],
          [
            4.933476,
            51.805557
          ],
          [
            4.93356,
            51.805738
          ],
          [
            4.937837,
            51.814954
          ],
          [
            4.938789,
            51.817146
          ],
          [
            4.939829,
            51.819765
          ],
          [
            4.940164,
            51.820705
          ],
          [
            4.940263,
            51.820991
          ],
          [
            4.94136,
            51.824097
          ],
          [
            4.943056,
            51.828802
          ],
          [
            4.943166,
            51.829107
          ],
          [
            4.943857,
            51.831025
          ],
          [
            4.943969,
            51.831316
          ],
          [
            4.944616,
            51.832974
          ],
          [
            4.945134,
            51.83414
          ],
          [
            4.945272,
            51.834428
          ],
          [
            4.94542,
            51.834762
          ],
          [
            4.946083,
            51.836189
          ],
          [
            4.947549,
            51.839366
          ],
          [
            4.947978,
            51.840282
          ],
          [
            4.949151,
            51.842813
          ],
          [
            4.950454,
            51.845634
          ],
          [
            4.950856,
            51.846512
          ],
          [
            4.951613,
            51.848155
          ],
          [
            4.951702,
            51.848346
          ],
          [
            4.952765,
            51.850565
          ],
          [
            4.953231,
            51.851624
          ],
          [
            4.954451,
            51.85424
          ],
          [
            4.955052,
            51.85557
          ],
          [
            4.956065,
            51.857738
          ],
          [
            4.956411,
            51.85844
          ],
          [
            4.957014,
            51.859564
          ],
          [
            4.964832,
            51.872908
          ],
          [
            4.969344,
            51.880193
          ],
          [
            4.975028,
            51.8893
          ],
          [
            4.975614,
            51.890304
          ],
          [
            4.976134,
            51.891343
          ],
          [
            4.976588,
            51.892397
          ],
          [
            4.977333,
            51.894255
          ],
          [
            4.978485,
            51.897111
          ],
          [
            4.978826,
            51.897989
          ],
          [
            4.978954,
            51.898337
          ],
          [
            4.979004,
            51.898472
          ],
          [
            4.979261,
            51.89915
          ],
          [
            4.979947,
            51.900896
          ],
          [
            4.980982,
            51.903505
          ],
          [
            4.982176,
            51.906497
          ],
          [
            4.983031,
            51.90866
          ],
          [
            4.98405,
            51.911047
          ],
          [
            4.984361,
            51.911693
          ],
          [
            4.984998,
            51.912859
          ],
          [
            4.985756,
            51.914176
          ],
          [
            4.987396,
            51.916947
          ],
          [
            4.989998,
            51.92133
          ],
          [
            4.995214,
            51.930096
          ],
          [
            4.995803,
            51.930973
          ],
          [
            4.996375,
            51.931732
          ],
          [
            4.996501,
            51.931883
          ],
          [
            4.997048,
            51.932534
          ],
          [
            4.997735,
            51.933276
          ],
          [
            4.999791,
            51.935327
          ],
          [
            4.99992,
            51.935456
          ],
          [
            5.000756,
            51.936289
          ],
          [
            5.000834,
            51.936366
          ],
          [
            5.006334,
            51.941835
          ],
          [
            5.01326,
            51.948734
          ],
          [
            5.014049,
            51.949458
          ],
          [
            5.01493,
            51.950159
          ],
          [
            5.015687,
            51.950688
          ],
          [
            5.016197,
            51.951016
          ],
          [
            5.017265,
            51.951645
          ],
          [
            5.018238,
            51.952147
          ],
          [
            5.018736,
            51.952382
          ],
          [
            5.019707,
            51.952806
          ],
          [
            5.020297,
            51.95304
          ],
          [
            5.02093,
            51.953267
          ],
          [
            5.022662,
            51.953796
          ],
          [
            5.023607,
            51.954042
          ],
          [
            5.024373,
            51.954223
          ],
          [
            5.025051,
            51.954372
          ],
          [
            5.026347,
            51.95462
          ],
          [
            5.027188,
            51.954761
          ],
          [
            5.028495,
            51.95495
          ],
          [
            5.029647,
            51.955087
          ],
          [
            5.03151,
            51.955259
          ],
          [
            5.033281,
            51.955374
          ],
          [
            5.034173,
            51.955417
          ],
          [
            5.03649,
            51.95549
          ],
          [
            5.037942,
            51.955512
          ],
          [
            5.038659,
            51.955519
          ],
          [
            5.041462,
            51.955522
          ],
          [
            5.054146,
            51.955476
          ],
          [
            5.055695,
            51.955471
          ],
          [
            5.061209,
            51.95545
          ],
          [
            5.063139,
            51.955471
          ],
          [
            5.064707,
            51.955526
          ],
          [
            5.066439,
            51.955646
          ],
          [
            5.067769,
            51.955782
          ],
          [
            5.068393,
            51.955862
          ],
          [
            5.0697,
            51.956051
          ],
          [
            5.070385,
            51.956169
          ],
          [
            5.071919,
            51.956465
          ],
          [
            5.073592,
            51.956864
          ],
          [
            5.074572,
            51.957129
          ],
          [
            5.07541,
            51.957377
          ],
          [
            5.076562,
            51.957753
          ],
          [
            5.07777,
            51.958193
          ],
          [
            5.078371,
            51.95843
          ],
          [
            5.079723,
            51.959001
          ],
          [
            5.081346,
            51.959761
          ],
          [
            5.082191,
            51.960192
          ],
          [
            5.08338,
            51.960838
          ],
          [
            5.084284,
            51.961358
          ],
          [
            5.085522,
            51.962109
          ],
          [
            5.08709,
            51.963124
          ],
          [
            5.088017,
            51.963752
          ],
          [
            5.090415,
            51.965461
          ],
          [
            5.091103,
            51.965964
          ],
          [
            5.09185,
            51.966539
          ],
          [
            5.094213,
            51.968425
          ],
          [
            5.094979,
            51.96905
          ],
          [
            5.09519,
            51.969229
          ],
          [
            5.095652,
            51.969613
          ],
          [
            5.097091,
            51.97084
          ],
          [
            5.098477,
            51.972072
          ],
          [
            5.09983,
            51.973321
          ],
          [
            5.101833,
            51.975265
          ],
          [
            5.10201,
            51.975445
          ],
          [
            5.102445,
            51.975885
          ],
          [
            5.102851,
            51.976302
          ],
          [
            5.103359,
            51.976836
          ],
          [
            5.103524,
            51.977012
          ],
          [
            5.104361,
            51.977942
          ],
          [
            5.105561,
            51.979396
          ],
          [
            5.106674,
            51.980898
          ],
          [
            5.107244,
            51.981765
          ],
          [
            5.107638,
            51.982359
          ],
          [
            5.108313,
            51.983529
          ],
          [
            5.108829,
            51.984517
          ],
          [
            5.108876,
            51.984619
          ],
          [
            5.109394,
            51.985729
          ],
          [
            5.109647,
            51.986332
          ],
          [
            5.110111,
            51.987582
          ],
          [
            5.11064,
            51.989238
          ],
          [
            5.110752,
            51.989628
          ],
          [
            5.111003,
            51.990532
          ],
          [
            5.111037,
            51.990657
          ],
          [
            5.111138,
            51.991051
          ],
          [
            5.111973,
            51.994102
          ],
          [
            5.11218,
            51.994789
          ],
          [
            5.112687,
            51.996364
          ],
          [
            5.112823,
            51.996765
          ],
          [
            5.112986,
            51.997234
          ],
          [
            5.113452,
            51.998529
          ],
          [
            5.114579,
            52.001509
          ],
          [
            5.11539,
            52.003647
          ],
          [
            5.116136,
            52.0056
          ],
          [
            5.116379,
            52.006217
          ],
          [
            5.116985,
            52.007606
          ],
          [
            5.117093,
            52.007823
          ],
          [
            5.117307,
            52.008265
          ],
          [
            5.117358,
            52.008369
          ],
          [
            5.11796,
            52.00953
          ],
          [
            5.118801,
            52.010983
          ],
          [
            5.11944,
            52.01199
          ],
          [
            5.120408,
            52.0134
          ],
          [
            5.12127,
            52.014547
          ],
          [
            5.121823,
            52.015243
          ],
          [
            5.122515,
            52.016072
          ],
          [
            5.123798,
            52.01751
          ],
          [
            5.125843,
            52.019784
          ],
          [
            5.126305,
            52.020289
          ],
          [
            5.12716,
            52.02123
          ],
          [
            5.12757,
            52.021684
          ],
          [
            5.127863,
            52.02201
          ],
          [
            5.129377,
            52.023685
          ],
          [
            5.129749,
            52.02409
          ],
          [
            5.131628,
            52.02617
          ],
          [
            5.131651,
            52.026196
          ],
          [
            5.131771,
            52.026326
          ],
          [
            5.132648,
            52.027304
          ],
          [
            5.133558,
            52.028381
          ],
          [
            5.133966,
            52.028888
          ],
          [
            5.134712,
            52.02984
          ],
          [
            5.135393,
            52.030803
          ],
          [
            5.136169,
            52.031959
          ],
          [
            5.13635,
            52.032236
          ],
          [
            5.136648,
            52.032718
          ],
          [
            5.13739,
            52.033979
          ],
          [
            5.138037,
            52.035202
          ],
          [
            5.138626,
            52.036419
          ],
          [
            5.139046,
            52.037375
          ],
          [
            5.13947,
            52.038438
          ],
          [
            5.139903,
            52.039665
          ],
          [
            5.140204,
            52.040627
          ],
          [
            5.140879,
            52.043005
          ],
          [
            5.141501,
            52.045017
          ],
          [
            5.141987,
            52.046467
          ],
          [
            5.142483,
            52.047859
          ],
          [
            5.143717,
            52.050916
          ],
          [
            5.144077,
            52.051899
          ],
          [
            5.144257,
            52.052485
          ],
          [
            5.144281,
            52.052577
          ],
          [
            5.144299,
            52.052642
          ],
          [
            5.14447,
            52.05331
          ],
          [
            5.14469,
            52.054495
          ],
          [
            5.144783,
            52.055261
          ],
          [
            5.144837,
            52.05604
          ],
          [
            5.144837,
            52.056853
          ],
          [
            5.144745,
            52.058295
          ],
          [
            5.144715,
            52.059036
          ],
          [
            5.144718,
            52.059731
          ],
          [
            5.14479,
            52.060742
          ],
          [
            5.144979,
            52.061876
          ],
          [
            5.145175,
            52.062649
          ],
          [
            5.145397,
            52.063363
          ],
          [
            5.145715,
            52.064192
          ],
          [
            5.14618,
            52.065171
          ],
          [
            5.146713,
            52.066149
          ],
          [
            5.147307,
            52.067087
          ],
          [
            5.148041,
            52.068122
          ],
          [
            5.148551,
            52.06878
          ],
          [
            5.149306,
            52.069661
          ],
          [
            5.149446,
            52.069812
          ],
          [
            5.15046,
            52.070851
          ],
          [
            5.151335,
            52.071663
          ],
          [
            5.152047,
            52.072276
          ],
          [
            5.152576,
            52.072703
          ],
          [
            5.153528,
            52.073431
          ],
          [
            5.154994,
            52.074482
          ],
          [
            5.155926,
            52.075152
          ],
          [
            5.15651,
            52.075594
          ],
          [
            5.157134,
            52.076101
          ],
          [
            5.158001,
            52.07688
          ],
          [
            5.158733,
            52.077376
          ],
          [
            5.159326,
            52.078019
          ],
          [
            5.159967,
            52.078804
          ],
          [
            5.160331,
            52.079295
          ],
          [
            5.160834,
            52.08005
          ],
          [
            5.161005,
            52.080339
          ],
          [
            5.161532,
            52.081307
          ],
          [
            5.16172,
            52.081703
          ],
          [
            5.162022,
            52.082454
          ],
          [
            5.16224,
            52.083128
          ],
          [
            5.162464,
            52.083963
          ],
          [
            5.162556,
            52.084416
          ],
          [
            5.16266,
            52.085119
          ],
          [
            5.162753,
            52.086052
          ],
          [
            5.1628,
            52.086509
          ],
          [
            5.162821,
            52.086719
          ],
          [
            5.162933,
            52.088533
          ],
          [
            5.162983,
            52.088876
          ],
          [
            5.163153,
            52.089392
          ],
          [
            5.16338,
            52.089801
          ],
          [
            5.163592,
            52.090093
          ],
          [
            5.163948,
            52.090289
          ],
          [
            5.164342,
            52.090545
          ],
          [
            5.164628,
            52.090683
          ],
          [
            5.165136,
            52.090863
          ],
          [
            5.166713,
            52.091266
          ],
          [
            5.169258,
            52.091809
          ],
          [
            5.170526,
            52.092053
          ],
          [
            5.171517,
            52.092186
          ],
          [
            5.173213,
            52.09235
          ],
          [
            5.174037,
            52.092414
          ],
          [
            5.175205,
            52.092475
          ],
          [
            5.175913,
            52.092495
          ],
          [
            5.176956,
            52.092512
          ],
          [
            5.178181,
            52.092498
          ],
          [
            5.179083,
            52.09247
          ],
          [
            5.180346,
            52.092405
          ],
          [
            5.183119,
            52.092286
          ],
          [
            5.186552,
            52.092196
          ],
          [
            5.186708,
            52.092193
          ],
          [
            5.187998,
            52.092162
          ],
          [
            5.191521,
            52.092152
          ],
          [
            5.19283,
            52.092166
          ],
          [
            5.194214,
            52.092214
          ],
          [
            5.196467,
            52.092354
          ],
          [
            5.196884,
            52.092379
          ],
          [
            5.197619,
            52.092468
          ],
          [
            5.19816,
            52.092612
          ],
          [
            5.198629,
            52.092664
          ],
          [
            5.199431,
            52.092777
          ],
          [
            5.200183,
            52.092912
          ],
          [
            5.201147,
            52.093122
          ],
          [
            5.202145,
            52.093387
          ],
          [
            5.203277,
            52.093766
          ],
          [
            5.203722,
            52.093931
          ],
          [
            5.204286,
            52.094167
          ],
          [
            5.204803,
            52.094404
          ],
          [
            5.205373,
            52.094694
          ],
          [
            5.206046,
            52.095075
          ],
          [
            5.206869,
            52.09561
          ],
          [
            5.207226,
            52.095872
          ],
          [
            5.20772,
            52.096267
          ],
          [
            5.208372,
            52.09683
          ],
          [
            5.210275,
            52.098605
          ],
          [
            5.210648,
            52.098944
          ],
          [
            5.211207,
            52.099423
          ],
          [
            5.21172,
            52.09982
          ],
          [
            5.212289,
            52.100209
          ],
          [
            5.212658,
            52.100436
          ],
          [
            5.213685,
            52.100988
          ],
          [
            5.214555,
            52.101387
          ],
          [
            5.21558,
            52.101785
          ],
          [
            5.21678,
            52.102161
          ],
          [
            5.217693,
            52.102394
          ],
          [
            5.218234,
            52.102509
          ],
          [
            5.219402,
            52.10271
          ],
          [
            5.220617,
            52.102853
          ],
          [
            5.2246,
            52.103103
          ],
          [
            5.247585,
            52.104494
          ],
          [
            5.249422,
            52.104611
          ],
          [
            5.250407,
            52.104694
          ],
          [
            5.25238,
            52.104906
          ],
          [
            5.254367,
            52.105193
          ],
          [
            5.25594,
            52.105472
          ],
          [
            5.258035,
            52.105917
          ],
          [
            5.261289,
            52.106646
          ],
          [
            5.268269,
            52.108199
          ],
          [
            5.272789,
            52.109216
          ],
          [
            5.273346,
            52.10934
          ],
          [
            5.290724,
            52.113234
          ],
          [
            5.292802,
            52.113686
          ],
          [
            5.294437,
            52.114017
          ],
          [
            5.297691,
            52.114608
          ],
          [
            5.300546,
            52.115043
          ],
          [
            5.302126,
            52.115253
          ],
          [
            5.303813,
            52.115453
          ],
          [
            5.306357,
            52.115705
          ],
          [
            5.308308,
            52.11586
          ],
          [
            5.309706,
            52.115948
          ],
          [
            5.310757,
            52.116006
          ],
          [
            5.314814,
            52.116221
          ],
          [
            5.315479,
            52.116261
          ],
          [
            5.316535,
            52.116326
          ],
          [
            5.318431,
            52.116476
          ],
          [
            5.31997,
            52.116636
          ],
          [
            5.321757,
            52.116886
          ],
          [
            5.322636,
            52.117036
          ],
          [
            5.323534,
            52.117207
          ],
          [
            5.324732,
            52.117464
          ],
          [
            5.326101,
            52.117802
          ],
          [
            5.326916,
            52.118025
          ],
          [
            5.327859,
            52.118309
          ],
          [
            5.330608,
            52.119226
          ],
          [
            5.332323,
            52.119835
          ],
          [
            5.334209,
            52.120536
          ],
          [
            5.337686,
            52.121886
          ],
          [
            5.338345,
            52.122134
          ],
          [
            5.340403,
            52.122851
          ],
          [
            5.341774,
            52.123295
          ],
          [
            5.344577,
            52.124108
          ],
          [
            5.346512,
            52.124611
          ],
          [
            5.347609,
            52.124873
          ],
          [
            5.349075,
            52.125198
          ],
          [
            5.350634,
            52.125515
          ],
          [
            5.356705,
            52.126687
          ],
          [
            5.360178,
            52.127375
          ],
          [
            5.363545,
            52.128053
          ],
          [
            5.36882,
            52.129142
          ],
          [
            5.373163,
            52.130062
          ],
          [
            5.377047,
            52.130903
          ],
          [
            5.378108,
            52.131143
          ],
          [
            5.379185,
            52.131349
          ],
          [
            5.379914,
            52.131489
          ],
          [
            5.381688,
            52.131801
          ],
          [
            5.382864,
            52.131991
          ],
          [
            5.384535,
            52.132241
          ],
          [
            5.385181,
            52.132325
          ],
          [
            5.388414,
            52.132693
          ],
          [
            5.389351,
            52.132812
          ],
          [
            5.391411,
            52.133118
          ],
          [
            5.393056,
            52.133446
          ],
          [
            5.394412,
            52.133788
          ],
          [
            5.395078,
            52.13398
          ],
          [
            5.396051,
            52.134292
          ],
          [
            5.397402,
            52.134789
          ],
          [
            5.397853,
            52.134972
          ],
          [
            5.398772,
            52.135381
          ],
          [
            5.399455,
            52.13572
          ],
          [
            5.399759,
            52.135877
          ],
          [
            5.400112,
            52.136063
          ],
          [
            5.401044,
            52.136603
          ],
          [
            5.401859,
            52.137137
          ],
          [
            5.402559,
            52.137625
          ],
          [
            5.403547,
            52.138392
          ],
          [
            5.404058,
            52.138824
          ],
          [
            5.405194,
            52.139886
          ],
          [
            5.405356,
            52.140041
          ],
          [
            5.406878,
            52.141577
          ],
          [
            5.412541,
            52.147186
          ],
          [
            5.413592,
            52.148303
          ],
          [
            5.413747,
            52.148478
          ],
          [
            5.414586,
            52.149516
          ],
          [
            5.414908,
            52.149952
          ],
          [
            5.415586,
            52.150957
          ],
          [
            5.415892,
            52.151459
          ],
          [
            5.416338,
            52.152259
          ],
          [
            5.416599,
            52.152779
          ],
          [
            5.417116,
            52.153925
          ],
          [
            5.417354,
            52.154536
          ],
          [
            5.417451,
            52.154807
          ],
          [
            5.417803,
            52.155747
          ],
          [
            5.419559,
            52.16046
          ],
          [
            5.419813,
            52.161126
          ],
          [
            5.41995,
            52.161513
          ],
          [
            5.420247,
            52.162307
          ],
          [
            5.421142,
            52.164519
          ],
          [
            5.423049,
            52.168735
          ],
          [
            5.423443,
            52.169351
          ],
          [
            5.423785,
            52.17004
          ],
          [
            5.423867,
            52.170188
          ],
          [
            5.423992,
            52.170456
          ],
          [
            5.424221,
            52.170946
          ],
          [
            5.42433,
            52.171168
          ],
          [
            5.42496,
            52.172169
          ],
          [
            5.425095,
            52.17238
          ],
          [
            5.425388,
            52.172728
          ],
          [
            5.425577,
            52.172925
          ],
          [
            5.426373,
            52.173652
          ],
          [
            5.426513,
            52.173804
          ],
          [
            5.427606,
            52.174749
          ],
          [
            5.428214,
            52.175284
          ],
          [
            5.428897,
            52.175875
          ],
          [
            5.429265,
            52.1762
          ],
          [
            5.431937,
            52.178555
          ],
          [
            5.433822,
            52.180205
          ],
          [
            5.435117,
            52.181369
          ],
          [
            5.435684,
            52.181913
          ],
          [
            5.436075,
            52.182351
          ],
          [
            5.436575,
            52.182954
          ],
          [
            5.437027,
            52.18355
          ],
          [
            5.437626,
            52.184442
          ],
          [
            5.437779,
            52.184815
          ],
          [
            5.438205,
            52.185531
          ],
          [
            5.438624,
            52.186358
          ],
          [
            5.438911,
            52.187014
          ],
          [
            5.439304,
            52.188125
          ],
          [
            5.439477,
            52.188785
          ],
          [
            5.43968,
            52.189871
          ],
          [
            5.439749,
            52.190621
          ],
          [
            5.439767,
            52.191466
          ],
          [
            5.439745,
            52.192079
          ],
          [
            5.439446,
            52.195512
          ],
          [
            5.439381,
            52.196245
          ],
          [
            5.439049,
            52.200154
          ],
          [
            5.439039,
            52.200896
          ],
          [
            5.43907,
            52.201628
          ],
          [
            5.439123,
            52.202162
          ],
          [
            5.439327,
            52.203298
          ],
          [
            5.439631,
            52.204395
          ],
          [
            5.439922,
            52.20516
          ],
          [
            5.440255,
            52.205898
          ],
          [
            5.440532,
            52.20644
          ],
          [
            5.44096,
            52.207171
          ],
          [
            5.441364,
            52.20779
          ],
          [
            5.442092,
            52.208759
          ],
          [
            5.442876,
            52.209664
          ],
          [
            5.4441,
            52.210989
          ],
          [
            5.446006,
            52.213057
          ],
          [
            5.446469,
            52.213558
          ],
          [
            5.449115,
            52.216466
          ],
          [
            5.4502,
            52.21774
          ],
          [
            5.451152,
            52.218972
          ],
          [
            5.451789,
            52.219881
          ],
          [
            5.456517,
            52.22719
          ],
          [
            5.45977,
            52.232312
          ],
          [
            5.460634,
            52.233506
          ],
          [
            5.461255,
            52.234236
          ],
          [
            5.462333,
            52.235344
          ],
          [
            5.463435,
            52.236327
          ],
          [
            5.463939,
            52.236742
          ],
          [
            5.465411,
            52.23778
          ],
          [
            5.466163,
            52.238272
          ],
          [
            5.46708,
            52.238805
          ],
          [
            5.467949,
            52.23927
          ],
          [
            5.469086,
            52.239838
          ],
          [
            5.470063,
            52.240286
          ],
          [
            5.470918,
            52.240636
          ],
          [
            5.471723,
            52.240947
          ],
          [
            5.47189,
            52.241008
          ],
          [
            5.474921,
            52.242049
          ],
          [
            5.482303,
            52.244587
          ],
          [
            5.485585,
            52.245714
          ],
          [
            5.489517,
            52.247066
          ],
          [
            5.514093,
            52.255496
          ],
          [
            5.517596,
            52.256696
          ],
          [
            5.520882,
            52.257801
          ],
          [
            5.523705,
            52.258796
          ],
          [
            5.525768,
            52.25962
          ],
          [
            5.52669,
            52.260046
          ],
          [
            5.527592,
            52.260491
          ],
          [
            5.528456,
            52.260956
          ],
          [
            5.529243,
            52.261405
          ],
          [
            5.530139,
            52.261969
          ],
          [
            5.530754,
            52.262383
          ],
          [
            5.531398,
            52.262854
          ],
          [
            5.532423,
            52.263661
          ],
          [
            5.533408,
            52.264543
          ],
          [
            5.534146,
            52.265287
          ],
          [
            5.535334,
            52.266636
          ],
          [
            5.535588,
            52.266938
          ],
          [
            5.537673,
            52.269577
          ],
          [
            5.538982,
            52.271324
          ],
          [
            5.539886,
            52.272625
          ],
          [
            5.540886,
            52.274082
          ],
          [
            5.541705,
            52.275377
          ],
          [
            5.542525,
            52.276711
          ],
          [
            5.543971,
            52.279207
          ],
          [
            5.549313,
            52.2896
          ],
          [
            5.550568,
            52.292054
          ],
          [
            5.553029,
            52.296847
          ],
          [
            5.554475,
            52.299665
          ],
          [
            5.555572,
            52.301702
          ],
          [
            5.556346,
            52.303057
          ],
          [
            5.55714,
            52.304325
          ],
          [
            5.559055,
            52.307074
          ],
          [
            5.56062,
            52.309059
          ],
          [
            5.561321,
            52.309899
          ],
          [
            5.562862,
            52.311634
          ],
          [
            5.565271,
            52.314178
          ],
          [
            5.565789,
            52.314701
          ],
          [
            5.56778,
            52.31671
          ],
          [
            5.571554,
            52.320416
          ],
          [
            5.575423,
            52.32405
          ],
          [
            5.576291,
            52.324798
          ],
          [
            5.576878,
            52.325249
          ],
          [
            5.577417,
            52.325634
          ],
          [
            5.578136,
            52.326117
          ],
          [
            5.579175,
            52.326768
          ],
          [
            5.580413,
            52.327433
          ],
          [
            5.582183,
            52.328286
          ],
          [
            5.583139,
            52.328696
          ],
          [
            5.584857,
            52.329351
          ],
          [
            5.585658,
            52.329624
          ],
          [
            5.587026,
            52.330046
          ],
          [
            5.588859,
            52.330529
          ],
          [
            5.590724,
            52.330925
          ],
          [
            5.591781,
            52.33111
          ],
          [
            5.593085,
            52.331318
          ],
          [
            5.595004,
            52.331525
          ],
          [
            5.596106,
            52.331616
          ],
          [
            5.597725,
            52.331702
          ],
          [
            5.599772,
            52.331721
          ],
          [
            5.602199,
            52.331649
          ],
          [
            5.602763,
            52.331606
          ],
          [
            5.609318,
            52.330954
          ],
          [
            5.610307,
            52.330858
          ],
          [
            5.611504,
            52.330734
          ],
          [
            5.61305,
            52.330578
          ],
          [
            5.618636,
            52.330005
          ],
          [
            5.619144,
            52.329952
          ],
          [
            5.621484,
            52.329712
          ],
          [
            5.622747,
            52.329611
          ],
          [
            5.623524,
            52.329575
          ],
          [
            5.624861,
            52.329568
          ],
          [
            5.625883,
            52.329616
          ],
          [
            5.626594,
            52.329672
          ],
          [
            5.627401,
            52.329762
          ],
          [
            5.627978,
            52.329846
          ],
          [
            5.62883,
            52.329999
          ],
          [
            5.629622,
            52.330171
          ],
          [
            5.630405,
            52.330367
          ],
          [
            5.630741,
            52.33047
          ],
          [
            5.631304,
            52.330647
          ],
          [
            5.63194,
            52.330872
          ],
          [
            5.633072,
            52.331334
          ],
          [
            5.634035,
            52.33179
          ],
          [
            5.638521,
            52.334017
          ],
          [
            5.640318,
            52.334896
          ],
          [
            5.643236,
            52.336361
          ],
          [
            5.645526,
            52.337488
          ],
          [
            5.646946,
            52.338165
          ],
          [
            5.647801,
            52.338543
          ],
          [
            5.64841,
            52.338791
          ],
          [
            5.649174,
            52.339061
          ],
          [
            5.6499,
            52.339329
          ],
          [
            5.650726,
            52.339607
          ],
          [
            5.651903,
            52.339975
          ],
          [
            5.653228,
            52.340339
          ],
          [
            5.654202,
            52.340579
          ],
          [
            5.655677,
            52.340886
          ],
          [
            5.657502,
            52.341193
          ],
          [
            5.6585,
            52.341328
          ],
          [
            5.65945,
            52.341433
          ],
          [
            5.660794,
            52.341554
          ],
          [
            5.661471,
            52.341598
          ],
          [
            5.663863,
            52.341691
          ],
          [
            5.68759,
            52.342239
          ],
          [
            5.691499,
            52.342331
          ],
          [
            5.696757,
            52.342465
          ],
          [
            5.698192,
            52.342532
          ],
          [
            5.700227,
            52.342676
          ],
          [
            5.702499,
            52.34292
          ],
          [
            5.70293,
            52.342979
          ],
          [
            5.704336,
            52.343176
          ],
          [
            5.705268,
            52.343325
          ],
          [
            5.707433,
            52.343726
          ],
          [
            5.708408,
            52.343935
          ],
          [
            5.709406,
            52.344165
          ],
          [
            5.71099,
            52.344561
          ],
          [
            5.712942,
            52.345116
          ],
          [
            5.71468,
            52.345648
          ],
          [
            5.715453,
            52.34589
          ],
          [
            5.720751,
            52.347514
          ],
          [
            5.732158,
            52.350965
          ],
          [
            5.736728,
            52.352398
          ],
          [
            5.740057,
            52.35346
          ],
          [
            5.744677,
            52.354977
          ],
          [
            5.756538,
            52.358891
          ],
          [
            5.757583,
            52.359252
          ],
          [
            5.759038,
            52.359719
          ],
          [
            5.759724,
            52.359925
          ],
          [
            5.76087,
            52.360243
          ],
          [
            5.762548,
            52.360643
          ],
          [
            5.763577,
            52.360852
          ],
          [
            5.765073,
            52.36111
          ],
          [
            5.766776,
            52.361348
          ],
          [
            5.767955,
            52.361469
          ],
          [
            5.769858,
            52.361605
          ],
          [
            5.77109,
            52.361646
          ],
          [
            5.77237,
            52.361658
          ],
          [
            5.773265,
            52.361657
          ],
          [
            5.776943,
            52.361645
          ],
          [
            5.778797,
            52.361644
          ],
          [
            5.780927,
            52.361674
          ],
          [
            5.781666,
            52.361693
          ],
          [
            5.78374,
            52.361807
          ],
          [
            5.785689,
            52.361965
          ],
          [
            5.787605,
            52.362173
          ],
          [
            5.789333,
            52.36241
          ],
          [
            5.790487,
            52.362594
          ],
          [
            5.79251,
            52.362967
          ],
          [
            5.794392,
            52.363367
          ],
          [
            5.796026,
            52.363773
          ],
          [
            5.797307,
            52.36412
          ],
          [
            5.808927,
            52.367362
          ],
          [
            5.810581,
            52.367861
          ],
          [
            5.811743,
            52.368269
          ],
          [
            5.813019,
            52.368762
          ],
          [
            5.813899,
            52.369145
          ],
          [
            5.81479,
            52.369567
          ],
          [
            5.815468,
            52.369914
          ],
          [
            5.816638,
            52.370563
          ],
          [
            5.817195,
            52.370917
          ],
          [
            5.818451,
            52.371753
          ],
          [
            5.819422,
            52.372482
          ],
          [
            5.820288,
            52.37322
          ],
          [
            5.820729,
            52.373622
          ],
          [
            5.821372,
            52.374258
          ],
          [
            5.821939,
            52.374891
          ],
          [
            5.822165,
            52.37516
          ],
          [
            5.822692,
            52.37583
          ],
          [
            5.824873,
            52.378821
          ],
          [
            5.825141,
            52.379185
          ],
          [
            5.825422,
            52.379562
          ],
          [
            5.825714,
            52.379982
          ],
          [
            5.82606,
            52.380391
          ],
          [
            5.826432,
            52.380813
          ],
          [
            5.826877,
            52.381234
          ],
          [
            5.827512,
            52.381774
          ],
          [
            5.827876,
            52.382048
          ],
          [
            5.828666,
            52.382584
          ],
          [
            5.829745,
            52.383164
          ],
          [
            5.830747,
            52.383621
          ],
          [
            5.831493,
            52.383927
          ],
          [
            5.838097,
            52.386208
          ],
          [
            5.844018,
            52.388313
          ],
          [
            5.846577,
            52.389263
          ],
          [
            5.851375,
            52.391098
          ],
          [
            5.853275,
            52.391844
          ],
          [
            5.858311,
            52.393885
          ],
          [
            5.859911,
            52.394553
          ],
          [
            5.863652,
            52.396153
          ],
          [
            5.866356,
            52.397339
          ],
          [
            5.869188,
            52.398613
          ],
          [
            5.871938,
            52.399892
          ],
          [
            5.873928,
            52.400873
          ],
          [
            5.875204,
            52.401539
          ],
          [
            5.876457,
            52.402221
          ],
          [
            5.877725,
            52.402949
          ],
          [
            5.878962,
            52.403687
          ],
          [
            5.881533,
            52.405286
          ],
          [
            5.884052,
            52.406853
          ],
          [
            5.885301,
            52.407638
          ],
          [
            5.887006,
            52.408665
          ],
          [
            5.888364,
            52.409384
          ],
          [
            5.889703,
            52.410013
          ],
          [
            5.890241,
            52.410242
          ],
          [
            5.891232,
            52.410647
          ],
          [
            5.892177,
            52.411
          ],
          [
            5.895184,
            52.412058
          ],
          [
            5.899268,
            52.413481
          ],
          [
            5.902092,
            52.414486
          ],
          [
            5.903495,
            52.415044
          ],
          [
            5.904259,
            52.415372
          ],
          [
            5.905216,
            52.415814
          ],
          [
            5.907082,
            52.416747
          ],
          [
            5.913793,
            52.420173
          ],
          [
            5.915722,
            52.421132
          ],
          [
            5.917079,
            52.421766
          ],
          [
            5.920225,
            52.423169
          ],
          [
            5.921998,
            52.423941
          ],
          [
            5.923773,
            52.424706
          ],
          [
            5.927337,
            52.4262
          ],
          [
            5.93153,
            52.427899
          ],
          [
            5.934009,
            52.428877
          ],
          [
            5.938323,
            52.430523
          ],
          [
            5.944881,
            52.432925
          ],
          [
            5.963368,
            52.439644
          ],
          [
            5.964491,
            52.440084
          ],
          [
            5.965857,
            52.440691
          ],
          [
            5.966502,
            52.441
          ],
          [
            5.967116,
            52.441315
          ],
          [
            5.968185,
            52.441904
          ],
          [
            5.969092,
            52.442453
          ],
          [
            5.970287,
            52.443249
          ],
          [
            5.971525,
            52.444188
          ],
          [
            5.972052,
            52.444638
          ],
          [
            5.973088,
            52.445597
          ],
          [
            5.973743,
            52.446291
          ],
          [
            5.974457,
            52.447152
          ],
          [
            5.974789,
            52.447567
          ],
          [
            5.975279,
            52.448277
          ],
          [
            5.975717,
            52.448992
          ],
          [
            5.976442,
            52.450333
          ],
          [
            5.978465,
            52.454189
          ],
          [
            5.980035,
            52.457202
          ],
          [
            5.98191,
            52.460795
          ],
          [
            5.982256,
            52.461394
          ],
          [
            5.982576,
            52.461894
          ],
          [
            5.98296,
            52.462449
          ],
          [
            5.98328,
            52.462869
          ],
          [
            5.983932,
            52.463669
          ],
          [
            5.984932,
            52.464722
          ],
          [
            5.985229,
            52.465002
          ],
          [
            5.985526,
            52.465275
          ],
          [
            5.986557,
            52.466137
          ],
          [
            5.987931,
            52.467155
          ],
          [
            5.988259,
            52.467377
          ],
          [
            5.990031,
            52.468446
          ],
          [
            5.996379,
            52.47196
          ],
          [
            5.999776,
            52.473847
          ],
          [
            6.004368,
            52.476367
          ],
          [
            6.007998,
            52.478286
          ],
          [
            6.011927,
            52.480308
          ],
          [
            6.020453,
            52.484637
          ],
          [
            6.026332,
            52.487638
          ],
          [
            6.029778,
            52.489393
          ],
          [
            6.034708,
            52.491897
          ],
          [
            6.035348,
            52.492173
          ],
          [
            6.036235,
            52.492607
          ],
          [
            6.037185,
            52.493029
          ],
          [
            6.038462,
            52.493547
          ],
          [
            6.039596,
            52.493959
          ],
          [
            6.04111,
            52.49443
          ],
          [
            6.043923,
            52.495208
          ],
          [
            6.045719,
            52.495733
          ],
          [
            6.047081,
            52.496197
          ],
          [
            6.048738,
            52.496882
          ],
          [
            6.050287,
            52.497662
          ],
          [
            6.054308,
            52.499739
          ],
          [
            6.05756,
            52.501419
          ],
          [
            6.05972,
            52.502535
          ],
          [
            6.060959,
            52.503189
          ],
          [
            6.065646,
            52.505644
          ],
          [
            6.066434,
            52.506086
          ],
          [
            6.067808,
            52.506892
          ],
          [
            6.068018,
            52.507014
          ],
          [
            6.068777,
            52.507472
          ],
          [
            6.069679,
            52.508045
          ],
          [
            6.070359,
            52.508474
          ],
          [
            6.071286,
            52.509101
          ],
          [
            6.075658,
            52.512119
          ],
          [
            6.07642,
            52.512644
          ],
          [
            6.078442,
            52.514015
          ],
          [
            6.080323,
            52.515134
          ],
          [
            6.081403,
            52.515715
          ],
          [
            6.082085,
            52.516081
          ],
          [
            6.082959,
            52.516513
          ],
          [
            6.084312,
            52.517183
          ],
          [
            6.085231,
            52.517635
          ],
          [
            6.085562,
            52.517795
          ],
          [
            6.089804,
            52.519863
          ],
          [
            6.091171,
            52.520509
          ],
          [
            6.091647,
            52.520739
          ],
          [
            6.092093,
            52.52095
          ],
          [
            6.093231,
            52.521468
          ],
          [
            6.09409,
            52.52182
          ],
          [
            6.095163,
            52.522222
          ],
          [
            6.096108,
            52.522548
          ],
          [
            6.096612,
            52.522709
          ],
          [
            6.097875,
            52.523086
          ],
          [
            6.098716,
            52.523309
          ],
          [
            6.099566,
            52.523518
          ],
          [
            6.100369,
            52.523695
          ],
          [
            6.101811,
            52.52398
          ],
          [
            6.102851,
            52.524153
          ],
          [
            6.103968,
            52.524306
          ],
          [
            6.104524,
            52.524377
          ],
          [
            6.109383,
            52.524979
          ],
          [
            6.115669,
            52.525739
          ],
          [
            6.116678,
            52.525864
          ],
          [
            6.123518,
            52.5267
          ],
          [
            6.12393,
            52.526749
          ],
          [
            6.124342,
            52.526799
          ],
          [
            6.133105,
            52.52787
          ],
          [
            6.136718,
            52.528308
          ],
          [
            6.137124,
            52.528358
          ],
          [
            6.141161,
            52.528875
          ],
          [
            6.142478,
            52.529098
          ],
          [
            6.143131,
            52.529225
          ],
          [
            6.144456,
            52.529498
          ],
          [
            6.145669,
            52.529775
          ],
          [
            6.146835,
            52.53006
          ],
          [
            6.147665,
            52.530292
          ],
          [
            6.148097,
            52.530415
          ],
          [
            6.148676,
            52.530583
          ],
          [
            6.149695,
            52.530911
          ],
          [
            6.151115,
            52.531405
          ],
          [
            6.151972,
            52.531725
          ],
          [
            6.15358,
            52.532394
          ],
          [
            6.154642,
            52.532874
          ],
          [
            6.156301,
            52.533721
          ],
          [
            6.157076,
            52.534142
          ],
          [
            6.157983,
            52.534669
          ],
          [
            6.15905,
            52.535338
          ],
          [
            6.160151,
            52.53609
          ],
          [
            6.161055,
            52.536741
          ],
          [
            6.161978,
            52.537498
          ],
          [
            6.162983,
            52.538376
          ],
          [
            6.16385,
            52.53921
          ],
          [
            6.164951,
            52.540445
          ],
          [
            6.16579,
            52.54148
          ],
          [
            6.166593,
            52.542606
          ],
          [
            6.169326,
            52.546731
          ],
          [
            6.171096,
            52.549407
          ],
          [
            6.173875,
            52.553602
          ],
          [
            6.174404,
            52.554438
          ],
          [
            6.176096,
            52.556996
          ],
          [
            6.178958,
            52.561277
          ],
          [
            6.189606,
            52.577406
          ],
          [
            6.191335,
            52.580207
          ],
          [
            6.193408,
            52.583865
          ],
          [
            6.193772,
            52.584527
          ],
          [
            6.194746,
            52.586228
          ],
          [
            6.196228,
            52.588698
          ],
          [
            6.197859,
            52.591377
          ],
          [
            6.201645,
            52.597767
          ],
          [
            6.205561,
            52.604316
          ],
          [
            6.20614,
            52.605371
          ],
          [
            6.206595,
            52.606338
          ],
          [
            6.206939,
            52.607234
          ],
          [
            6.207264,
            52.608504
          ],
          [
            6.207381,
            52.60925
          ],
          [
            6.207449,
            52.610146
          ],
          [
            6.207592,
            52.619766
          ],
          [
            6.207598,
            52.621388
          ],
          [
            6.207558,
            52.621904
          ],
          [
            6.207379,
            52.623116
          ],
          [
            6.206675,
            52.625983
          ],
          [
            6.20594,
            52.628945
          ],
          [
            6.20439,
            52.635133
          ],
          [
            6.203864,
            52.637222
          ],
          [
            6.203551,
            52.638469
          ],
          [
            6.203344,
            52.639194
          ],
          [
            6.202559,
            52.641567
          ],
          [
            6.202217,
            52.643083
          ],
          [
            6.202095,
            52.643779
          ],
          [
            6.201609,
            52.646443
          ],
          [
            6.200866,
            52.649482
          ],
          [
            6.200448,
            52.651242
          ],
          [
            6.199971,
            52.653255
          ],
          [
            6.198591,
            52.658575
          ],
          [
            6.198507,
            52.658933
          ],
          [
            6.198149,
            52.660452
          ],
          [
            6.197963,
            52.661516
          ],
          [
            6.197865,
            52.6623
          ],
          [
            6.197826,
            52.663004
          ],
          [
            6.197835,
            52.664052
          ],
          [
            6.197882,
            52.664581
          ],
          [
            6.197968,
            52.665155
          ],
          [
            6.198103,
            52.66584
          ],
          [
            6.198297,
            52.666591
          ],
          [
            6.198664,
            52.66761
          ],
          [
            6.198868,
            52.668087
          ],
          [
            6.19925,
            52.66886
          ],
          [
            6.199459,
            52.669226
          ],
          [
            6.20004,
            52.67014
          ],
          [
            6.200607,
            52.670944
          ],
          [
            6.201343,
            52.671821
          ],
          [
            6.2018,
            52.67231
          ],
          [
            6.20247,
            52.67298
          ],
          [
            6.203447,
            52.673866
          ],
          [
            6.20458,
            52.674754
          ],
          [
            6.205829,
            52.675593
          ],
          [
            6.206817,
            52.676198
          ],
          [
            6.207602,
            52.676644
          ],
          [
            6.208898,
            52.677312
          ],
          [
            6.209934,
            52.677792
          ],
          [
            6.211394,
            52.678408
          ],
          [
            6.213067,
            52.679081
          ],
          [
            6.214429,
            52.679614
          ],
          [
            6.217687,
            52.680841
          ],
          [
            6.220063,
            52.681686
          ],
          [
            6.222845,
            52.682642
          ],
          [
            6.225306,
            52.683433
          ],
          [
            6.226184,
            52.683695
          ],
          [
            6.227381,
            52.684024
          ],
          [
            6.228966,
            52.684415
          ],
          [
            6.230662,
            52.684776
          ],
          [
            6.232224,
            52.685058
          ],
          [
            6.23328,
            52.685224
          ],
          [
            6.23502,
            52.685455
          ],
          [
            6.236683,
            52.685624
          ],
          [
            6.238386,
            52.685749
          ],
          [
            6.239238,
            52.685796
          ],
          [
            6.24143,
            52.685855
          ],
          [
            6.242446,
            52.685857
          ],
          [
            6.243482,
            52.685841
          ],
          [
            6.245238,
            52.68579
          ],
          [
            6.247297,
            52.685697
          ],
          [
            6.264708,
            52.684799
          ],
          [
            6.268445,
            52.684598
          ],
          [
            6.269097,
            52.684553
          ],
          [
            6.269551,
            52.68452
          ],
          [
            6.271587,
            52.684331
          ],
          [
            6.272592,
            52.684214
          ],
          [
            6.274305,
            52.683982
          ],
          [
            6.277152,
            52.683529
          ],
          [
            6.282927,
            52.68258
          ],
          [
            6.298716,
            52.679969
          ],
          [
            6.318458,
            52.676755
          ],
          [
            6.320461,
            52.676494
          ],
          [
            6.321947,
            52.676341
          ],
          [
            6.323649,
            52.676216
          ],
          [
            6.325584,
            52.676142
          ],
          [
            6.328476,
            52.676172
          ],
          [
            6.330333,
            52.676257
          ],
          [
            6.339418,
            52.676727
          ],
          [
            6.340277,
            52.67678
          ],
          [
            6.34255,
            52.676916
          ],
          [
            6.343866,
            52.677017
          ],
          [
            6.344445,
            52.677082
          ],
          [
            6.34624,
            52.67732
          ],
          [
            6.348378,
            52.677707
          ],
          [
            6.35035,
            52.678106
          ],
          [
            6.354717,
            52.678988
          ],
          [
            6.359836,
            52.680035
          ],
          [
            6.365058,
            52.681127
          ],
          [
            6.382356,
            52.684862
          ],
          [
            6.389248,
            52.686357
          ],
          [
            6.389712,
            52.686463
          ],
          [
            6.391555,
            52.686924
          ],
          [
            6.393319,
            52.687434
          ],
          [
            6.394326,
            52.687756
          ],
          [
            6.396058,
            52.68837
          ],
          [
            6.397036,
            52.688752
          ],
          [
            6.398426,
            52.689342
          ],
          [
            6.399662,
            52.689918
          ],
          [
            6.400383,
            52.690277
          ],
          [
            6.401728,
            52.691
          ],
          [
            6.402657,
            52.691542
          ],
          [
            6.403471,
            52.69205
          ],
          [
            6.405774,
            52.693572
          ],
          [
            6.405993,
            52.693721
          ],
          [
            6.416051,
            52.700428
          ],
          [
            6.417295,
            52.701209
          ],
          [
            6.418096,
            52.701672
          ],
          [
            6.418683,
            52.70199
          ],
          [
            6.418804,
            52.702052
          ],
          [
            6.419062,
            52.702184
          ],
          [
            6.419814,
            52.702554
          ],
          [
            6.420806,
            52.703005
          ],
          [
            6.421918,
            52.703467
          ],
          [
            6.422547,
            52.703709
          ],
          [
            6.424276,
            52.704309
          ],
          [
            6.425709,
            52.704734
          ],
          [
            6.42651,
            52.704951
          ],
          [
            6.427787,
            52.705255
          ],
          [
            6.429249,
            52.705559
          ],
          [
            6.43028,
            52.705742
          ],
          [
            6.431121,
            52.705872
          ],
          [
            6.432431,
            52.706047
          ],
          [
            6.434162,
            52.706216
          ],
          [
            6.435419,
            52.706312
          ],
          [
            6.435905,
            52.706343
          ],
          [
            6.442441,
            52.706764
          ],
          [
            6.444979,
            52.706929
          ],
          [
            6.46029,
            52.707938
          ],
          [
            6.470777,
            52.708611
          ],
          [
            6.475576,
            52.708921
          ],
          [
            6.490208,
            52.709874
          ],
          [
            6.491072,
            52.709945
          ],
          [
            6.492285,
            52.710072
          ],
          [
            6.493415,
            52.710223
          ],
          [
            6.494212,
            52.710355
          ],
          [
            6.495387,
            52.710583
          ],
          [
            6.496694,
            52.71089
          ],
          [
            6.497949,
            52.711245
          ],
          [
            6.498615,
            52.711455
          ],
          [
            6.50037,
            52.712082
          ],
          [
            6.505553,
            52.71408
          ],
          [
            6.50647,
            52.714398
          ],
          [
            6.507604,
            52.714744
          ],
          [
            6.509123,
            52.715135
          ],
          [
            6.510245,
            52.715371
          ],
          [
            6.510965,
            52.715503
          ],
          [
            6.512115,
            52.715679
          ],
          [
            6.513842,
            52.715874
          ],
          [
            6.51552,
            52.715982
          ],
          [
            6.516145,
            52.716003
          ],
          [
            6.517064,
            52.716011
          ],
          [
            6.517917,
            52.715999
          ],
          [
            6.525481,
            52.715744
          ],
          [
            6.529966,
            52.715589
          ],
          [
            6.537883,
            52.715289
          ],
          [
            6.540658,
            52.715201
          ],
          [
            6.542364,
            52.715162
          ],
          [
            6.547491,
            52.715086
          ],
          [
            6.549817,
            52.715029
          ],
          [
            6.553366,
            52.714885
          ],
          [
            6.563963,
            52.714385
          ],
          [
            6.566534,
            52.714207
          ],
          [
            6.568878,
            52.714011
          ],
          [
            6.572617,
            52.713776
          ],
          [
            6.577304,
            52.713569
          ],
          [
            6.588609,
            52.713031
          ],
          [
            6.599032,
            52.712612
          ],
          [
            6.602669,
            52.712471
          ],
          [
            6.60601,
            52.712336
          ],
          [
            6.609413,
            52.712238
          ],
          [
            6.614271,
            52.712152
          ],
          [
            6.622222,
            52.712
          ],
          [
            6.624423,
            52.711974
          ],
          [
            6.62594,
            52.71198
          ],
          [
            6.62811,
            52.71208
          ],
          [
            6.62967,
            52.71222
          ],
          [
            6.630469,
            52.712313
          ],
          [
            6.631334,
            52.712425
          ],
          [
            6.63296,
            52.71268
          ],
          [
            6.634326,
            52.712948
          ],
          [
            6.635458,
            52.713198
          ],
          [
            6.637326,
            52.713687
          ],
          [
            6.640208,
            52.714478
          ],
          [
            6.646043,
            52.716103
          ],
          [
            6.651088,
            52.717488
          ],
          [
            6.654577,
            52.718458
          ],
          [
            6.660088,
            52.719981
          ],
          [
            6.66074,
            52.720161
          ],
          [
            6.66468,
            52.721245
          ],
          [
            6.665935,
            52.721554
          ],
          [
            6.667017,
            52.721774
          ],
          [
            6.668011,
            52.721939
          ],
          [
            6.669298,
            52.722112
          ],
          [
            6.670768,
            52.722245
          ],
          [
            6.671871,
            52.722306
          ],
          [
            6.673166,
            52.722339
          ],
          [
            6.679455,
            52.722387
          ],
          [
            6.680691,
            52.722436
          ],
          [
            6.68191,
            52.722505
          ],
          [
            6.694116,
            52.723406
          ],
          [
            6.697114,
            52.72361
          ],
          [
            6.698911,
            52.723673
          ],
          [
            6.699846,
            52.723688
          ],
          [
            6.701287,
            52.723681
          ],
          [
            6.702366,
            52.723654
          ],
          [
            6.703293,
            52.72361
          ],
          [
            6.717589,
            52.723085
          ],
          [
            6.718874,
            52.723063
          ],
          [
            6.71974,
            52.723064
          ],
          [
            6.721356,
            52.723105
          ],
          [
            6.72299,
            52.723203
          ],
          [
            6.723922,
            52.723284
          ],
          [
            6.725362,
            52.723439
          ],
          [
            6.726421,
            52.723587
          ],
          [
            6.731,
            52.72433
          ],
          [
            6.73159,
            52.724424
          ],
          [
            6.736429,
            52.725219
          ],
          [
            6.737777,
            52.725477
          ],
          [
            6.738569,
            52.725654
          ],
          [
            6.739289,
            52.725835
          ],
          [
            6.740195,
            52.726079
          ],
          [
            6.743514,
            52.727053
          ],
          [
            6.744148,
            52.727215
          ],
          [
            6.745669,
            52.727566
          ],
          [
            6.747156,
            52.727831
          ],
          [
            6.748679,
            52.728024
          ],
          [
            6.749647,
            52.728109
          ],
          [
            6.7515,
            52.728216
          ],
          [
            6.752466,
            52.728226
          ],
          [
            6.752612,
            52.728225
          ],
          [
            6.756323,
            52.728187
          ],
          [
            6.758941,
            52.728209
          ],
          [
            6.760358,
            52.728255
          ],
          [
            6.761736,
            52.728365
          ],
          [
            6.763683,
            52.728576
          ],
          [
            6.770148,
            52.729578
          ],
          [
            6.771097,
            52.729715
          ],
          [
            6.771925,
            52.729816
          ],
          [
            6.772821,
            52.729906
          ],
          [
            6.773771,
            52.729973
          ],
          [
            6.775389,
            52.73003
          ],
          [
            6.77628,
            52.730033
          ],
          [
            6.777946,
            52.729969
          ],
          [
            6.778032,
            52.729964
          ],
          [
            6.778844,
            52.729906
          ],
          [
            6.780185,
            52.729771
          ],
          [
            6.780856,
            52.729683
          ],
          [
            6.782275,
            52.729453
          ],
          [
            6.783669,
            52.729167
          ],
          [
            6.786696,
            52.728456
          ],
          [
            6.789703,
            52.727736
          ],
          [
            6.790367,
            52.727476
          ],
          [
            6.790455,
            52.727435
          ],
          [
            6.790719,
            52.727251
          ],
          [
            6.790824,
            52.727145
          ],
          [
            6.790916,
            52.727009
          ],
          [
            6.790983,
            52.726746
          ],
          [
            6.790969,
            52.726612
          ],
          [
            6.790923,
            52.72649
          ],
          [
            6.790735,
            52.726249
          ],
          [
            6.790465,
            52.726075
          ],
          [
            6.790168,
            52.725953
          ],
          [
            6.789856,
            52.725884
          ],
          [
            6.789474,
            52.725857
          ],
          [
            6.789001,
            52.725918
          ],
          [
            6.78871,
            52.72601
          ],
          [
            6.788429,
            52.726164
          ],
          [
            6.788188,
            52.726393
          ],
          [
            6.788086,
            52.726611
          ],
          [
            6.788076,
            52.726827
          ],
          [
            6.788171,
            52.727074
          ],
          [
            6.788406,
            52.727321
          ],
          [
            6.788635,
            52.727563
          ],
          [
            6.788748,
            52.72763
          ],
          [
            6.788947,
            52.727747
          ],
          [
            6.789507,
            52.728093
          ],
          [
            6.790307,
            52.728614
          ],
          [
            6.795265,
            52.732004
          ],
          [
            6.795369,
            52.732073
          ],
          [
            6.795821,
            52.732383
          ],
          [
            6.797821,
            52.733757
          ],
          [
            6.800217,
            52.735346
          ],
          [
            6.80162,
            52.736255
          ],
          [
            6.803613,
            52.737521
          ],
          [
            6.806766,
            52.739454
          ],
          [
            6.808724,
            52.740616
          ],
          [
            6.811565,
            52.742253
          ],
          [
            6.814186,
            52.743714
          ],
          [
            6.816337,
            52.744879
          ],
          [
            6.819179,
            52.746415
          ],
          [
            6.819746,
            52.746629
          ],
          [
            6.81995,
            52.74672
          ],
          [
            6.82042,
            52.74689
          ],
          [
            6.821679,
            52.747273
          ],
          [
            6.82193,
            52.74737
          ],
          [
            6.822152,
            52.74749
          ],
          [
            6.82259,
            52.747703
          ],
          [
            6.822833,
            52.747775
          ],
          [
            6.822951,
            52.747785
          ],
          [
            6.823044,
            52.747764
          ],
          [
            6.823132,
            52.747766
          ],
          [
            6.823235,
            52.747799
          ],
          [
            6.823286,
            52.747851
          ],
          [
            6.823292,
            52.747918
          ],
          [
            6.823259,
            52.747971
          ],
          [
            6.823205,
            52.748004
          ],
          [
            6.822909,
            52.748046
          ],
          [
            6.822666,
            52.748193
          ],
          [
            6.822229,
            52.748479
          ],
          [
            6.822008,
            52.748631
          ],
          [
            6.82198,
            52.748673
          ],
          [
            6.821969,
            52.748789
          ],
          [
            6.821919,
            52.748843
          ],
          [
            6.821814,
            52.748876
          ],
          [
            6.821724,
            52.748878
          ],
          [
            6.821615,
            52.748912
          ],
          [
            6.821468,
            52.749021
          ],
          [
            6.821259,
            52.749154
          ],
          [
            6.821002,
            52.749386
          ],
          [
            6.820571,
            52.749904
          ],
          [
            6.820365,
            52.750212
          ],
          [
            6.820185,
            52.750552
          ],
          [
            6.820008,
            52.75111
          ],
          [
            6.819952,
            52.751406
          ],
          [
            6.81998,
            52.751499
          ],
          [
            6.820061,
            52.751631
          ],
          [
            6.820122,
            52.751667
          ],
          [
            6.820157,
            52.751721
          ],
          [
            6.820352,
            52.751722
          ],
          [
            6.8204,
            52.751748
          ],
          [
            6.820577,
            52.751789
          ],
          [
            6.820729,
            52.751882
          ],
          [
            6.820914,
            52.751964
          ],
          [
            6.823547,
            52.752928
          ],
          [
            6.824678,
            52.753473
          ],
          [
            6.825426,
            52.753934
          ],
          [
            6.826435,
            52.75466
          ],
          [
            6.827168,
            52.755319
          ],
          [
            6.827557,
            52.755725
          ],
          [
            6.829213,
            52.757733
          ],
          [
            6.829541,
            52.75809
          ],
          [
            6.830016,
            52.758513
          ],
          [
            6.830371,
            52.758778
          ],
          [
            6.830496,
            52.758872
          ],
          [
            6.830677,
            52.758987
          ],
          [
            6.831088,
            52.759204
          ],
          [
            6.831516,
            52.759402
          ],
          [
            6.831896,
            52.759556
          ],
          [
            6.832643,
            52.759812
          ],
          [
            6.834344,
            52.760292
          ],
          [
            6.835557,
            52.76064
          ],
          [
            6.837728,
            52.761253
          ],
          [
            6.839241,
            52.761625
          ],
          [
            6.83948,
            52.761686
          ],
          [
            6.839614,
            52.76173
          ],
          [
            6.840215,
            52.761926
          ],
          [
            6.840959,
            52.762102
          ],
          [
            6.841911,
            52.762306
          ],
          [
            6.842203,
            52.762387
          ],
          [
            6.84263,
            52.762516
          ],
          [
            6.842907,
            52.762628
          ],
          [
            6.843206,
            52.762779
          ],
          [
            6.844307,
            52.763404
          ],
          [
            6.844732,
            52.763576
          ],
          [
            6.845153,
            52.763678
          ],
          [
            6.845675,
            52.763727
          ],
          [
            6.847794,
            52.763633
          ],
          [
            6.848106,
            52.763643
          ],
          [
            6.848343,
            52.763671
          ],
          [
            6.848588,
            52.763715
          ],
          [
            6.8571,
            52.765629
          ],
          [
            6.864393,
            52.767279
          ],
          [
            6.865987,
            52.767799
          ],
          [
            6.872572,
            52.770036
          ],
          [
            6.87323,
            52.770258
          ],
          [
            6.873972,
            52.7705
          ],
          [
            6.874658,
            52.770742
          ],
          [
            6.874729,
            52.770766
          ],
          [
            6.874834,
            52.770802
          ],
          [
            6.875253,
            52.770942
          ],
          [
            6.87579,
            52.771126
          ],
          [
            6.876681,
            52.771424
          ],
          [
            6.878591,
            52.772081
          ],
          [
            6.879201,
            52.772347
          ],
          [
            6.879829,
            52.772701
          ],
          [
            6.879939,
            52.77276
          ],
          [
            6.880242,
            52.772945
          ],
          [
            6.880336,
            52.773002
          ],
          [
            6.880413,
            52.773052
          ],
          [
            6.880784,
            52.773301
          ],
          [
            6.881877,
            52.774113
          ],
          [
            6.883593,
            52.775396
          ],
          [
            6.884166,
            52.775112
          ],
          [
            6.884309,
            52.775061
          ],
          [
            6.88441,
            52.775047
          ],
          [
            6.885702,
            52.775078
          ],
          [
            6.886909,
            52.775113
          ],
          [
            6.888083,
            52.775119
          ],
          [
            6.888932,
            52.775103
          ],
          [
            6.889348,
            52.775097
          ],
          [
            6.890254,
            52.775066
          ],
          [
            6.890962,
            52.775046
          ],
          [
            6.89109,
            52.775042
          ],
          [
            6.891387,
            52.775038
          ],
          [
            6.891829,
            52.775041
          ],
          [
            6.89197,
            52.775065
          ],
          [
            6.892023,
            52.77508
          ]
        ]
      }
    }
  ]
}
